start	end	type	var
1450303	1450304	IS_FILE_OF	
1450305	1450306	DECLARES	
1450304	1450305	IS_CLASS_OF	
1450307	1450308	DECLARES	
1450304	1450307	IS_CLASS_OF	
1450309	1450310	DECLARES	
1450311	1450312	DECLARES	
1450313	1450314	DECLARES	
1450319	1450320	IS_AST_PARENT	
1450319	1450321	IS_AST_PARENT	
1450318	1450319	IS_AST_PARENT	
1450317	1450318	IS_AST_PARENT	
1450323	1450324	IS_AST_PARENT	
1450323	1450325	IS_AST_PARENT	
1450322	1450323	IS_AST_PARENT	
1450317	1450322	IS_AST_PARENT	
1450327	1450328	IS_AST_PARENT	
1450327	1450329	IS_AST_PARENT	
1450326	1450327	IS_AST_PARENT	
1450317	1450326	IS_AST_PARENT	
1450333	1450334	IS_AST_PARENT	
1450333	1450335	IS_AST_PARENT	
1450332	1450333	IS_AST_PARENT	
1450337	1450338	IS_AST_PARENT	
1450337	1450339	IS_AST_PARENT	
1450336	1450337	IS_AST_PARENT	
1450336	1450340	IS_AST_PARENT	
1450332	1450336	IS_AST_PARENT	
1450331	1450332	IS_AST_PARENT	
1450330	1450331	IS_AST_PARENT	
1450330	1450341	IS_AST_PARENT	
1450317	1450330	IS_AST_PARENT	
1450343	1450344	IS_AST_PARENT	
1450343	1450345	IS_AST_PARENT	
1450342	1450343	IS_AST_PARENT	
1450317	1450342	IS_AST_PARENT	
1450347	1450348	IS_AST_PARENT	
1450347	1450349	IS_AST_PARENT	
1450347	1450350	IS_AST_PARENT	
1450346	1450347	IS_AST_PARENT	
1450317	1450346	IS_AST_PARENT	
1450352	1450353	IS_AST_PARENT	
1450352	1450354	IS_AST_PARENT	
1450351	1450352	IS_AST_PARENT	
1450317	1450351	IS_AST_PARENT	
1450356	1450357	IS_AST_PARENT	
1450356	1450358	IS_AST_PARENT	
1450355	1450356	IS_AST_PARENT	
1450317	1450355	IS_AST_PARENT	
1450363	1450364	IS_AST_PARENT	
1450362	1450363	IS_AST_PARENT	
1450367	1450368	IS_AST_PARENT	
1450367	1450369	IS_AST_PARENT	
1450366	1450367	IS_AST_PARENT	
1450365	1450366	IS_AST_PARENT	
1450362	1450365	IS_AST_PARENT	
1450361	1450362	IS_AST_PARENT	
1450361	1450370	IS_AST_PARENT	
1450360	1450361	IS_AST_PARENT	
1450359	1450360	IS_AST_PARENT	
1450372	1450373	IS_AST_PARENT	
1450371	1450372	IS_AST_PARENT	
1450359	1450371	IS_AST_PARENT	
1450317	1450359	IS_AST_PARENT	
1450376	1450377	IS_AST_PARENT	
1450375	1450376	IS_AST_PARENT	
1450379	1450380	IS_AST_PARENT	
1450378	1450379	IS_AST_PARENT	
1450381	1450382	IS_AST_PARENT	
1450378	1450381	IS_AST_PARENT	
1450384	1450385	IS_AST_PARENT	
1450384	1450386	IS_AST_PARENT	
1450383	1450384	IS_AST_PARENT	
1450378	1450383	IS_AST_PARENT	
1450375	1450378	IS_AST_PARENT	
1450374	1450375	IS_AST_PARENT	
1450317	1450374	IS_AST_PARENT	
1450389	1450390	IS_AST_PARENT	
1450388	1450389	IS_AST_PARENT	
1450392	1450393	IS_AST_PARENT	
1450391	1450392	IS_AST_PARENT	
1450394	1450395	IS_AST_PARENT	
1450391	1450394	IS_AST_PARENT	
1450397	1450398	IS_AST_PARENT	
1450397	1450399	IS_AST_PARENT	
1450396	1450397	IS_AST_PARENT	
1450391	1450396	IS_AST_PARENT	
1450401	1450402	IS_AST_PARENT	
1450401	1450403	IS_AST_PARENT	
1450400	1450401	IS_AST_PARENT	
1450391	1450400	IS_AST_PARENT	
1450405	1450406	IS_AST_PARENT	
1450405	1450407	IS_AST_PARENT	
1450404	1450405	IS_AST_PARENT	
1450391	1450404	IS_AST_PARENT	
1450409	1450410	IS_AST_PARENT	
1450409	1450411	IS_AST_PARENT	
1450408	1450409	IS_AST_PARENT	
1450391	1450408	IS_AST_PARENT	
1450413	1450414	IS_AST_PARENT	
1450413	1450415	IS_AST_PARENT	
1450412	1450413	IS_AST_PARENT	
1450391	1450412	IS_AST_PARENT	
1450388	1450391	IS_AST_PARENT	
1450387	1450388	IS_AST_PARENT	
1450317	1450387	IS_AST_PARENT	
1450419	1450420	IS_AST_PARENT	
1450422	1450423	IS_AST_PARENT	
1450421	1450422	IS_AST_PARENT	
1450425	1450426	IS_AST_PARENT	
1450424	1450425	IS_AST_PARENT	
1450427	1450428	IS_AST_PARENT	
1450424	1450427	IS_AST_PARENT	
1450429	1450430	IS_AST_PARENT	
1450424	1450429	IS_AST_PARENT	
1450421	1450424	IS_AST_PARENT	
1450419	1450421	IS_AST_PARENT	
1450418	1450419	IS_AST_PARENT	
1450418	1450431	IS_AST_PARENT	
1450417	1450418	IS_AST_PARENT	
1450416	1450417	IS_AST_PARENT	
1450433	1450434	IS_AST_PARENT	
1450432	1450433	IS_AST_PARENT	
1450416	1450432	IS_AST_PARENT	
1450317	1450416	IS_AST_PARENT	
1450437	1450438	IS_AST_PARENT	
1450436	1450437	IS_AST_PARENT	
1450441	1450442	IS_AST_PARENT	
1450441	1450443	IS_AST_PARENT	
1450440	1450441	IS_AST_PARENT	
1450439	1450440	IS_AST_PARENT	
1450444	1450445	IS_AST_PARENT	
1450439	1450444	IS_AST_PARENT	
1450447	1450448	IS_AST_PARENT	
1450447	1450449	IS_AST_PARENT	
1450446	1450447	IS_AST_PARENT	
1450439	1450446	IS_AST_PARENT	
1450436	1450439	IS_AST_PARENT	
1450435	1450436	IS_AST_PARENT	
1450317	1450435	IS_AST_PARENT	
1450452	1450453	IS_AST_PARENT	
1450452	1450454	IS_AST_PARENT	
1450451	1450452	IS_AST_PARENT	
1450451	1450455	IS_AST_PARENT	
1450450	1450451	IS_AST_PARENT	
1450317	1450450	IS_AST_PARENT	
1450459	1450460	IS_AST_PARENT	
1450459	1450461	IS_AST_PARENT	
1450458	1450459	IS_AST_PARENT	
1450458	1450462	IS_AST_PARENT	
1450457	1450458	IS_AST_PARENT	
1450464	1450465	IS_AST_PARENT	
1450463	1450464	IS_AST_PARENT	
1450467	1450468	IS_AST_PARENT	
1450466	1450467	IS_AST_PARENT	
1450463	1450466	IS_AST_PARENT	
1450457	1450463	IS_AST_PARENT	
1450456	1450457	IS_AST_PARENT	
1450317	1450456	IS_AST_PARENT	
1450471	1450472	IS_AST_PARENT	
1450471	1450473	IS_AST_PARENT	
1450470	1450471	IS_AST_PARENT	
1450475	1450476	IS_AST_PARENT	
1450474	1450475	IS_AST_PARENT	
1450480	1450481	IS_AST_PARENT	
1450479	1450480	IS_AST_PARENT	
1450483	1450484	IS_AST_PARENT	
1450482	1450483	IS_AST_PARENT	
1450479	1450482	IS_AST_PARENT	
1450478	1450479	IS_AST_PARENT	
1450477	1450478	IS_AST_PARENT	
1450474	1450477	IS_AST_PARENT	
1450470	1450474	IS_AST_PARENT	
1450469	1450470	IS_AST_PARENT	
1450317	1450469	IS_AST_PARENT	
1450489	1450490	IS_AST_PARENT	
1450488	1450489	IS_AST_PARENT	
1450492	1450493	IS_AST_PARENT	
1450491	1450492	IS_AST_PARENT	
1450495	1450496	IS_AST_PARENT	
1450497	1450498	IS_AST_PARENT	
1450497	1450499	IS_AST_PARENT	
1450495	1450497	IS_AST_PARENT	
1450494	1450495	IS_AST_PARENT	
1450491	1450494	IS_AST_PARENT	
1450501	1450502	IS_AST_PARENT	
1450501	1450503	IS_AST_PARENT	
1450500	1450501	IS_AST_PARENT	
1450491	1450500	IS_AST_PARENT	
1450488	1450491	IS_AST_PARENT	
1450487	1450488	IS_AST_PARENT	
1450487	1450504	IS_AST_PARENT	
1450486	1450487	IS_AST_PARENT	
1450485	1450486	IS_AST_PARENT	
1450506	1450507	IS_AST_PARENT	
1450505	1450506	IS_AST_PARENT	
1450485	1450505	IS_AST_PARENT	
1450317	1450485	IS_AST_PARENT	
1450510	1450511	IS_AST_PARENT	
1450509	1450510	IS_AST_PARENT	
1450513	1450514	IS_AST_PARENT	
1450512	1450513	IS_AST_PARENT	
1450516	1450517	IS_AST_PARENT	
1450516	1450518	IS_AST_PARENT	
1450515	1450516	IS_AST_PARENT	
1450512	1450515	IS_AST_PARENT	
1450520	1450521	IS_AST_PARENT	
1450520	1450522	IS_AST_PARENT	
1450519	1450520	IS_AST_PARENT	
1450512	1450519	IS_AST_PARENT	
1450523	1450524	IS_AST_PARENT	
1450512	1450523	IS_AST_PARENT	
1450509	1450512	IS_AST_PARENT	
1450508	1450509	IS_AST_PARENT	
1450317	1450508	IS_AST_PARENT	
1450527	1450528	IS_AST_PARENT	
1450526	1450527	IS_AST_PARENT	
1450530	1450531	IS_AST_PARENT	
1450529	1450530	IS_AST_PARENT	
1450526	1450529	IS_AST_PARENT	
1450525	1450526	IS_AST_PARENT	
1450317	1450525	IS_AST_PARENT	
1450532	1450533	IS_AST_PARENT	
1450317	1450532	IS_AST_PARENT	
1450317	1450534	IS_AST_PARENT	
1450536	1450537	IS_AST_PARENT	
1450539	1450540	IS_AST_PARENT	
1450538	1450539	IS_AST_PARENT	
1450542	1450543	IS_AST_PARENT	
1450541	1450542	IS_AST_PARENT	
1450545	1450546	IS_AST_PARENT	
1450545	1450547	IS_AST_PARENT	
1450544	1450545	IS_AST_PARENT	
1450541	1450544	IS_AST_PARENT	
1450538	1450541	IS_AST_PARENT	
1450536	1450538	IS_AST_PARENT	
1450535	1450536	IS_AST_PARENT	
1450317	1450535	IS_AST_PARENT	
1450552	1450553	IS_AST_PARENT	
1450551	1450552	IS_AST_PARENT	
1450556	1450557	IS_AST_PARENT	
1450556	1450558	IS_AST_PARENT	
1450555	1450556	IS_AST_PARENT	
1450554	1450555	IS_AST_PARENT	
1450560	1450561	IS_AST_PARENT	
1450560	1450562	IS_AST_PARENT	
1450559	1450560	IS_AST_PARENT	
1450554	1450559	IS_AST_PARENT	
1450551	1450554	IS_AST_PARENT	
1450550	1450551	IS_AST_PARENT	
1450550	1450563	IS_AST_PARENT	
1450549	1450550	IS_AST_PARENT	
1450548	1450549	IS_AST_PARENT	
1450568	1450569	IS_AST_PARENT	
1450568	1450570	IS_AST_PARENT	
1450567	1450568	IS_AST_PARENT	
1450566	1450567	IS_AST_PARENT	
1450572	1450573	IS_AST_PARENT	
1450571	1450572	IS_AST_PARENT	
1450574	1450575	IS_AST_PARENT	
1450571	1450574	IS_AST_PARENT	
1450576	1450577	IS_AST_PARENT	
1450571	1450576	IS_AST_PARENT	
1450578	1450579	IS_AST_PARENT	
1450571	1450578	IS_AST_PARENT	
1450580	1450581	IS_AST_PARENT	
1450571	1450580	IS_AST_PARENT	
1450566	1450571	IS_AST_PARENT	
1450565	1450566	IS_AST_PARENT	
1450564	1450565	IS_AST_PARENT	
1450584	1450585	IS_AST_PARENT	
1450583	1450584	IS_AST_PARENT	
1450587	1450588	IS_AST_PARENT	
1450586	1450587	IS_AST_PARENT	
1450583	1450586	IS_AST_PARENT	
1450582	1450583	IS_AST_PARENT	
1450564	1450582	IS_AST_PARENT	
1450548	1450564	IS_AST_PARENT	
1450593	1450594	IS_AST_PARENT	
1450593	1450595	IS_AST_PARENT	
1450592	1450593	IS_AST_PARENT	
1450591	1450592	IS_AST_PARENT	
1450597	1450598	IS_AST_PARENT	
1450596	1450597	IS_AST_PARENT	
1450599	1450600	IS_AST_PARENT	
1450596	1450599	IS_AST_PARENT	
1450601	1450602	IS_AST_PARENT	
1450596	1450601	IS_AST_PARENT	
1450603	1450604	IS_AST_PARENT	
1450596	1450603	IS_AST_PARENT	
1450606	1450607	IS_AST_PARENT	
1450606	1450608	IS_AST_PARENT	
1450605	1450606	IS_AST_PARENT	
1450596	1450605	IS_AST_PARENT	
1450591	1450596	IS_AST_PARENT	
1450590	1450591	IS_AST_PARENT	
1450589	1450590	IS_AST_PARENT	
1450548	1450589	IS_AST_PARENT	
1450317	1450548	IS_AST_PARENT	
1450609	1450610	IS_AST_PARENT	
1450609	1450611	IS_AST_PARENT	
1450609	1450612	IS_AST_PARENT	
1450609	1450613	IS_AST_PARENT	
1450609	1450614	IS_AST_PARENT	
1450609	1450615	IS_AST_PARENT	
1450609	1450616	IS_AST_PARENT	
1450609	1450617	IS_AST_PARENT	
1450609	1450618	IS_AST_PARENT	
1450620	1450621	IS_AST_PARENT	
1450620	1450622	IS_AST_PARENT	
1450620	1450623	IS_AST_PARENT	
1450619	1450620	IS_AST_PARENT	
1450619	1450624	IS_AST_PARENT	
1450625	1450626	IS_AST_PARENT	
1450625	1450627	IS_AST_PARENT	
1450625	1450628	IS_AST_PARENT	
1450619	1450625	IS_AST_PARENT	
1450619	1450629	IS_AST_PARENT	
1450630	1450631	IS_AST_PARENT	
1450630	1450632	IS_AST_PARENT	
1450630	1450633	IS_AST_PARENT	
1450619	1450630	IS_AST_PARENT	
1450619	1450634	IS_AST_PARENT	
1450635	1450636	IS_AST_PARENT	
1450635	1450637	IS_AST_PARENT	
1450635	1450638	IS_AST_PARENT	
1450619	1450635	IS_AST_PARENT	
1450619	1450639	IS_AST_PARENT	
1450640	1450641	IS_AST_PARENT	
1450640	1450642	IS_AST_PARENT	
1450640	1450643	IS_AST_PARENT	
1450619	1450640	IS_AST_PARENT	
1450609	1450619	IS_AST_PARENT	
1450609	1450644	IS_AST_PARENT	
1450609	1450645	IS_AST_PARENT	
1450609	1450646	IS_AST_PARENT	
1450609	1450647	IS_AST_PARENT	
1450609	1450648	IS_AST_PARENT	
1450609	1450649	IS_AST_PARENT	
1450609	1450650	IS_AST_PARENT	
1450609	1450651	IS_AST_PARENT	
1450609	1450652	IS_AST_PARENT	
1450609	1450653	IS_AST_PARENT	
1450609	1450654	IS_AST_PARENT	
1450656	1450657	IS_AST_PARENT	
1450656	1450658	IS_AST_PARENT	
1450656	1450659	IS_AST_PARENT	
1450656	1450660	IS_AST_PARENT	
1450656	1450661	IS_AST_PARENT	
1450656	1450662	IS_AST_PARENT	
1450656	1450663	IS_AST_PARENT	
1450656	1450664	IS_AST_PARENT	
1450656	1450665	IS_AST_PARENT	
1450656	1450666	IS_AST_PARENT	
1450656	1450667	IS_AST_PARENT	
1450656	1450668	IS_AST_PARENT	
1450656	1450669	IS_AST_PARENT	
1450656	1450670	IS_AST_PARENT	
1450656	1450671	IS_AST_PARENT	
1450656	1450672	IS_AST_PARENT	
1450656	1450673	IS_AST_PARENT	
1450655	1450656	IS_AST_PARENT	
1450655	1450674	IS_AST_PARENT	
1450675	1450676	IS_AST_PARENT	
1450675	1450677	IS_AST_PARENT	
1450675	1450678	IS_AST_PARENT	
1450675	1450679	IS_AST_PARENT	
1450675	1450680	IS_AST_PARENT	
1450675	1450681	IS_AST_PARENT	
1450675	1450682	IS_AST_PARENT	
1450675	1450683	IS_AST_PARENT	
1450675	1450684	IS_AST_PARENT	
1450675	1450685	IS_AST_PARENT	
1450675	1450686	IS_AST_PARENT	
1450675	1450687	IS_AST_PARENT	
1450675	1450688	IS_AST_PARENT	
1450675	1450689	IS_AST_PARENT	
1450675	1450690	IS_AST_PARENT	
1450675	1450691	IS_AST_PARENT	
1450675	1450692	IS_AST_PARENT	
1450655	1450675	IS_AST_PARENT	
1450655	1450693	IS_AST_PARENT	
1450694	1450695	IS_AST_PARENT	
1450694	1450696	IS_AST_PARENT	
1450694	1450697	IS_AST_PARENT	
1450694	1450698	IS_AST_PARENT	
1450694	1450699	IS_AST_PARENT	
1450694	1450700	IS_AST_PARENT	
1450694	1450701	IS_AST_PARENT	
1450694	1450702	IS_AST_PARENT	
1450694	1450703	IS_AST_PARENT	
1450694	1450704	IS_AST_PARENT	
1450694	1450705	IS_AST_PARENT	
1450694	1450706	IS_AST_PARENT	
1450694	1450707	IS_AST_PARENT	
1450694	1450708	IS_AST_PARENT	
1450694	1450709	IS_AST_PARENT	
1450694	1450710	IS_AST_PARENT	
1450694	1450711	IS_AST_PARENT	
1450655	1450694	IS_AST_PARENT	
1450609	1450655	IS_AST_PARENT	
1450609	1450712	IS_AST_PARENT	
1450714	1450715	IS_AST_PARENT	
1450714	1450716	IS_AST_PARENT	
1450713	1450714	IS_AST_PARENT	
1450717	1450718	IS_AST_PARENT	
1450717	1450719	IS_AST_PARENT	
1450713	1450717	IS_AST_PARENT	
1450609	1450713	IS_AST_PARENT	
1450723	1450724	IS_AST_PARENT	
1450723	1450725	IS_AST_PARENT	
1450722	1450723	IS_AST_PARENT	
1450722	1450726	IS_AST_PARENT	
1450721	1450722	IS_AST_PARENT	
1450728	1450729	IS_AST_PARENT	
1450728	1450730	IS_AST_PARENT	
1450727	1450728	IS_AST_PARENT	
1450727	1450731	IS_AST_PARENT	
1450721	1450727	IS_AST_PARENT	
1450720	1450721	IS_AST_PARENT	
1450609	1450720	IS_AST_PARENT	
1450317	1450609	IS_AST_PARENT	
1450734	1450735	IS_AST_PARENT	
1450733	1450734	IS_AST_PARENT	
1450737	1450738	IS_AST_PARENT	
1450736	1450737	IS_AST_PARENT	
1450733	1450736	IS_AST_PARENT	
1450732	1450733	IS_AST_PARENT	
1450317	1450732	IS_AST_PARENT	
1450316	1450317	IS_AST_PARENT	
1450316	1450739	IS_AST_PARENT	
1450316	1450740	IS_AST_PARENT	
1450742	1450743	IS_AST_PARENT	
1450742	1450744	IS_AST_PARENT	
1450741	1450742	IS_AST_PARENT	
1450745	1450746	IS_AST_PARENT	
1450745	1450747	IS_AST_PARENT	
1450741	1450745	IS_AST_PARENT	
1450748	1450749	IS_AST_PARENT	
1450748	1450750	IS_AST_PARENT	
1450741	1450748	IS_AST_PARENT	
1450316	1450741	IS_AST_PARENT	
1450751	1450742	FLOWS_TO	
1450742	1450745	FLOWS_TO	
1450745	1450748	FLOWS_TO	
1450748	1450318	FLOWS_TO	
1450318	1450322	FLOWS_TO	
1450322	1450326	FLOWS_TO	
1450326	1450331	FLOWS_TO	
1450331	1450341	FLOWS_TO	
1450331	1450342	FLOWS_TO	
1450341	1450752	FLOWS_TO	
1450342	1450346	FLOWS_TO	
1450346	1450351	FLOWS_TO	
1450351	1450355	FLOWS_TO	
1450355	1450360	FLOWS_TO	
1450360	1450372	FLOWS_TO	
1450360	1450374	FLOWS_TO	
1450372	1450532	FLOWS_TO	
1450374	1450387	FLOWS_TO	
1450387	1450417	FLOWS_TO	
1450417	1450433	FLOWS_TO	
1450417	1450435	FLOWS_TO	
1450433	1450532	FLOWS_TO	
1450435	1450450	FLOWS_TO	
1450450	1450456	FLOWS_TO	
1450456	1450469	FLOWS_TO	
1450469	1450486	FLOWS_TO	
1450486	1450506	FLOWS_TO	
1450486	1450508	FLOWS_TO	
1450506	1450532	FLOWS_TO	
1450508	1450525	FLOWS_TO	
1450525	1450532	FLOWS_TO	
1450532	1450534	FLOWS_TO	
1450534	1450535	FLOWS_TO	
1450535	1450549	FLOWS_TO	
1450549	1450565	FLOWS_TO	
1450549	1450590	FLOWS_TO	
1450565	1450582	FLOWS_TO	
1450582	1450610	FLOWS_TO	
1450590	1450610	FLOWS_TO	
1450610	1450611	FLOWS_TO	
1450611	1450612	FLOWS_TO	
1450612	1450613	FLOWS_TO	
1450613	1450614	FLOWS_TO	
1450614	1450615	FLOWS_TO	
1450615	1450616	FLOWS_TO	
1450616	1450617	FLOWS_TO	
1450617	1450618	FLOWS_TO	
1450618	1450621	FLOWS_TO	
1450621	1450622	FLOWS_TO	
1450622	1450623	FLOWS_TO	
1450623	1450624	FLOWS_TO	
1450624	1450626	FLOWS_TO	
1450626	1450627	FLOWS_TO	
1450627	1450628	FLOWS_TO	
1450628	1450629	FLOWS_TO	
1450629	1450631	FLOWS_TO	
1450631	1450632	FLOWS_TO	
1450632	1450633	FLOWS_TO	
1450633	1450634	FLOWS_TO	
1450634	1450636	FLOWS_TO	
1450636	1450637	FLOWS_TO	
1450637	1450638	FLOWS_TO	
1450638	1450639	FLOWS_TO	
1450639	1450641	FLOWS_TO	
1450641	1450642	FLOWS_TO	
1450642	1450643	FLOWS_TO	
1450643	1450644	FLOWS_TO	
1450644	1450645	FLOWS_TO	
1450645	1450646	FLOWS_TO	
1450646	1450647	FLOWS_TO	
1450647	1450648	FLOWS_TO	
1450648	1450649	FLOWS_TO	
1450649	1450650	FLOWS_TO	
1450650	1450651	FLOWS_TO	
1450651	1450652	FLOWS_TO	
1450652	1450653	FLOWS_TO	
1450653	1450654	FLOWS_TO	
1450654	1450657	FLOWS_TO	
1450657	1450658	FLOWS_TO	
1450658	1450659	FLOWS_TO	
1450659	1450660	FLOWS_TO	
1450660	1450661	FLOWS_TO	
1450661	1450662	FLOWS_TO	
1450662	1450663	FLOWS_TO	
1450663	1450664	FLOWS_TO	
1450664	1450665	FLOWS_TO	
1450665	1450666	FLOWS_TO	
1450666	1450667	FLOWS_TO	
1450667	1450668	FLOWS_TO	
1450668	1450669	FLOWS_TO	
1450669	1450670	FLOWS_TO	
1450670	1450671	FLOWS_TO	
1450671	1450672	FLOWS_TO	
1450672	1450673	FLOWS_TO	
1450673	1450674	FLOWS_TO	
1450674	1450676	FLOWS_TO	
1450676	1450677	FLOWS_TO	
1450677	1450678	FLOWS_TO	
1450678	1450679	FLOWS_TO	
1450679	1450680	FLOWS_TO	
1450680	1450681	FLOWS_TO	
1450681	1450682	FLOWS_TO	
1450682	1450683	FLOWS_TO	
1450683	1450684	FLOWS_TO	
1450684	1450685	FLOWS_TO	
1450685	1450686	FLOWS_TO	
1450686	1450687	FLOWS_TO	
1450687	1450688	FLOWS_TO	
1450688	1450689	FLOWS_TO	
1450689	1450690	FLOWS_TO	
1450690	1450691	FLOWS_TO	
1450691	1450692	FLOWS_TO	
1450692	1450693	FLOWS_TO	
1450693	1450695	FLOWS_TO	
1450695	1450696	FLOWS_TO	
1450696	1450697	FLOWS_TO	
1450697	1450698	FLOWS_TO	
1450698	1450699	FLOWS_TO	
1450699	1450700	FLOWS_TO	
1450700	1450701	FLOWS_TO	
1450701	1450702	FLOWS_TO	
1450702	1450703	FLOWS_TO	
1450703	1450704	FLOWS_TO	
1450704	1450705	FLOWS_TO	
1450705	1450706	FLOWS_TO	
1450706	1450707	FLOWS_TO	
1450707	1450708	FLOWS_TO	
1450708	1450709	FLOWS_TO	
1450709	1450710	FLOWS_TO	
1450710	1450711	FLOWS_TO	
1450711	1450712	FLOWS_TO	
1450712	1450713	FLOWS_TO	
1450713	1450720	FLOWS_TO	
1450720	1450732	FLOWS_TO	
1450732	1450752	FLOWS_TO	
1450450	1450753	DEF	
1450451	1450753	DEF	
1450360	1450754	USE	
1450366	1450754	USE	
1450720	1450755	USE	
1450727	1450755	USE	
1450722	1450755	USE	
1450469	1450756	USE	
1450470	1450756	USE	
1450387	1450757	USE	
1450404	1450757	USE	
1450720	1450758	USE	
1450723	1450758	USE	
1450728	1450758	USE	
1450535	1450759	USE	
1450544	1450759	USE	
1450417	1450760	USE	
1450427	1450760	USE	
1450355	1450761	DEF	
1450356	1450761	DEF	
1450450	1450761	DEF	
1450451	1450761	DEF	
1450450	1450761	USE	
1450452	1450761	USE	
1450456	1450761	USE	
1450458	1450761	USE	
1450456	1450761	DEF	
1450457	1450761	DEF	
1450459	1450761	USE	
1450469	1450761	DEF	
1450470	1450761	DEF	
1450469	1450761	USE	
1450471	1450761	USE	
1450387	1450762	USE	
1450400	1450762	USE	
1450417	1450763	USE	
1450429	1450763	USE	
1450435	1450764	USE	
1450440	1450764	USE	
1450486	1450764	USE	
1450494	1450764	USE	
1450720	1450765	USE	
1450721	1450765	USE	
1450720	1450765	DEF	
1450721	1450765	DEF	
1450745	1450766	DEF	
1450331	1450766	USE	
1450337	1450766	USE	
1450565	1450766	USE	
1450568	1450766	USE	
1450590	1450766	USE	
1450593	1450766	USE	
1450331	1450767	USE	
1450387	1450768	USE	
1450412	1450768	USE	
1450469	1450769	DEF	
1450470	1450769	DEF	
1450486	1450770	USE	
1450342	1450771	DEF	
1450343	1450771	DEF	
1450387	1450771	USE	
1450409	1450771	USE	
1450404	1450771	USE	
1450413	1450771	USE	
1450405	1450771	USE	
1450412	1450771	USE	
1450408	1450771	USE	
1450396	1450771	USE	
1450400	1450771	USE	
1450401	1450771	USE	
1450397	1450771	USE	
1450456	1450772	DEF	
1450457	1450772	DEF	
1450469	1450773	USE	
1450478	1450773	USE	
1450331	1450774	USE	
1450360	1450775	USE	
1450713	1450776	DEF	
1450714	1450776	DEF	
1450713	1450777	DEF	
1450717	1450777	DEF	
1450387	1450778	USE	
1450396	1450778	USE	
1450450	1450779	USE	
1450451	1450779	USE	
1450549	1450780	USE	
1450318	1450781	DEF	
1450319	1450781	DEF	
1450535	1450781	DEF	
1450536	1450781	DEF	
1450565	1450781	USE	
1450578	1450781	USE	
1450590	1450781	USE	
1450603	1450781	USE	
1450732	1450781	USE	
1450737	1450781	USE	
1450351	1450782	DEF	
1450352	1450782	DEF	
1450417	1450782	DEF	
1450419	1450782	DEF	
1450486	1450782	USE	
1450492	1450782	USE	
1450508	1450782	USE	
1450513	1450782	USE	
1450525	1450782	USE	
1450530	1450782	USE	
1450549	1450783	USE	
1450559	1450783	USE	
1450322	1450784	DEF	
1450323	1450784	DEF	
1450565	1450784	USE	
1450580	1450784	USE	
1450582	1450784	USE	
1450587	1450784	USE	
1450346	1450785	DEF	
1450347	1450785	DEF	
1450374	1450785	USE	
1450379	1450785	USE	
1450387	1450785	USE	
1450392	1450785	USE	
1450331	1450786	USE	
1450387	1450787	USE	
1450408	1450787	USE	
1450456	1450788	DEF	
1450457	1450788	DEF	
1450456	1450788	USE	
1450458	1450788	USE	
1450508	1450789	USE	
1450515	1450789	USE	
1450535	1450790	USE	
1450536	1450790	USE	
1450742	1450791	DEF	
1450535	1450791	USE	
1450542	1450791	USE	
1450549	1450791	USE	
1450555	1450791	USE	
1450590	1450791	USE	
1450605	1450791	USE	
1450748	1450792	DEF	
1450565	1450792	USE	
1450572	1450792	USE	
1450590	1450792	USE	
1450597	1450792	USE	
1450326	1450793	DEF	
1450327	1450793	DEF	
1450549	1450793	USE	
1450555	1450793	USE	
1450590	1450793	USE	
1450605	1450793	USE	
1450417	1450794	USE	
1450419	1450794	USE	
1450456	1450795	USE	
1450457	1450795	USE	
1450417	1450796	USE	
1450425	1450796	USE	
1450535	1450565	REACHES	_692bfa30a85ca54309f4f2c80f53f243
1450535	1450590	REACHES	_692bfa30a85ca54309f4f2c80f53f243
1450535	1450732	REACHES	_692bfa30a85ca54309f4f2c80f53f243
1450417	1450486	REACHES	_c3ea924f691c7bedb0cb89b3f2ce0bdd
1450417	1450508	REACHES	_c3ea924f691c7bedb0cb89b3f2ce0bdd
1450417	1450525	REACHES	_c3ea924f691c7bedb0cb89b3f2ce0bdd
1450322	1450565	REACHES	_2736c23a967289f412261538591d11f0
1450322	1450582	REACHES	_2736c23a967289f412261538591d11f0
1450346	1450374	REACHES	_985257655752a80616e68b817451ffd9
1450346	1450387	REACHES	_985257655752a80616e68b817451ffd9
1450355	1450450	REACHES	_bc0d6211b6e8f321d22089336f3d86ba
1450450	1450456	REACHES	_bc0d6211b6e8f321d22089336f3d86ba
1450456	1450469	REACHES	_bc0d6211b6e8f321d22089336f3d86ba
1450745	1450331	REACHES	_85895bae06ef85524ca1b11e696a1954
1450742	1450535	REACHES	comment
1450742	1450549	REACHES	comment
1450745	1450565	REACHES	_85895bae06ef85524ca1b11e696a1954
1450742	1450590	REACHES	comment
1450745	1450590	REACHES	_85895bae06ef85524ca1b11e696a1954
1450326	1450549	REACHES	_0280d7ab1ec1a12f62d422f69b92a27a
1450748	1450565	REACHES	_ac46b20506dbc97f06e19ffa848ea5ce
1450748	1450590	REACHES	_ac46b20506dbc97f06e19ffa848ea5ce
1450326	1450590	REACHES	_0280d7ab1ec1a12f62d422f69b92a27a
1450342	1450387	REACHES	_2c22d6ccac1d80cd5d40182f2dee0d04
1450751	1450742	CONTROLS	
1450751	1450745	CONTROLS	
1450751	1450748	CONTROLS	
1450751	1450318	CONTROLS	
1450751	1450322	CONTROLS	
1450751	1450326	CONTROLS	
1450751	1450331	CONTROLS	
1450331	1450341	CONTROLS	
1450331	1450342	CONTROLS	
1450331	1450346	CONTROLS	
1450331	1450351	CONTROLS	
1450331	1450355	CONTROLS	
1450331	1450360	CONTROLS	
1450331	1450532	CONTROLS	
1450331	1450534	CONTROLS	
1450331	1450535	CONTROLS	
1450331	1450549	CONTROLS	
1450331	1450610	CONTROLS	
1450331	1450611	CONTROLS	
1450331	1450612	CONTROLS	
1450331	1450613	CONTROLS	
1450331	1450614	CONTROLS	
1450331	1450615	CONTROLS	
1450331	1450616	CONTROLS	
1450331	1450617	CONTROLS	
1450331	1450618	CONTROLS	
1450331	1450621	CONTROLS	
1450331	1450622	CONTROLS	
1450331	1450623	CONTROLS	
1450331	1450624	CONTROLS	
1450331	1450626	CONTROLS	
1450331	1450627	CONTROLS	
1450331	1450628	CONTROLS	
1450331	1450629	CONTROLS	
1450331	1450631	CONTROLS	
1450331	1450632	CONTROLS	
1450331	1450633	CONTROLS	
1450331	1450634	CONTROLS	
1450331	1450636	CONTROLS	
1450331	1450637	CONTROLS	
1450331	1450638	CONTROLS	
1450331	1450639	CONTROLS	
1450331	1450641	CONTROLS	
1450331	1450642	CONTROLS	
1450331	1450643	CONTROLS	
1450331	1450644	CONTROLS	
1450331	1450645	CONTROLS	
1450331	1450646	CONTROLS	
1450331	1450647	CONTROLS	
1450331	1450648	CONTROLS	
1450331	1450649	CONTROLS	
1450331	1450650	CONTROLS	
1450331	1450651	CONTROLS	
1450331	1450652	CONTROLS	
1450331	1450653	CONTROLS	
1450331	1450654	CONTROLS	
1450331	1450657	CONTROLS	
1450331	1450658	CONTROLS	
1450331	1450659	CONTROLS	
1450331	1450660	CONTROLS	
1450331	1450661	CONTROLS	
1450331	1450662	CONTROLS	
1450331	1450663	CONTROLS	
1450331	1450664	CONTROLS	
1450331	1450665	CONTROLS	
1450331	1450666	CONTROLS	
1450331	1450667	CONTROLS	
1450331	1450668	CONTROLS	
1450331	1450669	CONTROLS	
1450331	1450670	CONTROLS	
1450331	1450671	CONTROLS	
1450331	1450672	CONTROLS	
1450331	1450673	CONTROLS	
1450331	1450674	CONTROLS	
1450331	1450676	CONTROLS	
1450331	1450677	CONTROLS	
1450331	1450678	CONTROLS	
1450331	1450679	CONTROLS	
1450331	1450680	CONTROLS	
1450331	1450681	CONTROLS	
1450331	1450682	CONTROLS	
1450331	1450683	CONTROLS	
1450331	1450684	CONTROLS	
1450331	1450685	CONTROLS	
1450331	1450686	CONTROLS	
1450331	1450687	CONTROLS	
1450331	1450688	CONTROLS	
1450331	1450689	CONTROLS	
1450331	1450690	CONTROLS	
1450331	1450691	CONTROLS	
1450331	1450692	CONTROLS	
1450331	1450693	CONTROLS	
1450331	1450695	CONTROLS	
1450331	1450696	CONTROLS	
1450331	1450697	CONTROLS	
1450331	1450698	CONTROLS	
1450331	1450699	CONTROLS	
1450331	1450700	CONTROLS	
1450331	1450701	CONTROLS	
1450331	1450702	CONTROLS	
1450331	1450703	CONTROLS	
1450331	1450704	CONTROLS	
1450331	1450705	CONTROLS	
1450331	1450706	CONTROLS	
1450331	1450707	CONTROLS	
1450331	1450708	CONTROLS	
1450331	1450709	CONTROLS	
1450331	1450710	CONTROLS	
1450331	1450711	CONTROLS	
1450331	1450712	CONTROLS	
1450331	1450713	CONTROLS	
1450331	1450720	CONTROLS	
1450331	1450732	CONTROLS	
1450360	1450372	CONTROLS	
1450360	1450374	CONTROLS	
1450360	1450387	CONTROLS	
1450360	1450417	CONTROLS	
1450417	1450433	CONTROLS	
1450417	1450435	CONTROLS	
1450417	1450450	CONTROLS	
1450417	1450456	CONTROLS	
1450417	1450469	CONTROLS	
1450417	1450486	CONTROLS	
1450486	1450506	CONTROLS	
1450486	1450508	CONTROLS	
1450486	1450525	CONTROLS	
1450549	1450565	CONTROLS	
1450549	1450582	CONTROLS	
1450549	1450590	CONTROLS	
1450699	1450700	DOM	
1450532	1450534	DOM	
1450697	1450698	DOM	
1450639	1450641	DOM	
1450642	1450643	DOM	
1450689	1450690	DOM	
1450707	1450708	DOM	
1450326	1450331	DOM	
1450565	1450582	DOM	
1450360	1450374	DOM	
1450659	1450660	DOM	
1450693	1450695	DOM	
1450331	1450752	DOM	
1450708	1450709	DOM	
1450671	1450672	DOM	
1450669	1450670	DOM	
1450677	1450678	DOM	
1450696	1450697	DOM	
1450683	1450684	DOM	
1450387	1450417	DOM	
1450667	1450668	DOM	
1450687	1450688	DOM	
1450653	1450654	DOM	
1450657	1450658	DOM	
1450535	1450549	DOM	
1450626	1450627	DOM	
1450646	1450647	DOM	
1450621	1450622	DOM	
1450650	1450651	DOM	
1450322	1450326	DOM	
1450331	1450342	DOM	
1450342	1450346	DOM	
1450705	1450706	DOM	
1450611	1450612	DOM	
1450682	1450683	DOM	
1450643	1450644	DOM	
1450624	1450626	DOM	
1450661	1450662	DOM	
1450748	1450318	DOM	
1450751	1450742	DOM	
1450665	1450666	DOM	
1450360	1450372	DOM	
1450670	1450671	DOM	
1450641	1450642	DOM	
1450534	1450535	DOM	
1450612	1450613	DOM	
1450692	1450693	DOM	
1450745	1450748	DOM	
1450690	1450691	DOM	
1450679	1450680	DOM	
1450678	1450679	DOM	
1450660	1450661	DOM	
1450374	1450387	DOM	
1450652	1450653	DOM	
1450629	1450631	DOM	
1450645	1450646	DOM	
1450351	1450355	DOM	
1450706	1450707	DOM	
1450662	1450663	DOM	
1450701	1450702	DOM	
1450549	1450610	DOM	
1450720	1450732	DOM	
1450622	1450623	DOM	
1450637	1450638	DOM	
1450703	1450704	DOM	
1450674	1450676	DOM	
1450713	1450720	DOM	
1450318	1450322	DOM	
1450673	1450674	DOM	
1450631	1450632	DOM	
1450634	1450636	DOM	
1450704	1450705	DOM	
1450710	1450711	DOM	
1450623	1450624	DOM	
1450628	1450629	DOM	
1450668	1450669	DOM	
1450702	1450703	DOM	
1450638	1450639	DOM	
1450654	1450657	DOM	
1450616	1450617	DOM	
1450632	1450633	DOM	
1450508	1450525	DOM	
1450711	1450712	DOM	
1450680	1450681	DOM	
1450355	1450360	DOM	
1450681	1450682	DOM	
1450346	1450351	DOM	
1450666	1450667	DOM	
1450698	1450699	DOM	
1450700	1450701	DOM	
1450610	1450611	DOM	
1450549	1450590	DOM	
1450672	1450673	DOM	
1450417	1450433	DOM	
1450648	1450649	DOM	
1450676	1450677	DOM	
1450695	1450696	DOM	
1450664	1450665	DOM	
1450613	1450614	DOM	
1450684	1450685	DOM	
1450712	1450713	DOM	
1450614	1450615	DOM	
1450618	1450621	DOM	
1450649	1450650	DOM	
1450456	1450469	DOM	
1450627	1450628	DOM	
1450709	1450710	DOM	
1450647	1450648	DOM	
1450549	1450565	DOM	
1450658	1450659	DOM	
1450331	1450341	DOM	
1450486	1450508	DOM	
1450615	1450616	DOM	
1450691	1450692	DOM	
1450636	1450637	DOM	
1450751	1450751	DOM	
1450486	1450506	DOM	
1450435	1450450	DOM	
1450450	1450456	DOM	
1450417	1450435	DOM	
1450742	1450745	DOM	
1450644	1450645	DOM	
1450663	1450664	DOM	
1450633	1450634	DOM	
1450685	1450686	DOM	
1450688	1450689	DOM	
1450617	1450618	DOM	
1450360	1450532	DOM	
1450686	1450687	DOM	
1450469	1450486	DOM	
1450651	1450652	DOM	
1450701	1450700	POST_DOM	
1450699	1450698	POST_DOM	
1450535	1450534	POST_DOM	
1450644	1450643	POST_DOM	
1450642	1450641	POST_DOM	
1450691	1450690	POST_DOM	
1450709	1450708	POST_DOM	
1450752	1450331	POST_DOM	
1450610	1450582	POST_DOM	
1450387	1450374	POST_DOM	
1450661	1450660	POST_DOM	
1450696	1450695	POST_DOM	
1450752	1450752	POST_DOM	
1450710	1450709	POST_DOM	
1450673	1450672	POST_DOM	
1450671	1450670	POST_DOM	
1450698	1450697	POST_DOM	
1450679	1450678	POST_DOM	
1450685	1450684	POST_DOM	
1450532	1450417	POST_DOM	
1450669	1450668	POST_DOM	
1450689	1450688	POST_DOM	
1450657	1450654	POST_DOM	
1450659	1450658	POST_DOM	
1450628	1450627	POST_DOM	
1450610	1450549	POST_DOM	
1450648	1450647	POST_DOM	
1450623	1450622	POST_DOM	
1450652	1450651	POST_DOM	
1450331	1450326	POST_DOM	
1450351	1450346	POST_DOM	
1450346	1450342	POST_DOM	
1450707	1450706	POST_DOM	
1450684	1450683	POST_DOM	
1450613	1450612	POST_DOM	
1450645	1450644	POST_DOM	
1450627	1450626	POST_DOM	
1450663	1450662	POST_DOM	
1450322	1450318	POST_DOM	
1450745	1450742	POST_DOM	
1450667	1450666	POST_DOM	
1450672	1450671	POST_DOM	
1450532	1450372	POST_DOM	
1450643	1450642	POST_DOM	
1450549	1450535	POST_DOM	
1450614	1450613	POST_DOM	
1450695	1450693	POST_DOM	
1450318	1450748	POST_DOM	
1450692	1450691	POST_DOM	
1450681	1450680	POST_DOM	
1450680	1450679	POST_DOM	
1450662	1450661	POST_DOM	
1450417	1450387	POST_DOM	
1450654	1450653	POST_DOM	
1450647	1450646	POST_DOM	
1450632	1450631	POST_DOM	
1450360	1450355	POST_DOM	
1450708	1450707	POST_DOM	
1450703	1450702	POST_DOM	
1450664	1450663	POST_DOM	
1450752	1450732	POST_DOM	
1450611	1450610	POST_DOM	
1450624	1450623	POST_DOM	
1450705	1450704	POST_DOM	
1450639	1450638	POST_DOM	
1450732	1450720	POST_DOM	
1450677	1450676	POST_DOM	
1450326	1450322	POST_DOM	
1450676	1450674	POST_DOM	
1450633	1450632	POST_DOM	
1450637	1450636	POST_DOM	
1450712	1450711	POST_DOM	
1450706	1450705	POST_DOM	
1450626	1450624	POST_DOM	
1450670	1450669	POST_DOM	
1450631	1450629	POST_DOM	
1450704	1450703	POST_DOM	
1450658	1450657	POST_DOM	
1450641	1450639	POST_DOM	
1450634	1450633	POST_DOM	
1450618	1450617	POST_DOM	
1450532	1450525	POST_DOM	
1450713	1450712	POST_DOM	
1450682	1450681	POST_DOM	
1450683	1450682	POST_DOM	
1450532	1450360	POST_DOM	
1450355	1450351	POST_DOM	
1450668	1450667	POST_DOM	
1450702	1450701	POST_DOM	
1450700	1450699	POST_DOM	
1450612	1450611	POST_DOM	
1450610	1450590	POST_DOM	
1450674	1450673	POST_DOM	
1450532	1450433	POST_DOM	
1450697	1450696	POST_DOM	
1450678	1450677	POST_DOM	
1450650	1450649	POST_DOM	
1450666	1450665	POST_DOM	
1450615	1450614	POST_DOM	
1450686	1450685	POST_DOM	
1450720	1450713	POST_DOM	
1450616	1450615	POST_DOM	
1450651	1450650	POST_DOM	
1450622	1450621	POST_DOM	
1450486	1450469	POST_DOM	
1450629	1450628	POST_DOM	
1450711	1450710	POST_DOM	
1450649	1450648	POST_DOM	
1450582	1450565	POST_DOM	
1450660	1450659	POST_DOM	
1450752	1450341	POST_DOM	
1450525	1450508	POST_DOM	
1450617	1450616	POST_DOM	
1450693	1450692	POST_DOM	
1450638	1450637	POST_DOM	
1450742	1450751	POST_DOM	
1450532	1450506	POST_DOM	
1450469	1450456	POST_DOM	
1450456	1450450	POST_DOM	
1450450	1450435	POST_DOM	
1450748	1450745	POST_DOM	
1450646	1450645	POST_DOM	
1450665	1450664	POST_DOM	
1450690	1450689	POST_DOM	
1450687	1450686	POST_DOM	
1450636	1450634	POST_DOM	
1450621	1450618	POST_DOM	
1450688	1450687	POST_DOM	
1450534	1450532	POST_DOM	
1450532	1450486	POST_DOM	
1450653	1450652	POST_DOM	
1450315	1450316	IS_FUNCTION_OF_AST	
1450315	1450751	IS_FUNCTION_OF_CFG	
1450303	1450315	IS_FILE_OF	
1450801	1450802	IS_AST_PARENT	
1450801	1450803	IS_AST_PARENT	
1450800	1450801	IS_AST_PARENT	
1450804	1450805	IS_AST_PARENT	
1450804	1450806	IS_AST_PARENT	
1450800	1450804	IS_AST_PARENT	
1450799	1450800	IS_AST_PARENT	
1450808	1450809	IS_AST_PARENT	
1450808	1450810	IS_AST_PARENT	
1450807	1450808	IS_AST_PARENT	
1450799	1450807	IS_AST_PARENT	
1450813	1450814	IS_AST_PARENT	
1450813	1450815	IS_AST_PARENT	
1450812	1450813	IS_AST_PARENT	
1450811	1450812	IS_AST_PARENT	
1450819	1450820	IS_AST_PARENT	
1450819	1450821	IS_AST_PARENT	
1450818	1450819	IS_AST_PARENT	
1450818	1450822	IS_AST_PARENT	
1450817	1450818	IS_AST_PARENT	
1450817	1450823	IS_AST_PARENT	
1450816	1450817	IS_AST_PARENT	
1450811	1450816	IS_AST_PARENT	
1450824	1450825	IS_AST_PARENT	
1450824	1450826	IS_AST_PARENT	
1450811	1450824	IS_AST_PARENT	
1450830	1450831	IS_AST_PARENT	
1450833	1450834	IS_AST_PARENT	
1450832	1450833	IS_AST_PARENT	
1450838	1450839	IS_AST_PARENT	
1450838	1450840	IS_AST_PARENT	
1450837	1450838	IS_AST_PARENT	
1450837	1450841	IS_AST_PARENT	
1450836	1450837	IS_AST_PARENT	
1450835	1450836	IS_AST_PARENT	
1450842	1450843	IS_AST_PARENT	
1450835	1450842	IS_AST_PARENT	
1450846	1450847	IS_AST_PARENT	
1450845	1450846	IS_AST_PARENT	
1450851	1450852	IS_AST_PARENT	
1450851	1450853	IS_AST_PARENT	
1450850	1450851	IS_AST_PARENT	
1450850	1450854	IS_AST_PARENT	
1450849	1450850	IS_AST_PARENT	
1450848	1450849	IS_AST_PARENT	
1450845	1450848	IS_AST_PARENT	
1450844	1450845	IS_AST_PARENT	
1450835	1450844	IS_AST_PARENT	
1450832	1450835	IS_AST_PARENT	
1450830	1450832	IS_AST_PARENT	
1450829	1450830	IS_AST_PARENT	
1450828	1450829	IS_AST_PARENT	
1450858	1450859	IS_AST_PARENT	
1450858	1450860	IS_AST_PARENT	
1450857	1450858	IS_AST_PARENT	
1450862	1450863	IS_AST_PARENT	
1450861	1450862	IS_AST_PARENT	
1450867	1450868	IS_AST_PARENT	
1450867	1450869	IS_AST_PARENT	
1450866	1450867	IS_AST_PARENT	
1450866	1450870	IS_AST_PARENT	
1450865	1450866	IS_AST_PARENT	
1450864	1450865	IS_AST_PARENT	
1450861	1450864	IS_AST_PARENT	
1450857	1450861	IS_AST_PARENT	
1450856	1450857	IS_AST_PARENT	
1450855	1450856	IS_AST_PARENT	
1450872	1450873	IS_AST_PARENT	
1450875	1450876	IS_AST_PARENT	
1450874	1450875	IS_AST_PARENT	
1450881	1450882	IS_AST_PARENT	
1450880	1450881	IS_AST_PARENT	
1450886	1450887	IS_AST_PARENT	
1450886	1450888	IS_AST_PARENT	
1450885	1450886	IS_AST_PARENT	
1450885	1450889	IS_AST_PARENT	
1450884	1450885	IS_AST_PARENT	
1450883	1450884	IS_AST_PARENT	
1450880	1450883	IS_AST_PARENT	
1450879	1450880	IS_AST_PARENT	
1450879	1450890	IS_AST_PARENT	
1450878	1450879	IS_AST_PARENT	
1450877	1450878	IS_AST_PARENT	
1450874	1450877	IS_AST_PARENT	
1450872	1450874	IS_AST_PARENT	
1450871	1450872	IS_AST_PARENT	
1450855	1450871	IS_AST_PARENT	
1450893	1450894	IS_AST_PARENT	
1450893	1450895	IS_AST_PARENT	
1450892	1450893	IS_AST_PARENT	
1450891	1450892	IS_AST_PARENT	
1450899	1450900	IS_AST_PARENT	
1450898	1450899	IS_AST_PARENT	
1450902	1450903	IS_AST_PARENT	
1450901	1450902	IS_AST_PARENT	
1450906	1450907	IS_AST_PARENT	
1450905	1450906	IS_AST_PARENT	
1450909	1450910	IS_AST_PARENT	
1450908	1450909	IS_AST_PARENT	
1450905	1450908	IS_AST_PARENT	
1450904	1450905	IS_AST_PARENT	
1450901	1450904	IS_AST_PARENT	
1450898	1450901	IS_AST_PARENT	
1450897	1450898	IS_AST_PARENT	
1450896	1450897	IS_AST_PARENT	
1450913	1450914	IS_AST_PARENT	
1450912	1450913	IS_AST_PARENT	
1450916	1450917	IS_AST_PARENT	
1450915	1450916	IS_AST_PARENT	
1450912	1450915	IS_AST_PARENT	
1450911	1450912	IS_AST_PARENT	
1450896	1450911	IS_AST_PARENT	
1450891	1450896	IS_AST_PARENT	
1450855	1450891	IS_AST_PARENT	
1450855	1450918	IS_AST_PARENT	
1450921	1450922	IS_AST_PARENT	
1450921	1450923	IS_AST_PARENT	
1450924	1450925	IS_AST_PARENT	
1450924	1450926	IS_AST_PARENT	
1450921	1450924	IS_AST_PARENT	
1450920	1450921	IS_AST_PARENT	
1450919	1450920	IS_AST_PARENT	
1450919	1450927	IS_AST_PARENT	
1450919	1450928	IS_AST_PARENT	
1450919	1450929	IS_AST_PARENT	
1450919	1450930	IS_AST_PARENT	
1450919	1450931	IS_AST_PARENT	
1450919	1450932	IS_AST_PARENT	
1450919	1450933	IS_AST_PARENT	
1450919	1450934	IS_AST_PARENT	
1450919	1450935	IS_AST_PARENT	
1450937	1450938	IS_AST_PARENT	
1450937	1450939	IS_AST_PARENT	
1450937	1450940	IS_AST_PARENT	
1450937	1450941	IS_AST_PARENT	
1450937	1450942	IS_AST_PARENT	
1450936	1450937	IS_AST_PARENT	
1450936	1450943	IS_AST_PARENT	
1450944	1450945	IS_AST_PARENT	
1450944	1450946	IS_AST_PARENT	
1450944	1450947	IS_AST_PARENT	
1450944	1450948	IS_AST_PARENT	
1450944	1450949	IS_AST_PARENT	
1450936	1450944	IS_AST_PARENT	
1450936	1450950	IS_AST_PARENT	
1450951	1450952	IS_AST_PARENT	
1450951	1450953	IS_AST_PARENT	
1450951	1450954	IS_AST_PARENT	
1450951	1450955	IS_AST_PARENT	
1450951	1450956	IS_AST_PARENT	
1450936	1450951	IS_AST_PARENT	
1450936	1450957	IS_AST_PARENT	
1450958	1450959	IS_AST_PARENT	
1450958	1450960	IS_AST_PARENT	
1450958	1450961	IS_AST_PARENT	
1450958	1450962	IS_AST_PARENT	
1450958	1450963	IS_AST_PARENT	
1450936	1450958	IS_AST_PARENT	
1450919	1450936	IS_AST_PARENT	
1450919	1450964	IS_AST_PARENT	
1450966	1450967	IS_AST_PARENT	
1450966	1450968	IS_AST_PARENT	
1450969	1450970	IS_AST_PARENT	
1450971	1450972	IS_AST_PARENT	
1450974	1450975	IS_AST_PARENT	
1450974	1450976	IS_AST_PARENT	
1450973	1450974	IS_AST_PARENT	
1450973	1450977	IS_AST_PARENT	
1450971	1450973	IS_AST_PARENT	
1450969	1450971	IS_AST_PARENT	
1450966	1450969	IS_AST_PARENT	
1450965	1450966	IS_AST_PARENT	
1450919	1450965	IS_AST_PARENT	
1450979	1450980	IS_AST_PARENT	
1450979	1450981	IS_AST_PARENT	
1450982	1450983	IS_AST_PARENT	
1450982	1450984	IS_AST_PARENT	
1450979	1450982	IS_AST_PARENT	
1450978	1450979	IS_AST_PARENT	
1450919	1450978	IS_AST_PARENT	
1450986	1450987	IS_AST_PARENT	
1450986	1450988	IS_AST_PARENT	
1450986	1450989	IS_AST_PARENT	
1450985	1450986	IS_AST_PARENT	
1450919	1450985	IS_AST_PARENT	
1450991	1450992	IS_AST_PARENT	
1450991	1450993	IS_AST_PARENT	
1450990	1450991	IS_AST_PARENT	
1450994	1450995	IS_AST_PARENT	
1450994	1450996	IS_AST_PARENT	
1450990	1450994	IS_AST_PARENT	
1450919	1450990	IS_AST_PARENT	
1450999	1451000	IS_AST_PARENT	
1450999	1451001	IS_AST_PARENT	
1450998	1450999	IS_AST_PARENT	
1450997	1450998	IS_AST_PARENT	
1451003	1451004	IS_AST_PARENT	
1451003	1451005	IS_AST_PARENT	
1451002	1451003	IS_AST_PARENT	
1450997	1451002	IS_AST_PARENT	
1451006	1451007	IS_AST_PARENT	
1451006	1451008	IS_AST_PARENT	
1450997	1451006	IS_AST_PARENT	
1451011	1451012	IS_AST_PARENT	
1451011	1451013	IS_AST_PARENT	
1451010	1451011	IS_AST_PARENT	
1451014	1451015	IS_AST_PARENT	
1451017	1451018	IS_AST_PARENT	
1451017	1451019	IS_AST_PARENT	
1451016	1451017	IS_AST_PARENT	
1451016	1451020	IS_AST_PARENT	
1451014	1451016	IS_AST_PARENT	
1451010	1451014	IS_AST_PARENT	
1451009	1451010	IS_AST_PARENT	
1450997	1451009	IS_AST_PARENT	
1450919	1450997	IS_AST_PARENT	
1451023	1451024	IS_AST_PARENT	
1451023	1451025	IS_AST_PARENT	
1451022	1451023	IS_AST_PARENT	
1451022	1451026	IS_AST_PARENT	
1451021	1451022	IS_AST_PARENT	
1450919	1451021	IS_AST_PARENT	
1451032	1451033	IS_AST_PARENT	
1451036	1451037	IS_AST_PARENT	
1451036	1451038	IS_AST_PARENT	
1451035	1451036	IS_AST_PARENT	
1451035	1451039	IS_AST_PARENT	
1451034	1451035	IS_AST_PARENT	
1451034	1451040	IS_AST_PARENT	
1451032	1451034	IS_AST_PARENT	
1451031	1451032	IS_AST_PARENT	
1451041	1451042	IS_AST_PARENT	
1451043	1451044	IS_AST_PARENT	
1451043	1451045	IS_AST_PARENT	
1451041	1451043	IS_AST_PARENT	
1451031	1451041	IS_AST_PARENT	
1451030	1451031	IS_AST_PARENT	
1451046	1451047	IS_AST_PARENT	
1451046	1451048	IS_AST_PARENT	
1451030	1451046	IS_AST_PARENT	
1451029	1451030	IS_AST_PARENT	
1451049	1451050	IS_AST_PARENT	
1451049	1451051	IS_AST_PARENT	
1451029	1451049	IS_AST_PARENT	
1451028	1451029	IS_AST_PARENT	
1451027	1451028	IS_AST_PARENT	
1451054	1451055	IS_AST_PARENT	
1451054	1451056	IS_AST_PARENT	
1451057	1451058	IS_AST_PARENT	
1451059	1451060	IS_AST_PARENT	
1451062	1451063	IS_AST_PARENT	
1451062	1451064	IS_AST_PARENT	
1451061	1451062	IS_AST_PARENT	
1451061	1451065	IS_AST_PARENT	
1451059	1451061	IS_AST_PARENT	
1451057	1451059	IS_AST_PARENT	
1451054	1451057	IS_AST_PARENT	
1451053	1451054	IS_AST_PARENT	
1451052	1451053	IS_AST_PARENT	
1451067	1451068	IS_AST_PARENT	
1451067	1451069	IS_AST_PARENT	
1451070	1451071	IS_AST_PARENT	
1451072	1451073	IS_AST_PARENT	
1451072	1451074	IS_AST_PARENT	
1451070	1451072	IS_AST_PARENT	
1451067	1451070	IS_AST_PARENT	
1451066	1451067	IS_AST_PARENT	
1451052	1451066	IS_AST_PARENT	
1451076	1451077	IS_AST_PARENT	
1451076	1451078	IS_AST_PARENT	
1451079	1451080	IS_AST_PARENT	
1451081	1451082	IS_AST_PARENT	
1451081	1451083	IS_AST_PARENT	
1451079	1451081	IS_AST_PARENT	
1451076	1451079	IS_AST_PARENT	
1451075	1451076	IS_AST_PARENT	
1451052	1451075	IS_AST_PARENT	
1451086	1451087	IS_AST_PARENT	
1451086	1451088	IS_AST_PARENT	
1451085	1451086	IS_AST_PARENT	
1451085	1451089	IS_AST_PARENT	
1451084	1451085	IS_AST_PARENT	
1451052	1451084	IS_AST_PARENT	
1451052	1451090	IS_AST_PARENT	
1451027	1451052	IS_AST_PARENT	
1451094	1451095	IS_AST_PARENT	
1451094	1451096	IS_AST_PARENT	
1451097	1451098	IS_AST_PARENT	
1451097	1451099	IS_AST_PARENT	
1451094	1451097	IS_AST_PARENT	
1451093	1451094	IS_AST_PARENT	
1451092	1451093	IS_AST_PARENT	
1451102	1451103	IS_AST_PARENT	
1451102	1451104	IS_AST_PARENT	
1451101	1451102	IS_AST_PARENT	
1451105	1451106	IS_AST_PARENT	
1451107	1451108	IS_AST_PARENT	
1451107	1451109	IS_AST_PARENT	
1451105	1451107	IS_AST_PARENT	
1451101	1451105	IS_AST_PARENT	
1451100	1451101	IS_AST_PARENT	
1451092	1451100	IS_AST_PARENT	
1451091	1451092	IS_AST_PARENT	
1451027	1451091	IS_AST_PARENT	
1450919	1451027	IS_AST_PARENT	
1451112	1451113	IS_AST_PARENT	
1451112	1451114	IS_AST_PARENT	
1451111	1451112	IS_AST_PARENT	
1451115	1451116	IS_AST_PARENT	
1451115	1451117	IS_AST_PARENT	
1451111	1451115	IS_AST_PARENT	
1451110	1451111	IS_AST_PARENT	
1450919	1451110	IS_AST_PARENT	
1450855	1450919	IS_AST_PARENT	
1451120	1451121	IS_AST_PARENT	
1451119	1451120	IS_AST_PARENT	
1451123	1451124	IS_AST_PARENT	
1451122	1451123	IS_AST_PARENT	
1451127	1451128	IS_AST_PARENT	
1451127	1451129	IS_AST_PARENT	
1451126	1451127	IS_AST_PARENT	
1451126	1451130	IS_AST_PARENT	
1451125	1451126	IS_AST_PARENT	
1451122	1451125	IS_AST_PARENT	
1451119	1451122	IS_AST_PARENT	
1451118	1451119	IS_AST_PARENT	
1450855	1451118	IS_AST_PARENT	
1451131	1451132	IS_AST_PARENT	
1450855	1451131	IS_AST_PARENT	
1450828	1450855	IS_AST_PARENT	
1450827	1450828	IS_AST_PARENT	
1450811	1450827	IS_AST_PARENT	
1450799	1450811	IS_AST_PARENT	
1451134	1451135	IS_AST_PARENT	
1451137	1451138	IS_AST_PARENT	
1451136	1451137	IS_AST_PARENT	
1451140	1451141	IS_AST_PARENT	
1451139	1451140	IS_AST_PARENT	
1451142	1451143	IS_AST_PARENT	
1451139	1451142	IS_AST_PARENT	
1451136	1451139	IS_AST_PARENT	
1451134	1451136	IS_AST_PARENT	
1451133	1451134	IS_AST_PARENT	
1450799	1451133	IS_AST_PARENT	
1451145	1451146	IS_AST_PARENT	
1451144	1451145	IS_AST_PARENT	
1451150	1451151	IS_AST_PARENT	
1451150	1451152	IS_AST_PARENT	
1451149	1451150	IS_AST_PARENT	
1451153	1451154	IS_AST_PARENT	
1451153	1451155	IS_AST_PARENT	
1451149	1451153	IS_AST_PARENT	
1451148	1451149	IS_AST_PARENT	
1451147	1451148	IS_AST_PARENT	
1451156	1451157	IS_AST_PARENT	
1451156	1451158	IS_AST_PARENT	
1451161	1451162	IS_AST_PARENT	
1451161	1451163	IS_AST_PARENT	
1451160	1451161	IS_AST_PARENT	
1451160	1451164	IS_AST_PARENT	
1451159	1451160	IS_AST_PARENT	
1451156	1451159	IS_AST_PARENT	
1451156	1451165	IS_AST_PARENT	
1451156	1451166	IS_AST_PARENT	
1451156	1451167	IS_AST_PARENT	
1451156	1451168	IS_AST_PARENT	
1451156	1451169	IS_AST_PARENT	
1451156	1451170	IS_AST_PARENT	
1451156	1451171	IS_AST_PARENT	
1451156	1451172	IS_AST_PARENT	
1451156	1451173	IS_AST_PARENT	
1451175	1451176	IS_AST_PARENT	
1451175	1451177	IS_AST_PARENT	
1451175	1451178	IS_AST_PARENT	
1451175	1451179	IS_AST_PARENT	
1451175	1451180	IS_AST_PARENT	
1451175	1451181	IS_AST_PARENT	
1451175	1451182	IS_AST_PARENT	
1451175	1451183	IS_AST_PARENT	
1451175	1451184	IS_AST_PARENT	
1451175	1451185	IS_AST_PARENT	
1451174	1451175	IS_AST_PARENT	
1451174	1451186	IS_AST_PARENT	
1451187	1451188	IS_AST_PARENT	
1451187	1451189	IS_AST_PARENT	
1451187	1451190	IS_AST_PARENT	
1451187	1451191	IS_AST_PARENT	
1451187	1451192	IS_AST_PARENT	
1451187	1451193	IS_AST_PARENT	
1451187	1451194	IS_AST_PARENT	
1451187	1451195	IS_AST_PARENT	
1451187	1451196	IS_AST_PARENT	
1451187	1451197	IS_AST_PARENT	
1451187	1451198	IS_AST_PARENT	
1451187	1451199	IS_AST_PARENT	
1451187	1451200	IS_AST_PARENT	
1451187	1451201	IS_AST_PARENT	
1451187	1451202	IS_AST_PARENT	
1451187	1451203	IS_AST_PARENT	
1451174	1451187	IS_AST_PARENT	
1451174	1451204	IS_AST_PARENT	
1451205	1451206	IS_AST_PARENT	
1451205	1451207	IS_AST_PARENT	
1451205	1451208	IS_AST_PARENT	
1451205	1451209	IS_AST_PARENT	
1451205	1451210	IS_AST_PARENT	
1451205	1451211	IS_AST_PARENT	
1451205	1451212	IS_AST_PARENT	
1451205	1451213	IS_AST_PARENT	
1451205	1451214	IS_AST_PARENT	
1451205	1451215	IS_AST_PARENT	
1451205	1451216	IS_AST_PARENT	
1451205	1451217	IS_AST_PARENT	
1451205	1451218	IS_AST_PARENT	
1451174	1451205	IS_AST_PARENT	
1451174	1451219	IS_AST_PARENT	
1451220	1451221	IS_AST_PARENT	
1451220	1451222	IS_AST_PARENT	
1451220	1451223	IS_AST_PARENT	
1451220	1451224	IS_AST_PARENT	
1451220	1451225	IS_AST_PARENT	
1451220	1451226	IS_AST_PARENT	
1451220	1451227	IS_AST_PARENT	
1451220	1451228	IS_AST_PARENT	
1451220	1451229	IS_AST_PARENT	
1451220	1451230	IS_AST_PARENT	
1451174	1451220	IS_AST_PARENT	
1451174	1451231	IS_AST_PARENT	
1451232	1451233	IS_AST_PARENT	
1451232	1451234	IS_AST_PARENT	
1451232	1451235	IS_AST_PARENT	
1451232	1451236	IS_AST_PARENT	
1451232	1451237	IS_AST_PARENT	
1451232	1451238	IS_AST_PARENT	
1451232	1451239	IS_AST_PARENT	
1451232	1451240	IS_AST_PARENT	
1451232	1451241	IS_AST_PARENT	
1451232	1451242	IS_AST_PARENT	
1451232	1451243	IS_AST_PARENT	
1451232	1451244	IS_AST_PARENT	
1451232	1451245	IS_AST_PARENT	
1451232	1451246	IS_AST_PARENT	
1451232	1451247	IS_AST_PARENT	
1451232	1451248	IS_AST_PARENT	
1451174	1451232	IS_AST_PARENT	
1451156	1451174	IS_AST_PARENT	
1451156	1451249	IS_AST_PARENT	
1451251	1451252	IS_AST_PARENT	
1451251	1451253	IS_AST_PARENT	
1451254	1451255	IS_AST_PARENT	
1451256	1451257	IS_AST_PARENT	
1451259	1451260	IS_AST_PARENT	
1451259	1451261	IS_AST_PARENT	
1451258	1451259	IS_AST_PARENT	
1451258	1451262	IS_AST_PARENT	
1451256	1451258	IS_AST_PARENT	
1451254	1451256	IS_AST_PARENT	
1451251	1451254	IS_AST_PARENT	
1451250	1451251	IS_AST_PARENT	
1451156	1451250	IS_AST_PARENT	
1451156	1451263	IS_AST_PARENT	
1451156	1451264	IS_AST_PARENT	
1451156	1451265	IS_AST_PARENT	
1451156	1451266	IS_AST_PARENT	
1451156	1451267	IS_AST_PARENT	
1451156	1451268	IS_AST_PARENT	
1451156	1451269	IS_AST_PARENT	
1451156	1451270	IS_AST_PARENT	
1451156	1451271	IS_AST_PARENT	
1451156	1451272	IS_AST_PARENT	
1451156	1451273	IS_AST_PARENT	
1451275	1451276	IS_AST_PARENT	
1451275	1451277	IS_AST_PARENT	
1451275	1451278	IS_AST_PARENT	
1451275	1451279	IS_AST_PARENT	
1451275	1451280	IS_AST_PARENT	
1451275	1451281	IS_AST_PARENT	
1451275	1451282	IS_AST_PARENT	
1451275	1451283	IS_AST_PARENT	
1451275	1451284	IS_AST_PARENT	
1451275	1451285	IS_AST_PARENT	
1451275	1451286	IS_AST_PARENT	
1451274	1451275	IS_AST_PARENT	
1451274	1451287	IS_AST_PARENT	
1451288	1451289	IS_AST_PARENT	
1451288	1451290	IS_AST_PARENT	
1451288	1451291	IS_AST_PARENT	
1451288	1451292	IS_AST_PARENT	
1451288	1451293	IS_AST_PARENT	
1451288	1451294	IS_AST_PARENT	
1451288	1451295	IS_AST_PARENT	
1451288	1451296	IS_AST_PARENT	
1451288	1451297	IS_AST_PARENT	
1451288	1451298	IS_AST_PARENT	
1451288	1451299	IS_AST_PARENT	
1451274	1451288	IS_AST_PARENT	
1451274	1451300	IS_AST_PARENT	
1451301	1451302	IS_AST_PARENT	
1451301	1451303	IS_AST_PARENT	
1451301	1451304	IS_AST_PARENT	
1451301	1451305	IS_AST_PARENT	
1451301	1451306	IS_AST_PARENT	
1451301	1451307	IS_AST_PARENT	
1451301	1451308	IS_AST_PARENT	
1451301	1451309	IS_AST_PARENT	
1451301	1451310	IS_AST_PARENT	
1451301	1451311	IS_AST_PARENT	
1451301	1451312	IS_AST_PARENT	
1451274	1451301	IS_AST_PARENT	
1451274	1451313	IS_AST_PARENT	
1451314	1451315	IS_AST_PARENT	
1451314	1451316	IS_AST_PARENT	
1451314	1451317	IS_AST_PARENT	
1451314	1451318	IS_AST_PARENT	
1451314	1451319	IS_AST_PARENT	
1451314	1451320	IS_AST_PARENT	
1451314	1451321	IS_AST_PARENT	
1451314	1451322	IS_AST_PARENT	
1451314	1451323	IS_AST_PARENT	
1451314	1451324	IS_AST_PARENT	
1451314	1451325	IS_AST_PARENT	
1451274	1451314	IS_AST_PARENT	
1451274	1451326	IS_AST_PARENT	
1451327	1451328	IS_AST_PARENT	
1451327	1451329	IS_AST_PARENT	
1451327	1451330	IS_AST_PARENT	
1451327	1451331	IS_AST_PARENT	
1451327	1451332	IS_AST_PARENT	
1451327	1451333	IS_AST_PARENT	
1451327	1451334	IS_AST_PARENT	
1451327	1451335	IS_AST_PARENT	
1451327	1451336	IS_AST_PARENT	
1451327	1451337	IS_AST_PARENT	
1451327	1451338	IS_AST_PARENT	
1451274	1451327	IS_AST_PARENT	
1451156	1451274	IS_AST_PARENT	
1451156	1451339	IS_AST_PARENT	
1451341	1451342	IS_AST_PARENT	
1451341	1451343	IS_AST_PARENT	
1451340	1451341	IS_AST_PARENT	
1451344	1451345	IS_AST_PARENT	
1451344	1451346	IS_AST_PARENT	
1451340	1451344	IS_AST_PARENT	
1451156	1451340	IS_AST_PARENT	
1451349	1451350	IS_AST_PARENT	
1451349	1451351	IS_AST_PARENT	
1451348	1451349	IS_AST_PARENT	
1451347	1451348	IS_AST_PARENT	
1451353	1451354	IS_AST_PARENT	
1451353	1451355	IS_AST_PARENT	
1451352	1451353	IS_AST_PARENT	
1451347	1451352	IS_AST_PARENT	
1451356	1451357	IS_AST_PARENT	
1451356	1451358	IS_AST_PARENT	
1451347	1451356	IS_AST_PARENT	
1451362	1451363	IS_AST_PARENT	
1451362	1451364	IS_AST_PARENT	
1451361	1451362	IS_AST_PARENT	
1451360	1451361	IS_AST_PARENT	
1451366	1451367	IS_AST_PARENT	
1451366	1451368	IS_AST_PARENT	
1451365	1451366	IS_AST_PARENT	
1451360	1451365	IS_AST_PARENT	
1451369	1451370	IS_AST_PARENT	
1451369	1451371	IS_AST_PARENT	
1451360	1451369	IS_AST_PARENT	
1451375	1451376	IS_AST_PARENT	
1451375	1451377	IS_AST_PARENT	
1451374	1451375	IS_AST_PARENT	
1451374	1451378	IS_AST_PARENT	
1451373	1451374	IS_AST_PARENT	
1451373	1451379	IS_AST_PARENT	
1451372	1451373	IS_AST_PARENT	
1451360	1451372	IS_AST_PARENT	
1451359	1451360	IS_AST_PARENT	
1451347	1451359	IS_AST_PARENT	
1451156	1451347	IS_AST_PARENT	
1451384	1451385	IS_AST_PARENT	
1451384	1451386	IS_AST_PARENT	
1451383	1451384	IS_AST_PARENT	
1451383	1451387	IS_AST_PARENT	
1451382	1451383	IS_AST_PARENT	
1451382	1451388	IS_AST_PARENT	
1451381	1451382	IS_AST_PARENT	
1451380	1451381	IS_AST_PARENT	
1451392	1451393	IS_AST_PARENT	
1451392	1451394	IS_AST_PARENT	
1451391	1451392	IS_AST_PARENT	
1451391	1451395	IS_AST_PARENT	
1451390	1451391	IS_AST_PARENT	
1451390	1451396	IS_AST_PARENT	
1451389	1451390	IS_AST_PARENT	
1451380	1451389	IS_AST_PARENT	
1451399	1451400	IS_AST_PARENT	
1451399	1451401	IS_AST_PARENT	
1451398	1451399	IS_AST_PARENT	
1451398	1451402	IS_AST_PARENT	
1451397	1451398	IS_AST_PARENT	
1451397	1451403	IS_AST_PARENT	
1451380	1451397	IS_AST_PARENT	
1451406	1451407	IS_AST_PARENT	
1451406	1451408	IS_AST_PARENT	
1451409	1451410	IS_AST_PARENT	
1451411	1451412	IS_AST_PARENT	
1451411	1451413	IS_AST_PARENT	
1451409	1451411	IS_AST_PARENT	
1451406	1451409	IS_AST_PARENT	
1451405	1451406	IS_AST_PARENT	
1451404	1451405	IS_AST_PARENT	
1451415	1451416	IS_AST_PARENT	
1451415	1451417	IS_AST_PARENT	
1451418	1451419	IS_AST_PARENT	
1451420	1451421	IS_AST_PARENT	
1451420	1451422	IS_AST_PARENT	
1451418	1451420	IS_AST_PARENT	
1451415	1451418	IS_AST_PARENT	
1451414	1451415	IS_AST_PARENT	
1451404	1451414	IS_AST_PARENT	
1451424	1451425	IS_AST_PARENT	
1451424	1451426	IS_AST_PARENT	
1451427	1451428	IS_AST_PARENT	
1451429	1451430	IS_AST_PARENT	
1451432	1451433	IS_AST_PARENT	
1451432	1451434	IS_AST_PARENT	
1451431	1451432	IS_AST_PARENT	
1451431	1451435	IS_AST_PARENT	
1451429	1451431	IS_AST_PARENT	
1451427	1451429	IS_AST_PARENT	
1451424	1451427	IS_AST_PARENT	
1451423	1451424	IS_AST_PARENT	
1451404	1451423	IS_AST_PARENT	
1451438	1451439	IS_AST_PARENT	
1451438	1451440	IS_AST_PARENT	
1451437	1451438	IS_AST_PARENT	
1451441	1451442	IS_AST_PARENT	
1451444	1451445	IS_AST_PARENT	
1451444	1451446	IS_AST_PARENT	
1451443	1451444	IS_AST_PARENT	
1451443	1451447	IS_AST_PARENT	
1451441	1451443	IS_AST_PARENT	
1451437	1451441	IS_AST_PARENT	
1451436	1451437	IS_AST_PARENT	
1451404	1451436	IS_AST_PARENT	
1451450	1451451	IS_AST_PARENT	
1451450	1451452	IS_AST_PARENT	
1451449	1451450	IS_AST_PARENT	
1451454	1451455	IS_AST_PARENT	
1451454	1451456	IS_AST_PARENT	
1451453	1451454	IS_AST_PARENT	
1451453	1451457	IS_AST_PARENT	
1451449	1451453	IS_AST_PARENT	
1451448	1451449	IS_AST_PARENT	
1451404	1451448	IS_AST_PARENT	
1451380	1451404	IS_AST_PARENT	
1451156	1451380	IS_AST_PARENT	
1451460	1451461	IS_AST_PARENT	
1451460	1451462	IS_AST_PARENT	
1451459	1451460	IS_AST_PARENT	
1451465	1451466	IS_AST_PARENT	
1451465	1451467	IS_AST_PARENT	
1451464	1451465	IS_AST_PARENT	
1451464	1451468	IS_AST_PARENT	
1451463	1451464	IS_AST_PARENT	
1451469	1451470	IS_AST_PARENT	
1451469	1451471	IS_AST_PARENT	
1451463	1451469	IS_AST_PARENT	
1451459	1451463	IS_AST_PARENT	
1451458	1451459	IS_AST_PARENT	
1451156	1451458	IS_AST_PARENT	
1451147	1451156	IS_AST_PARENT	
1451473	1451474	IS_AST_PARENT	
1451476	1451477	IS_AST_PARENT	
1451475	1451476	IS_AST_PARENT	
1451480	1451481	IS_AST_PARENT	
1451480	1451482	IS_AST_PARENT	
1451479	1451480	IS_AST_PARENT	
1451478	1451479	IS_AST_PARENT	
1451475	1451478	IS_AST_PARENT	
1451473	1451475	IS_AST_PARENT	
1451472	1451473	IS_AST_PARENT	
1451147	1451472	IS_AST_PARENT	
1451485	1451486	IS_AST_PARENT	
1451485	1451487	IS_AST_PARENT	
1451484	1451485	IS_AST_PARENT	
1451483	1451484	IS_AST_PARENT	
1451491	1451492	IS_AST_PARENT	
1451490	1451491	IS_AST_PARENT	
1451494	1451495	IS_AST_PARENT	
1451493	1451494	IS_AST_PARENT	
1451498	1451499	IS_AST_PARENT	
1451497	1451498	IS_AST_PARENT	
1451501	1451502	IS_AST_PARENT	
1451500	1451501	IS_AST_PARENT	
1451497	1451500	IS_AST_PARENT	
1451496	1451497	IS_AST_PARENT	
1451493	1451496	IS_AST_PARENT	
1451490	1451493	IS_AST_PARENT	
1451489	1451490	IS_AST_PARENT	
1451488	1451489	IS_AST_PARENT	
1451505	1451506	IS_AST_PARENT	
1451504	1451505	IS_AST_PARENT	
1451508	1451509	IS_AST_PARENT	
1451507	1451508	IS_AST_PARENT	
1451504	1451507	IS_AST_PARENT	
1451503	1451504	IS_AST_PARENT	
1451488	1451503	IS_AST_PARENT	
1451483	1451488	IS_AST_PARENT	
1451147	1451483	IS_AST_PARENT	
1451147	1451510	IS_AST_PARENT	
1451513	1451514	IS_AST_PARENT	
1451512	1451513	IS_AST_PARENT	
1451516	1451517	IS_AST_PARENT	
1451515	1451516	IS_AST_PARENT	
1451518	1451519	IS_AST_PARENT	
1451515	1451518	IS_AST_PARENT	
1451520	1451521	IS_AST_PARENT	
1451515	1451520	IS_AST_PARENT	
1451512	1451515	IS_AST_PARENT	
1451511	1451512	IS_AST_PARENT	
1451147	1451511	IS_AST_PARENT	
1451524	1451525	IS_AST_PARENT	
1451523	1451524	IS_AST_PARENT	
1451528	1451529	IS_AST_PARENT	
1451528	1451530	IS_AST_PARENT	
1451527	1451528	IS_AST_PARENT	
1451526	1451527	IS_AST_PARENT	
1451531	1451532	IS_AST_PARENT	
1451526	1451531	IS_AST_PARENT	
1451523	1451526	IS_AST_PARENT	
1451522	1451523	IS_AST_PARENT	
1451147	1451522	IS_AST_PARENT	
1451535	1451536	IS_AST_PARENT	
1451535	1451537	IS_AST_PARENT	
1451534	1451535	IS_AST_PARENT	
1451539	1451540	IS_AST_PARENT	
1451538	1451539	IS_AST_PARENT	
1451543	1451544	IS_AST_PARENT	
1451543	1451545	IS_AST_PARENT	
1451542	1451543	IS_AST_PARENT	
1451541	1451542	IS_AST_PARENT	
1451538	1451541	IS_AST_PARENT	
1451534	1451538	IS_AST_PARENT	
1451533	1451534	IS_AST_PARENT	
1451147	1451533	IS_AST_PARENT	
1451548	1451549	IS_AST_PARENT	
1451548	1451550	IS_AST_PARENT	
1451547	1451548	IS_AST_PARENT	
1451546	1451547	IS_AST_PARENT	
1451552	1451553	IS_AST_PARENT	
1451552	1451554	IS_AST_PARENT	
1451551	1451552	IS_AST_PARENT	
1451546	1451551	IS_AST_PARENT	
1451555	1451556	IS_AST_PARENT	
1451555	1451557	IS_AST_PARENT	
1451546	1451555	IS_AST_PARENT	
1451561	1451562	IS_AST_PARENT	
1451561	1451563	IS_AST_PARENT	
1451560	1451561	IS_AST_PARENT	
1451565	1451566	IS_AST_PARENT	
1451564	1451565	IS_AST_PARENT	
1451569	1451570	IS_AST_PARENT	
1451569	1451571	IS_AST_PARENT	
1451568	1451569	IS_AST_PARENT	
1451567	1451568	IS_AST_PARENT	
1451564	1451567	IS_AST_PARENT	
1451560	1451564	IS_AST_PARENT	
1451559	1451560	IS_AST_PARENT	
1451558	1451559	IS_AST_PARENT	
1451546	1451558	IS_AST_PARENT	
1451147	1451546	IS_AST_PARENT	
1451147	1451572	IS_AST_PARENT	
1451573	1451574	IS_AST_PARENT	
1451147	1451573	IS_AST_PARENT	
1451144	1451147	IS_AST_PARENT	
1450799	1451144	IS_AST_PARENT	
1451577	1451578	IS_AST_PARENT	
1451577	1451579	IS_AST_PARENT	
1451576	1451577	IS_AST_PARENT	
1451576	1451580	IS_AST_PARENT	
1451575	1451576	IS_AST_PARENT	
1450799	1451575	IS_AST_PARENT	
1451582	1451583	IS_AST_PARENT	
1451585	1451586	IS_AST_PARENT	
1451584	1451585	IS_AST_PARENT	
1451591	1451592	IS_AST_PARENT	
1451590	1451591	IS_AST_PARENT	
1451596	1451597	IS_AST_PARENT	
1451596	1451598	IS_AST_PARENT	
1451595	1451596	IS_AST_PARENT	
1451595	1451599	IS_AST_PARENT	
1451594	1451595	IS_AST_PARENT	
1451593	1451594	IS_AST_PARENT	
1451590	1451593	IS_AST_PARENT	
1451589	1451590	IS_AST_PARENT	
1451589	1451600	IS_AST_PARENT	
1451588	1451589	IS_AST_PARENT	
1451587	1451588	IS_AST_PARENT	
1451584	1451587	IS_AST_PARENT	
1451582	1451584	IS_AST_PARENT	
1451581	1451582	IS_AST_PARENT	
1450799	1451581	IS_AST_PARENT	
1451603	1451604	IS_AST_PARENT	
1451603	1451605	IS_AST_PARENT	
1451602	1451603	IS_AST_PARENT	
1451601	1451602	IS_AST_PARENT	
1451609	1451610	IS_AST_PARENT	
1451608	1451609	IS_AST_PARENT	
1451612	1451613	IS_AST_PARENT	
1451611	1451612	IS_AST_PARENT	
1451616	1451617	IS_AST_PARENT	
1451615	1451616	IS_AST_PARENT	
1451619	1451620	IS_AST_PARENT	
1451618	1451619	IS_AST_PARENT	
1451615	1451618	IS_AST_PARENT	
1451614	1451615	IS_AST_PARENT	
1451611	1451614	IS_AST_PARENT	
1451608	1451611	IS_AST_PARENT	
1451607	1451608	IS_AST_PARENT	
1451606	1451607	IS_AST_PARENT	
1451623	1451624	IS_AST_PARENT	
1451622	1451623	IS_AST_PARENT	
1451626	1451627	IS_AST_PARENT	
1451625	1451626	IS_AST_PARENT	
1451622	1451625	IS_AST_PARENT	
1451621	1451622	IS_AST_PARENT	
1451606	1451621	IS_AST_PARENT	
1451601	1451606	IS_AST_PARENT	
1450799	1451601	IS_AST_PARENT	
1450799	1451628	IS_AST_PARENT	
1451631	1451632	IS_AST_PARENT	
1451630	1451631	IS_AST_PARENT	
1451634	1451635	IS_AST_PARENT	
1451633	1451634	IS_AST_PARENT	
1451638	1451639	IS_AST_PARENT	
1451638	1451640	IS_AST_PARENT	
1451637	1451638	IS_AST_PARENT	
1451637	1451641	IS_AST_PARENT	
1451636	1451637	IS_AST_PARENT	
1451633	1451636	IS_AST_PARENT	
1451630	1451633	IS_AST_PARENT	
1451629	1451630	IS_AST_PARENT	
1450799	1451629	IS_AST_PARENT	
1451642	1451643	IS_AST_PARENT	
1450799	1451642	IS_AST_PARENT	
1450798	1450799	IS_AST_PARENT	
1450798	1451644	IS_AST_PARENT	
1450798	1451645	IS_AST_PARENT	
1451647	1451648	IS_AST_PARENT	
1451647	1451649	IS_AST_PARENT	
1451646	1451647	IS_AST_PARENT	
1451650	1451651	IS_AST_PARENT	
1451650	1451652	IS_AST_PARENT	
1451646	1451650	IS_AST_PARENT	
1450798	1451646	IS_AST_PARENT	
1451653	1451647	FLOWS_TO	
1451647	1451650	FLOWS_TO	
1451650	1450800	FLOWS_TO	
1450800	1450807	FLOWS_TO	
1450807	1450812	FLOWS_TO	
1450816	1450829	FLOWS_TO	
1450816	1451133	FLOWS_TO	
1450812	1450816	FLOWS_TO	
1450824	1450816	FLOWS_TO	
1450829	1450856	FLOWS_TO	
1450829	1450824	FLOWS_TO	
1450856	1450871	FLOWS_TO	
1450871	1450892	FLOWS_TO	
1450892	1450897	FLOWS_TO	
1450892	1450918	FLOWS_TO	
1450897	1450911	FLOWS_TO	
1450911	1450918	FLOWS_TO	
1450918	1450920	FLOWS_TO	
1450920	1450927	FLOWS_TO	
1450927	1450928	FLOWS_TO	
1450928	1450929	FLOWS_TO	
1450929	1450930	FLOWS_TO	
1450930	1450931	FLOWS_TO	
1450931	1450932	FLOWS_TO	
1450932	1450933	FLOWS_TO	
1450933	1450934	FLOWS_TO	
1450934	1450935	FLOWS_TO	
1450935	1450938	FLOWS_TO	
1450938	1450939	FLOWS_TO	
1450939	1450940	FLOWS_TO	
1450940	1450941	FLOWS_TO	
1450941	1450942	FLOWS_TO	
1450942	1450943	FLOWS_TO	
1450943	1450945	FLOWS_TO	
1450945	1450946	FLOWS_TO	
1450946	1450947	FLOWS_TO	
1450947	1450948	FLOWS_TO	
1450948	1450949	FLOWS_TO	
1450949	1450950	FLOWS_TO	
1450950	1450952	FLOWS_TO	
1450952	1450953	FLOWS_TO	
1450953	1450954	FLOWS_TO	
1450954	1450955	FLOWS_TO	
1450955	1450956	FLOWS_TO	
1450956	1450957	FLOWS_TO	
1450957	1450959	FLOWS_TO	
1450959	1450960	FLOWS_TO	
1450960	1450961	FLOWS_TO	
1450961	1450962	FLOWS_TO	
1450962	1450963	FLOWS_TO	
1450963	1450964	FLOWS_TO	
1450964	1450965	FLOWS_TO	
1450965	1450978	FLOWS_TO	
1450978	1450985	FLOWS_TO	
1450985	1450990	FLOWS_TO	
1450990	1450998	FLOWS_TO	
1451002	1451009	FLOWS_TO	
1451002	1451021	FLOWS_TO	
1450998	1451002	FLOWS_TO	
1451006	1451002	FLOWS_TO	
1451009	1451006	FLOWS_TO	
1451021	1451028	FLOWS_TO	
1451028	1451053	FLOWS_TO	
1451028	1451093	FLOWS_TO	
1451053	1451066	FLOWS_TO	
1451066	1451075	FLOWS_TO	
1451075	1451084	FLOWS_TO	
1451084	1451090	FLOWS_TO	
1451090	1451110	FLOWS_TO	
1451093	1451100	FLOWS_TO	
1451100	1451110	FLOWS_TO	
1451110	1451118	FLOWS_TO	
1451118	1451131	FLOWS_TO	
1451131	1451654	FLOWS_TO	
1451133	1451145	FLOWS_TO	
1451145	1451148	FLOWS_TO	
1451145	1451575	FLOWS_TO	
1451148	1451157	FLOWS_TO	
1451157	1451158	FLOWS_TO	
1451158	1451159	FLOWS_TO	
1451159	1451165	FLOWS_TO	
1451165	1451166	FLOWS_TO	
1451166	1451167	FLOWS_TO	
1451167	1451168	FLOWS_TO	
1451168	1451169	FLOWS_TO	
1451169	1451170	FLOWS_TO	
1451170	1451171	FLOWS_TO	
1451171	1451172	FLOWS_TO	
1451172	1451173	FLOWS_TO	
1451173	1451176	FLOWS_TO	
1451176	1451177	FLOWS_TO	
1451177	1451178	FLOWS_TO	
1451178	1451179	FLOWS_TO	
1451179	1451180	FLOWS_TO	
1451180	1451181	FLOWS_TO	
1451181	1451182	FLOWS_TO	
1451182	1451183	FLOWS_TO	
1451183	1451184	FLOWS_TO	
1451184	1451185	FLOWS_TO	
1451185	1451186	FLOWS_TO	
1451186	1451188	FLOWS_TO	
1451188	1451189	FLOWS_TO	
1451189	1451190	FLOWS_TO	
1451190	1451191	FLOWS_TO	
1451191	1451192	FLOWS_TO	
1451192	1451193	FLOWS_TO	
1451193	1451194	FLOWS_TO	
1451194	1451195	FLOWS_TO	
1451195	1451196	FLOWS_TO	
1451196	1451197	FLOWS_TO	
1451197	1451198	FLOWS_TO	
1451198	1451199	FLOWS_TO	
1451199	1451200	FLOWS_TO	
1451200	1451201	FLOWS_TO	
1451201	1451202	FLOWS_TO	
1451202	1451203	FLOWS_TO	
1451203	1451204	FLOWS_TO	
1451204	1451206	FLOWS_TO	
1451206	1451207	FLOWS_TO	
1451207	1451208	FLOWS_TO	
1451208	1451209	FLOWS_TO	
1451209	1451210	FLOWS_TO	
1451210	1451211	FLOWS_TO	
1451211	1451212	FLOWS_TO	
1451212	1451213	FLOWS_TO	
1451213	1451214	FLOWS_TO	
1451214	1451215	FLOWS_TO	
1451215	1451216	FLOWS_TO	
1451216	1451217	FLOWS_TO	
1451217	1451218	FLOWS_TO	
1451218	1451219	FLOWS_TO	
1451219	1451221	FLOWS_TO	
1451221	1451222	FLOWS_TO	
1451222	1451223	FLOWS_TO	
1451223	1451224	FLOWS_TO	
1451224	1451225	FLOWS_TO	
1451225	1451226	FLOWS_TO	
1451226	1451227	FLOWS_TO	
1451227	1451228	FLOWS_TO	
1451228	1451229	FLOWS_TO	
1451229	1451230	FLOWS_TO	
1451230	1451231	FLOWS_TO	
1451231	1451233	FLOWS_TO	
1451233	1451234	FLOWS_TO	
1451234	1451235	FLOWS_TO	
1451235	1451236	FLOWS_TO	
1451236	1451237	FLOWS_TO	
1451237	1451238	FLOWS_TO	
1451238	1451239	FLOWS_TO	
1451239	1451240	FLOWS_TO	
1451240	1451241	FLOWS_TO	
1451241	1451242	FLOWS_TO	
1451242	1451243	FLOWS_TO	
1451243	1451244	FLOWS_TO	
1451244	1451245	FLOWS_TO	
1451245	1451246	FLOWS_TO	
1451246	1451247	FLOWS_TO	
1451247	1451248	FLOWS_TO	
1451248	1451249	FLOWS_TO	
1451249	1451250	FLOWS_TO	
1451250	1451263	FLOWS_TO	
1451263	1451264	FLOWS_TO	
1451264	1451265	FLOWS_TO	
1451265	1451266	FLOWS_TO	
1451266	1451267	FLOWS_TO	
1451267	1451268	FLOWS_TO	
1451268	1451269	FLOWS_TO	
1451269	1451270	FLOWS_TO	
1451270	1451271	FLOWS_TO	
1451271	1451272	FLOWS_TO	
1451272	1451273	FLOWS_TO	
1451273	1451276	FLOWS_TO	
1451276	1451277	FLOWS_TO	
1451277	1451278	FLOWS_TO	
1451278	1451279	FLOWS_TO	
1451279	1451280	FLOWS_TO	
1451280	1451281	FLOWS_TO	
1451281	1451282	FLOWS_TO	
1451282	1451283	FLOWS_TO	
1451283	1451284	FLOWS_TO	
1451284	1451285	FLOWS_TO	
1451285	1451286	FLOWS_TO	
1451286	1451287	FLOWS_TO	
1451287	1451289	FLOWS_TO	
1451289	1451290	FLOWS_TO	
1451290	1451291	FLOWS_TO	
1451291	1451292	FLOWS_TO	
1451292	1451293	FLOWS_TO	
1451293	1451294	FLOWS_TO	
1451294	1451295	FLOWS_TO	
1451295	1451296	FLOWS_TO	
1451296	1451297	FLOWS_TO	
1451297	1451298	FLOWS_TO	
1451298	1451299	FLOWS_TO	
1451299	1451300	FLOWS_TO	
1451300	1451302	FLOWS_TO	
1451302	1451303	FLOWS_TO	
1451303	1451304	FLOWS_TO	
1451304	1451305	FLOWS_TO	
1451305	1451306	FLOWS_TO	
1451306	1451307	FLOWS_TO	
1451307	1451308	FLOWS_TO	
1451308	1451309	FLOWS_TO	
1451309	1451310	FLOWS_TO	
1451310	1451311	FLOWS_TO	
1451311	1451312	FLOWS_TO	
1451312	1451313	FLOWS_TO	
1451313	1451315	FLOWS_TO	
1451315	1451316	FLOWS_TO	
1451316	1451317	FLOWS_TO	
1451317	1451318	FLOWS_TO	
1451318	1451319	FLOWS_TO	
1451319	1451320	FLOWS_TO	
1451320	1451321	FLOWS_TO	
1451321	1451322	FLOWS_TO	
1451322	1451323	FLOWS_TO	
1451323	1451324	FLOWS_TO	
1451324	1451325	FLOWS_TO	
1451325	1451326	FLOWS_TO	
1451326	1451328	FLOWS_TO	
1451328	1451329	FLOWS_TO	
1451329	1451330	FLOWS_TO	
1451330	1451331	FLOWS_TO	
1451331	1451332	FLOWS_TO	
1451332	1451333	FLOWS_TO	
1451333	1451334	FLOWS_TO	
1451334	1451335	FLOWS_TO	
1451335	1451336	FLOWS_TO	
1451336	1451337	FLOWS_TO	
1451337	1451338	FLOWS_TO	
1451338	1451339	FLOWS_TO	
1451339	1451340	FLOWS_TO	
1451340	1451348	FLOWS_TO	
1451352	1451361	FLOWS_TO	
1451352	1451381	FLOWS_TO	
1451348	1451352	FLOWS_TO	
1451356	1451352	FLOWS_TO	
1451365	1451372	FLOWS_TO	
1451365	1451356	FLOWS_TO	
1451361	1451365	FLOWS_TO	
1451369	1451365	FLOWS_TO	
1451372	1451369	FLOWS_TO	
1451389	1451405	FLOWS_TO	
1451389	1451458	FLOWS_TO	
1451381	1451389	FLOWS_TO	
1451397	1451389	FLOWS_TO	
1451405	1451414	FLOWS_TO	
1451414	1451423	FLOWS_TO	
1451423	1451436	FLOWS_TO	
1451436	1451448	FLOWS_TO	
1451448	1451397	FLOWS_TO	
1451458	1451472	FLOWS_TO	
1451472	1451484	FLOWS_TO	
1451484	1451489	FLOWS_TO	
1451484	1451510	FLOWS_TO	
1451489	1451503	FLOWS_TO	
1451503	1451510	FLOWS_TO	
1451510	1451511	FLOWS_TO	
1451511	1451522	FLOWS_TO	
1451522	1451533	FLOWS_TO	
1451533	1451547	FLOWS_TO	
1451551	1451559	FLOWS_TO	
1451551	1451572	FLOWS_TO	
1451547	1451551	FLOWS_TO	
1451555	1451551	FLOWS_TO	
1451559	1451555	FLOWS_TO	
1451572	1451573	FLOWS_TO	
1451573	1451654	FLOWS_TO	
1451575	1451581	FLOWS_TO	
1451581	1451602	FLOWS_TO	
1451602	1451607	FLOWS_TO	
1451602	1451628	FLOWS_TO	
1451607	1451621	FLOWS_TO	
1451621	1451628	FLOWS_TO	
1451628	1451629	FLOWS_TO	
1451629	1451642	FLOWS_TO	
1451642	1451654	FLOWS_TO	
1451009	1451655	DEF	
1451010	1451655	DEF	
1451110	1451655	USE	
1451111	1451655	USE	
1451110	1451655	DEF	
1451111	1451655	DEF	
1451159	1451656	USE	
1451160	1451656	USE	
1451372	1451656	USE	
1451374	1451656	USE	
1451559	1451657	USE	
1451560	1451657	USE	
1450985	1451658	DEF	
1450986	1451658	DEF	
1451009	1451658	USE	
1451011	1451658	USE	
1451110	1451658	USE	
1451112	1451658	USE	
1451115	1451658	USE	
1450920	1451659	DEF	
1450924	1451659	DEF	
1450921	1451659	DEF	
1451021	1451659	USE	
1451022	1451659	USE	
1451159	1451659	USE	
1451161	1451659	USE	
1451372	1451659	USE	
1451375	1451659	USE	
1450829	1451660	USE	
1450844	1451660	USE	
1450856	1451660	USE	
1450857	1451660	USE	
1450871	1451660	USE	
1450878	1451660	USE	
1451581	1451660	USE	
1451588	1451660	USE	
1451066	1451661	DEF	
1451070	1451661	DEF	
1451067	1451661	DEF	
1451423	1451661	DEF	
1451424	1451661	DEF	
1451427	1451661	DEF	
1451448	1451661	USE	
1451450	1451661	USE	
1451372	1451662	DEF	
1451373	1451662	DEF	
1451075	1451663	DEF	
1451079	1451663	DEF	
1451076	1451663	DEF	
1451084	1451663	USE	
1451086	1451663	USE	
1450965	1451664	USE	
1450974	1451664	USE	
1451009	1451664	USE	
1451017	1451664	USE	
1451053	1451664	USE	
1451062	1451664	USE	
1451414	1451664	DEF	
1451418	1451664	DEF	
1451415	1451664	DEF	
1451436	1451664	USE	
1451438	1451664	USE	
1451084	1451665	DEF	
1451085	1451665	DEF	
1451372	1451666	DEF	
1451373	1451666	DEF	
1450816	1451667	USE	
1450892	1451667	USE	
1451484	1451667	USE	
1451602	1451667	USE	
1450856	1451668	DEF	
1450857	1451668	DEF	
1451148	1451668	DEF	
1451149	1451668	DEF	
1451575	1451668	DEF	
1451576	1451668	DEF	
1451405	1451669	DEF	
1451409	1451669	DEF	
1451406	1451669	DEF	
1450897	1451670	USE	
1450902	1451670	USE	
1451489	1451670	USE	
1451494	1451670	USE	
1451607	1451670	USE	
1451612	1451670	USE	
1451533	1451671	DEF	
1451534	1451671	DEF	
1451533	1451671	USE	
1451542	1451671	USE	
1451559	1451671	USE	
1451568	1451671	USE	
1451559	1451671	DEF	
1451560	1451671	DEF	
1451650	1451672	DEF	
1450856	1451672	USE	
1450858	1451672	USE	
1451148	1451672	USE	
1451150	1451672	USE	
1451575	1451672	USE	
1451577	1451672	USE	
1450978	1451673	DEF	
1450982	1451673	DEF	
1450979	1451673	DEF	
1451458	1451674	DEF	
1451459	1451674	DEF	
1451458	1451674	USE	
1451459	1451674	USE	
1451448	1451675	USE	
1451449	1451675	USE	
1450829	1451676	USE	
1450807	1451677	DEF	
1450808	1451677	DEF	
1450871	1451677	DEF	
1450872	1451677	DEF	
1450892	1451677	USE	
1451118	1451677	USE	
1451123	1451677	USE	
1451131	1451677	USE	
1451472	1451677	DEF	
1451473	1451677	DEF	
1451484	1451677	USE	
1451511	1451677	USE	
1451516	1451677	USE	
1451522	1451677	USE	
1451527	1451677	USE	
1451533	1451677	USE	
1451535	1451677	USE	
1451543	1451677	USE	
1451559	1451677	USE	
1451569	1451677	USE	
1451561	1451677	USE	
1451573	1451677	USE	
1451581	1451677	DEF	
1451582	1451677	DEF	
1451602	1451677	USE	
1451629	1451677	USE	
1451634	1451677	USE	
1451642	1451677	USE	
1450816	1451678	USE	
1450818	1451678	USE	
1450829	1451678	USE	
1450849	1451678	USE	
1450837	1451678	USE	
1450850	1451678	USE	
1450836	1451678	USE	
1450856	1451678	USE	
1450865	1451678	USE	
1450866	1451678	USE	
1450871	1451678	USE	
1450885	1451678	USE	
1450884	1451678	USE	
1451118	1451678	USE	
1451126	1451678	USE	
1451125	1451678	USE	
1451581	1451678	USE	
1451595	1451678	USE	
1451594	1451678	USE	
1451629	1451678	USE	
1451636	1451678	USE	
1451637	1451678	USE	
1451053	1451679	DEF	
1451054	1451679	DEF	
1451057	1451679	DEF	
1451084	1451679	USE	
1451085	1451679	USE	
1451250	1451679	DEF	
1451254	1451679	DEF	
1451251	1451679	DEF	
1451458	1451679	USE	
1451469	1451679	USE	
1451460	1451679	USE	
1451133	1451680	USE	
1451134	1451680	USE	
1450800	1451681	DEF	
1450804	1451681	DEF	
1451133	1451681	DEF	
1451134	1451681	DEF	
1451145	1451681	USE	
1451148	1451681	USE	
1451149	1451681	USE	
1451472	1451681	USE	
1451479	1451681	USE	
1451511	1451681	USE	
1451520	1451681	USE	
1451522	1451681	USE	
1451527	1451681	USE	
1451551	1451681	USE	
1451423	1451682	USE	
1451431	1451682	USE	
1451427	1451682	USE	
1451448	1451682	USE	
1451453	1451682	USE	
1450897	1451683	USE	
1450904	1451683	USE	
1451489	1451683	USE	
1451496	1451683	USE	
1451607	1451683	USE	
1451614	1451683	USE	
1450871	1451684	USE	
1450872	1451684	USE	
1451472	1451684	USE	
1451473	1451684	USE	
1451581	1451684	USE	
1451582	1451684	USE	
1450965	1451685	USE	
1450973	1451685	USE	
1450969	1451685	USE	
1451009	1451685	USE	
1451010	1451685	USE	
1451016	1451685	USE	
1451053	1451685	USE	
1451057	1451685	USE	
1451061	1451685	USE	
1451436	1451685	DEF	
1451437	1451685	DEF	
1451533	1451686	USE	
1451534	1451686	USE	
1450800	1451687	DEF	
1450801	1451687	DEF	
1450816	1451687	USE	
1450819	1451687	USE	
1450812	1451687	DEF	
1450813	1451687	DEF	
1450824	1451687	DEF	
1450824	1451687	USE	
1450829	1451687	USE	
1450838	1451687	USE	
1450851	1451687	USE	
1450856	1451687	USE	
1450867	1451687	USE	
1450871	1451687	USE	
1450886	1451687	USE	
1451118	1451687	USE	
1451127	1451687	USE	
1451551	1451687	USE	
1451547	1451687	DEF	
1451548	1451687	DEF	
1451555	1451687	USE	
1451555	1451687	DEF	
1451559	1451687	USE	
1451569	1451687	USE	
1451561	1451687	USE	
1451581	1451687	USE	
1451596	1451687	USE	
1451629	1451687	USE	
1451638	1451687	USE	
1450990	1451688	DEF	
1450991	1451688	DEF	
1451002	1451688	USE	
1450998	1451688	DEF	
1450999	1451688	DEF	
1451006	1451688	USE	
1451006	1451688	DEF	
1451009	1451688	USE	
1451011	1451688	USE	
1451340	1451688	DEF	
1451341	1451688	DEF	
1451352	1451688	USE	
1451348	1451688	DEF	
1451349	1451688	DEF	
1451356	1451688	USE	
1451356	1451688	DEF	
1451372	1451688	USE	
1451375	1451688	USE	
1450816	1451689	USE	
1450829	1451689	USE	
1450836	1451689	USE	
1450849	1451689	USE	
1450856	1451689	USE	
1450865	1451689	USE	
1450990	1451690	DEF	
1450994	1451690	DEF	
1451340	1451690	DEF	
1451344	1451690	DEF	
1451365	1451690	USE	
1451361	1451690	DEF	
1451362	1451690	DEF	
1451369	1451690	DEF	
1451369	1451690	USE	
1451372	1451690	USE	
1451374	1451690	USE	
1451423	1451691	USE	
1451432	1451691	USE	
1451448	1451691	USE	
1451454	1451691	USE	
1450816	1451692	USE	
1450819	1451692	USE	
1450829	1451692	USE	
1450838	1451692	USE	
1450851	1451692	USE	
1450856	1451692	USE	
1450867	1451692	USE	
1450871	1451692	USE	
1450886	1451692	USE	
1451118	1451692	USE	
1451127	1451692	USE	
1451581	1451692	USE	
1451596	1451692	USE	
1451629	1451692	USE	
1451638	1451692	USE	
1450965	1451693	DEF	
1450969	1451693	DEF	
1450966	1451693	DEF	
1451021	1451693	USE	
1451023	1451693	USE	
1451028	1451693	USE	
1451043	1451693	USE	
1451049	1451693	USE	
1451046	1451693	USE	
1451036	1451693	USE	
1451100	1451693	USE	
1451102	1451693	USE	
1451107	1451693	USE	
1451250	1451693	USE	
1451259	1451693	USE	
1451389	1451693	USE	
1451392	1451693	USE	
1451381	1451693	USE	
1451384	1451693	USE	
1451397	1451693	USE	
1451399	1451693	USE	
1451436	1451693	USE	
1451444	1451693	USE	
1451009	1451694	DEF	
1451010	1451694	DEF	
1451372	1451694	USE	
1451374	1451694	USE	
1451372	1451695	DEF	
1451373	1451695	DEF	
1450816	1451696	USE	
1450818	1451696	USE	
1450829	1451696	USE	
1450837	1451696	USE	
1450850	1451696	USE	
1450849	1451696	USE	
1450836	1451696	USE	
1450856	1451696	USE	
1450866	1451696	USE	
1450865	1451696	USE	
1450871	1451696	USE	
1450884	1451696	USE	
1450885	1451696	USE	
1451118	1451696	USE	
1451125	1451696	USE	
1451126	1451696	USE	
1451559	1451696	USE	
1451568	1451696	USE	
1451559	1451696	DEF	
1451560	1451696	DEF	
1451581	1451696	USE	
1451594	1451696	USE	
1451595	1451696	USE	
1451629	1451696	USE	
1451637	1451696	USE	
1451636	1451696	USE	
1451414	1451697	USE	
1451418	1451697	USE	
1451647	1451698	DEF	
1450829	1451698	USE	
1450842	1451698	USE	
1451133	1451698	USE	
1451140	1451698	USE	
1451511	1451698	USE	
1451518	1451698	USE	
1451389	1451699	USE	
1451381	1451699	DEF	
1451382	1451699	DEF	
1451397	1451699	DEF	
1451397	1451699	USE	
1451436	1451699	USE	
1451437	1451699	USE	
1451448	1451700	DEF	
1451449	1451700	DEF	
1450871	1451701	USE	
1450884	1451701	USE	
1451118	1451701	USE	
1451125	1451701	USE	
1451581	1451701	USE	
1451594	1451701	USE	
1451629	1451701	USE	
1451636	1451701	USE	
1451021	1451702	DEF	
1451022	1451702	DEF	
1451028	1451702	USE	
1451100	1451702	DEF	
1451101	1451702	DEF	
1451100	1451702	USE	
1451101	1451702	USE	
1451250	1451702	USE	
1451258	1451702	USE	
1451254	1451702	USE	
1451389	1451702	USE	
1451391	1451702	USE	
1451381	1451702	USE	
1451383	1451702	USE	
1451397	1451702	USE	
1451398	1451702	USE	
1451436	1451702	USE	
1451443	1451702	USE	
1451075	1451703	USE	
1451079	1451703	USE	
1451093	1451704	DEF	
1451097	1451704	DEF	
1451094	1451704	DEF	
1451100	1451704	USE	
1451101	1451704	USE	
1451009	1451110	REACHES	* _667bfced3edc86b803827b0cb8740266
1450985	1451009	REACHES	_667bfced3edc86b803827b0cb8740266
1450985	1451110	REACHES	_667bfced3edc86b803827b0cb8740266
1450920	1451021	REACHES	_c65ffb19a2f79b0e6cf6c9da5c8f87c8
1451423	1451448	REACHES	_1155d79c193cc7d377886024058160e9
1451075	1451084	REACHES	_ade4453faf91a77ac61a8f733c878340
1451414	1451436	REACHES	_773ca0154508d33413937e0c00d3f987
1450856	1451654	REACHES	* _0280d7ab1ec1a12f62d422f69b92a27a
1451148	1451654	REACHES	* _0280d7ab1ec1a12f62d422f69b92a27a
1451575	1451654	REACHES	* _0280d7ab1ec1a12f62d422f69b92a27a
1451559	1451559	REACHES	* _edc4da76abb8157e84c1067a28cb32f1
1451533	1451559	REACHES	* _edc4da76abb8157e84c1067a28cb32f1
1451650	1450856	REACHES	_0280d7ab1ec1a12f62d422f69b92a27a
1451650	1451148	REACHES	_0280d7ab1ec1a12f62d422f69b92a27a
1451650	1451575	REACHES	_0280d7ab1ec1a12f62d422f69b92a27a
1451472	1451559	REACHES	_edc4da76abb8157e84c1067a28cb32f1
1450871	1451118	REACHES	_edc4da76abb8157e84c1067a28cb32f1
1450871	1450892	REACHES	_edc4da76abb8157e84c1067a28cb32f1
1450871	1451131	REACHES	_edc4da76abb8157e84c1067a28cb32f1
1451472	1451484	REACHES	_edc4da76abb8157e84c1067a28cb32f1
1451581	1451642	REACHES	_edc4da76abb8157e84c1067a28cb32f1
1451472	1451511	REACHES	_edc4da76abb8157e84c1067a28cb32f1
1451472	1451522	REACHES	_edc4da76abb8157e84c1067a28cb32f1
1451581	1451629	REACHES	_edc4da76abb8157e84c1067a28cb32f1
1451472	1451533	REACHES	_edc4da76abb8157e84c1067a28cb32f1
1451581	1451602	REACHES	_edc4da76abb8157e84c1067a28cb32f1
1451472	1451573	REACHES	_edc4da76abb8157e84c1067a28cb32f1
1451053	1451084	REACHES	_fe31011262a867130273705589dc7971
1451250	1451458	REACHES	_fe31011262a867130273705589dc7971
1451133	1451145	REACHES	_1f9559d57dda0d3a4871c62300b44dc9
1451133	1451148	REACHES	_1f9559d57dda0d3a4871c62300b44dc9
1451133	1451472	REACHES	_1f9559d57dda0d3a4871c62300b44dc9
1451133	1451511	REACHES	_1f9559d57dda0d3a4871c62300b44dc9
1451133	1451522	REACHES	_1f9559d57dda0d3a4871c62300b44dc9
1451133	1451551	REACHES	_1f9559d57dda0d3a4871c62300b44dc9
1450824	1450829	REACHES	_21ee2e177289e2eb56eb52756e31d110
1450812	1450824	REACHES	_21ee2e177289e2eb56eb52756e31d110
1450812	1450816	REACHES	_21ee2e177289e2eb56eb52756e31d110
1450824	1450816	REACHES	_21ee2e177289e2eb56eb52756e31d110
1450824	1450824	REACHES	_21ee2e177289e2eb56eb52756e31d110
1450824	1451629	REACHES	_21ee2e177289e2eb56eb52756e31d110
1450812	1450829	REACHES	_21ee2e177289e2eb56eb52756e31d110
1450812	1450856	REACHES	_21ee2e177289e2eb56eb52756e31d110
1450812	1451629	REACHES	_21ee2e177289e2eb56eb52756e31d110
1450824	1451581	REACHES	_21ee2e177289e2eb56eb52756e31d110
1450824	1450856	REACHES	_21ee2e177289e2eb56eb52756e31d110
1451547	1451555	REACHES	_21ee2e177289e2eb56eb52756e31d110
1450812	1451581	REACHES	_21ee2e177289e2eb56eb52756e31d110
1450812	1450871	REACHES	_21ee2e177289e2eb56eb52756e31d110
1451547	1451551	REACHES	_21ee2e177289e2eb56eb52756e31d110
1451555	1451559	REACHES	_21ee2e177289e2eb56eb52756e31d110
1451555	1451555	REACHES	_21ee2e177289e2eb56eb52756e31d110
1451547	1451559	REACHES	_21ee2e177289e2eb56eb52756e31d110
1450812	1451118	REACHES	_21ee2e177289e2eb56eb52756e31d110
1450824	1450871	REACHES	_21ee2e177289e2eb56eb52756e31d110
1450824	1451118	REACHES	_21ee2e177289e2eb56eb52756e31d110
1451555	1451551	REACHES	_21ee2e177289e2eb56eb52756e31d110
1451356	1451352	REACHES	i
1450998	1451002	REACHES	i
1451356	1451372	REACHES	i
1451006	1451002	REACHES	i
1450998	1451006	REACHES	i
1451348	1451356	REACHES	i
1451006	1451006	REACHES	i
1451348	1451372	REACHES	i
1450998	1451009	REACHES	i
1451348	1451352	REACHES	i
1451006	1451009	REACHES	i
1451356	1451356	REACHES	i
1451369	1451365	REACHES	j
1451361	1451365	REACHES	j
1451369	1451369	REACHES	j
1451361	1451369	REACHES	j
1451369	1451372	REACHES	j
1451361	1451372	REACHES	j
1450965	1451021	REACHES	_e06584c0eb398e0c57f786dcfde604b6
1450965	1451028	REACHES	_e06584c0eb398e0c57f786dcfde604b6
1450965	1451100	REACHES	_e06584c0eb398e0c57f786dcfde604b6
1451559	1451559	REACHES	* _21ee2e177289e2eb56eb52756e31d110
1451647	1450829	REACHES	comment
1451647	1451133	REACHES	comment
1451397	1451389	REACHES	* * _e06584c0eb398e0c57f786dcfde604b6
1451381	1451389	REACHES	* * _e06584c0eb398e0c57f786dcfde604b6
1451397	1451397	REACHES	* * _e06584c0eb398e0c57f786dcfde604b6
1451381	1451397	REACHES	* * _e06584c0eb398e0c57f786dcfde604b6
1451397	1451436	REACHES	* * _e06584c0eb398e0c57f786dcfde604b6
1451381	1451436	REACHES	* * _e06584c0eb398e0c57f786dcfde604b6
1451647	1451511	REACHES	comment
1451021	1451028	REACHES	* _e06584c0eb398e0c57f786dcfde604b6
1451021	1451100	REACHES	* _e06584c0eb398e0c57f786dcfde604b6
1451093	1451100	REACHES	_78fb1ab7a5f785ff732ee4595c9d84b3
1451653	1451647	CONTROLS	
1451653	1451650	CONTROLS	
1451653	1450800	CONTROLS	
1451653	1450807	CONTROLS	
1451653	1450812	CONTROLS	
1451653	1450816	CONTROLS	
1450816	1450829	CONTROLS	
1450816	1451133	CONTROLS	
1450816	1451145	CONTROLS	
1450829	1450856	CONTROLS	
1450829	1450871	CONTROLS	
1450829	1450892	CONTROLS	
1450829	1450918	CONTROLS	
1450829	1450920	CONTROLS	
1450829	1450927	CONTROLS	
1450829	1450928	CONTROLS	
1450829	1450929	CONTROLS	
1450829	1450930	CONTROLS	
1450829	1450931	CONTROLS	
1450829	1450932	CONTROLS	
1450829	1450933	CONTROLS	
1450829	1450934	CONTROLS	
1450829	1450935	CONTROLS	
1450829	1450938	CONTROLS	
1450829	1450939	CONTROLS	
1450829	1450940	CONTROLS	
1450829	1450941	CONTROLS	
1450829	1450942	CONTROLS	
1450829	1450943	CONTROLS	
1450829	1450945	CONTROLS	
1450829	1450946	CONTROLS	
1450829	1450947	CONTROLS	
1450829	1450948	CONTROLS	
1450829	1450949	CONTROLS	
1450829	1450950	CONTROLS	
1450829	1450952	CONTROLS	
1450829	1450953	CONTROLS	
1450829	1450954	CONTROLS	
1450829	1450955	CONTROLS	
1450829	1450956	CONTROLS	
1450829	1450957	CONTROLS	
1450829	1450959	CONTROLS	
1450829	1450960	CONTROLS	
1450829	1450961	CONTROLS	
1450829	1450962	CONTROLS	
1450829	1450963	CONTROLS	
1450829	1450964	CONTROLS	
1450829	1450965	CONTROLS	
1450829	1450978	CONTROLS	
1450829	1450985	CONTROLS	
1450829	1450990	CONTROLS	
1450829	1450998	CONTROLS	
1450829	1451002	CONTROLS	
1450829	1451021	CONTROLS	
1450829	1451028	CONTROLS	
1450829	1451110	CONTROLS	
1450829	1451118	CONTROLS	
1450829	1451131	CONTROLS	
1450829	1450824	CONTROLS	
1450829	1450816	CONTROLS	
1450892	1450897	CONTROLS	
1450892	1450911	CONTROLS	
1451002	1451009	CONTROLS	
1451002	1451006	CONTROLS	
1451028	1451053	CONTROLS	
1451028	1451066	CONTROLS	
1451028	1451075	CONTROLS	
1451028	1451084	CONTROLS	
1451028	1451090	CONTROLS	
1451028	1451093	CONTROLS	
1451028	1451100	CONTROLS	
1451145	1451148	CONTROLS	
1451145	1451157	CONTROLS	
1451145	1451158	CONTROLS	
1451145	1451159	CONTROLS	
1451145	1451165	CONTROLS	
1451145	1451166	CONTROLS	
1451145	1451167	CONTROLS	
1451145	1451168	CONTROLS	
1451145	1451169	CONTROLS	
1451145	1451170	CONTROLS	
1451145	1451171	CONTROLS	
1451145	1451172	CONTROLS	
1451145	1451173	CONTROLS	
1451145	1451176	CONTROLS	
1451145	1451177	CONTROLS	
1451145	1451178	CONTROLS	
1451145	1451179	CONTROLS	
1451145	1451180	CONTROLS	
1451145	1451181	CONTROLS	
1451145	1451182	CONTROLS	
1451145	1451183	CONTROLS	
1451145	1451184	CONTROLS	
1451145	1451185	CONTROLS	
1451145	1451186	CONTROLS	
1451145	1451188	CONTROLS	
1451145	1451189	CONTROLS	
1451145	1451190	CONTROLS	
1451145	1451191	CONTROLS	
1451145	1451192	CONTROLS	
1451145	1451193	CONTROLS	
1451145	1451194	CONTROLS	
1451145	1451195	CONTROLS	
1451145	1451196	CONTROLS	
1451145	1451197	CONTROLS	
1451145	1451198	CONTROLS	
1451145	1451199	CONTROLS	
1451145	1451200	CONTROLS	
1451145	1451201	CONTROLS	
1451145	1451202	CONTROLS	
1451145	1451203	CONTROLS	
1451145	1451204	CONTROLS	
1451145	1451206	CONTROLS	
1451145	1451207	CONTROLS	
1451145	1451208	CONTROLS	
1451145	1451209	CONTROLS	
1451145	1451210	CONTROLS	
1451145	1451211	CONTROLS	
1451145	1451212	CONTROLS	
1451145	1451213	CONTROLS	
1451145	1451214	CONTROLS	
1451145	1451215	CONTROLS	
1451145	1451216	CONTROLS	
1451145	1451217	CONTROLS	
1451145	1451218	CONTROLS	
1451145	1451219	CONTROLS	
1451145	1451221	CONTROLS	
1451145	1451222	CONTROLS	
1451145	1451223	CONTROLS	
1451145	1451224	CONTROLS	
1451145	1451225	CONTROLS	
1451145	1451226	CONTROLS	
1451145	1451227	CONTROLS	
1451145	1451228	CONTROLS	
1451145	1451229	CONTROLS	
1451145	1451230	CONTROLS	
1451145	1451231	CONTROLS	
1451145	1451233	CONTROLS	
1451145	1451234	CONTROLS	
1451145	1451235	CONTROLS	
1451145	1451236	CONTROLS	
1451145	1451237	CONTROLS	
1451145	1451238	CONTROLS	
1451145	1451239	CONTROLS	
1451145	1451240	CONTROLS	
1451145	1451241	CONTROLS	
1451145	1451242	CONTROLS	
1451145	1451243	CONTROLS	
1451145	1451244	CONTROLS	
1451145	1451245	CONTROLS	
1451145	1451246	CONTROLS	
1451145	1451247	CONTROLS	
1451145	1451248	CONTROLS	
1451145	1451249	CONTROLS	
1451145	1451250	CONTROLS	
1451145	1451263	CONTROLS	
1451145	1451264	CONTROLS	
1451145	1451265	CONTROLS	
1451145	1451266	CONTROLS	
1451145	1451267	CONTROLS	
1451145	1451268	CONTROLS	
1451145	1451269	CONTROLS	
1451145	1451270	CONTROLS	
1451145	1451271	CONTROLS	
1451145	1451272	CONTROLS	
1451145	1451273	CONTROLS	
1451145	1451276	CONTROLS	
1451145	1451277	CONTROLS	
1451145	1451278	CONTROLS	
1451145	1451279	CONTROLS	
1451145	1451280	CONTROLS	
1451145	1451281	CONTROLS	
1451145	1451282	CONTROLS	
1451145	1451283	CONTROLS	
1451145	1451284	CONTROLS	
1451145	1451285	CONTROLS	
1451145	1451286	CONTROLS	
1451145	1451287	CONTROLS	
1451145	1451289	CONTROLS	
1451145	1451290	CONTROLS	
1451145	1451291	CONTROLS	
1451145	1451292	CONTROLS	
1451145	1451293	CONTROLS	
1451145	1451294	CONTROLS	
1451145	1451295	CONTROLS	
1451145	1451296	CONTROLS	
1451145	1451297	CONTROLS	
1451145	1451298	CONTROLS	
1451145	1451299	CONTROLS	
1451145	1451300	CONTROLS	
1451145	1451302	CONTROLS	
1451145	1451303	CONTROLS	
1451145	1451304	CONTROLS	
1451145	1451305	CONTROLS	
1451145	1451306	CONTROLS	
1451145	1451307	CONTROLS	
1451145	1451308	CONTROLS	
1451145	1451309	CONTROLS	
1451145	1451310	CONTROLS	
1451145	1451311	CONTROLS	
1451145	1451312	CONTROLS	
1451145	1451313	CONTROLS	
1451145	1451315	CONTROLS	
1451145	1451316	CONTROLS	
1451145	1451317	CONTROLS	
1451145	1451318	CONTROLS	
1451145	1451319	CONTROLS	
1451145	1451320	CONTROLS	
1451145	1451321	CONTROLS	
1451145	1451322	CONTROLS	
1451145	1451323	CONTROLS	
1451145	1451324	CONTROLS	
1451145	1451325	CONTROLS	
1451145	1451326	CONTROLS	
1451145	1451328	CONTROLS	
1451145	1451329	CONTROLS	
1451145	1451330	CONTROLS	
1451145	1451331	CONTROLS	
1451145	1451332	CONTROLS	
1451145	1451333	CONTROLS	
1451145	1451334	CONTROLS	
1451145	1451335	CONTROLS	
1451145	1451336	CONTROLS	
1451145	1451337	CONTROLS	
1451145	1451338	CONTROLS	
1451145	1451339	CONTROLS	
1451145	1451340	CONTROLS	
1451145	1451348	CONTROLS	
1451145	1451352	CONTROLS	
1451145	1451381	CONTROLS	
1451145	1451389	CONTROLS	
1451145	1451458	CONTROLS	
1451145	1451472	CONTROLS	
1451145	1451484	CONTROLS	
1451145	1451510	CONTROLS	
1451145	1451511	CONTROLS	
1451145	1451522	CONTROLS	
1451145	1451533	CONTROLS	
1451145	1451547	CONTROLS	
1451145	1451551	CONTROLS	
1451145	1451572	CONTROLS	
1451145	1451573	CONTROLS	
1451145	1451575	CONTROLS	
1451145	1451581	CONTROLS	
1451145	1451602	CONTROLS	
1451145	1451628	CONTROLS	
1451145	1451629	CONTROLS	
1451145	1451642	CONTROLS	
1451352	1451361	CONTROLS	
1451352	1451365	CONTROLS	
1451352	1451356	CONTROLS	
1451365	1451372	CONTROLS	
1451365	1451369	CONTROLS	
1451389	1451405	CONTROLS	
1451389	1451414	CONTROLS	
1451389	1451423	CONTROLS	
1451389	1451436	CONTROLS	
1451389	1451448	CONTROLS	
1451389	1451397	CONTROLS	
1451484	1451489	CONTROLS	
1451484	1451503	CONTROLS	
1451551	1451559	CONTROLS	
1451551	1451555	CONTROLS	
1451602	1451607	CONTROLS	
1451602	1451621	CONTROLS	
1451176	1451177	DOM	
1451021	1451028	DOM	
1451329	1451330	DOM	
1451053	1451066	DOM	
1451193	1451194	DOM	
1451602	1451607	DOM	
1451273	1451276	DOM	
1451291	1451292	DOM	
1450935	1450938	DOM	
1451157	1451158	DOM	
1451028	1451093	DOM	
1450929	1450930	DOM	
1451315	1451316	DOM	
1451316	1451317	DOM	
1451381	1451389	DOM	
1451244	1451245	DOM	
1451265	1451266	DOM	
1451511	1451522	DOM	
1451361	1451365	DOM	
1451581	1451602	DOM	
1451317	1451318	DOM	
1451310	1451311	DOM	
1450930	1450931	DOM	
1451009	1451006	DOM	
1451243	1451244	DOM	
1451178	1451179	DOM	
1451448	1451397	DOM	
1451323	1451324	DOM	
1451522	1451533	DOM	
1451389	1451458	DOM	
1450962	1450963	DOM	
1451352	1451361	DOM	
1451171	1451172	DOM	
1451226	1451227	DOM	
1451218	1451219	DOM	
1451276	1451277	DOM	
1451559	1451555	DOM	
1451093	1451100	DOM	
1451145	1451148	DOM	
1451170	1451171	DOM	
1451269	1451270	DOM	
1450942	1450943	DOM	
1451075	1451084	DOM	
1450807	1450812	DOM	
1451572	1451573	DOM	
1451145	1451575	DOM	
1451223	1451224	DOM	
1451304	1451305	DOM	
1450964	1450965	DOM	
1451330	1451331	DOM	
1451340	1451348	DOM	
1451332	1451333	DOM	
1451337	1451338	DOM	
1450945	1450946	DOM	
1451204	1451206	DOM	
1451278	1451279	DOM	
1450829	1450824	DOM	
1451212	1451213	DOM	
1451216	1451217	DOM	
1451236	1451237	DOM	
1451302	1451303	DOM	
1451338	1451339	DOM	
1450959	1450960	DOM	
1450960	1450961	DOM	
1450946	1450947	DOM	
1451185	1451186	DOM	
1451306	1451307	DOM	
1451299	1451300	DOM	
1451628	1451629	DOM	
1451028	1451110	DOM	
1451179	1451180	DOM	
1451607	1451621	DOM	
1451118	1451131	DOM	
1451339	1451340	DOM	
1451002	1451021	DOM	
1451250	1451263	DOM	
1451458	1451472	DOM	
1451414	1451423	DOM	
1451510	1451511	DOM	
1451231	1451233	DOM	
1451217	1451218	DOM	
1451028	1451053	DOM	
1451133	1451145	DOM	
1451172	1451173	DOM	
1451334	1451335	DOM	
1450932	1450933	DOM	
1451202	1451203	DOM	
1451289	1451290	DOM	
1451484	1451510	DOM	
1451188	1451189	DOM	
1451298	1451299	DOM	
1450856	1450871	DOM	
1451653	1451647	DOM	
1450816	1450829	DOM	
1451180	1451181	DOM	
1451158	1451159	DOM	
1451196	1451197	DOM	
1451290	1451291	DOM	
1450954	1450955	DOM	
1450990	1450998	DOM	
1450978	1450985	DOM	
1451308	1451309	DOM	
1451245	1451246	DOM	
1451270	1451271	DOM	
1451181	1451182	DOM	
1451267	1451268	DOM	
1450961	1450962	DOM	
1451372	1451369	DOM	
1450943	1450945	DOM	
1450892	1450897	DOM	
1451222	1451223	DOM	
1451293	1451294	DOM	
1451173	1451176	DOM	
1451248	1451249	DOM	
1451195	1451196	DOM	
1451235	1451236	DOM	
1451285	1451286	DOM	
1451169	1451170	DOM	
1451224	1451225	DOM	
1451167	1451168	DOM	
1451210	1451211	DOM	
1451336	1451337	DOM	
1451230	1451231	DOM	
1451547	1451551	DOM	
1451242	1451243	DOM	
1451389	1451405	DOM	
1450918	1450920	DOM	
1451165	1451166	DOM	
1451283	1451284	DOM	
1450800	1450807	DOM	
1450957	1450959	DOM	
1451365	1451372	DOM	
1450931	1450932	DOM	
1450940	1450941	DOM	
1450952	1450953	DOM	
1451303	1451304	DOM	
1451322	1451323	DOM	
1451263	1451264	DOM	
1451318	1451319	DOM	
1451331	1451332	DOM	
1451198	1451199	DOM	
1451602	1451628	DOM	
1451281	1451282	DOM	
1451233	1451234	DOM	
1450939	1450940	DOM	
1451324	1451325	DOM	
1451321	1451322	DOM	
1451272	1451273	DOM	
1451352	1451381	DOM	
1451295	1451296	DOM	
1450892	1450918	DOM	
1451214	1451215	DOM	
1451221	1451222	DOM	
1451286	1451287	DOM	
1450947	1450948	DOM	
1451182	1451183	DOM	
1451551	1451559	DOM	
1451209	1451210	DOM	
1451279	1451280	DOM	
1451294	1451295	DOM	
1451271	1451272	DOM	
1450920	1450927	DOM	
1451234	1451235	DOM	
1451264	1451265	DOM	
1451653	1451653	DOM	
1450941	1450942	DOM	
1451206	1451207	DOM	
1451215	1451216	DOM	
1451326	1451328	DOM	
1451002	1451009	DOM	
1450985	1450990	DOM	
1451309	1451310	DOM	
1450816	1451654	DOM	
1451307	1451308	DOM	
1451192	1451193	DOM	
1451208	1451209	DOM	
1451246	1451247	DOM	
1451311	1451312	DOM	
1451197	1451198	DOM	
1451084	1451090	DOM	
1451241	1451242	DOM	
1451166	1451167	DOM	
1451194	1451195	DOM	
1451227	1451228	DOM	
1451333	1451334	DOM	
1451423	1451436	DOM	
1451484	1451489	DOM	
1451207	1451208	DOM	
1451177	1451178	DOM	
1451186	1451188	DOM	
1451211	1451212	DOM	
1451405	1451414	DOM	
1450956	1450957	DOM	
1450950	1450952	DOM	
1451183	1451184	DOM	
1451365	1451356	DOM	
1451148	1451157	DOM	
1451225	1451226	DOM	
1450816	1451133	DOM	
1451168	1451169	DOM	
1451319	1451320	DOM	
1451110	1451118	DOM	
1451239	1451240	DOM	
1451249	1451250	DOM	
1450955	1450956	DOM	
1451266	1451267	DOM	
1450812	1450816	DOM	
1451189	1451190	DOM	
1451280	1451281	DOM	
1450938	1450939	DOM	
1450829	1450856	DOM	
1451292	1451293	DOM	
1451328	1451329	DOM	
1451335	1451336	DOM	
1451629	1451642	DOM	
1451489	1451503	DOM	
1450871	1450892	DOM	
1451268	1451269	DOM	
1451320	1451321	DOM	
1450965	1450978	DOM	
1451325	1451326	DOM	
1451287	1451289	DOM	
1450933	1450934	DOM	
1450934	1450935	DOM	
1451238	1451239	DOM	
1451312	1451313	DOM	
1451282	1451283	DOM	
1450948	1450949	DOM	
1451184	1451185	DOM	
1451228	1451229	DOM	
1451313	1451315	DOM	
1451650	1450800	DOM	
1450953	1450954	DOM	
1451201	1451202	DOM	
1451240	1451241	DOM	
1451213	1451214	DOM	
1451219	1451221	DOM	
1451277	1451278	DOM	
1451305	1451306	DOM	
1450998	1451002	DOM	
1451229	1451230	DOM	
1451551	1451572	DOM	
1450897	1450911	DOM	
1451348	1451352	DOM	
1451247	1451248	DOM	
1451296	1451297	DOM	
1451533	1451547	DOM	
1451203	1451204	DOM	
1451159	1451165	DOM	
1451190	1451191	DOM	
1451191	1451192	DOM	
1451300	1451302	DOM	
1451647	1451650	DOM	
1450928	1450929	DOM	
1451200	1451201	DOM	
1451199	1451200	DOM	
1451284	1451285	DOM	
1450927	1450928	DOM	
1451472	1451484	DOM	
1451436	1451448	DOM	
1451066	1451075	DOM	
1450949	1450950	DOM	
1451237	1451238	DOM	
1451297	1451298	DOM	
1450963	1450964	DOM	
1451575	1451581	DOM	
1451178	1451177	POST_DOM	
1451110	1451028	POST_DOM	
1451331	1451330	POST_DOM	
1451075	1451066	POST_DOM	
1451195	1451194	POST_DOM	
1451621	1451607	POST_DOM	
1451277	1451276	POST_DOM	
1451293	1451292	POST_DOM	
1450939	1450938	POST_DOM	
1451159	1451158	POST_DOM	
1451100	1451093	POST_DOM	
1450931	1450930	POST_DOM	
1451317	1451316	POST_DOM	
1451318	1451317	POST_DOM	
1451458	1451389	POST_DOM	
1451533	1451522	POST_DOM	
1451267	1451266	POST_DOM	
1451246	1451245	POST_DOM	
1451356	1451365	POST_DOM	
1451628	1451602	POST_DOM	
1451319	1451318	POST_DOM	
1451312	1451311	POST_DOM	
1450932	1450931	POST_DOM	
1451002	1451006	POST_DOM	
1451245	1451244	POST_DOM	
1451180	1451179	POST_DOM	
1451389	1451397	POST_DOM	
1451325	1451324	POST_DOM	
1451547	1451533	POST_DOM	
1451472	1451458	POST_DOM	
1450964	1450963	POST_DOM	
1451365	1451361	POST_DOM	
1451173	1451172	POST_DOM	
1451228	1451227	POST_DOM	
1451221	1451219	POST_DOM	
1451278	1451277	POST_DOM	
1451551	1451555	POST_DOM	
1451110	1451100	POST_DOM	
1451157	1451148	POST_DOM	
1451172	1451171	POST_DOM	
1451271	1451270	POST_DOM	
1451090	1451084	POST_DOM	
1450945	1450943	POST_DOM	
1450816	1450812	POST_DOM	
1451654	1451573	POST_DOM	
1451581	1451575	POST_DOM	
1451306	1451305	POST_DOM	
1451225	1451224	POST_DOM	
1450978	1450965	POST_DOM	
1451352	1451348	POST_DOM	
1451332	1451331	POST_DOM	
1451339	1451338	POST_DOM	
1451334	1451333	POST_DOM	
1450947	1450946	POST_DOM	
1451207	1451206	POST_DOM	
1451280	1451279	POST_DOM	
1450816	1450824	POST_DOM	
1451214	1451213	POST_DOM	
1451238	1451237	POST_DOM	
1451218	1451217	POST_DOM	
1451304	1451303	POST_DOM	
1451340	1451339	POST_DOM	
1450961	1450960	POST_DOM	
1450962	1450961	POST_DOM	
1450948	1450947	POST_DOM	
1451308	1451307	POST_DOM	
1451188	1451186	POST_DOM	
1451302	1451300	POST_DOM	
1451642	1451629	POST_DOM	
1451118	1451110	POST_DOM	
1451181	1451180	POST_DOM	
1451628	1451621	POST_DOM	
1451654	1451131	POST_DOM	
1451348	1451340	POST_DOM	
1451028	1451021	POST_DOM	
1451484	1451472	POST_DOM	
1451264	1451263	POST_DOM	
1451522	1451511	POST_DOM	
1451436	1451423	POST_DOM	
1451234	1451233	POST_DOM	
1451219	1451218	POST_DOM	
1451066	1451053	POST_DOM	
1451176	1451173	POST_DOM	
1451654	1451145	POST_DOM	
1451336	1451335	POST_DOM	
1450934	1450933	POST_DOM	
1451204	1451203	POST_DOM	
1451291	1451290	POST_DOM	
1451511	1451510	POST_DOM	
1451190	1451189	POST_DOM	
1451300	1451299	POST_DOM	
1450892	1450871	POST_DOM	
1451654	1450829	POST_DOM	
1451650	1451647	POST_DOM	
1451182	1451181	POST_DOM	
1451165	1451159	POST_DOM	
1451198	1451197	POST_DOM	
1451292	1451291	POST_DOM	
1451002	1450998	POST_DOM	
1450956	1450955	POST_DOM	
1450990	1450985	POST_DOM	
1451310	1451309	POST_DOM	
1451247	1451246	POST_DOM	
1451272	1451271	POST_DOM	
1451183	1451182	POST_DOM	
1451269	1451268	POST_DOM	
1450963	1450962	POST_DOM	
1451365	1451369	POST_DOM	
1450946	1450945	POST_DOM	
1450911	1450897	POST_DOM	
1451224	1451223	POST_DOM	
1451295	1451294	POST_DOM	
1451177	1451176	POST_DOM	
1451250	1451249	POST_DOM	
1451237	1451236	POST_DOM	
1451197	1451196	POST_DOM	
1451287	1451286	POST_DOM	
1451171	1451170	POST_DOM	
1451226	1451225	POST_DOM	
1451169	1451168	POST_DOM	
1451338	1451337	POST_DOM	
1451212	1451211	POST_DOM	
1451233	1451231	POST_DOM	
1451572	1451551	POST_DOM	
1451244	1451243	POST_DOM	
1451414	1451405	POST_DOM	
1450927	1450920	POST_DOM	
1451285	1451284	POST_DOM	
1451167	1451166	POST_DOM	
1450812	1450807	POST_DOM	
1450960	1450959	POST_DOM	
1451369	1451372	POST_DOM	
1450954	1450953	POST_DOM	
1450942	1450941	POST_DOM	
1450933	1450932	POST_DOM	
1451324	1451323	POST_DOM	
1451305	1451304	POST_DOM	
1451333	1451332	POST_DOM	
1451320	1451319	POST_DOM	
1451265	1451264	POST_DOM	
1451200	1451199	POST_DOM	
1451629	1451628	POST_DOM	
1451283	1451282	POST_DOM	
1451235	1451234	POST_DOM	
1450941	1450940	POST_DOM	
1451326	1451325	POST_DOM	
1451323	1451322	POST_DOM	
1451276	1451273	POST_DOM	
1451389	1451381	POST_DOM	
1451297	1451296	POST_DOM	
1450920	1450918	POST_DOM	
1451289	1451287	POST_DOM	
1451223	1451222	POST_DOM	
1451216	1451215	POST_DOM	
1450949	1450948	POST_DOM	
1451184	1451183	POST_DOM	
1451555	1451559	POST_DOM	
1451211	1451210	POST_DOM	
1451281	1451280	POST_DOM	
1451296	1451295	POST_DOM	
1451273	1451272	POST_DOM	
1450928	1450927	POST_DOM	
1451236	1451235	POST_DOM	
1451266	1451265	POST_DOM	
1450943	1450942	POST_DOM	
1451647	1451653	POST_DOM	
1451208	1451207	POST_DOM	
1451217	1451216	POST_DOM	
1451329	1451328	POST_DOM	
1451006	1451009	POST_DOM	
1450998	1450990	POST_DOM	
1451311	1451310	POST_DOM	
1451654	1451654	POST_DOM	
1451309	1451308	POST_DOM	
1451194	1451193	POST_DOM	
1451210	1451209	POST_DOM	
1451313	1451312	POST_DOM	
1451248	1451247	POST_DOM	
1451199	1451198	POST_DOM	
1451110	1451090	POST_DOM	
1451243	1451242	POST_DOM	
1451335	1451334	POST_DOM	
1451229	1451228	POST_DOM	
1451196	1451195	POST_DOM	
1451168	1451167	POST_DOM	
1451448	1451436	POST_DOM	
1451503	1451489	POST_DOM	
1451209	1451208	POST_DOM	
1451179	1451178	POST_DOM	
1451189	1451188	POST_DOM	
1451213	1451212	POST_DOM	
1451423	1451414	POST_DOM	
1450959	1450957	POST_DOM	
1450953	1450952	POST_DOM	
1451185	1451184	POST_DOM	
1451352	1451356	POST_DOM	
1451158	1451157	POST_DOM	
1451227	1451226	POST_DOM	
1451321	1451320	POST_DOM	
1451170	1451169	POST_DOM	
1451145	1451133	POST_DOM	
1451131	1451118	POST_DOM	
1451263	1451250	POST_DOM	
1451241	1451240	POST_DOM	
1450957	1450956	POST_DOM	
1451268	1451267	POST_DOM	
1451654	1450816	POST_DOM	
1451191	1451190	POST_DOM	
1451282	1451281	POST_DOM	
1450940	1450939	POST_DOM	
1450871	1450856	POST_DOM	
1451337	1451336	POST_DOM	
1451330	1451329	POST_DOM	
1451294	1451293	POST_DOM	
1451654	1451642	POST_DOM	
1451510	1451503	POST_DOM	
1450918	1450892	POST_DOM	
1451322	1451321	POST_DOM	
1451270	1451269	POST_DOM	
1450985	1450978	POST_DOM	
1451328	1451326	POST_DOM	
1451290	1451289	POST_DOM	
1450935	1450934	POST_DOM	
1450938	1450935	POST_DOM	
1451240	1451239	POST_DOM	
1451315	1451313	POST_DOM	
1451284	1451283	POST_DOM	
1450950	1450949	POST_DOM	
1451316	1451315	POST_DOM	
1451230	1451229	POST_DOM	
1451186	1451185	POST_DOM	
1450807	1450800	POST_DOM	
1450955	1450954	POST_DOM	
1451242	1451241	POST_DOM	
1451203	1451202	POST_DOM	
1451215	1451214	POST_DOM	
1451222	1451221	POST_DOM	
1451279	1451278	POST_DOM	
1451307	1451306	POST_DOM	
1451021	1451002	POST_DOM	
1451231	1451230	POST_DOM	
1451573	1451572	POST_DOM	
1450918	1450911	POST_DOM	
1451381	1451352	POST_DOM	
1451551	1451547	POST_DOM	
1451298	1451297	POST_DOM	
1451249	1451248	POST_DOM	
1451206	1451204	POST_DOM	
1451166	1451165	POST_DOM	
1451192	1451191	POST_DOM	
1451303	1451302	POST_DOM	
1451193	1451192	POST_DOM	
1450930	1450929	POST_DOM	
1450800	1451650	POST_DOM	
1451202	1451201	POST_DOM	
1451286	1451285	POST_DOM	
1451201	1451200	POST_DOM	
1450929	1450928	POST_DOM	
1451510	1451484	POST_DOM	
1451397	1451448	POST_DOM	
1451084	1451075	POST_DOM	
1450952	1450950	POST_DOM	
1451239	1451238	POST_DOM	
1451299	1451298	POST_DOM	
1450965	1450964	POST_DOM	
1451602	1451581	POST_DOM	
1450797	1450798	IS_FUNCTION_OF_AST	
1450797	1451653	IS_FUNCTION_OF_CFG	
1450303	1450797	IS_FILE_OF	
