start	end	type	var
1477858	1477859	DECLARES	
1477860	1477861	DECLARES	
1477862	1477863	DECLARES	
1477864	1477865	DECLARES	
1477866	1477867	DECLARES	
1477868	1477869	DECLARES	
1477870	1477871	DECLARES	
1477872	1477873	DECLARES	
1477874	1477875	DECLARES	
1477876	1477877	DECLARES	
1477883	1477884	IS_AST_PARENT	
1477883	1477885	IS_AST_PARENT	
1477882	1477883	IS_AST_PARENT	
1477881	1477882	IS_AST_PARENT	
1477887	1477888	IS_AST_PARENT	
1477890	1477891	IS_AST_PARENT	
1477889	1477890	IS_AST_PARENT	
1477889	1477892	IS_AST_PARENT	
1477887	1477889	IS_AST_PARENT	
1477886	1477887	IS_AST_PARENT	
1477881	1477886	IS_AST_PARENT	
1477880	1477881	IS_AST_PARENT	
1477895	1477896	IS_AST_PARENT	
1477894	1477895	IS_AST_PARENT	
1477898	1477899	IS_AST_PARENT	
1477897	1477898	IS_AST_PARENT	
1477900	1477901	IS_AST_PARENT	
1477897	1477900	IS_AST_PARENT	
1477894	1477897	IS_AST_PARENT	
1477893	1477894	IS_AST_PARENT	
1477880	1477893	IS_AST_PARENT	
1477902	1477903	IS_AST_PARENT	
1477880	1477902	IS_AST_PARENT	
1477879	1477880	IS_AST_PARENT	
1477879	1477904	IS_AST_PARENT	
1477879	1477905	IS_AST_PARENT	
1477879	1477906	IS_AST_PARENT	
1477907	1477882	FLOWS_TO	
1477882	1477886	FLOWS_TO	
1477882	1477893	FLOWS_TO	
1477886	1477893	FLOWS_TO	
1477893	1477902	FLOWS_TO	
1477902	1477908	FLOWS_TO	
1477886	1477909	USE	
1477887	1477909	USE	
1477882	1477910	USE	
1477886	1477910	DEF	
1477887	1477910	DEF	
1477893	1477910	USE	
1477898	1477910	USE	
1477902	1477910	USE	
1477886	1477893	REACHES	event_global_current_base_
1477886	1477902	REACHES	event_global_current_base_
1477907	1477882	CONTROLS	
1477907	1477893	CONTROLS	
1477907	1477902	CONTROLS	
1477882	1477886	CONTROLS	
1477882	1477886	DOM	
1477907	1477882	DOM	
1477907	1477907	DOM	
1477893	1477902	DOM	
1477902	1477908	DOM	
1477882	1477893	DOM	
1477893	1477886	POST_DOM	
1477893	1477882	POST_DOM	
1477882	1477907	POST_DOM	
1477908	1477902	POST_DOM	
1477908	1477908	POST_DOM	
1477902	1477893	POST_DOM	
1477878	1477879	IS_FUNCTION_OF_AST	
1477878	1477907	IS_FUNCTION_OF_CFG	
1477857	1477878	IS_FILE_OF	
1477916	1477917	IS_AST_PARENT	
1477915	1477916	IS_AST_PARENT	
1477919	1477920	IS_AST_PARENT	
1477918	1477919	IS_AST_PARENT	
1477915	1477918	IS_AST_PARENT	
1477914	1477915	IS_AST_PARENT	
1477913	1477914	IS_AST_PARENT	
1477912	1477913	IS_AST_PARENT	
1477912	1477921	IS_AST_PARENT	
1477912	1477922	IS_AST_PARENT	
1477924	1477925	IS_AST_PARENT	
1477924	1477926	IS_AST_PARENT	
1477923	1477924	IS_AST_PARENT	
1477912	1477923	IS_AST_PARENT	
1477927	1477924	FLOWS_TO	
1477924	1477914	FLOWS_TO	
1477914	1477928	FLOWS_TO	
1477924	1477929	DEF	
1477914	1477929	USE	
1477919	1477929	USE	
1477924	1477914	REACHES	_9ebb6054527c57432e26e765c33dc4ae
1477927	1477924	CONTROLS	
1477927	1477914	CONTROLS	
1477927	1477924	DOM	
1477914	1477928	DOM	
1477924	1477914	DOM	
1477927	1477927	DOM	
1477914	1477924	POST_DOM	
1477928	1477928	POST_DOM	
1477928	1477914	POST_DOM	
1477924	1477927	POST_DOM	
1477911	1477912	IS_FUNCTION_OF_AST	
1477911	1477927	IS_FUNCTION_OF_CFG	
1477857	1477911	IS_FILE_OF	
1477935	1477936	IS_AST_PARENT	
1477934	1477935	IS_AST_PARENT	
1477938	1477939	IS_AST_PARENT	
1477937	1477938	IS_AST_PARENT	
1477934	1477937	IS_AST_PARENT	
1477933	1477934	IS_AST_PARENT	
1477932	1477933	IS_AST_PARENT	
1477931	1477932	IS_AST_PARENT	
1477931	1477940	IS_AST_PARENT	
1477931	1477941	IS_AST_PARENT	
1477943	1477944	IS_AST_PARENT	
1477943	1477945	IS_AST_PARENT	
1477942	1477943	IS_AST_PARENT	
1477931	1477942	IS_AST_PARENT	
1477946	1477943	FLOWS_TO	
1477943	1477933	FLOWS_TO	
1477933	1477947	FLOWS_TO	
1477943	1477948	DEF	
1477933	1477948	USE	
1477938	1477948	USE	
1477943	1477933	REACHES	_9ebb6054527c57432e26e765c33dc4ae
1477946	1477943	CONTROLS	
1477946	1477933	CONTROLS	
1477946	1477946	DOM	
1477946	1477943	DOM	
1477933	1477947	DOM	
1477943	1477933	DOM	
1477943	1477946	POST_DOM	
1477933	1477943	POST_DOM	
1477947	1477947	POST_DOM	
1477947	1477933	POST_DOM	
1477930	1477931	IS_FUNCTION_OF_AST	
1477930	1477946	IS_FUNCTION_OF_CFG	
1477857	1477930	IS_FILE_OF	
1477954	1477955	IS_AST_PARENT	
1477953	1477954	IS_AST_PARENT	
1477957	1477958	IS_AST_PARENT	
1477956	1477957	IS_AST_PARENT	
1477953	1477956	IS_AST_PARENT	
1477952	1477953	IS_AST_PARENT	
1477951	1477952	IS_AST_PARENT	
1477950	1477951	IS_AST_PARENT	
1477950	1477959	IS_AST_PARENT	
1477950	1477960	IS_AST_PARENT	
1477962	1477963	IS_AST_PARENT	
1477962	1477964	IS_AST_PARENT	
1477961	1477962	IS_AST_PARENT	
1477950	1477961	IS_AST_PARENT	
1477965	1477962	FLOWS_TO	
1477962	1477952	FLOWS_TO	
1477952	1477966	FLOWS_TO	
1477962	1477967	DEF	
1477952	1477967	USE	
1477957	1477967	USE	
1477962	1477952	REACHES	_9ebb6054527c57432e26e765c33dc4ae
1477965	1477962	CONTROLS	
1477965	1477952	CONTROLS	
1477965	1477962	DOM	
1477962	1477952	DOM	
1477965	1477965	DOM	
1477952	1477966	DOM	
1477966	1477952	POST_DOM	
1477952	1477962	POST_DOM	
1477962	1477965	POST_DOM	
1477966	1477966	POST_DOM	
1477949	1477950	IS_FUNCTION_OF_AST	
1477949	1477965	IS_FUNCTION_OF_CFG	
1477857	1477949	IS_FILE_OF	
1477973	1477974	IS_AST_PARENT	
1477972	1477973	IS_AST_PARENT	
1477976	1477977	IS_AST_PARENT	
1477975	1477976	IS_AST_PARENT	
1477978	1477979	IS_AST_PARENT	
1477975	1477978	IS_AST_PARENT	
1477972	1477975	IS_AST_PARENT	
1477971	1477972	IS_AST_PARENT	
1477970	1477971	IS_AST_PARENT	
1477969	1477970	IS_AST_PARENT	
1477969	1477980	IS_AST_PARENT	
1477969	1477981	IS_AST_PARENT	
1477983	1477984	IS_AST_PARENT	
1477983	1477985	IS_AST_PARENT	
1477982	1477983	IS_AST_PARENT	
1477969	1477982	IS_AST_PARENT	
1477986	1477983	FLOWS_TO	
1477983	1477971	FLOWS_TO	
1477971	1477987	FLOWS_TO	
1477971	1477988	USE	
1477978	1477988	USE	
1477983	1477989	DEF	
1477971	1477989	USE	
1477976	1477989	USE	
1477983	1477971	REACHES	_9ebb6054527c57432e26e765c33dc4ae
1477986	1477983	CONTROLS	
1477986	1477971	CONTROLS	
1477971	1477987	DOM	
1477986	1477983	DOM	
1477983	1477971	DOM	
1477986	1477986	DOM	
1477987	1477987	POST_DOM	
1477987	1477971	POST_DOM	
1477971	1477983	POST_DOM	
1477983	1477986	POST_DOM	
1477968	1477969	IS_FUNCTION_OF_AST	
1477968	1477986	IS_FUNCTION_OF_CFG	
1477857	1477968	IS_FILE_OF	
1477994	1477995	IS_AST_PARENT	
1477994	1477996	IS_AST_PARENT	
1477993	1477994	IS_AST_PARENT	
1477992	1477993	IS_AST_PARENT	
1477998	1477999	IS_AST_PARENT	
1478001	1478002	IS_AST_PARENT	
1478000	1478001	IS_AST_PARENT	
1478000	1478003	IS_AST_PARENT	
1477998	1478000	IS_AST_PARENT	
1477997	1477998	IS_AST_PARENT	
1477992	1477997	IS_AST_PARENT	
1478006	1478007	IS_AST_PARENT	
1478005	1478006	IS_AST_PARENT	
1478009	1478010	IS_AST_PARENT	
1478008	1478009	IS_AST_PARENT	
1478011	1478012	IS_AST_PARENT	
1478008	1478011	IS_AST_PARENT	
1478005	1478008	IS_AST_PARENT	
1478004	1478005	IS_AST_PARENT	
1477992	1478004	IS_AST_PARENT	
1478013	1478014	IS_AST_PARENT	
1477992	1478013	IS_AST_PARENT	
1477991	1477992	IS_AST_PARENT	
1477991	1478015	IS_AST_PARENT	
1477991	1478016	IS_AST_PARENT	
1477991	1478017	IS_AST_PARENT	
1478018	1477993	FLOWS_TO	
1477993	1477997	FLOWS_TO	
1477997	1478004	FLOWS_TO	
1478004	1478013	FLOWS_TO	
1478013	1478019	FLOWS_TO	
1477997	1478020	USE	
1477998	1478020	USE	
1477993	1478021	DEF	
1477994	1478021	DEF	
1477997	1478021	DEF	
1477998	1478021	DEF	
1478004	1478021	USE	
1478009	1478021	USE	
1478013	1478021	USE	
1477997	1478004	REACHES	_1f3067701244ceb97127f2a91d2a8e11
1477997	1478013	REACHES	_1f3067701244ceb97127f2a91d2a8e11
1478018	1477993	CONTROLS	
1478018	1477997	CONTROLS	
1478018	1478004	CONTROLS	
1478018	1478013	CONTROLS	
1478018	1478018	DOM	
1478018	1477993	DOM	
1478004	1478013	DOM	
1477997	1478004	DOM	
1477993	1477997	DOM	
1478013	1478019	DOM	
1478019	1478013	POST_DOM	
1477997	1477993	POST_DOM	
1477993	1478018	POST_DOM	
1478013	1478004	POST_DOM	
1478004	1477997	POST_DOM	
1478019	1478019	POST_DOM	
1477990	1477991	IS_FUNCTION_OF_AST	
1477990	1478018	IS_FUNCTION_OF_CFG	
1477857	1477990	IS_FILE_OF	
1478027	1478028	IS_AST_PARENT	
1478026	1478027	IS_AST_PARENT	
1478030	1478031	IS_AST_PARENT	
1478029	1478030	IS_AST_PARENT	
1478026	1478029	IS_AST_PARENT	
1478025	1478026	IS_AST_PARENT	
1478024	1478025	IS_AST_PARENT	
1478023	1478024	IS_AST_PARENT	
1478023	1478032	IS_AST_PARENT	
1478023	1478033	IS_AST_PARENT	
1478035	1478036	IS_AST_PARENT	
1478035	1478037	IS_AST_PARENT	
1478034	1478035	IS_AST_PARENT	
1478023	1478034	IS_AST_PARENT	
1478038	1478035	FLOWS_TO	
1478035	1478025	FLOWS_TO	
1478025	1478039	FLOWS_TO	
1478035	1478040	DEF	
1478025	1478040	USE	
1478030	1478040	USE	
1478035	1478025	REACHES	_9ebb6054527c57432e26e765c33dc4ae
1478038	1478035	CONTROLS	
1478038	1478025	CONTROLS	
1478025	1478039	DOM	
1478038	1478038	DOM	
1478035	1478025	DOM	
1478038	1478035	DOM	
1478039	1478039	POST_DOM	
1478039	1478025	POST_DOM	
1478035	1478038	POST_DOM	
1478025	1478035	POST_DOM	
1478022	1478023	IS_FUNCTION_OF_AST	
1478022	1478038	IS_FUNCTION_OF_CFG	
1477857	1478022	IS_FILE_OF	
1478045	1478046	IS_AST_PARENT	
1478045	1478047	IS_AST_PARENT	
1478048	1478049	IS_AST_PARENT	
1478050	1478051	IS_AST_PARENT	
1478050	1478052	IS_AST_PARENT	
1478048	1478050	IS_AST_PARENT	
1478045	1478048	IS_AST_PARENT	
1478044	1478045	IS_AST_PARENT	
1478043	1478044	IS_AST_PARENT	
1478054	1478055	IS_AST_PARENT	
1478054	1478056	IS_AST_PARENT	
1478057	1478058	IS_AST_PARENT	
1478057	1478059	IS_AST_PARENT	
1478054	1478057	IS_AST_PARENT	
1478053	1478054	IS_AST_PARENT	
1478043	1478053	IS_AST_PARENT	
1478061	1478062	IS_AST_PARENT	
1478061	1478063	IS_AST_PARENT	
1478064	1478065	IS_AST_PARENT	
1478064	1478066	IS_AST_PARENT	
1478061	1478064	IS_AST_PARENT	
1478060	1478061	IS_AST_PARENT	
1478043	1478060	IS_AST_PARENT	
1478043	1478067	IS_AST_PARENT	
1478043	1478068	IS_AST_PARENT	
1478043	1478069	IS_AST_PARENT	
1478043	1478070	IS_AST_PARENT	
1478043	1478071	IS_AST_PARENT	
1478043	1478072	IS_AST_PARENT	
1478043	1478073	IS_AST_PARENT	
1478043	1478074	IS_AST_PARENT	
1478043	1478075	IS_AST_PARENT	
1478043	1478076	IS_AST_PARENT	
1478078	1478079	IS_AST_PARENT	
1478078	1478080	IS_AST_PARENT	
1478077	1478078	IS_AST_PARENT	
1478077	1478081	IS_AST_PARENT	
1478082	1478083	IS_AST_PARENT	
1478082	1478084	IS_AST_PARENT	
1478082	1478085	IS_AST_PARENT	
1478082	1478086	IS_AST_PARENT	
1478082	1478087	IS_AST_PARENT	
1478077	1478082	IS_AST_PARENT	
1478077	1478088	IS_AST_PARENT	
1478089	1478090	IS_AST_PARENT	
1478089	1478091	IS_AST_PARENT	
1478077	1478089	IS_AST_PARENT	
1478077	1478092	IS_AST_PARENT	
1478093	1478094	IS_AST_PARENT	
1478093	1478095	IS_AST_PARENT	
1478093	1478096	IS_AST_PARENT	
1478093	1478097	IS_AST_PARENT	
1478093	1478098	IS_AST_PARENT	
1478077	1478093	IS_AST_PARENT	
1478077	1478099	IS_AST_PARENT	
1478100	1478101	IS_AST_PARENT	
1478100	1478102	IS_AST_PARENT	
1478077	1478100	IS_AST_PARENT	
1478043	1478077	IS_AST_PARENT	
1478043	1478103	IS_AST_PARENT	
1478105	1478106	IS_AST_PARENT	
1478105	1478107	IS_AST_PARENT	
1478108	1478109	IS_AST_PARENT	
1478108	1478110	IS_AST_PARENT	
1478105	1478108	IS_AST_PARENT	
1478104	1478105	IS_AST_PARENT	
1478043	1478104	IS_AST_PARENT	
1478112	1478113	IS_AST_PARENT	
1478112	1478114	IS_AST_PARENT	
1478111	1478112	IS_AST_PARENT	
1478115	1478116	IS_AST_PARENT	
1478115	1478117	IS_AST_PARENT	
1478111	1478115	IS_AST_PARENT	
1478043	1478111	IS_AST_PARENT	
1478120	1478121	IS_AST_PARENT	
1478120	1478122	IS_AST_PARENT	
1478119	1478120	IS_AST_PARENT	
1478118	1478119	IS_AST_PARENT	
1478124	1478125	IS_AST_PARENT	
1478124	1478126	IS_AST_PARENT	
1478123	1478124	IS_AST_PARENT	
1478118	1478123	IS_AST_PARENT	
1478127	1478128	IS_AST_PARENT	
1478127	1478129	IS_AST_PARENT	
1478118	1478127	IS_AST_PARENT	
1478132	1478133	IS_AST_PARENT	
1478132	1478134	IS_AST_PARENT	
1478135	1478136	IS_AST_PARENT	
1478137	1478138	IS_AST_PARENT	
1478137	1478139	IS_AST_PARENT	
1478135	1478137	IS_AST_PARENT	
1478132	1478135	IS_AST_PARENT	
1478131	1478132	IS_AST_PARENT	
1478130	1478131	IS_AST_PARENT	
1478141	1478142	IS_AST_PARENT	
1478141	1478143	IS_AST_PARENT	
1478144	1478145	IS_AST_PARENT	
1478146	1478147	IS_AST_PARENT	
1478146	1478148	IS_AST_PARENT	
1478144	1478146	IS_AST_PARENT	
1478141	1478144	IS_AST_PARENT	
1478140	1478141	IS_AST_PARENT	
1478130	1478140	IS_AST_PARENT	
1478150	1478151	IS_AST_PARENT	
1478150	1478152	IS_AST_PARENT	
1478149	1478150	IS_AST_PARENT	
1478130	1478149	IS_AST_PARENT	
1478154	1478155	IS_AST_PARENT	
1478153	1478154	IS_AST_PARENT	
1478153	1478156	IS_AST_PARENT	
1478130	1478153	IS_AST_PARENT	
1478159	1478160	IS_AST_PARENT	
1478159	1478161	IS_AST_PARENT	
1478158	1478159	IS_AST_PARENT	
1478158	1478162	IS_AST_PARENT	
1478157	1478158	IS_AST_PARENT	
1478130	1478157	IS_AST_PARENT	
1478118	1478130	IS_AST_PARENT	
1478043	1478118	IS_AST_PARENT	
1478164	1478165	IS_AST_PARENT	
1478167	1478168	IS_AST_PARENT	
1478172	1478173	IS_AST_PARENT	
1478174	1478175	IS_AST_PARENT	
1478174	1478176	IS_AST_PARENT	
1478172	1478174	IS_AST_PARENT	
1478171	1478172	IS_AST_PARENT	
1478177	1478178	IS_AST_PARENT	
1478177	1478179	IS_AST_PARENT	
1478171	1478177	IS_AST_PARENT	
1478170	1478171	IS_AST_PARENT	
1478170	1478180	IS_AST_PARENT	
1478169	1478170	IS_AST_PARENT	
1478169	1478181	IS_AST_PARENT	
1478167	1478169	IS_AST_PARENT	
1478166	1478167	IS_AST_PARENT	
1478182	1478183	IS_AST_PARENT	
1478182	1478184	IS_AST_PARENT	
1478166	1478182	IS_AST_PARENT	
1478164	1478166	IS_AST_PARENT	
1478163	1478164	IS_AST_PARENT	
1478043	1478163	IS_AST_PARENT	
1478185	1478186	IS_AST_PARENT	
1478043	1478185	IS_AST_PARENT	
1478042	1478043	IS_AST_PARENT	
1478042	1478187	IS_AST_PARENT	
1478042	1478188	IS_AST_PARENT	
1478190	1478191	IS_AST_PARENT	
1478190	1478192	IS_AST_PARENT	
1478189	1478190	IS_AST_PARENT	
1478042	1478189	IS_AST_PARENT	
1478193	1478190	FLOWS_TO	
1478190	1478044	FLOWS_TO	
1478044	1478053	FLOWS_TO	
1478053	1478060	FLOWS_TO	
1478060	1478067	FLOWS_TO	
1478067	1478068	FLOWS_TO	
1478068	1478069	FLOWS_TO	
1478069	1478070	FLOWS_TO	
1478070	1478071	FLOWS_TO	
1478071	1478072	FLOWS_TO	
1478072	1478073	FLOWS_TO	
1478073	1478074	FLOWS_TO	
1478074	1478075	FLOWS_TO	
1478075	1478076	FLOWS_TO	
1478076	1478079	FLOWS_TO	
1478079	1478080	FLOWS_TO	
1478080	1478081	FLOWS_TO	
1478081	1478083	FLOWS_TO	
1478083	1478084	FLOWS_TO	
1478084	1478085	FLOWS_TO	
1478085	1478086	FLOWS_TO	
1478086	1478087	FLOWS_TO	
1478087	1478088	FLOWS_TO	
1478088	1478090	FLOWS_TO	
1478090	1478091	FLOWS_TO	
1478091	1478092	FLOWS_TO	
1478092	1478094	FLOWS_TO	
1478094	1478095	FLOWS_TO	
1478095	1478096	FLOWS_TO	
1478096	1478097	FLOWS_TO	
1478097	1478098	FLOWS_TO	
1478098	1478099	FLOWS_TO	
1478099	1478101	FLOWS_TO	
1478101	1478102	FLOWS_TO	
1478102	1478103	FLOWS_TO	
1478103	1478104	FLOWS_TO	
1478104	1478111	FLOWS_TO	
1478111	1478119	FLOWS_TO	
1478123	1478131	FLOWS_TO	
1478123	1478163	FLOWS_TO	
1478119	1478123	FLOWS_TO	
1478127	1478123	FLOWS_TO	
1478131	1478140	FLOWS_TO	
1478140	1478149	FLOWS_TO	
1478149	1478154	FLOWS_TO	
1478154	1478156	FLOWS_TO	
1478154	1478157	FLOWS_TO	
1478156	1478123	FLOWS_TO	
1478157	1478127	FLOWS_TO	
1478163	1478185	FLOWS_TO	
1478185	1478194	FLOWS_TO	
1478060	1478195	DEF	
1478064	1478195	DEF	
1478061	1478195	DEF	
1478163	1478195	USE	
1478164	1478195	USE	
1478131	1478196	USE	
1478135	1478196	USE	
1478140	1478197	DEF	
1478144	1478197	DEF	
1478141	1478197	DEF	
1478157	1478197	USE	
1478159	1478197	USE	
1478044	1478198	DEF	
1478045	1478198	DEF	
1478048	1478198	DEF	
1478149	1478198	USE	
1478150	1478198	USE	
1478111	1478199	DEF	
1478112	1478199	DEF	
1478111	1478200	DEF	
1478115	1478200	DEF	
1478157	1478201	DEF	
1478158	1478201	DEF	
1478053	1478202	DEF	
1478057	1478202	DEF	
1478054	1478202	DEF	
1478149	1478202	DEF	
1478150	1478202	DEF	
1478131	1478203	DEF	
1478135	1478203	DEF	
1478132	1478203	DEF	
1478157	1478203	USE	
1478158	1478203	USE	
1478140	1478204	USE	
1478144	1478204	USE	
1478190	1478205	DEF	
1478123	1478205	USE	
1478119	1478205	DEF	
1478120	1478205	DEF	
1478154	1478205	USE	
1478163	1478205	USE	
1478164	1478205	USE	
1478185	1478205	USE	
1478104	1478206	DEF	
1478105	1478206	DEF	
1478108	1478206	DEF	
1478163	1478206	DEF	
1478164	1478206	DEF	
1478140	1478157	REACHES	_1155d79c193cc7d377886024058160e9
1478060	1478163	REACHES	_da40226c231d1c26ed592658eb43324f
1478044	1478149	REACHES	_85c617d839e55b93eba7f24b7ac7b50f
1478131	1478157	REACHES	_fe31011262a867130273705589dc7971
1478119	1478123	REACHES	_dae85b02d687da2be506b683871c094e
1478119	1478154	REACHES	_dae85b02d687da2be506b683871c094e
1478119	1478163	REACHES	_dae85b02d687da2be506b683871c094e
1478119	1478185	REACHES	_dae85b02d687da2be506b683871c094e
1478193	1478190	CONTROLS	
1478193	1478044	CONTROLS	
1478193	1478053	CONTROLS	
1478193	1478060	CONTROLS	
1478193	1478067	CONTROLS	
1478193	1478068	CONTROLS	
1478193	1478069	CONTROLS	
1478193	1478070	CONTROLS	
1478193	1478071	CONTROLS	
1478193	1478072	CONTROLS	
1478193	1478073	CONTROLS	
1478193	1478074	CONTROLS	
1478193	1478075	CONTROLS	
1478193	1478076	CONTROLS	
1478193	1478079	CONTROLS	
1478193	1478080	CONTROLS	
1478193	1478081	CONTROLS	
1478193	1478083	CONTROLS	
1478193	1478084	CONTROLS	
1478193	1478085	CONTROLS	
1478193	1478086	CONTROLS	
1478193	1478087	CONTROLS	
1478193	1478088	CONTROLS	
1478193	1478090	CONTROLS	
1478193	1478091	CONTROLS	
1478193	1478092	CONTROLS	
1478193	1478094	CONTROLS	
1478193	1478095	CONTROLS	
1478193	1478096	CONTROLS	
1478193	1478097	CONTROLS	
1478193	1478098	CONTROLS	
1478193	1478099	CONTROLS	
1478193	1478101	CONTROLS	
1478193	1478102	CONTROLS	
1478193	1478103	CONTROLS	
1478193	1478104	CONTROLS	
1478193	1478111	CONTROLS	
1478193	1478119	CONTROLS	
1478193	1478123	CONTROLS	
1478193	1478163	CONTROLS	
1478193	1478185	CONTROLS	
1478123	1478131	CONTROLS	
1478123	1478140	CONTROLS	
1478123	1478149	CONTROLS	
1478123	1478154	CONTROLS	
1478154	1478156	CONTROLS	
1478154	1478157	CONTROLS	
1478154	1478127	CONTROLS	
1478080	1478081	DOM	
1478163	1478185	DOM	
1478067	1478068	DOM	
1478085	1478086	DOM	
1478053	1478060	DOM	
1478157	1478127	DOM	
1478154	1478156	DOM	
1478095	1478096	DOM	
1478102	1478103	DOM	
1478075	1478076	DOM	
1478096	1478097	DOM	
1478131	1478140	DOM	
1478149	1478154	DOM	
1478193	1478190	DOM	
1478103	1478104	DOM	
1478088	1478090	DOM	
1478119	1478123	DOM	
1478097	1478098	DOM	
1478111	1478119	DOM	
1478185	1478194	DOM	
1478092	1478094	DOM	
1478091	1478092	DOM	
1478101	1478102	DOM	
1478083	1478084	DOM	
1478071	1478072	DOM	
1478081	1478083	DOM	
1478123	1478131	DOM	
1478044	1478053	DOM	
1478094	1478095	DOM	
1478087	1478088	DOM	
1478084	1478085	DOM	
1478076	1478079	DOM	
1478099	1478101	DOM	
1478086	1478087	DOM	
1478104	1478111	DOM	
1478140	1478149	DOM	
1478193	1478193	DOM	
1478069	1478070	DOM	
1478073	1478074	DOM	
1478090	1478091	DOM	
1478154	1478157	DOM	
1478072	1478073	DOM	
1478074	1478075	DOM	
1478079	1478080	DOM	
1478123	1478163	DOM	
1478068	1478069	DOM	
1478190	1478044	DOM	
1478060	1478067	DOM	
1478070	1478071	DOM	
1478098	1478099	DOM	
1478083	1478081	POST_DOM	
1478194	1478185	POST_DOM	
1478069	1478068	POST_DOM	
1478087	1478086	POST_DOM	
1478067	1478060	POST_DOM	
1478123	1478127	POST_DOM	
1478123	1478156	POST_DOM	
1478097	1478096	POST_DOM	
1478104	1478103	POST_DOM	
1478098	1478097	POST_DOM	
1478079	1478076	POST_DOM	
1478149	1478140	POST_DOM	
1478123	1478154	POST_DOM	
1478044	1478190	POST_DOM	
1478111	1478104	POST_DOM	
1478091	1478090	POST_DOM	
1478163	1478123	POST_DOM	
1478099	1478098	POST_DOM	
1478123	1478119	POST_DOM	
1478194	1478194	POST_DOM	
1478095	1478094	POST_DOM	
1478094	1478092	POST_DOM	
1478103	1478102	POST_DOM	
1478085	1478084	POST_DOM	
1478084	1478083	POST_DOM	
1478073	1478072	POST_DOM	
1478140	1478131	POST_DOM	
1478096	1478095	POST_DOM	
1478060	1478053	POST_DOM	
1478090	1478088	POST_DOM	
1478086	1478085	POST_DOM	
1478102	1478101	POST_DOM	
1478080	1478079	POST_DOM	
1478088	1478087	POST_DOM	
1478119	1478111	POST_DOM	
1478154	1478149	POST_DOM	
1478190	1478193	POST_DOM	
1478071	1478070	POST_DOM	
1478075	1478074	POST_DOM	
1478092	1478091	POST_DOM	
1478127	1478157	POST_DOM	
1478081	1478080	POST_DOM	
1478076	1478075	POST_DOM	
1478074	1478073	POST_DOM	
1478185	1478163	POST_DOM	
1478070	1478069	POST_DOM	
1478053	1478044	POST_DOM	
1478068	1478067	POST_DOM	
1478101	1478099	POST_DOM	
1478072	1478071	POST_DOM	
1478041	1478042	IS_FUNCTION_OF_AST	
1478041	1478193	IS_FUNCTION_OF_CFG	
1477857	1478041	IS_FILE_OF	
1478211	1478212	IS_AST_PARENT	
1478211	1478213	IS_AST_PARENT	
1478214	1478215	IS_AST_PARENT	
1478214	1478216	IS_AST_PARENT	
1478211	1478214	IS_AST_PARENT	
1478210	1478211	IS_AST_PARENT	
1478209	1478210	IS_AST_PARENT	
1478219	1478220	IS_AST_PARENT	
1478219	1478221	IS_AST_PARENT	
1478218	1478219	IS_AST_PARENT	
1478217	1478218	IS_AST_PARENT	
1478223	1478224	IS_AST_PARENT	
1478223	1478225	IS_AST_PARENT	
1478222	1478223	IS_AST_PARENT	
1478217	1478222	IS_AST_PARENT	
1478209	1478217	IS_AST_PARENT	
1478228	1478229	IS_AST_PARENT	
1478228	1478230	IS_AST_PARENT	
1478227	1478228	IS_AST_PARENT	
1478226	1478227	IS_AST_PARENT	
1478232	1478233	IS_AST_PARENT	
1478232	1478234	IS_AST_PARENT	
1478231	1478232	IS_AST_PARENT	
1478226	1478231	IS_AST_PARENT	
1478209	1478226	IS_AST_PARENT	
1478237	1478238	IS_AST_PARENT	
1478237	1478239	IS_AST_PARENT	
1478236	1478237	IS_AST_PARENT	
1478235	1478236	IS_AST_PARENT	
1478241	1478242	IS_AST_PARENT	
1478241	1478243	IS_AST_PARENT	
1478240	1478241	IS_AST_PARENT	
1478235	1478240	IS_AST_PARENT	
1478209	1478235	IS_AST_PARENT	
1478244	1478245	IS_AST_PARENT	
1478248	1478249	IS_AST_PARENT	
1478248	1478250	IS_AST_PARENT	
1478247	1478248	IS_AST_PARENT	
1478247	1478251	IS_AST_PARENT	
1478246	1478247	IS_AST_PARENT	
1478244	1478246	IS_AST_PARENT	
1478253	1478254	IS_AST_PARENT	
1478253	1478255	IS_AST_PARENT	
1478252	1478253	IS_AST_PARENT	
1478256	1478257	IS_AST_PARENT	
1478256	1478258	IS_AST_PARENT	
1478252	1478256	IS_AST_PARENT	
1478244	1478252	IS_AST_PARENT	
1478261	1478262	IS_AST_PARENT	
1478261	1478263	IS_AST_PARENT	
1478260	1478261	IS_AST_PARENT	
1478259	1478260	IS_AST_PARENT	
1478265	1478266	IS_AST_PARENT	
1478265	1478267	IS_AST_PARENT	
1478264	1478265	IS_AST_PARENT	
1478259	1478264	IS_AST_PARENT	
1478268	1478269	IS_AST_PARENT	
1478268	1478270	IS_AST_PARENT	
1478259	1478268	IS_AST_PARENT	
1478274	1478275	IS_AST_PARENT	
1478274	1478276	IS_AST_PARENT	
1478273	1478274	IS_AST_PARENT	
1478272	1478273	IS_AST_PARENT	
1478278	1478279	IS_AST_PARENT	
1478278	1478280	IS_AST_PARENT	
1478277	1478278	IS_AST_PARENT	
1478272	1478277	IS_AST_PARENT	
1478281	1478282	IS_AST_PARENT	
1478281	1478283	IS_AST_PARENT	
1478272	1478281	IS_AST_PARENT	
1478287	1478288	IS_AST_PARENT	
1478287	1478289	IS_AST_PARENT	
1478286	1478287	IS_AST_PARENT	
1478286	1478290	IS_AST_PARENT	
1478285	1478286	IS_AST_PARENT	
1478291	1478292	IS_AST_PARENT	
1478291	1478293	IS_AST_PARENT	
1478285	1478291	IS_AST_PARENT	
1478284	1478285	IS_AST_PARENT	
1478272	1478284	IS_AST_PARENT	
1478271	1478272	IS_AST_PARENT	
1478259	1478271	IS_AST_PARENT	
1478244	1478259	IS_AST_PARENT	
1478298	1478299	IS_AST_PARENT	
1478298	1478300	IS_AST_PARENT	
1478297	1478298	IS_AST_PARENT	
1478297	1478301	IS_AST_PARENT	
1478296	1478297	IS_AST_PARENT	
1478296	1478302	IS_AST_PARENT	
1478295	1478296	IS_AST_PARENT	
1478294	1478295	IS_AST_PARENT	
1478306	1478307	IS_AST_PARENT	
1478306	1478308	IS_AST_PARENT	
1478305	1478306	IS_AST_PARENT	
1478305	1478309	IS_AST_PARENT	
1478304	1478305	IS_AST_PARENT	
1478310	1478311	IS_AST_PARENT	
1478310	1478312	IS_AST_PARENT	
1478304	1478310	IS_AST_PARENT	
1478303	1478304	IS_AST_PARENT	
1478294	1478303	IS_AST_PARENT	
1478313	1478314	IS_AST_PARENT	
1478316	1478317	IS_AST_PARENT	
1478316	1478318	IS_AST_PARENT	
1478315	1478316	IS_AST_PARENT	
1478315	1478319	IS_AST_PARENT	
1478313	1478315	IS_AST_PARENT	
1478294	1478313	IS_AST_PARENT	
1478322	1478323	IS_AST_PARENT	
1478322	1478324	IS_AST_PARENT	
1478325	1478326	IS_AST_PARENT	
1478327	1478328	IS_AST_PARENT	
1478330	1478331	IS_AST_PARENT	
1478330	1478332	IS_AST_PARENT	
1478329	1478330	IS_AST_PARENT	
1478329	1478333	IS_AST_PARENT	
1478327	1478329	IS_AST_PARENT	
1478325	1478327	IS_AST_PARENT	
1478322	1478325	IS_AST_PARENT	
1478321	1478322	IS_AST_PARENT	
1478320	1478321	IS_AST_PARENT	
1478335	1478336	IS_AST_PARENT	
1478335	1478337	IS_AST_PARENT	
1478338	1478339	IS_AST_PARENT	
1478340	1478341	IS_AST_PARENT	
1478340	1478342	IS_AST_PARENT	
1478338	1478340	IS_AST_PARENT	
1478335	1478338	IS_AST_PARENT	
1478334	1478335	IS_AST_PARENT	
1478320	1478334	IS_AST_PARENT	
1478345	1478346	IS_AST_PARENT	
1478345	1478347	IS_AST_PARENT	
1478344	1478345	IS_AST_PARENT	
1478348	1478349	IS_AST_PARENT	
1478351	1478352	IS_AST_PARENT	
1478351	1478353	IS_AST_PARENT	
1478350	1478351	IS_AST_PARENT	
1478350	1478354	IS_AST_PARENT	
1478348	1478350	IS_AST_PARENT	
1478344	1478348	IS_AST_PARENT	
1478343	1478344	IS_AST_PARENT	
1478320	1478343	IS_AST_PARENT	
1478294	1478320	IS_AST_PARENT	
1478244	1478294	IS_AST_PARENT	
1478358	1478359	IS_AST_PARENT	
1478358	1478360	IS_AST_PARENT	
1478357	1478358	IS_AST_PARENT	
1478357	1478361	IS_AST_PARENT	
1478356	1478357	IS_AST_PARENT	
1478355	1478356	IS_AST_PARENT	
1478364	1478365	IS_AST_PARENT	
1478364	1478366	IS_AST_PARENT	
1478367	1478368	IS_AST_PARENT	
1478367	1478369	IS_AST_PARENT	
1478364	1478367	IS_AST_PARENT	
1478363	1478364	IS_AST_PARENT	
1478362	1478363	IS_AST_PARENT	
1478362	1478370	IS_AST_PARENT	
1478355	1478362	IS_AST_PARENT	
1478374	1478375	IS_AST_PARENT	
1478374	1478376	IS_AST_PARENT	
1478377	1478378	IS_AST_PARENT	
1478377	1478379	IS_AST_PARENT	
1478374	1478377	IS_AST_PARENT	
1478373	1478374	IS_AST_PARENT	
1478372	1478373	IS_AST_PARENT	
1478372	1478380	IS_AST_PARENT	
1478371	1478372	IS_AST_PARENT	
1478355	1478371	IS_AST_PARENT	
1478244	1478355	IS_AST_PARENT	
1478209	1478244	IS_AST_PARENT	
1478383	1478384	IS_AST_PARENT	
1478382	1478383	IS_AST_PARENT	
1478386	1478387	IS_AST_PARENT	
1478385	1478386	IS_AST_PARENT	
1478388	1478389	IS_AST_PARENT	
1478385	1478388	IS_AST_PARENT	
1478382	1478385	IS_AST_PARENT	
1478381	1478382	IS_AST_PARENT	
1478209	1478381	IS_AST_PARENT	
1478391	1478392	IS_AST_PARENT	
1478391	1478393	IS_AST_PARENT	
1478390	1478391	IS_AST_PARENT	
1478209	1478390	IS_AST_PARENT	
1478395	1478396	IS_AST_PARENT	
1478395	1478397	IS_AST_PARENT	
1478394	1478395	IS_AST_PARENT	
1478209	1478394	IS_AST_PARENT	
1478399	1478400	IS_AST_PARENT	
1478399	1478401	IS_AST_PARENT	
1478399	1478402	IS_AST_PARENT	
1478398	1478399	IS_AST_PARENT	
1478209	1478398	IS_AST_PARENT	
1478404	1478405	IS_AST_PARENT	
1478404	1478406	IS_AST_PARENT	
1478403	1478404	IS_AST_PARENT	
1478209	1478403	IS_AST_PARENT	
1478409	1478410	IS_AST_PARENT	
1478408	1478409	IS_AST_PARENT	
1478412	1478413	IS_AST_PARENT	
1478411	1478412	IS_AST_PARENT	
1478414	1478415	IS_AST_PARENT	
1478411	1478414	IS_AST_PARENT	
1478417	1478418	IS_AST_PARENT	
1478417	1478419	IS_AST_PARENT	
1478416	1478417	IS_AST_PARENT	
1478411	1478416	IS_AST_PARENT	
1478408	1478411	IS_AST_PARENT	
1478407	1478408	IS_AST_PARENT	
1478209	1478407	IS_AST_PARENT	
1478421	1478422	IS_AST_PARENT	
1478424	1478425	IS_AST_PARENT	
1478423	1478424	IS_AST_PARENT	
1478427	1478428	IS_AST_PARENT	
1478426	1478427	IS_AST_PARENT	
1478429	1478430	IS_AST_PARENT	
1478426	1478429	IS_AST_PARENT	
1478423	1478426	IS_AST_PARENT	
1478421	1478423	IS_AST_PARENT	
1478420	1478421	IS_AST_PARENT	
1478209	1478420	IS_AST_PARENT	
1478432	1478433	IS_AST_PARENT	
1478431	1478432	IS_AST_PARENT	
1478437	1478438	IS_AST_PARENT	
1478437	1478439	IS_AST_PARENT	
1478436	1478437	IS_AST_PARENT	
1478435	1478436	IS_AST_PARENT	
1478443	1478444	IS_AST_PARENT	
1478442	1478443	IS_AST_PARENT	
1478446	1478447	IS_AST_PARENT	
1478445	1478446	IS_AST_PARENT	
1478448	1478449	IS_AST_PARENT	
1478445	1478448	IS_AST_PARENT	
1478451	1478452	IS_AST_PARENT	
1478451	1478453	IS_AST_PARENT	
1478450	1478451	IS_AST_PARENT	
1478445	1478450	IS_AST_PARENT	
1478454	1478455	IS_AST_PARENT	
1478445	1478454	IS_AST_PARENT	
1478442	1478445	IS_AST_PARENT	
1478441	1478442	IS_AST_PARENT	
1478440	1478441	IS_AST_PARENT	
1478435	1478440	IS_AST_PARENT	
1478434	1478435	IS_AST_PARENT	
1478458	1478459	IS_AST_PARENT	
1478457	1478458	IS_AST_PARENT	
1478461	1478462	IS_AST_PARENT	
1478460	1478461	IS_AST_PARENT	
1478457	1478460	IS_AST_PARENT	
1478456	1478457	IS_AST_PARENT	
1478434	1478456	IS_AST_PARENT	
1478431	1478434	IS_AST_PARENT	
1478209	1478431	IS_AST_PARENT	
1478466	1478467	IS_AST_PARENT	
1478469	1478470	IS_AST_PARENT	
1478468	1478469	IS_AST_PARENT	
1478472	1478473	IS_AST_PARENT	
1478471	1478472	IS_AST_PARENT	
1478474	1478475	IS_AST_PARENT	
1478471	1478474	IS_AST_PARENT	
1478476	1478477	IS_AST_PARENT	
1478471	1478476	IS_AST_PARENT	
1478468	1478471	IS_AST_PARENT	
1478466	1478468	IS_AST_PARENT	
1478465	1478466	IS_AST_PARENT	
1478465	1478478	IS_AST_PARENT	
1478464	1478465	IS_AST_PARENT	
1478463	1478464	IS_AST_PARENT	
1478480	1478481	IS_AST_PARENT	
1478479	1478480	IS_AST_PARENT	
1478463	1478479	IS_AST_PARENT	
1478209	1478463	IS_AST_PARENT	
1478484	1478485	IS_AST_PARENT	
1478483	1478484	IS_AST_PARENT	
1478488	1478489	IS_AST_PARENT	
1478488	1478490	IS_AST_PARENT	
1478487	1478488	IS_AST_PARENT	
1478486	1478487	IS_AST_PARENT	
1478491	1478492	IS_AST_PARENT	
1478486	1478491	IS_AST_PARENT	
1478494	1478495	IS_AST_PARENT	
1478494	1478496	IS_AST_PARENT	
1478493	1478494	IS_AST_PARENT	
1478486	1478493	IS_AST_PARENT	
1478483	1478486	IS_AST_PARENT	
1478482	1478483	IS_AST_PARENT	
1478209	1478482	IS_AST_PARENT	
1478499	1478500	IS_AST_PARENT	
1478499	1478501	IS_AST_PARENT	
1478498	1478499	IS_AST_PARENT	
1478498	1478502	IS_AST_PARENT	
1478497	1478498	IS_AST_PARENT	
1478209	1478497	IS_AST_PARENT	
1478506	1478507	IS_AST_PARENT	
1478506	1478508	IS_AST_PARENT	
1478505	1478506	IS_AST_PARENT	
1478505	1478509	IS_AST_PARENT	
1478504	1478505	IS_AST_PARENT	
1478511	1478512	IS_AST_PARENT	
1478510	1478511	IS_AST_PARENT	
1478514	1478515	IS_AST_PARENT	
1478513	1478514	IS_AST_PARENT	
1478510	1478513	IS_AST_PARENT	
1478504	1478510	IS_AST_PARENT	
1478503	1478504	IS_AST_PARENT	
1478209	1478503	IS_AST_PARENT	
1478518	1478519	IS_AST_PARENT	
1478518	1478520	IS_AST_PARENT	
1478517	1478518	IS_AST_PARENT	
1478522	1478523	IS_AST_PARENT	
1478521	1478522	IS_AST_PARENT	
1478527	1478528	IS_AST_PARENT	
1478526	1478527	IS_AST_PARENT	
1478530	1478531	IS_AST_PARENT	
1478529	1478530	IS_AST_PARENT	
1478526	1478529	IS_AST_PARENT	
1478525	1478526	IS_AST_PARENT	
1478524	1478525	IS_AST_PARENT	
1478521	1478524	IS_AST_PARENT	
1478517	1478521	IS_AST_PARENT	
1478516	1478517	IS_AST_PARENT	
1478209	1478516	IS_AST_PARENT	
1478536	1478537	IS_AST_PARENT	
1478535	1478536	IS_AST_PARENT	
1478539	1478540	IS_AST_PARENT	
1478538	1478539	IS_AST_PARENT	
1478542	1478543	IS_AST_PARENT	
1478544	1478545	IS_AST_PARENT	
1478544	1478546	IS_AST_PARENT	
1478542	1478544	IS_AST_PARENT	
1478541	1478542	IS_AST_PARENT	
1478538	1478541	IS_AST_PARENT	
1478548	1478549	IS_AST_PARENT	
1478548	1478550	IS_AST_PARENT	
1478547	1478548	IS_AST_PARENT	
1478538	1478547	IS_AST_PARENT	
1478535	1478538	IS_AST_PARENT	
1478534	1478535	IS_AST_PARENT	
1478534	1478551	IS_AST_PARENT	
1478533	1478534	IS_AST_PARENT	
1478532	1478533	IS_AST_PARENT	
1478553	1478554	IS_AST_PARENT	
1478552	1478553	IS_AST_PARENT	
1478532	1478552	IS_AST_PARENT	
1478209	1478532	IS_AST_PARENT	
1478557	1478558	IS_AST_PARENT	
1478556	1478557	IS_AST_PARENT	
1478560	1478561	IS_AST_PARENT	
1478559	1478560	IS_AST_PARENT	
1478562	1478563	IS_AST_PARENT	
1478559	1478562	IS_AST_PARENT	
1478565	1478566	IS_AST_PARENT	
1478565	1478567	IS_AST_PARENT	
1478564	1478565	IS_AST_PARENT	
1478559	1478564	IS_AST_PARENT	
1478568	1478569	IS_AST_PARENT	
1478559	1478568	IS_AST_PARENT	
1478556	1478559	IS_AST_PARENT	
1478555	1478556	IS_AST_PARENT	
1478209	1478555	IS_AST_PARENT	
1478572	1478573	IS_AST_PARENT	
1478571	1478572	IS_AST_PARENT	
1478575	1478576	IS_AST_PARENT	
1478574	1478575	IS_AST_PARENT	
1478571	1478574	IS_AST_PARENT	
1478570	1478571	IS_AST_PARENT	
1478209	1478570	IS_AST_PARENT	
1478577	1478578	IS_AST_PARENT	
1478209	1478577	IS_AST_PARENT	
1478209	1478579	IS_AST_PARENT	
1478582	1478583	IS_AST_PARENT	
1478581	1478582	IS_AST_PARENT	
1478585	1478586	IS_AST_PARENT	
1478584	1478585	IS_AST_PARENT	
1478581	1478584	IS_AST_PARENT	
1478580	1478581	IS_AST_PARENT	
1478209	1478580	IS_AST_PARENT	
1478208	1478209	IS_AST_PARENT	
1478208	1478587	IS_AST_PARENT	
1478208	1478588	IS_AST_PARENT	
1478590	1478591	IS_AST_PARENT	
1478590	1478592	IS_AST_PARENT	
1478589	1478590	IS_AST_PARENT	
1478593	1478594	IS_AST_PARENT	
1478593	1478595	IS_AST_PARENT	
1478589	1478593	IS_AST_PARENT	
1478596	1478597	IS_AST_PARENT	
1478596	1478598	IS_AST_PARENT	
1478589	1478596	IS_AST_PARENT	
1478208	1478589	IS_AST_PARENT	
1478599	1478590	FLOWS_TO	
1478590	1478593	FLOWS_TO	
1478593	1478596	FLOWS_TO	
1478596	1478210	FLOWS_TO	
1478210	1478218	FLOWS_TO	
1478218	1478222	FLOWS_TO	
1478218	1478227	FLOWS_TO	
1478222	1478227	FLOWS_TO	
1478227	1478231	FLOWS_TO	
1478227	1478236	FLOWS_TO	
1478231	1478236	FLOWS_TO	
1478236	1478240	FLOWS_TO	
1478236	1478245	FLOWS_TO	
1478240	1478245	FLOWS_TO	
1478245	1478246	FLOWS_TO	
1478246	1478252	FLOWS_TO	
1478252	1478260	FLOWS_TO	
1478264	1478273	FLOWS_TO	
1478264	1478295	FLOWS_TO	
1478260	1478264	FLOWS_TO	
1478268	1478264	FLOWS_TO	
1478277	1478284	FLOWS_TO	
1478277	1478268	FLOWS_TO	
1478273	1478277	FLOWS_TO	
1478281	1478277	FLOWS_TO	
1478284	1478281	FLOWS_TO	
1478303	1478321	FLOWS_TO	
1478303	1478356	FLOWS_TO	
1478295	1478303	FLOWS_TO	
1478313	1478303	FLOWS_TO	
1478321	1478334	FLOWS_TO	
1478334	1478343	FLOWS_TO	
1478343	1478313	FLOWS_TO	
1478356	1478363	FLOWS_TO	
1478356	1478373	FLOWS_TO	
1478363	1478370	FLOWS_TO	
1478370	1478381	FLOWS_TO	
1478373	1478380	FLOWS_TO	
1478380	1478381	FLOWS_TO	
1478381	1478390	FLOWS_TO	
1478390	1478394	FLOWS_TO	
1478394	1478398	FLOWS_TO	
1478398	1478403	FLOWS_TO	
1478403	1478407	FLOWS_TO	
1478407	1478420	FLOWS_TO	
1478420	1478432	FLOWS_TO	
1478432	1478436	FLOWS_TO	
1478432	1478464	FLOWS_TO	
1478436	1478441	FLOWS_TO	
1478436	1478456	FLOWS_TO	
1478441	1478456	FLOWS_TO	
1478456	1478464	FLOWS_TO	
1478464	1478480	FLOWS_TO	
1478464	1478482	FLOWS_TO	
1478480	1478577	FLOWS_TO	
1478482	1478497	FLOWS_TO	
1478497	1478503	FLOWS_TO	
1478503	1478516	FLOWS_TO	
1478516	1478533	FLOWS_TO	
1478533	1478553	FLOWS_TO	
1478533	1478555	FLOWS_TO	
1478553	1478577	FLOWS_TO	
1478555	1478570	FLOWS_TO	
1478570	1478577	FLOWS_TO	
1478577	1478579	FLOWS_TO	
1478579	1478580	FLOWS_TO	
1478580	1478600	FLOWS_TO	
1478497	1478601	DEF	
1478498	1478601	DEF	
1478403	1478602	DEF	
1478404	1478602	DEF	
1478420	1478602	DEF	
1478421	1478602	DEF	
1478432	1478602	USE	
1478441	1478602	USE	
1478454	1478602	USE	
1478456	1478602	USE	
1478461	1478602	USE	
1478236	1478603	USE	
1478246	1478604	USE	
1478247	1478604	USE	
1478284	1478604	USE	
1478286	1478604	USE	
1478303	1478604	USE	
1478305	1478604	USE	
1478295	1478604	USE	
1478297	1478604	USE	
1478313	1478604	USE	
1478315	1478604	USE	
1478321	1478604	USE	
1478329	1478604	USE	
1478325	1478604	USE	
1478343	1478604	USE	
1478344	1478604	USE	
1478350	1478604	USE	
1478356	1478604	USE	
1478357	1478604	USE	
1478516	1478605	USE	
1478517	1478605	USE	
1478222	1478606	USE	
1478223	1478606	USE	
1478218	1478607	USE	
1478363	1478608	DEF	
1478364	1478608	DEF	
1478367	1478608	DEF	
1478246	1478609	USE	
1478248	1478609	USE	
1478284	1478609	USE	
1478287	1478609	USE	
1478303	1478609	USE	
1478306	1478609	USE	
1478295	1478609	USE	
1478298	1478609	USE	
1478313	1478609	USE	
1478316	1478609	USE	
1478321	1478609	USE	
1478330	1478609	USE	
1478343	1478609	USE	
1478351	1478609	USE	
1478356	1478609	USE	
1478358	1478609	USE	
1478593	1478610	DEF	
1478218	1478610	USE	
1478227	1478610	USE	
1478236	1478610	USE	
1478231	1478611	USE	
1478232	1478611	USE	
1478464	1478612	USE	
1478474	1478612	USE	
1478394	1478613	DEF	
1478395	1478613	DEF	
1478497	1478613	DEF	
1478498	1478613	DEF	
1478497	1478613	USE	
1478499	1478613	USE	
1478503	1478613	USE	
1478506	1478613	USE	
1478505	1478613	USE	
1478503	1478613	DEF	
1478504	1478613	DEF	
1478516	1478613	USE	
1478518	1478613	USE	
1478516	1478613	DEF	
1478517	1478613	DEF	
1478373	1478614	DEF	
1478374	1478614	DEF	
1478377	1478614	DEF	
1478464	1478615	USE	
1478476	1478615	USE	
1478482	1478616	USE	
1478487	1478616	USE	
1478533	1478616	USE	
1478541	1478616	USE	
1478284	1478617	DEF	
1478285	1478617	DEF	
1478303	1478617	USE	
1478295	1478617	DEF	
1478296	1478617	DEF	
1478356	1478617	USE	
1478516	1478618	DEF	
1478517	1478618	DEF	
1478533	1478619	USE	
1478343	1478620	DEF	
1478344	1478620	DEF	
1478503	1478621	DEF	
1478504	1478621	DEF	
1478516	1478622	USE	
1478525	1478622	USE	
1478420	1478623	USE	
1478421	1478623	USE	
1478284	1478624	DEF	
1478285	1478624	DEF	
1478436	1478625	USE	
1478227	1478626	USE	
1478596	1478627	DEF	
1478381	1478627	USE	
1478386	1478627	USE	
1478580	1478627	USE	
1478585	1478627	USE	
1478210	1478628	USE	
1478214	1478628	USE	
1478210	1478628	DEF	
1478214	1478628	DEF	
1478252	1478629	DEF	
1478253	1478629	DEF	
1478264	1478629	USE	
1478260	1478629	DEF	
1478261	1478629	DEF	
1478268	1478629	DEF	
1478268	1478629	USE	
1478284	1478629	USE	
1478287	1478629	USE	
1478334	1478630	DEF	
1478338	1478630	DEF	
1478335	1478630	DEF	
1478343	1478630	USE	
1478345	1478630	USE	
1478240	1478631	USE	
1478241	1478631	USE	
1478252	1478632	DEF	
1478256	1478632	DEF	
1478277	1478632	USE	
1478273	1478632	DEF	
1478274	1478632	DEF	
1478281	1478632	USE	
1478281	1478632	DEF	
1478284	1478632	USE	
1478286	1478632	USE	
1478321	1478633	DEF	
1478325	1478633	DEF	
1478322	1478633	DEF	
1478497	1478634	USE	
1478498	1478634	USE	
1478390	1478635	DEF	
1478391	1478635	DEF	
1478464	1478635	DEF	
1478466	1478635	DEF	
1478533	1478635	USE	
1478539	1478635	USE	
1478555	1478635	USE	
1478560	1478635	USE	
1478570	1478635	USE	
1478575	1478635	USE	
1478398	1478636	DEF	
1478399	1478636	DEF	
1478407	1478636	USE	
1478412	1478636	USE	
1478436	1478636	USE	
1478441	1478636	USE	
1478446	1478636	USE	
1478555	1478636	USE	
1478562	1478636	USE	
1478284	1478637	USE	
1478286	1478637	USE	
1478284	1478638	DEF	
1478285	1478638	DEF	
1478334	1478639	USE	
1478338	1478639	USE	
1478503	1478640	USE	
1478505	1478640	USE	
1478503	1478640	DEF	
1478504	1478640	DEF	
1478210	1478641	DEF	
1478211	1478641	DEF	
1478222	1478641	DEF	
1478223	1478641	DEF	
1478222	1478641	USE	
1478223	1478641	USE	
1478231	1478641	DEF	
1478232	1478641	DEF	
1478231	1478641	USE	
1478232	1478641	USE	
1478240	1478641	USE	
1478241	1478641	USE	
1478240	1478641	DEF	
1478241	1478641	DEF	
1478381	1478641	USE	
1478388	1478641	USE	
1478464	1478642	USE	
1478466	1478642	USE	
1478503	1478643	USE	
1478504	1478643	USE	
1478590	1478644	DEF	
1478464	1478645	USE	
1478472	1478645	USE	
1478420	1478432	REACHES	_ebba18af2454b48faf7ecf639c7e0fd8
1478420	1478441	REACHES	_ebba18af2454b48faf7ecf639c7e0fd8
1478420	1478456	REACHES	_ebba18af2454b48faf7ecf639c7e0fd8
1478593	1478218	REACHES	_94cdf6c1b014fe06f7ca85952a8c823c
1478593	1478227	REACHES	_94cdf6c1b014fe06f7ca85952a8c823c
1478593	1478236	REACHES	_94cdf6c1b014fe06f7ca85952a8c823c
1478394	1478497	REACHES	_bc0d6211b6e8f321d22089336f3d86ba
1478497	1478503	REACHES	_bc0d6211b6e8f321d22089336f3d86ba
1478503	1478516	REACHES	_bc0d6211b6e8f321d22089336f3d86ba
1478295	1478303	REACHES	* * _c65ffb19a2f79b0e6cf6c9da5c8f87c8
1478295	1478356	REACHES	* * _c65ffb19a2f79b0e6cf6c9da5c8f87c8
1478596	1478381	REACHES	_18f21578ead41b2c1f84eae7296b06f6
1478596	1478580	REACHES	_18f21578ead41b2c1f84eae7296b06f6
1478260	1478264	REACHES	i
1478268	1478264	REACHES	i
1478260	1478268	REACHES	i
1478268	1478268	REACHES	i
1478260	1478284	REACHES	i
1478268	1478284	REACHES	i
1478334	1478343	REACHES	_85c617d839e55b93eba7f24b7ac7b50f
1478273	1478277	REACHES	j
1478281	1478277	REACHES	j
1478273	1478281	REACHES	j
1478281	1478281	REACHES	j
1478273	1478284	REACHES	j
1478281	1478284	REACHES	j
1478398	1478407	REACHES	_f7899880eaf2f3223fdd8910645367f1
1478398	1478436	REACHES	_f7899880eaf2f3223fdd8910645367f1
1478398	1478441	REACHES	_f7899880eaf2f3223fdd8910645367f1
1478464	1478533	REACHES	_c3ea924f691c7bedb0cb89b3f2ce0bdd
1478464	1478555	REACHES	_c3ea924f691c7bedb0cb89b3f2ce0bdd
1478398	1478555	REACHES	_f7899880eaf2f3223fdd8910645367f1
1478464	1478570	REACHES	_c3ea924f691c7bedb0cb89b3f2ce0bdd
1478210	1478222	REACHES	_c3277756048d625debbd650b2274d7f7
1478210	1478231	REACHES	_c3277756048d625debbd650b2274d7f7
1478222	1478231	REACHES	_c3277756048d625debbd650b2274d7f7
1478210	1478240	REACHES	_c3277756048d625debbd650b2274d7f7
1478231	1478240	REACHES	_c3277756048d625debbd650b2274d7f7
1478222	1478240	REACHES	_c3277756048d625debbd650b2274d7f7
1478240	1478381	REACHES	_c3277756048d625debbd650b2274d7f7
1478210	1478381	REACHES	_c3277756048d625debbd650b2274d7f7
1478231	1478381	REACHES	_c3277756048d625debbd650b2274d7f7
1478222	1478381	REACHES	_c3277756048d625debbd650b2274d7f7
1478599	1478590	CONTROLS	
1478599	1478593	CONTROLS	
1478599	1478596	CONTROLS	
1478599	1478210	CONTROLS	
1478599	1478218	CONTROLS	
1478599	1478227	CONTROLS	
1478599	1478236	CONTROLS	
1478599	1478245	CONTROLS	
1478599	1478246	CONTROLS	
1478599	1478252	CONTROLS	
1478599	1478260	CONTROLS	
1478599	1478264	CONTROLS	
1478599	1478295	CONTROLS	
1478599	1478303	CONTROLS	
1478599	1478356	CONTROLS	
1478599	1478381	CONTROLS	
1478599	1478390	CONTROLS	
1478599	1478394	CONTROLS	
1478599	1478398	CONTROLS	
1478599	1478403	CONTROLS	
1478599	1478407	CONTROLS	
1478599	1478420	CONTROLS	
1478599	1478432	CONTROLS	
1478599	1478464	CONTROLS	
1478599	1478577	CONTROLS	
1478599	1478579	CONTROLS	
1478599	1478580	CONTROLS	
1478218	1478222	CONTROLS	
1478227	1478231	CONTROLS	
1478236	1478240	CONTROLS	
1478264	1478273	CONTROLS	
1478264	1478277	CONTROLS	
1478264	1478268	CONTROLS	
1478277	1478284	CONTROLS	
1478277	1478281	CONTROLS	
1478303	1478321	CONTROLS	
1478303	1478334	CONTROLS	
1478303	1478343	CONTROLS	
1478303	1478313	CONTROLS	
1478356	1478363	CONTROLS	
1478356	1478370	CONTROLS	
1478356	1478373	CONTROLS	
1478356	1478380	CONTROLS	
1478432	1478436	CONTROLS	
1478432	1478456	CONTROLS	
1478436	1478441	CONTROLS	
1478464	1478480	CONTROLS	
1478464	1478482	CONTROLS	
1478464	1478497	CONTROLS	
1478464	1478503	CONTROLS	
1478464	1478516	CONTROLS	
1478464	1478533	CONTROLS	
1478533	1478553	CONTROLS	
1478533	1478555	CONTROLS	
1478533	1478570	CONTROLS	
1478503	1478516	DOM	
1478295	1478303	DOM	
1478464	1478577	DOM	
1478577	1478579	DOM	
1478264	1478295	DOM	
1478356	1478381	DOM	
1478303	1478321	DOM	
1478334	1478343	DOM	
1478373	1478380	DOM	
1478218	1478227	DOM	
1478236	1478245	DOM	
1478245	1478246	DOM	
1478579	1478580	DOM	
1478432	1478464	DOM	
1478516	1478533	DOM	
1478533	1478555	DOM	
1478599	1478590	DOM	
1478284	1478281	DOM	
1478303	1478356	DOM	
1478210	1478218	DOM	
1478343	1478313	DOM	
1478432	1478436	DOM	
1478398	1478403	DOM	
1478260	1478264	DOM	
1478580	1478600	DOM	
1478277	1478284	DOM	
1478482	1478497	DOM	
1478277	1478268	DOM	
1478403	1478407	DOM	
1478218	1478222	DOM	
1478590	1478593	DOM	
1478390	1478394	DOM	
1478356	1478373	DOM	
1478363	1478370	DOM	
1478394	1478398	DOM	
1478227	1478231	DOM	
1478236	1478240	DOM	
1478464	1478480	DOM	
1478436	1478456	DOM	
1478464	1478482	DOM	
1478356	1478363	DOM	
1478497	1478503	DOM	
1478533	1478553	DOM	
1478227	1478236	DOM	
1478246	1478252	DOM	
1478321	1478334	DOM	
1478381	1478390	DOM	
1478436	1478441	DOM	
1478555	1478570	DOM	
1478264	1478273	DOM	
1478273	1478277	DOM	
1478407	1478420	DOM	
1478252	1478260	DOM	
1478596	1478210	DOM	
1478420	1478432	DOM	
1478599	1478599	DOM	
1478593	1478596	DOM	
1478533	1478516	POST_DOM	
1478579	1478577	POST_DOM	
1478356	1478303	POST_DOM	
1478580	1478579	POST_DOM	
1478303	1478295	POST_DOM	
1478390	1478381	POST_DOM	
1478334	1478321	POST_DOM	
1478313	1478343	POST_DOM	
1478381	1478380	POST_DOM	
1478236	1478227	POST_DOM	
1478246	1478245	POST_DOM	
1478252	1478246	POST_DOM	
1478600	1478580	POST_DOM	
1478577	1478464	POST_DOM	
1478577	1478533	POST_DOM	
1478570	1478555	POST_DOM	
1478593	1478590	POST_DOM	
1478277	1478281	POST_DOM	
1478381	1478356	POST_DOM	
1478227	1478218	POST_DOM	
1478303	1478313	POST_DOM	
1478456	1478436	POST_DOM	
1478407	1478403	POST_DOM	
1478295	1478264	POST_DOM	
1478600	1478600	POST_DOM	
1478281	1478284	POST_DOM	
1478503	1478497	POST_DOM	
1478420	1478407	POST_DOM	
1478264	1478268	POST_DOM	
1478227	1478222	POST_DOM	
1478596	1478593	POST_DOM	
1478398	1478394	POST_DOM	
1478380	1478373	POST_DOM	
1478381	1478370	POST_DOM	
1478403	1478398	POST_DOM	
1478577	1478480	POST_DOM	
1478236	1478231	POST_DOM	
1478245	1478240	POST_DOM	
1478464	1478456	POST_DOM	
1478497	1478482	POST_DOM	
1478370	1478363	POST_DOM	
1478577	1478553	POST_DOM	
1478516	1478503	POST_DOM	
1478245	1478236	POST_DOM	
1478260	1478252	POST_DOM	
1478343	1478334	POST_DOM	
1478394	1478390	POST_DOM	
1478456	1478441	POST_DOM	
1478577	1478570	POST_DOM	
1478277	1478273	POST_DOM	
1478432	1478420	POST_DOM	
1478268	1478277	POST_DOM	
1478264	1478260	POST_DOM	
1478464	1478432	POST_DOM	
1478218	1478210	POST_DOM	
1478590	1478599	POST_DOM	
1478210	1478596	POST_DOM	
1478207	1478208	IS_FUNCTION_OF_AST	
1478207	1478599	IS_FUNCTION_OF_CFG	
1477857	1478207	IS_FILE_OF	
1478646	1478647	DECLARES	
1478648	1478649	DECLARES	
1478654	1478655	IS_AST_PARENT	
1478657	1478658	IS_AST_PARENT	
1478657	1478659	IS_AST_PARENT	
1478656	1478657	IS_AST_PARENT	
1478656	1478660	IS_AST_PARENT	
1478654	1478656	IS_AST_PARENT	
1478653	1478654	IS_AST_PARENT	
1478652	1478653	IS_AST_PARENT	
1478662	1478663	IS_AST_PARENT	
1478662	1478664	IS_AST_PARENT	
1478662	1478665	IS_AST_PARENT	
1478661	1478662	IS_AST_PARENT	
1478652	1478661	IS_AST_PARENT	
1478667	1478668	IS_AST_PARENT	
1478667	1478669	IS_AST_PARENT	
1478670	1478671	IS_AST_PARENT	
1478670	1478672	IS_AST_PARENT	
1478667	1478670	IS_AST_PARENT	
1478666	1478667	IS_AST_PARENT	
1478652	1478666	IS_AST_PARENT	
1478674	1478675	IS_AST_PARENT	
1478674	1478676	IS_AST_PARENT	
1478674	1478677	IS_AST_PARENT	
1478678	1478679	IS_AST_PARENT	
1478681	1478682	IS_AST_PARENT	
1478681	1478683	IS_AST_PARENT	
1478680	1478681	IS_AST_PARENT	
1478684	1478685	IS_AST_PARENT	
1478684	1478686	IS_AST_PARENT	
1478680	1478684	IS_AST_PARENT	
1478687	1478688	IS_AST_PARENT	
1478687	1478689	IS_AST_PARENT	
1478680	1478687	IS_AST_PARENT	
1478690	1478691	IS_AST_PARENT	
1478690	1478692	IS_AST_PARENT	
1478680	1478690	IS_AST_PARENT	
1478693	1478694	IS_AST_PARENT	
1478693	1478695	IS_AST_PARENT	
1478680	1478693	IS_AST_PARENT	
1478678	1478680	IS_AST_PARENT	
1478674	1478678	IS_AST_PARENT	
1478673	1478674	IS_AST_PARENT	
1478652	1478673	IS_AST_PARENT	
1478697	1478698	IS_AST_PARENT	
1478700	1478701	IS_AST_PARENT	
1478700	1478702	IS_AST_PARENT	
1478699	1478700	IS_AST_PARENT	
1478699	1478703	IS_AST_PARENT	
1478697	1478699	IS_AST_PARENT	
1478696	1478697	IS_AST_PARENT	
1478652	1478696	IS_AST_PARENT	
1478705	1478706	IS_AST_PARENT	
1478705	1478707	IS_AST_PARENT	
1478708	1478709	IS_AST_PARENT	
1478710	1478711	IS_AST_PARENT	
1478710	1478712	IS_AST_PARENT	
1478708	1478710	IS_AST_PARENT	
1478705	1478708	IS_AST_PARENT	
1478704	1478705	IS_AST_PARENT	
1478652	1478704	IS_AST_PARENT	
1478714	1478715	IS_AST_PARENT	
1478714	1478716	IS_AST_PARENT	
1478713	1478714	IS_AST_PARENT	
1478717	1478718	IS_AST_PARENT	
1478717	1478719	IS_AST_PARENT	
1478713	1478717	IS_AST_PARENT	
1478652	1478713	IS_AST_PARENT	
1478722	1478723	IS_AST_PARENT	
1478722	1478724	IS_AST_PARENT	
1478721	1478722	IS_AST_PARENT	
1478720	1478721	IS_AST_PARENT	
1478726	1478727	IS_AST_PARENT	
1478726	1478728	IS_AST_PARENT	
1478725	1478726	IS_AST_PARENT	
1478720	1478725	IS_AST_PARENT	
1478729	1478730	IS_AST_PARENT	
1478729	1478731	IS_AST_PARENT	
1478720	1478729	IS_AST_PARENT	
1478735	1478736	IS_AST_PARENT	
1478735	1478737	IS_AST_PARENT	
1478734	1478735	IS_AST_PARENT	
1478733	1478734	IS_AST_PARENT	
1478739	1478740	IS_AST_PARENT	
1478739	1478741	IS_AST_PARENT	
1478738	1478739	IS_AST_PARENT	
1478733	1478738	IS_AST_PARENT	
1478742	1478743	IS_AST_PARENT	
1478742	1478744	IS_AST_PARENT	
1478733	1478742	IS_AST_PARENT	
1478748	1478749	IS_AST_PARENT	
1478748	1478750	IS_AST_PARENT	
1478747	1478748	IS_AST_PARENT	
1478747	1478751	IS_AST_PARENT	
1478746	1478747	IS_AST_PARENT	
1478752	1478753	IS_AST_PARENT	
1478752	1478754	IS_AST_PARENT	
1478746	1478752	IS_AST_PARENT	
1478745	1478746	IS_AST_PARENT	
1478733	1478745	IS_AST_PARENT	
1478732	1478733	IS_AST_PARENT	
1478720	1478732	IS_AST_PARENT	
1478652	1478720	IS_AST_PARENT	
1478757	1478758	IS_AST_PARENT	
1478757	1478759	IS_AST_PARENT	
1478756	1478757	IS_AST_PARENT	
1478755	1478756	IS_AST_PARENT	
1478761	1478762	IS_AST_PARENT	
1478761	1478763	IS_AST_PARENT	
1478760	1478761	IS_AST_PARENT	
1478755	1478760	IS_AST_PARENT	
1478764	1478765	IS_AST_PARENT	
1478764	1478766	IS_AST_PARENT	
1478755	1478764	IS_AST_PARENT	
1478769	1478770	IS_AST_PARENT	
1478769	1478771	IS_AST_PARENT	
1478768	1478769	IS_AST_PARENT	
1478772	1478773	IS_AST_PARENT	
1478775	1478776	IS_AST_PARENT	
1478775	1478777	IS_AST_PARENT	
1478774	1478775	IS_AST_PARENT	
1478774	1478778	IS_AST_PARENT	
1478772	1478774	IS_AST_PARENT	
1478768	1478772	IS_AST_PARENT	
1478767	1478768	IS_AST_PARENT	
1478755	1478767	IS_AST_PARENT	
1478652	1478755	IS_AST_PARENT	
1478781	1478782	IS_AST_PARENT	
1478781	1478783	IS_AST_PARENT	
1478780	1478781	IS_AST_PARENT	
1478779	1478780	IS_AST_PARENT	
1478785	1478786	IS_AST_PARENT	
1478785	1478787	IS_AST_PARENT	
1478784	1478785	IS_AST_PARENT	
1478779	1478784	IS_AST_PARENT	
1478788	1478789	IS_AST_PARENT	
1478788	1478790	IS_AST_PARENT	
1478779	1478788	IS_AST_PARENT	
1478794	1478795	IS_AST_PARENT	
1478794	1478796	IS_AST_PARENT	
1478793	1478794	IS_AST_PARENT	
1478792	1478793	IS_AST_PARENT	
1478798	1478799	IS_AST_PARENT	
1478798	1478800	IS_AST_PARENT	
1478797	1478798	IS_AST_PARENT	
1478792	1478797	IS_AST_PARENT	
1478801	1478802	IS_AST_PARENT	
1478801	1478803	IS_AST_PARENT	
1478792	1478801	IS_AST_PARENT	
1478807	1478808	IS_AST_PARENT	
1478807	1478809	IS_AST_PARENT	
1478806	1478807	IS_AST_PARENT	
1478806	1478810	IS_AST_PARENT	
1478805	1478806	IS_AST_PARENT	
1478811	1478812	IS_AST_PARENT	
1478811	1478813	IS_AST_PARENT	
1478805	1478811	IS_AST_PARENT	
1478804	1478805	IS_AST_PARENT	
1478792	1478804	IS_AST_PARENT	
1478791	1478792	IS_AST_PARENT	
1478779	1478791	IS_AST_PARENT	
1478652	1478779	IS_AST_PARENT	
1478816	1478817	IS_AST_PARENT	
1478816	1478818	IS_AST_PARENT	
1478815	1478816	IS_AST_PARENT	
1478820	1478821	IS_AST_PARENT	
1478820	1478822	IS_AST_PARENT	
1478819	1478820	IS_AST_PARENT	
1478819	1478823	IS_AST_PARENT	
1478815	1478819	IS_AST_PARENT	
1478814	1478815	IS_AST_PARENT	
1478652	1478814	IS_AST_PARENT	
1478825	1478826	IS_AST_PARENT	
1478828	1478829	IS_AST_PARENT	
1478828	1478830	IS_AST_PARENT	
1478827	1478828	IS_AST_PARENT	
1478827	1478831	IS_AST_PARENT	
1478825	1478827	IS_AST_PARENT	
1478824	1478825	IS_AST_PARENT	
1478652	1478824	IS_AST_PARENT	
1478832	1478833	IS_AST_PARENT	
1478652	1478832	IS_AST_PARENT	
1478651	1478652	IS_AST_PARENT	
1478651	1478834	IS_AST_PARENT	
1478651	1478835	IS_AST_PARENT	
1478837	1478838	IS_AST_PARENT	
1478837	1478839	IS_AST_PARENT	
1478836	1478837	IS_AST_PARENT	
1478651	1478836	IS_AST_PARENT	
1478840	1478837	FLOWS_TO	
1478837	1478653	FLOWS_TO	
1478653	1478661	FLOWS_TO	
1478661	1478666	FLOWS_TO	
1478666	1478673	FLOWS_TO	
1478673	1478696	FLOWS_TO	
1478696	1478704	FLOWS_TO	
1478704	1478713	FLOWS_TO	
1478713	1478721	FLOWS_TO	
1478725	1478734	FLOWS_TO	
1478725	1478756	FLOWS_TO	
1478721	1478725	FLOWS_TO	
1478729	1478725	FLOWS_TO	
1478738	1478745	FLOWS_TO	
1478738	1478729	FLOWS_TO	
1478734	1478738	FLOWS_TO	
1478742	1478738	FLOWS_TO	
1478745	1478742	FLOWS_TO	
1478760	1478767	FLOWS_TO	
1478760	1478780	FLOWS_TO	
1478756	1478760	FLOWS_TO	
1478764	1478760	FLOWS_TO	
1478767	1478764	FLOWS_TO	
1478784	1478793	FLOWS_TO	
1478784	1478814	FLOWS_TO	
1478780	1478784	FLOWS_TO	
1478788	1478784	FLOWS_TO	
1478797	1478804	FLOWS_TO	
1478797	1478788	FLOWS_TO	
1478793	1478797	FLOWS_TO	
1478801	1478797	FLOWS_TO	
1478804	1478801	FLOWS_TO	
1478814	1478824	FLOWS_TO	
1478824	1478832	FLOWS_TO	
1478832	1478841	FLOWS_TO	
1478661	1478842	DEF	
1478662	1478842	DEF	
1478767	1478842	USE	
1478769	1478842	USE	
1478696	1478843	USE	
1478699	1478843	USE	
1478804	1478843	USE	
1478806	1478843	USE	
1478824	1478843	USE	
1478827	1478843	USE	
1478745	1478844	DEF	
1478746	1478844	DEF	
1478804	1478844	DEF	
1478805	1478844	DEF	
1478767	1478845	DEF	
1478768	1478845	DEF	
1478673	1478846	DEF	
1478678	1478846	DEF	
1478674	1478846	DEF	
1478814	1478846	USE	
1478816	1478846	USE	
1478713	1478847	DEF	
1478714	1478847	DEF	
1478725	1478847	USE	
1478721	1478847	DEF	
1478722	1478847	DEF	
1478729	1478847	DEF	
1478729	1478847	USE	
1478745	1478847	USE	
1478748	1478847	USE	
1478760	1478847	USE	
1478756	1478847	DEF	
1478757	1478847	DEF	
1478764	1478847	DEF	
1478764	1478847	USE	
1478767	1478847	USE	
1478769	1478847	USE	
1478784	1478847	USE	
1478780	1478847	DEF	
1478781	1478847	DEF	
1478788	1478847	USE	
1478788	1478847	DEF	
1478804	1478847	USE	
1478807	1478847	USE	
1478713	1478848	DEF	
1478717	1478848	DEF	
1478738	1478848	USE	
1478734	1478848	DEF	
1478735	1478848	DEF	
1478742	1478848	USE	
1478742	1478848	DEF	
1478745	1478848	USE	
1478747	1478848	USE	
1478797	1478848	USE	
1478793	1478848	DEF	
1478794	1478848	DEF	
1478801	1478848	USE	
1478801	1478848	DEF	
1478804	1478848	USE	
1478806	1478848	USE	
1478666	1478849	DEF	
1478670	1478849	DEF	
1478667	1478849	DEF	
1478696	1478850	USE	
1478700	1478850	USE	
1478804	1478850	USE	
1478807	1478850	USE	
1478824	1478850	USE	
1478828	1478850	USE	
1478653	1478851	USE	
1478657	1478851	USE	
1478745	1478851	USE	
1478748	1478851	USE	
1478767	1478851	USE	
1478775	1478851	USE	
1478814	1478851	USE	
1478820	1478851	USE	
1478745	1478852	USE	
1478747	1478852	USE	
1478767	1478852	DEF	
1478768	1478852	DEF	
1478804	1478852	USE	
1478806	1478852	USE	
1478673	1478853	USE	
1478678	1478853	USE	
1478804	1478853	USE	
1478805	1478853	USE	
1478704	1478854	DEF	
1478708	1478854	DEF	
1478705	1478854	DEF	
1478824	1478854	DEF	
1478825	1478854	DEF	
1478745	1478855	DEF	
1478746	1478855	DEF	
1478804	1478855	DEF	
1478805	1478855	DEF	
1478804	1478856	DEF	
1478805	1478856	DEF	
1478824	1478856	USE	
1478825	1478856	USE	
1478745	1478857	DEF	
1478746	1478857	DEF	
1478814	1478857	USE	
1478815	1478857	USE	
1478653	1478858	USE	
1478656	1478858	USE	
1478745	1478858	USE	
1478747	1478858	USE	
1478767	1478858	USE	
1478768	1478858	USE	
1478774	1478858	USE	
1478814	1478858	USE	
1478819	1478858	USE	
1478837	1478859	DEF	
1478832	1478859	USE	
1478814	1478860	DEF	
1478815	1478860	DEF	
1478804	1478824	REACHES	* * _fe31011262a867130273705589dc7971
1478837	1478832	REACHES	_dae85b02d687da2be506b683871c094e
1478661	1478767	REACHES	_773ca0154508d33413937e0c00d3f987
1478729	1478725	REACHES	i
1478721	1478729	REACHES	i
1478756	1478767	REACHES	i
1478788	1478784	REACHES	i
1478764	1478767	REACHES	i
1478721	1478725	REACHES	i
1478729	1478729	REACHES	i
1478780	1478788	REACHES	i
1478721	1478745	REACHES	i
1478788	1478788	REACHES	i
1478673	1478814	REACHES	_85c617d839e55b93eba7f24b7ac7b50f
1478780	1478784	REACHES	i
1478729	1478745	REACHES	i
1478756	1478760	REACHES	i
1478780	1478804	REACHES	i
1478788	1478804	REACHES	i
1478764	1478760	REACHES	i
1478756	1478764	REACHES	i
1478764	1478764	REACHES	i
1478742	1478738	REACHES	j
1478734	1478738	REACHES	j
1478742	1478742	REACHES	j
1478734	1478742	REACHES	j
1478742	1478745	REACHES	j
1478734	1478745	REACHES	j
1478793	1478797	REACHES	j
1478801	1478797	REACHES	j
1478793	1478804	REACHES	j
1478801	1478804	REACHES	j
1478801	1478801	REACHES	j
1478793	1478801	REACHES	j
1478767	1478804	REACHES	* i
1478745	1478814	REACHES	* * _e06584c0eb398e0c57f786dcfde604b6
1478840	1478837	CONTROLS	
1478840	1478653	CONTROLS	
1478840	1478661	CONTROLS	
1478840	1478666	CONTROLS	
1478840	1478673	CONTROLS	
1478840	1478696	CONTROLS	
1478840	1478704	CONTROLS	
1478840	1478713	CONTROLS	
1478840	1478721	CONTROLS	
1478840	1478725	CONTROLS	
1478840	1478756	CONTROLS	
1478840	1478760	CONTROLS	
1478840	1478780	CONTROLS	
1478840	1478784	CONTROLS	
1478840	1478814	CONTROLS	
1478840	1478824	CONTROLS	
1478840	1478832	CONTROLS	
1478725	1478734	CONTROLS	
1478725	1478738	CONTROLS	
1478725	1478729	CONTROLS	
1478738	1478745	CONTROLS	
1478738	1478742	CONTROLS	
1478760	1478767	CONTROLS	
1478760	1478764	CONTROLS	
1478784	1478793	CONTROLS	
1478784	1478797	CONTROLS	
1478784	1478788	CONTROLS	
1478797	1478804	CONTROLS	
1478797	1478801	CONTROLS	
1478780	1478784	DOM	
1478666	1478673	DOM	
1478840	1478837	DOM	
1478734	1478738	DOM	
1478767	1478764	DOM	
1478725	1478734	DOM	
1478738	1478729	DOM	
1478756	1478760	DOM	
1478704	1478713	DOM	
1478721	1478725	DOM	
1478745	1478742	DOM	
1478840	1478840	DOM	
1478824	1478832	DOM	
1478653	1478661	DOM	
1478814	1478824	DOM	
1478797	1478804	DOM	
1478832	1478841	DOM	
1478673	1478696	DOM	
1478738	1478745	DOM	
1478696	1478704	DOM	
1478713	1478721	DOM	
1478725	1478756	DOM	
1478797	1478788	DOM	
1478760	1478780	DOM	
1478784	1478793	DOM	
1478661	1478666	DOM	
1478784	1478814	DOM	
1478793	1478797	DOM	
1478804	1478801	DOM	
1478837	1478653	DOM	
1478760	1478767	DOM	
1478814	1478784	POST_DOM	
1478696	1478673	POST_DOM	
1478653	1478837	POST_DOM	
1478729	1478738	POST_DOM	
1478760	1478764	POST_DOM	
1478738	1478734	POST_DOM	
1478725	1478729	POST_DOM	
1478780	1478760	POST_DOM	
1478721	1478713	POST_DOM	
1478756	1478725	POST_DOM	
1478738	1478742	POST_DOM	
1478837	1478840	POST_DOM	
1478841	1478832	POST_DOM	
1478832	1478824	POST_DOM	
1478666	1478661	POST_DOM	
1478841	1478841	POST_DOM	
1478801	1478804	POST_DOM	
1478704	1478696	POST_DOM	
1478742	1478745	POST_DOM	
1478713	1478704	POST_DOM	
1478725	1478721	POST_DOM	
1478760	1478756	POST_DOM	
1478784	1478788	POST_DOM	
1478784	1478780	POST_DOM	
1478797	1478793	POST_DOM	
1478673	1478666	POST_DOM	
1478824	1478814	POST_DOM	
1478788	1478797	POST_DOM	
1478797	1478801	POST_DOM	
1478661	1478653	POST_DOM	
1478764	1478767	POST_DOM	
1478650	1478651	IS_FUNCTION_OF_AST	
1478650	1478840	IS_FUNCTION_OF_CFG	
1477857	1478650	IS_FILE_OF	
1478865	1478866	IS_AST_PARENT	
1478865	1478867	IS_AST_PARENT	
1478868	1478869	IS_AST_PARENT	
1478868	1478870	IS_AST_PARENT	
1478865	1478868	IS_AST_PARENT	
1478864	1478865	IS_AST_PARENT	
1478863	1478864	IS_AST_PARENT	
1478872	1478873	IS_AST_PARENT	
1478872	1478874	IS_AST_PARENT	
1478875	1478876	IS_AST_PARENT	
1478875	1478877	IS_AST_PARENT	
1478872	1478875	IS_AST_PARENT	
1478871	1478872	IS_AST_PARENT	
1478863	1478871	IS_AST_PARENT	
1478879	1478880	IS_AST_PARENT	
1478879	1478881	IS_AST_PARENT	
1478878	1478879	IS_AST_PARENT	
1478863	1478878	IS_AST_PARENT	
1478883	1478884	IS_AST_PARENT	
1478883	1478885	IS_AST_PARENT	
1478886	1478887	IS_AST_PARENT	
1478886	1478888	IS_AST_PARENT	
1478883	1478886	IS_AST_PARENT	
1478882	1478883	IS_AST_PARENT	
1478863	1478882	IS_AST_PARENT	
1478891	1478892	IS_AST_PARENT	
1478891	1478893	IS_AST_PARENT	
1478890	1478891	IS_AST_PARENT	
1478896	1478897	IS_AST_PARENT	
1478895	1478896	IS_AST_PARENT	
1478899	1478900	IS_AST_PARENT	
1478898	1478899	IS_AST_PARENT	
1478895	1478898	IS_AST_PARENT	
1478894	1478895	IS_AST_PARENT	
1478894	1478901	IS_AST_PARENT	
1478890	1478894	IS_AST_PARENT	
1478889	1478890	IS_AST_PARENT	
1478863	1478889	IS_AST_PARENT	
1478906	1478907	IS_AST_PARENT	
1478905	1478906	IS_AST_PARENT	
1478909	1478910	IS_AST_PARENT	
1478908	1478909	IS_AST_PARENT	
1478905	1478908	IS_AST_PARENT	
1478904	1478905	IS_AST_PARENT	
1478904	1478911	IS_AST_PARENT	
1478903	1478904	IS_AST_PARENT	
1478902	1478903	IS_AST_PARENT	
1478913	1478914	IS_AST_PARENT	
1478913	1478915	IS_AST_PARENT	
1478912	1478913	IS_AST_PARENT	
1478902	1478912	IS_AST_PARENT	
1478863	1478902	IS_AST_PARENT	
1478919	1478920	IS_AST_PARENT	
1478918	1478919	IS_AST_PARENT	
1478922	1478923	IS_AST_PARENT	
1478921	1478922	IS_AST_PARENT	
1478918	1478921	IS_AST_PARENT	
1478917	1478918	IS_AST_PARENT	
1478916	1478917	IS_AST_PARENT	
1478925	1478926	IS_AST_PARENT	
1478924	1478925	IS_AST_PARENT	
1478931	1478932	IS_AST_PARENT	
1478930	1478931	IS_AST_PARENT	
1478934	1478935	IS_AST_PARENT	
1478933	1478934	IS_AST_PARENT	
1478930	1478933	IS_AST_PARENT	
1478929	1478930	IS_AST_PARENT	
1478929	1478936	IS_AST_PARENT	
1478928	1478929	IS_AST_PARENT	
1478927	1478928	IS_AST_PARENT	
1478938	1478939	IS_AST_PARENT	
1478938	1478940	IS_AST_PARENT	
1478937	1478938	IS_AST_PARENT	
1478927	1478937	IS_AST_PARENT	
1478924	1478927	IS_AST_PARENT	
1478945	1478946	IS_AST_PARENT	
1478944	1478945	IS_AST_PARENT	
1478948	1478949	IS_AST_PARENT	
1478947	1478948	IS_AST_PARENT	
1478944	1478947	IS_AST_PARENT	
1478943	1478944	IS_AST_PARENT	
1478943	1478950	IS_AST_PARENT	
1478942	1478943	IS_AST_PARENT	
1478941	1478942	IS_AST_PARENT	
1478952	1478953	IS_AST_PARENT	
1478952	1478954	IS_AST_PARENT	
1478951	1478952	IS_AST_PARENT	
1478941	1478951	IS_AST_PARENT	
1478924	1478941	IS_AST_PARENT	
1478956	1478957	IS_AST_PARENT	
1478959	1478960	IS_AST_PARENT	
1478958	1478959	IS_AST_PARENT	
1478962	1478963	IS_AST_PARENT	
1478961	1478962	IS_AST_PARENT	
1478966	1478967	IS_AST_PARENT	
1478965	1478966	IS_AST_PARENT	
1478969	1478970	IS_AST_PARENT	
1478968	1478969	IS_AST_PARENT	
1478965	1478968	IS_AST_PARENT	
1478964	1478965	IS_AST_PARENT	
1478961	1478964	IS_AST_PARENT	
1478971	1478972	IS_AST_PARENT	
1478961	1478971	IS_AST_PARENT	
1478973	1478974	IS_AST_PARENT	
1478961	1478973	IS_AST_PARENT	
1478976	1478977	IS_AST_PARENT	
1478976	1478978	IS_AST_PARENT	
1478975	1478976	IS_AST_PARENT	
1478961	1478975	IS_AST_PARENT	
1478958	1478961	IS_AST_PARENT	
1478956	1478958	IS_AST_PARENT	
1478955	1478956	IS_AST_PARENT	
1478924	1478955	IS_AST_PARENT	
1478924	1478979	IS_AST_PARENT	
1478980	1478981	IS_AST_PARENT	
1478924	1478980	IS_AST_PARENT	
1478983	1478984	IS_AST_PARENT	
1478985	1478986	IS_AST_PARENT	
1478985	1478987	IS_AST_PARENT	
1478983	1478985	IS_AST_PARENT	
1478982	1478983	IS_AST_PARENT	
1478924	1478982	IS_AST_PARENT	
1478990	1478991	IS_AST_PARENT	
1478990	1478992	IS_AST_PARENT	
1478989	1478990	IS_AST_PARENT	
1478995	1478996	IS_AST_PARENT	
1478994	1478995	IS_AST_PARENT	
1478998	1478999	IS_AST_PARENT	
1478997	1478998	IS_AST_PARENT	
1478994	1478997	IS_AST_PARENT	
1478993	1478994	IS_AST_PARENT	
1478993	1479000	IS_AST_PARENT	
1478989	1478993	IS_AST_PARENT	
1478988	1478989	IS_AST_PARENT	
1478924	1478988	IS_AST_PARENT	
1479003	1479004	IS_AST_PARENT	
1479003	1479005	IS_AST_PARENT	
1479002	1479003	IS_AST_PARENT	
1479008	1479009	IS_AST_PARENT	
1479007	1479008	IS_AST_PARENT	
1479011	1479012	IS_AST_PARENT	
1479010	1479011	IS_AST_PARENT	
1479007	1479010	IS_AST_PARENT	
1479006	1479007	IS_AST_PARENT	
1479013	1479014	IS_AST_PARENT	
1479013	1479015	IS_AST_PARENT	
1479006	1479013	IS_AST_PARENT	
1479002	1479006	IS_AST_PARENT	
1479001	1479002	IS_AST_PARENT	
1478924	1479001	IS_AST_PARENT	
1479017	1479018	IS_AST_PARENT	
1479020	1479021	IS_AST_PARENT	
1479019	1479020	IS_AST_PARENT	
1479023	1479024	IS_AST_PARENT	
1479022	1479023	IS_AST_PARENT	
1479026	1479027	IS_AST_PARENT	
1479026	1479028	IS_AST_PARENT	
1479025	1479026	IS_AST_PARENT	
1479022	1479025	IS_AST_PARENT	
1479030	1479031	IS_AST_PARENT	
1479030	1479032	IS_AST_PARENT	
1479029	1479030	IS_AST_PARENT	
1479022	1479029	IS_AST_PARENT	
1479033	1479034	IS_AST_PARENT	
1479022	1479033	IS_AST_PARENT	
1479036	1479037	IS_AST_PARENT	
1479036	1479038	IS_AST_PARENT	
1479035	1479036	IS_AST_PARENT	
1479022	1479035	IS_AST_PARENT	
1479019	1479022	IS_AST_PARENT	
1479017	1479019	IS_AST_PARENT	
1479016	1479017	IS_AST_PARENT	
1478924	1479016	IS_AST_PARENT	
1478924	1479039	IS_AST_PARENT	
1479040	1479041	IS_AST_PARENT	
1478924	1479040	IS_AST_PARENT	
1479043	1479044	IS_AST_PARENT	
1479046	1479047	IS_AST_PARENT	
1479045	1479046	IS_AST_PARENT	
1479049	1479050	IS_AST_PARENT	
1479048	1479049	IS_AST_PARENT	
1479053	1479054	IS_AST_PARENT	
1479052	1479053	IS_AST_PARENT	
1479056	1479057	IS_AST_PARENT	
1479055	1479056	IS_AST_PARENT	
1479052	1479055	IS_AST_PARENT	
1479051	1479052	IS_AST_PARENT	
1479048	1479051	IS_AST_PARENT	
1479059	1479060	IS_AST_PARENT	
1479059	1479061	IS_AST_PARENT	
1479058	1479059	IS_AST_PARENT	
1479048	1479058	IS_AST_PARENT	
1479062	1479063	IS_AST_PARENT	
1479048	1479062	IS_AST_PARENT	
1479065	1479066	IS_AST_PARENT	
1479065	1479067	IS_AST_PARENT	
1479064	1479065	IS_AST_PARENT	
1479048	1479064	IS_AST_PARENT	
1479045	1479048	IS_AST_PARENT	
1479043	1479045	IS_AST_PARENT	
1479042	1479043	IS_AST_PARENT	
1478924	1479042	IS_AST_PARENT	
1478924	1479068	IS_AST_PARENT	
1479069	1479070	IS_AST_PARENT	
1478924	1479069	IS_AST_PARENT	
1479071	1479072	IS_AST_PARENT	
1478924	1479071	IS_AST_PARENT	
1479073	1479074	IS_AST_PARENT	
1478924	1479073	IS_AST_PARENT	
1479075	1479076	IS_AST_PARENT	
1478924	1479075	IS_AST_PARENT	
1478916	1478924	IS_AST_PARENT	
1478863	1478916	IS_AST_PARENT	
1479079	1479080	IS_AST_PARENT	
1479079	1479081	IS_AST_PARENT	
1479078	1479079	IS_AST_PARENT	
1479077	1479078	IS_AST_PARENT	
1479082	1479083	IS_AST_PARENT	
1479077	1479082	IS_AST_PARENT	
1478863	1479077	IS_AST_PARENT	
1479088	1479089	IS_AST_PARENT	
1479087	1479088	IS_AST_PARENT	
1479091	1479092	IS_AST_PARENT	
1479090	1479091	IS_AST_PARENT	
1479087	1479090	IS_AST_PARENT	
1479086	1479087	IS_AST_PARENT	
1479086	1479093	IS_AST_PARENT	
1479085	1479086	IS_AST_PARENT	
1479084	1479085	IS_AST_PARENT	
1479096	1479097	IS_AST_PARENT	
1479095	1479096	IS_AST_PARENT	
1479099	1479100	IS_AST_PARENT	
1479098	1479099	IS_AST_PARENT	
1479101	1479102	IS_AST_PARENT	
1479098	1479101	IS_AST_PARENT	
1479095	1479098	IS_AST_PARENT	
1479094	1479095	IS_AST_PARENT	
1479084	1479094	IS_AST_PARENT	
1479108	1479109	IS_AST_PARENT	
1479107	1479108	IS_AST_PARENT	
1479111	1479112	IS_AST_PARENT	
1479110	1479111	IS_AST_PARENT	
1479107	1479110	IS_AST_PARENT	
1479106	1479107	IS_AST_PARENT	
1479106	1479113	IS_AST_PARENT	
1479105	1479106	IS_AST_PARENT	
1479104	1479105	IS_AST_PARENT	
1479116	1479117	IS_AST_PARENT	
1479115	1479116	IS_AST_PARENT	
1479119	1479120	IS_AST_PARENT	
1479118	1479119	IS_AST_PARENT	
1479121	1479122	IS_AST_PARENT	
1479118	1479121	IS_AST_PARENT	
1479115	1479118	IS_AST_PARENT	
1479114	1479115	IS_AST_PARENT	
1479104	1479114	IS_AST_PARENT	
1479128	1479129	IS_AST_PARENT	
1479127	1479128	IS_AST_PARENT	
1479131	1479132	IS_AST_PARENT	
1479130	1479131	IS_AST_PARENT	
1479127	1479130	IS_AST_PARENT	
1479126	1479127	IS_AST_PARENT	
1479126	1479133	IS_AST_PARENT	
1479125	1479126	IS_AST_PARENT	
1479124	1479125	IS_AST_PARENT	
1479136	1479137	IS_AST_PARENT	
1479135	1479136	IS_AST_PARENT	
1479139	1479140	IS_AST_PARENT	
1479138	1479139	IS_AST_PARENT	
1479141	1479142	IS_AST_PARENT	
1479138	1479141	IS_AST_PARENT	
1479135	1479138	IS_AST_PARENT	
1479134	1479135	IS_AST_PARENT	
1479124	1479134	IS_AST_PARENT	
1479123	1479124	IS_AST_PARENT	
1479104	1479123	IS_AST_PARENT	
1479103	1479104	IS_AST_PARENT	
1479084	1479103	IS_AST_PARENT	
1478863	1479084	IS_AST_PARENT	
1479145	1479146	IS_AST_PARENT	
1479144	1479145	IS_AST_PARENT	
1479148	1479149	IS_AST_PARENT	
1479147	1479148	IS_AST_PARENT	
1479150	1479151	IS_AST_PARENT	
1479147	1479150	IS_AST_PARENT	
1479144	1479147	IS_AST_PARENT	
1479143	1479144	IS_AST_PARENT	
1478863	1479143	IS_AST_PARENT	
1479152	1479153	IS_AST_PARENT	
1478863	1479152	IS_AST_PARENT	
1478862	1478863	IS_AST_PARENT	
1478862	1479154	IS_AST_PARENT	
1478862	1479155	IS_AST_PARENT	
1479157	1479158	IS_AST_PARENT	
1479157	1479159	IS_AST_PARENT	
1479156	1479157	IS_AST_PARENT	
1479160	1479161	IS_AST_PARENT	
1479160	1479162	IS_AST_PARENT	
1479156	1479160	IS_AST_PARENT	
1479163	1479164	IS_AST_PARENT	
1479163	1479165	IS_AST_PARENT	
1479156	1479163	IS_AST_PARENT	
1478862	1479156	IS_AST_PARENT	
1479166	1479157	FLOWS_TO	
1479157	1479160	FLOWS_TO	
1479160	1479163	FLOWS_TO	
1479163	1478864	FLOWS_TO	
1478864	1478871	FLOWS_TO	
1478871	1478878	FLOWS_TO	
1478878	1478882	FLOWS_TO	
1478882	1478889	FLOWS_TO	
1478889	1478903	FLOWS_TO	
1478903	1478912	FLOWS_TO	
1478903	1478917	FLOWS_TO	
1478912	1478917	FLOWS_TO	
1478917	1479071	FLOWS_TO	
1478917	1479073	FLOWS_TO	
1478917	1478925	FLOWS_TO	
1478917	1478980	FLOWS_TO	
1478917	1479040	FLOWS_TO	
1478917	1479069	FLOWS_TO	
1478925	1478928	FLOWS_TO	
1478928	1478937	FLOWS_TO	
1478928	1478942	FLOWS_TO	
1478937	1478942	FLOWS_TO	
1478942	1478951	FLOWS_TO	
1478942	1478955	FLOWS_TO	
1478951	1478955	FLOWS_TO	
1478955	1478979	FLOWS_TO	
1478979	1479078	FLOWS_TO	
1478980	1478982	FLOWS_TO	
1478982	1478988	FLOWS_TO	
1478988	1479001	FLOWS_TO	
1479001	1479016	FLOWS_TO	
1479016	1479039	FLOWS_TO	
1479039	1479078	FLOWS_TO	
1479040	1479042	FLOWS_TO	
1479042	1479068	FLOWS_TO	
1479068	1479078	FLOWS_TO	
1479069	1479071	FLOWS_TO	
1479071	1479073	FLOWS_TO	
1479073	1479075	FLOWS_TO	
1479075	1479167	FLOWS_TO	
1479078	1479082	FLOWS_TO	
1479078	1479085	FLOWS_TO	
1479082	1479167	FLOWS_TO	
1479085	1479094	FLOWS_TO	
1479085	1479105	FLOWS_TO	
1479094	1479143	FLOWS_TO	
1479105	1479114	FLOWS_TO	
1479105	1479125	FLOWS_TO	
1479114	1479143	FLOWS_TO	
1479125	1479134	FLOWS_TO	
1479125	1479143	FLOWS_TO	
1479134	1479143	FLOWS_TO	
1479143	1479152	FLOWS_TO	
1479152	1479167	FLOWS_TO	
1479163	1479168	DEF	
1478889	1479168	USE	
1478891	1479168	USE	
1478928	1479169	USE	
1478937	1479170	USE	
1478938	1479170	USE	
1479160	1479171	DEF	
1478889	1479171	USE	
1478899	1479171	USE	
1478903	1479171	USE	
1478909	1479171	USE	
1478917	1479171	USE	
1478922	1479171	USE	
1478928	1479171	USE	
1478934	1479171	USE	
1478942	1479171	USE	
1478948	1479171	USE	
1478955	1479171	USE	
1478969	1479171	USE	
1478975	1479171	USE	
1478988	1479171	USE	
1478998	1479171	USE	
1479001	1479171	USE	
1479011	1479171	USE	
1479016	1479171	USE	
1479035	1479171	USE	
1479042	1479171	USE	
1479056	1479171	USE	
1479064	1479171	USE	
1479085	1479171	USE	
1479091	1479171	USE	
1479105	1479171	USE	
1479111	1479171	USE	
1479125	1479171	USE	
1479131	1479171	USE	
1478942	1479172	USE	
1478955	1479173	USE	
1478964	1479173	USE	
1478912	1479174	USE	
1478913	1479174	USE	
1479042	1479175	USE	
1479051	1479175	USE	
1478871	1479176	DEF	
1478872	1479176	DEF	
1478982	1479176	DEF	
1478983	1479176	DEF	
1479143	1479176	USE	
1479150	1479176	USE	
1478917	1479177	USE	
1478982	1479178	USE	
1478983	1479178	USE	
1478955	1479179	USE	
1478956	1479179	USE	
1479016	1479179	USE	
1479017	1479179	USE	
1479042	1479179	USE	
1479043	1479179	USE	
1479016	1479180	USE	
1479029	1479180	USE	
1478864	1479181	DEF	
1478868	1479181	DEF	
1478864	1479181	USE	
1478868	1479181	USE	
1478871	1479181	USE	
1478875	1479181	USE	
1478871	1479181	DEF	
1478875	1479181	DEF	
1479075	1479181	USE	
1479082	1479181	USE	
1478882	1479182	DEF	
1478883	1479182	DEF	
1478886	1479182	DEF	
1478912	1479182	DEF	
1478913	1479182	DEF	
1478912	1479182	USE	
1478913	1479182	USE	
1478937	1479182	USE	
1478938	1479182	USE	
1478937	1479182	DEF	
1478938	1479182	DEF	
1478951	1479182	DEF	
1478952	1479182	DEF	
1478951	1479182	USE	
1478952	1479182	USE	
1478955	1479182	USE	
1478971	1479182	USE	
1479016	1479182	USE	
1479029	1479182	USE	
1479042	1479182	USE	
1479058	1479182	USE	
1478951	1479183	USE	
1478952	1479183	USE	
1478988	1479184	DEF	
1478989	1479184	DEF	
1478889	1479185	USE	
1478890	1479185	USE	
1478903	1479185	USE	
1479085	1479186	USE	
1479001	1479187	DEF	
1479002	1479187	DEF	
1479125	1479188	USE	
1478889	1479189	USE	
1478890	1479189	USE	
1478903	1479189	USE	
1478928	1479189	USE	
1478942	1479189	USE	
1479085	1479189	USE	
1479105	1479189	USE	
1479125	1479189	USE	
1478878	1479190	DEF	
1478879	1479190	DEF	
1478988	1479190	DEF	
1478989	1479190	DEF	
1478988	1479190	USE	
1478990	1479190	USE	
1479001	1479190	DEF	
1479002	1479190	DEF	
1479001	1479190	USE	
1479003	1479190	USE	
1478955	1479191	USE	
1478973	1479191	USE	
1479016	1479191	USE	
1479033	1479191	USE	
1479042	1479191	USE	
1479062	1479191	USE	
1478988	1479192	USE	
1478989	1479192	USE	
1479001	1479192	USE	
1479002	1479192	USE	
1479042	1479193	USE	
1479058	1479193	USE	
1478864	1479194	DEF	
1478865	1479194	DEF	
1478955	1479194	DEF	
1478956	1479194	DEF	
1479016	1479194	DEF	
1479017	1479194	DEF	
1479042	1479194	DEF	
1479043	1479194	DEF	
1479078	1479194	USE	
1479094	1479194	USE	
1479099	1479194	USE	
1479114	1479194	USE	
1479119	1479194	USE	
1479134	1479194	USE	
1479139	1479194	USE	
1479143	1479194	USE	
1479148	1479194	USE	
1479152	1479194	USE	
1479105	1479195	USE	
1479157	1479196	DEF	
1478955	1479196	USE	
1478962	1479196	USE	
1479016	1479196	USE	
1479023	1479196	USE	
1479042	1479196	USE	
1479049	1479196	USE	
1478889	1479197	USE	
1478890	1479197	USE	
1478889	1479197	DEF	
1478890	1479197	DEF	
1479163	1478889	REACHES	_6d380d49d31e0f2a782cd16b6241b77f
1479160	1478955	REACHES	_8efcb05bfc28e993ceb0ed58bb8bd9c2
1479160	1478917	REACHES	_8efcb05bfc28e993ceb0ed58bb8bd9c2
1479160	1478889	REACHES	_8efcb05bfc28e993ceb0ed58bb8bd9c2
1479160	1478903	REACHES	_8efcb05bfc28e993ceb0ed58bb8bd9c2
1479160	1479125	REACHES	_8efcb05bfc28e993ceb0ed58bb8bd9c2
1479160	1479105	REACHES	_8efcb05bfc28e993ceb0ed58bb8bd9c2
1479160	1478928	REACHES	_8efcb05bfc28e993ceb0ed58bb8bd9c2
1479160	1478942	REACHES	_8efcb05bfc28e993ceb0ed58bb8bd9c2
1479160	1478988	REACHES	_8efcb05bfc28e993ceb0ed58bb8bd9c2
1479160	1479042	REACHES	_8efcb05bfc28e993ceb0ed58bb8bd9c2
1479160	1479001	REACHES	_8efcb05bfc28e993ceb0ed58bb8bd9c2
1479160	1479016	REACHES	_8efcb05bfc28e993ceb0ed58bb8bd9c2
1479160	1479085	REACHES	_8efcb05bfc28e993ceb0ed58bb8bd9c2
1478864	1478871	REACHES	NULL
1478871	1479075	REACHES	NULL
1478871	1479082	REACHES	NULL
1478878	1478988	REACHES	_c0806ddca8c39899a5f3911dbf6ac763
1478988	1479001	REACHES	_c0806ddca8c39899a5f3911dbf6ac763
1479157	1478955	REACHES	_9ebb6054527c57432e26e765c33dc4ae
1479157	1479016	REACHES	_9ebb6054527c57432e26e765c33dc4ae
1479157	1479042	REACHES	_9ebb6054527c57432e26e765c33dc4ae
1478889	1479167	REACHES	* _6d380d49d31e0f2a782cd16b6241b77f
1478871	1479143	REACHES	_12e623598383ae833d580ab02b6713f6
1478982	1479143	REACHES	_12e623598383ae833d580ab02b6713f6
1478882	1478951	REACHES	_3877ba2f29a3090dc37077b85ccc47bc
1478882	1479016	REACHES	_3877ba2f29a3090dc37077b85ccc47bc
1478882	1478912	REACHES	_3877ba2f29a3090dc37077b85ccc47bc
1478912	1479016	REACHES	_3877ba2f29a3090dc37077b85ccc47bc
1478912	1478937	REACHES	_3877ba2f29a3090dc37077b85ccc47bc
1478882	1478937	REACHES	_3877ba2f29a3090dc37077b85ccc47bc
1478912	1478951	REACHES	_3877ba2f29a3090dc37077b85ccc47bc
1478937	1478951	REACHES	_3877ba2f29a3090dc37077b85ccc47bc
1478912	1478955	REACHES	_3877ba2f29a3090dc37077b85ccc47bc
1478882	1478955	REACHES	_3877ba2f29a3090dc37077b85ccc47bc
1478912	1479042	REACHES	_3877ba2f29a3090dc37077b85ccc47bc
1478951	1478955	REACHES	_3877ba2f29a3090dc37077b85ccc47bc
1478937	1478955	REACHES	_3877ba2f29a3090dc37077b85ccc47bc
1478882	1479042	REACHES	_3877ba2f29a3090dc37077b85ccc47bc
1479016	1479078	REACHES	_02d3d070c4497ef961285930a546ffe3
1478955	1479078	REACHES	_02d3d070c4497ef961285930a546ffe3
1479042	1479078	REACHES	_02d3d070c4497ef961285930a546ffe3
1478955	1479134	REACHES	_02d3d070c4497ef961285930a546ffe3
1479016	1479134	REACHES	_02d3d070c4497ef961285930a546ffe3
1479016	1479143	REACHES	_02d3d070c4497ef961285930a546ffe3
1478955	1479152	REACHES	_02d3d070c4497ef961285930a546ffe3
1479016	1479152	REACHES	_02d3d070c4497ef961285930a546ffe3
1478955	1479094	REACHES	_02d3d070c4497ef961285930a546ffe3
1479042	1479152	REACHES	_02d3d070c4497ef961285930a546ffe3
1479042	1479094	REACHES	_02d3d070c4497ef961285930a546ffe3
1479016	1479094	REACHES	_02d3d070c4497ef961285930a546ffe3
1479042	1479134	REACHES	_02d3d070c4497ef961285930a546ffe3
1479042	1479143	REACHES	_02d3d070c4497ef961285930a546ffe3
1478955	1479143	REACHES	_02d3d070c4497ef961285930a546ffe3
1478955	1479114	REACHES	_02d3d070c4497ef961285930a546ffe3
1479042	1479114	REACHES	_02d3d070c4497ef961285930a546ffe3
1479016	1479114	REACHES	_02d3d070c4497ef961285930a546ffe3
1479166	1479157	CONTROLS	
1479166	1479160	CONTROLS	
1479166	1479163	CONTROLS	
1479166	1478864	CONTROLS	
1479166	1478871	CONTROLS	
1479166	1478878	CONTROLS	
1479166	1478882	CONTROLS	
1479166	1478889	CONTROLS	
1479166	1478903	CONTROLS	
1479166	1478917	CONTROLS	
1478903	1478912	CONTROLS	
1478917	1479071	CONTROLS	
1478917	1479073	CONTROLS	
1478917	1479075	CONTROLS	
1478917	1479073	CONTROLS	
1478917	1479075	CONTROLS	
1478917	1478925	CONTROLS	
1478917	1478928	CONTROLS	
1478917	1478942	CONTROLS	
1478917	1478955	CONTROLS	
1478917	1478979	CONTROLS	
1478917	1479078	CONTROLS	
1478917	1478980	CONTROLS	
1478917	1478982	CONTROLS	
1478917	1478988	CONTROLS	
1478917	1479001	CONTROLS	
1478917	1479016	CONTROLS	
1478917	1479039	CONTROLS	
1478917	1479078	CONTROLS	
1478917	1479040	CONTROLS	
1478917	1479042	CONTROLS	
1478917	1479068	CONTROLS	
1478917	1479078	CONTROLS	
1478917	1479069	CONTROLS	
1478917	1479071	CONTROLS	
1478917	1479073	CONTROLS	
1478917	1479075	CONTROLS	
1478928	1478937	CONTROLS	
1478942	1478951	CONTROLS	
1479078	1479082	CONTROLS	
1479078	1479085	CONTROLS	
1479078	1479143	CONTROLS	
1479078	1479152	CONTROLS	
1479085	1479094	CONTROLS	
1479085	1479105	CONTROLS	
1479105	1479114	CONTROLS	
1479105	1479125	CONTROLS	
1479125	1479134	CONTROLS	
1478917	1479078	DOM	
1479073	1479075	DOM	
1479016	1479039	DOM	
1478903	1478912	DOM	
1478917	1478925	DOM	
1478988	1479001	DOM	
1479085	1479105	DOM	
1478980	1478982	DOM	
1479040	1479042	DOM	
1478917	1479071	DOM	
1478925	1478928	DOM	
1478982	1478988	DOM	
1478917	1479040	DOM	
1479078	1479082	DOM	
1479143	1479152	DOM	
1479157	1479160	DOM	
1479163	1478864	DOM	
1479001	1479016	DOM	
1479125	1479134	DOM	
1478882	1478889	DOM	
1478928	1478937	DOM	
1478928	1478942	DOM	
1478942	1478951	DOM	
1479085	1479143	DOM	
1479078	1479085	DOM	
1479166	1479166	DOM	
1479105	1479114	DOM	
1479105	1479125	DOM	
1479042	1479068	DOM	
1478917	1479167	DOM	
1478917	1478980	DOM	
1479085	1479094	DOM	
1479160	1479163	DOM	
1478955	1478979	DOM	
1478878	1478882	DOM	
1478864	1478871	DOM	
1478871	1478878	DOM	
1478917	1479069	DOM	
1478903	1478917	DOM	
1478889	1478903	DOM	
1478917	1479073	DOM	
1479166	1479157	DOM	
1478942	1478955	DOM	
1479167	1479078	POST_DOM	
1479167	1479075	POST_DOM	
1479078	1479039	POST_DOM	
1478917	1478912	POST_DOM	
1478928	1478925	POST_DOM	
1479016	1479001	POST_DOM	
1478988	1478982	POST_DOM	
1479068	1479042	POST_DOM	
1479143	1479105	POST_DOM	
1479073	1479071	POST_DOM	
1478942	1478928	POST_DOM	
1479001	1478988	POST_DOM	
1479042	1479040	POST_DOM	
1479167	1479082	POST_DOM	
1479167	1479152	POST_DOM	
1478871	1478864	POST_DOM	
1479163	1479160	POST_DOM	
1479039	1479016	POST_DOM	
1479143	1479134	POST_DOM	
1478903	1478889	POST_DOM	
1478942	1478937	POST_DOM	
1478955	1478942	POST_DOM	
1478955	1478951	POST_DOM	
1479152	1479143	POST_DOM	
1479143	1479085	POST_DOM	
1479157	1479166	POST_DOM	
1479143	1479114	POST_DOM	
1479143	1479125	POST_DOM	
1479078	1479068	POST_DOM	
1479167	1479167	POST_DOM	
1478982	1478980	POST_DOM	
1479143	1479094	POST_DOM	
1478864	1479163	POST_DOM	
1479078	1478979	POST_DOM	
1478889	1478882	POST_DOM	
1478882	1478878	POST_DOM	
1478878	1478871	POST_DOM	
1479071	1479069	POST_DOM	
1479167	1478917	POST_DOM	
1479075	1479073	POST_DOM	
1478917	1478903	POST_DOM	
1479160	1479157	POST_DOM	
1478979	1478955	POST_DOM	
1478861	1478862	IS_FUNCTION_OF_AST	
1478861	1479166	IS_FUNCTION_OF_CFG	
1477857	1478861	IS_FILE_OF	
1479203	1479204	IS_AST_PARENT	
1479202	1479203	IS_AST_PARENT	
1479206	1479207	IS_AST_PARENT	
1479205	1479206	IS_AST_PARENT	
1479202	1479205	IS_AST_PARENT	
1479201	1479202	IS_AST_PARENT	
1479200	1479201	IS_AST_PARENT	
1479210	1479211	IS_AST_PARENT	
1479209	1479210	IS_AST_PARENT	
1479213	1479214	IS_AST_PARENT	
1479212	1479213	IS_AST_PARENT	
1479209	1479212	IS_AST_PARENT	
1479208	1479209	IS_AST_PARENT	
1479200	1479208	IS_AST_PARENT	
1479199	1479200	IS_AST_PARENT	
1479199	1479215	IS_AST_PARENT	
1479199	1479216	IS_AST_PARENT	
1479218	1479219	IS_AST_PARENT	
1479218	1479220	IS_AST_PARENT	
1479217	1479218	IS_AST_PARENT	
1479221	1479222	IS_AST_PARENT	
1479221	1479223	IS_AST_PARENT	
1479217	1479221	IS_AST_PARENT	
1479224	1479225	IS_AST_PARENT	
1479224	1479226	IS_AST_PARENT	
1479217	1479224	IS_AST_PARENT	
1479199	1479217	IS_AST_PARENT	
1479227	1479218	FLOWS_TO	
1479218	1479221	FLOWS_TO	
1479221	1479224	FLOWS_TO	
1479224	1479201	FLOWS_TO	
1479201	1479208	FLOWS_TO	
1479208	1479228	FLOWS_TO	
1479224	1479229	DEF	
1479201	1479229	USE	
1479206	1479229	USE	
1479208	1479229	USE	
1479213	1479229	USE	
1479221	1479230	DEF	
1479218	1479231	DEF	
1479224	1479201	REACHES	_a27afa9e070f65a370766e2fff437f8c
1479224	1479208	REACHES	_a27afa9e070f65a370766e2fff437f8c
1479227	1479218	CONTROLS	
1479227	1479221	CONTROLS	
1479227	1479224	CONTROLS	
1479227	1479201	CONTROLS	
1479227	1479208	CONTROLS	
1479218	1479221	DOM	
1479201	1479208	DOM	
1479208	1479228	DOM	
1479221	1479224	DOM	
1479227	1479227	DOM	
1479227	1479218	DOM	
1479224	1479201	DOM	
1479228	1479208	POST_DOM	
1479224	1479221	POST_DOM	
1479228	1479228	POST_DOM	
1479201	1479224	POST_DOM	
1479218	1479227	POST_DOM	
1479221	1479218	POST_DOM	
1479208	1479201	POST_DOM	
1479198	1479199	IS_FUNCTION_OF_AST	
1479198	1479227	IS_FUNCTION_OF_CFG	
1477857	1479198	IS_FILE_OF	
1479232	1479233	DECLARES	
1479239	1479240	IS_AST_PARENT	
1479238	1479239	IS_AST_PARENT	
1479242	1479243	IS_AST_PARENT	
1479241	1479242	IS_AST_PARENT	
1479244	1479245	IS_AST_PARENT	
1479241	1479244	IS_AST_PARENT	
1479238	1479241	IS_AST_PARENT	
1479237	1479238	IS_AST_PARENT	
1479236	1479237	IS_AST_PARENT	
1479248	1479249	IS_AST_PARENT	
1479247	1479248	IS_AST_PARENT	
1479251	1479252	IS_AST_PARENT	
1479250	1479251	IS_AST_PARENT	
1479253	1479254	IS_AST_PARENT	
1479250	1479253	IS_AST_PARENT	
1479255	1479256	IS_AST_PARENT	
1479250	1479255	IS_AST_PARENT	
1479247	1479250	IS_AST_PARENT	
1479246	1479247	IS_AST_PARENT	
1479236	1479246	IS_AST_PARENT	
1479235	1479236	IS_AST_PARENT	
1479235	1479257	IS_AST_PARENT	
1479235	1479258	IS_AST_PARENT	
1479260	1479261	IS_AST_PARENT	
1479260	1479262	IS_AST_PARENT	
1479259	1479260	IS_AST_PARENT	
1479235	1479259	IS_AST_PARENT	
1479263	1479260	FLOWS_TO	
1479260	1479237	FLOWS_TO	
1479237	1479246	FLOWS_TO	
1479246	1479264	FLOWS_TO	
1479260	1479265	DEF	
1479237	1479265	USE	
1479242	1479265	USE	
1479246	1479265	USE	
1479255	1479265	USE	
1479246	1479266	USE	
1479251	1479266	USE	
1479246	1479267	USE	
1479260	1479237	REACHES	_250dcbfc7d9da9d537b45cddbf150129
1479260	1479246	REACHES	_250dcbfc7d9da9d537b45cddbf150129
1479263	1479260	CONTROLS	
1479263	1479237	CONTROLS	
1479263	1479246	CONTROLS	
1479263	1479260	DOM	
1479237	1479246	DOM	
1479260	1479237	DOM	
1479246	1479264	DOM	
1479263	1479263	DOM	
1479237	1479260	POST_DOM	
1479264	1479246	POST_DOM	
1479264	1479264	POST_DOM	
1479246	1479237	POST_DOM	
1479260	1479263	POST_DOM	
1479234	1479235	IS_FUNCTION_OF_AST	
1479234	1479263	IS_FUNCTION_OF_CFG	
1477857	1479234	IS_FILE_OF	
