start	end	type	var
1390759	1390760	DECLARES	
1390761	1390762	DECLARES	
1390763	1390764	DECLARES	
1390765	1390766	DECLARES	
1390767	1390768	DECLARES	
1390769	1390770	DECLARES	
1390777	1390778	IS_AST_PARENT	
1390777	1390779	IS_AST_PARENT	
1390776	1390777	IS_AST_PARENT	
1390781	1390782	IS_AST_PARENT	
1390781	1390783	IS_AST_PARENT	
1390780	1390781	IS_AST_PARENT	
1390780	1390784	IS_AST_PARENT	
1390776	1390780	IS_AST_PARENT	
1390775	1390776	IS_AST_PARENT	
1390774	1390775	IS_AST_PARENT	
1390787	1390788	IS_AST_PARENT	
1390786	1390787	IS_AST_PARENT	
1390790	1390791	IS_AST_PARENT	
1390789	1390790	IS_AST_PARENT	
1390792	1390793	IS_AST_PARENT	
1390789	1390792	IS_AST_PARENT	
1390794	1390795	IS_AST_PARENT	
1390789	1390794	IS_AST_PARENT	
1390786	1390789	IS_AST_PARENT	
1390785	1390786	IS_AST_PARENT	
1390774	1390785	IS_AST_PARENT	
1390773	1390774	IS_AST_PARENT	
1390796	1390797	IS_AST_PARENT	
1390796	1390798	IS_AST_PARENT	
1390796	1390799	IS_AST_PARENT	
1390796	1390800	IS_AST_PARENT	
1390796	1390801	IS_AST_PARENT	
1390796	1390802	IS_AST_PARENT	
1390796	1390803	IS_AST_PARENT	
1390796	1390804	IS_AST_PARENT	
1390796	1390805	IS_AST_PARENT	
1390807	1390808	IS_AST_PARENT	
1390807	1390809	IS_AST_PARENT	
1390807	1390810	IS_AST_PARENT	
1390807	1390811	IS_AST_PARENT	
1390807	1390812	IS_AST_PARENT	
1390807	1390813	IS_AST_PARENT	
1390807	1390814	IS_AST_PARENT	
1390807	1390815	IS_AST_PARENT	
1390807	1390816	IS_AST_PARENT	
1390806	1390807	IS_AST_PARENT	
1390806	1390817	IS_AST_PARENT	
1390818	1390819	IS_AST_PARENT	
1390818	1390820	IS_AST_PARENT	
1390818	1390821	IS_AST_PARENT	
1390818	1390822	IS_AST_PARENT	
1390818	1390823	IS_AST_PARENT	
1390818	1390824	IS_AST_PARENT	
1390818	1390825	IS_AST_PARENT	
1390818	1390826	IS_AST_PARENT	
1390818	1390827	IS_AST_PARENT	
1390806	1390818	IS_AST_PARENT	
1390796	1390806	IS_AST_PARENT	
1390796	1390828	IS_AST_PARENT	
1390830	1390831	IS_AST_PARENT	
1390830	1390832	IS_AST_PARENT	
1390833	1390834	IS_AST_PARENT	
1390835	1390836	IS_AST_PARENT	
1390835	1390837	IS_AST_PARENT	
1390833	1390835	IS_AST_PARENT	
1390830	1390833	IS_AST_PARENT	
1390829	1390830	IS_AST_PARENT	
1390796	1390829	IS_AST_PARENT	
1390796	1390838	IS_AST_PARENT	
1390841	1390842	IS_AST_PARENT	
1390841	1390843	IS_AST_PARENT	
1390840	1390841	IS_AST_PARENT	
1390840	1390844	IS_AST_PARENT	
1390839	1390840	IS_AST_PARENT	
1390796	1390839	IS_AST_PARENT	
1390846	1390847	IS_AST_PARENT	
1390846	1390848	IS_AST_PARENT	
1390849	1390850	IS_AST_PARENT	
1390849	1390851	IS_AST_PARENT	
1390846	1390849	IS_AST_PARENT	
1390845	1390846	IS_AST_PARENT	
1390796	1390845	IS_AST_PARENT	
1390796	1390852	IS_AST_PARENT	
1390796	1390853	IS_AST_PARENT	
1390856	1390857	IS_AST_PARENT	
1390856	1390858	IS_AST_PARENT	
1390855	1390856	IS_AST_PARENT	
1390855	1390859	IS_AST_PARENT	
1390854	1390855	IS_AST_PARENT	
1390796	1390854	IS_AST_PARENT	
1390861	1390862	IS_AST_PARENT	
1390861	1390863	IS_AST_PARENT	
1390860	1390861	IS_AST_PARENT	
1390864	1390865	IS_AST_PARENT	
1390864	1390866	IS_AST_PARENT	
1390860	1390864	IS_AST_PARENT	
1390796	1390860	IS_AST_PARENT	
1390869	1390870	IS_AST_PARENT	
1390869	1390871	IS_AST_PARENT	
1390868	1390869	IS_AST_PARENT	
1390867	1390868	IS_AST_PARENT	
1390873	1390874	IS_AST_PARENT	
1390873	1390875	IS_AST_PARENT	
1390872	1390873	IS_AST_PARENT	
1390867	1390872	IS_AST_PARENT	
1390876	1390877	IS_AST_PARENT	
1390876	1390878	IS_AST_PARENT	
1390867	1390876	IS_AST_PARENT	
1390882	1390883	IS_AST_PARENT	
1390882	1390884	IS_AST_PARENT	
1390881	1390882	IS_AST_PARENT	
1390880	1390881	IS_AST_PARENT	
1390886	1390887	IS_AST_PARENT	
1390886	1390888	IS_AST_PARENT	
1390885	1390886	IS_AST_PARENT	
1390880	1390885	IS_AST_PARENT	
1390889	1390890	IS_AST_PARENT	
1390889	1390891	IS_AST_PARENT	
1390880	1390889	IS_AST_PARENT	
1390895	1390896	IS_AST_PARENT	
1390895	1390897	IS_AST_PARENT	
1390894	1390895	IS_AST_PARENT	
1390894	1390898	IS_AST_PARENT	
1390893	1390894	IS_AST_PARENT	
1390893	1390899	IS_AST_PARENT	
1390892	1390893	IS_AST_PARENT	
1390880	1390892	IS_AST_PARENT	
1390879	1390880	IS_AST_PARENT	
1390867	1390879	IS_AST_PARENT	
1390796	1390867	IS_AST_PARENT	
1390902	1390903	IS_AST_PARENT	
1390902	1390904	IS_AST_PARENT	
1390901	1390902	IS_AST_PARENT	
1390900	1390901	IS_AST_PARENT	
1390906	1390907	IS_AST_PARENT	
1390906	1390908	IS_AST_PARENT	
1390905	1390906	IS_AST_PARENT	
1390900	1390905	IS_AST_PARENT	
1390909	1390910	IS_AST_PARENT	
1390909	1390911	IS_AST_PARENT	
1390900	1390909	IS_AST_PARENT	
1390915	1390916	IS_AST_PARENT	
1390915	1390917	IS_AST_PARENT	
1390914	1390915	IS_AST_PARENT	
1390913	1390914	IS_AST_PARENT	
1390919	1390920	IS_AST_PARENT	
1390919	1390921	IS_AST_PARENT	
1390918	1390919	IS_AST_PARENT	
1390913	1390918	IS_AST_PARENT	
1390922	1390923	IS_AST_PARENT	
1390922	1390924	IS_AST_PARENT	
1390913	1390922	IS_AST_PARENT	
1390928	1390929	IS_AST_PARENT	
1390928	1390930	IS_AST_PARENT	
1390927	1390928	IS_AST_PARENT	
1390927	1390931	IS_AST_PARENT	
1390926	1390927	IS_AST_PARENT	
1390926	1390932	IS_AST_PARENT	
1390925	1390926	IS_AST_PARENT	
1390913	1390925	IS_AST_PARENT	
1390912	1390913	IS_AST_PARENT	
1390900	1390912	IS_AST_PARENT	
1390796	1390900	IS_AST_PARENT	
1390937	1390938	IS_AST_PARENT	
1390937	1390939	IS_AST_PARENT	
1390936	1390937	IS_AST_PARENT	
1390936	1390940	IS_AST_PARENT	
1390935	1390936	IS_AST_PARENT	
1390935	1390941	IS_AST_PARENT	
1390934	1390935	IS_AST_PARENT	
1390933	1390934	IS_AST_PARENT	
1390945	1390946	IS_AST_PARENT	
1390945	1390947	IS_AST_PARENT	
1390944	1390945	IS_AST_PARENT	
1390944	1390948	IS_AST_PARENT	
1390943	1390944	IS_AST_PARENT	
1390949	1390950	IS_AST_PARENT	
1390949	1390951	IS_AST_PARENT	
1390943	1390949	IS_AST_PARENT	
1390942	1390943	IS_AST_PARENT	
1390933	1390942	IS_AST_PARENT	
1390952	1390953	IS_AST_PARENT	
1390955	1390956	IS_AST_PARENT	
1390955	1390957	IS_AST_PARENT	
1390954	1390955	IS_AST_PARENT	
1390954	1390958	IS_AST_PARENT	
1390952	1390954	IS_AST_PARENT	
1390933	1390952	IS_AST_PARENT	
1390959	1390960	IS_AST_PARENT	
1390959	1390961	IS_AST_PARENT	
1390959	1390962	IS_AST_PARENT	
1390959	1390963	IS_AST_PARENT	
1390959	1390964	IS_AST_PARENT	
1390959	1390965	IS_AST_PARENT	
1390959	1390966	IS_AST_PARENT	
1390959	1390967	IS_AST_PARENT	
1390959	1390968	IS_AST_PARENT	
1390959	1390969	IS_AST_PARENT	
1390971	1390972	IS_AST_PARENT	
1390971	1390973	IS_AST_PARENT	
1390971	1390974	IS_AST_PARENT	
1390971	1390975	IS_AST_PARENT	
1390971	1390976	IS_AST_PARENT	
1390971	1390977	IS_AST_PARENT	
1390971	1390978	IS_AST_PARENT	
1390971	1390979	IS_AST_PARENT	
1390971	1390980	IS_AST_PARENT	
1390971	1390981	IS_AST_PARENT	
1390971	1390982	IS_AST_PARENT	
1390971	1390983	IS_AST_PARENT	
1390971	1390984	IS_AST_PARENT	
1390971	1390985	IS_AST_PARENT	
1390971	1390986	IS_AST_PARENT	
1390971	1390987	IS_AST_PARENT	
1390971	1390988	IS_AST_PARENT	
1390971	1390989	IS_AST_PARENT	
1390971	1390990	IS_AST_PARENT	
1390971	1390991	IS_AST_PARENT	
1390971	1390992	IS_AST_PARENT	
1390971	1390993	IS_AST_PARENT	
1390971	1390994	IS_AST_PARENT	
1390971	1390995	IS_AST_PARENT	
1390971	1390996	IS_AST_PARENT	
1390971	1390997	IS_AST_PARENT	
1390971	1390998	IS_AST_PARENT	
1390971	1390999	IS_AST_PARENT	
1390971	1391000	IS_AST_PARENT	
1390971	1391001	IS_AST_PARENT	
1390971	1391002	IS_AST_PARENT	
1390971	1391003	IS_AST_PARENT	
1390971	1391004	IS_AST_PARENT	
1390971	1391005	IS_AST_PARENT	
1390971	1391006	IS_AST_PARENT	
1390970	1390971	IS_AST_PARENT	
1390970	1391007	IS_AST_PARENT	
1391008	1391009	IS_AST_PARENT	
1391008	1391010	IS_AST_PARENT	
1391008	1391011	IS_AST_PARENT	
1391008	1391012	IS_AST_PARENT	
1391008	1391013	IS_AST_PARENT	
1391008	1391014	IS_AST_PARENT	
1391008	1391015	IS_AST_PARENT	
1391008	1391016	IS_AST_PARENT	
1391008	1391017	IS_AST_PARENT	
1391008	1391018	IS_AST_PARENT	
1391008	1391019	IS_AST_PARENT	
1391008	1391020	IS_AST_PARENT	
1391008	1391021	IS_AST_PARENT	
1391008	1391022	IS_AST_PARENT	
1391008	1391023	IS_AST_PARENT	
1391008	1391024	IS_AST_PARENT	
1391008	1391025	IS_AST_PARENT	
1391008	1391026	IS_AST_PARENT	
1391008	1391027	IS_AST_PARENT	
1391008	1391028	IS_AST_PARENT	
1391008	1391029	IS_AST_PARENT	
1391008	1391030	IS_AST_PARENT	
1391008	1391031	IS_AST_PARENT	
1391008	1391032	IS_AST_PARENT	
1391008	1391033	IS_AST_PARENT	
1391008	1391034	IS_AST_PARENT	
1391008	1391035	IS_AST_PARENT	
1391008	1391036	IS_AST_PARENT	
1391008	1391037	IS_AST_PARENT	
1391008	1391038	IS_AST_PARENT	
1391008	1391039	IS_AST_PARENT	
1391008	1391040	IS_AST_PARENT	
1391008	1391041	IS_AST_PARENT	
1391008	1391042	IS_AST_PARENT	
1391008	1391043	IS_AST_PARENT	
1390970	1391008	IS_AST_PARENT	
1390970	1391044	IS_AST_PARENT	
1391045	1391046	IS_AST_PARENT	
1391045	1391047	IS_AST_PARENT	
1391045	1391048	IS_AST_PARENT	
1391045	1391049	IS_AST_PARENT	
1391045	1391050	IS_AST_PARENT	
1391045	1391051	IS_AST_PARENT	
1391045	1391052	IS_AST_PARENT	
1391045	1391053	IS_AST_PARENT	
1391045	1391054	IS_AST_PARENT	
1391045	1391055	IS_AST_PARENT	
1391045	1391056	IS_AST_PARENT	
1391045	1391057	IS_AST_PARENT	
1391045	1391058	IS_AST_PARENT	
1391045	1391059	IS_AST_PARENT	
1391045	1391060	IS_AST_PARENT	
1391045	1391061	IS_AST_PARENT	
1391045	1391062	IS_AST_PARENT	
1391045	1391063	IS_AST_PARENT	
1391045	1391064	IS_AST_PARENT	
1391045	1391065	IS_AST_PARENT	
1391045	1391066	IS_AST_PARENT	
1391045	1391067	IS_AST_PARENT	
1391045	1391068	IS_AST_PARENT	
1391045	1391069	IS_AST_PARENT	
1391045	1391070	IS_AST_PARENT	
1391045	1391071	IS_AST_PARENT	
1391045	1391072	IS_AST_PARENT	
1391045	1391073	IS_AST_PARENT	
1391045	1391074	IS_AST_PARENT	
1391045	1391075	IS_AST_PARENT	
1391045	1391076	IS_AST_PARENT	
1391045	1391077	IS_AST_PARENT	
1391045	1391078	IS_AST_PARENT	
1391045	1391079	IS_AST_PARENT	
1391045	1391080	IS_AST_PARENT	
1390970	1391045	IS_AST_PARENT	
1390959	1390970	IS_AST_PARENT	
1390959	1391081	IS_AST_PARENT	
1391083	1391084	IS_AST_PARENT	
1391085	1391086	IS_AST_PARENT	
1391088	1391089	IS_AST_PARENT	
1391088	1391090	IS_AST_PARENT	
1391087	1391088	IS_AST_PARENT	
1391087	1391091	IS_AST_PARENT	
1391085	1391087	IS_AST_PARENT	
1391083	1391085	IS_AST_PARENT	
1391082	1391083	IS_AST_PARENT	
1390959	1391082	IS_AST_PARENT	
1391093	1391094	IS_AST_PARENT	
1391093	1391095	IS_AST_PARENT	
1391092	1391093	IS_AST_PARENT	
1391096	1391097	IS_AST_PARENT	
1391096	1391098	IS_AST_PARENT	
1391092	1391096	IS_AST_PARENT	
1390959	1391092	IS_AST_PARENT	
1391101	1391102	IS_AST_PARENT	
1391101	1391103	IS_AST_PARENT	
1391100	1391101	IS_AST_PARENT	
1391099	1391100	IS_AST_PARENT	
1391105	1391106	IS_AST_PARENT	
1391105	1391107	IS_AST_PARENT	
1391104	1391105	IS_AST_PARENT	
1391099	1391104	IS_AST_PARENT	
1391108	1391109	IS_AST_PARENT	
1391108	1391110	IS_AST_PARENT	
1391099	1391108	IS_AST_PARENT	
1391114	1391115	IS_AST_PARENT	
1391114	1391116	IS_AST_PARENT	
1391113	1391114	IS_AST_PARENT	
1391112	1391113	IS_AST_PARENT	
1391118	1391119	IS_AST_PARENT	
1391118	1391120	IS_AST_PARENT	
1391117	1391118	IS_AST_PARENT	
1391112	1391117	IS_AST_PARENT	
1391121	1391122	IS_AST_PARENT	
1391121	1391123	IS_AST_PARENT	
1391112	1391121	IS_AST_PARENT	
1391127	1391128	IS_AST_PARENT	
1391127	1391129	IS_AST_PARENT	
1391126	1391127	IS_AST_PARENT	
1391126	1391130	IS_AST_PARENT	
1391125	1391126	IS_AST_PARENT	
1391131	1391132	IS_AST_PARENT	
1391134	1391135	IS_AST_PARENT	
1391134	1391136	IS_AST_PARENT	
1391133	1391134	IS_AST_PARENT	
1391133	1391137	IS_AST_PARENT	
1391131	1391133	IS_AST_PARENT	
1391125	1391131	IS_AST_PARENT	
1391124	1391125	IS_AST_PARENT	
1391112	1391124	IS_AST_PARENT	
1391111	1391112	IS_AST_PARENT	
1391099	1391111	IS_AST_PARENT	
1390959	1391099	IS_AST_PARENT	
1391139	1391140	IS_AST_PARENT	
1391141	1391142	IS_AST_PARENT	
1391141	1391143	IS_AST_PARENT	
1391139	1391141	IS_AST_PARENT	
1391138	1391139	IS_AST_PARENT	
1390959	1391138	IS_AST_PARENT	
1391147	1391148	IS_AST_PARENT	
1391147	1391149	IS_AST_PARENT	
1391146	1391147	IS_AST_PARENT	
1391146	1391150	IS_AST_PARENT	
1391145	1391146	IS_AST_PARENT	
1391144	1391145	IS_AST_PARENT	
1391144	1391151	IS_AST_PARENT	
1390959	1391144	IS_AST_PARENT	
1391155	1391156	IS_AST_PARENT	
1391155	1391157	IS_AST_PARENT	
1391154	1391155	IS_AST_PARENT	
1391154	1391158	IS_AST_PARENT	
1391153	1391154	IS_AST_PARENT	
1391160	1391161	IS_AST_PARENT	
1391164	1391165	IS_AST_PARENT	
1391164	1391166	IS_AST_PARENT	
1391163	1391164	IS_AST_PARENT	
1391163	1391167	IS_AST_PARENT	
1391162	1391163	IS_AST_PARENT	
1391168	1391169	IS_AST_PARENT	
1391168	1391170	IS_AST_PARENT	
1391162	1391168	IS_AST_PARENT	
1391160	1391162	IS_AST_PARENT	
1391159	1391160	IS_AST_PARENT	
1391171	1391172	IS_AST_PARENT	
1391174	1391175	IS_AST_PARENT	
1391174	1391176	IS_AST_PARENT	
1391173	1391174	IS_AST_PARENT	
1391173	1391177	IS_AST_PARENT	
1391171	1391173	IS_AST_PARENT	
1391159	1391171	IS_AST_PARENT	
1391153	1391159	IS_AST_PARENT	
1391152	1391153	IS_AST_PARENT	
1390959	1391152	IS_AST_PARENT	
1391181	1391182	IS_AST_PARENT	
1391181	1391183	IS_AST_PARENT	
1391180	1391181	IS_AST_PARENT	
1391180	1391184	IS_AST_PARENT	
1391179	1391180	IS_AST_PARENT	
1391178	1391179	IS_AST_PARENT	
1391178	1391185	IS_AST_PARENT	
1390959	1391178	IS_AST_PARENT	
1390933	1390959	IS_AST_PARENT	
1390796	1390933	IS_AST_PARENT	
1391189	1391190	IS_AST_PARENT	
1391189	1391191	IS_AST_PARENT	
1391188	1391189	IS_AST_PARENT	
1391188	1391192	IS_AST_PARENT	
1391187	1391188	IS_AST_PARENT	
1391194	1391195	IS_AST_PARENT	
1391199	1391200	IS_AST_PARENT	
1391199	1391201	IS_AST_PARENT	
1391198	1391199	IS_AST_PARENT	
1391198	1391202	IS_AST_PARENT	
1391197	1391198	IS_AST_PARENT	
1391204	1391205	IS_AST_PARENT	
1391204	1391206	IS_AST_PARENT	
1391203	1391204	IS_AST_PARENT	
1391203	1391207	IS_AST_PARENT	
1391197	1391203	IS_AST_PARENT	
1391196	1391197	IS_AST_PARENT	
1391196	1391208	IS_AST_PARENT	
1391194	1391196	IS_AST_PARENT	
1391193	1391194	IS_AST_PARENT	
1391209	1391210	IS_AST_PARENT	
1391212	1391213	IS_AST_PARENT	
1391212	1391214	IS_AST_PARENT	
1391211	1391212	IS_AST_PARENT	
1391211	1391215	IS_AST_PARENT	
1391209	1391211	IS_AST_PARENT	
1391193	1391209	IS_AST_PARENT	
1391187	1391193	IS_AST_PARENT	
1391186	1391187	IS_AST_PARENT	
1390796	1391186	IS_AST_PARENT	
1391218	1391219	IS_AST_PARENT	
1391218	1391220	IS_AST_PARENT	
1391217	1391218	IS_AST_PARENT	
1391216	1391217	IS_AST_PARENT	
1391222	1391223	IS_AST_PARENT	
1391224	1391225	IS_AST_PARENT	
1391224	1391226	IS_AST_PARENT	
1391222	1391224	IS_AST_PARENT	
1391221	1391222	IS_AST_PARENT	
1391216	1391221	IS_AST_PARENT	
1391227	1391228	IS_AST_PARENT	
1391227	1391229	IS_AST_PARENT	
1391216	1391227	IS_AST_PARENT	
1391232	1391233	IS_AST_PARENT	
1391232	1391234	IS_AST_PARENT	
1391235	1391236	IS_AST_PARENT	
1391237	1391238	IS_AST_PARENT	
1391237	1391239	IS_AST_PARENT	
1391235	1391237	IS_AST_PARENT	
1391232	1391235	IS_AST_PARENT	
1391231	1391232	IS_AST_PARENT	
1391230	1391231	IS_AST_PARENT	
1391242	1391243	IS_AST_PARENT	
1391242	1391244	IS_AST_PARENT	
1391241	1391242	IS_AST_PARENT	
1391245	1391246	IS_AST_PARENT	
1391248	1391249	IS_AST_PARENT	
1391248	1391250	IS_AST_PARENT	
1391247	1391248	IS_AST_PARENT	
1391247	1391251	IS_AST_PARENT	
1391245	1391247	IS_AST_PARENT	
1391241	1391245	IS_AST_PARENT	
1391240	1391241	IS_AST_PARENT	
1391230	1391240	IS_AST_PARENT	
1391254	1391255	IS_AST_PARENT	
1391254	1391256	IS_AST_PARENT	
1391253	1391254	IS_AST_PARENT	
1391258	1391259	IS_AST_PARENT	
1391261	1391262	IS_AST_PARENT	
1391268	1391269	IS_AST_PARENT	
1391271	1391272	IS_AST_PARENT	
1391273	1391274	IS_AST_PARENT	
1391273	1391275	IS_AST_PARENT	
1391271	1391273	IS_AST_PARENT	
1391270	1391271	IS_AST_PARENT	
1391270	1391276	IS_AST_PARENT	
1391268	1391270	IS_AST_PARENT	
1391267	1391268	IS_AST_PARENT	
1391277	1391278	IS_AST_PARENT	
1391277	1391279	IS_AST_PARENT	
1391267	1391277	IS_AST_PARENT	
1391266	1391267	IS_AST_PARENT	
1391280	1391281	IS_AST_PARENT	
1391282	1391283	IS_AST_PARENT	
1391282	1391284	IS_AST_PARENT	
1391280	1391282	IS_AST_PARENT	
1391266	1391280	IS_AST_PARENT	
1391265	1391266	IS_AST_PARENT	
1391285	1391286	IS_AST_PARENT	
1391285	1391287	IS_AST_PARENT	
1391265	1391285	IS_AST_PARENT	
1391264	1391265	IS_AST_PARENT	
1391264	1391288	IS_AST_PARENT	
1391263	1391264	IS_AST_PARENT	
1391289	1391290	IS_AST_PARENT	
1391289	1391291	IS_AST_PARENT	
1391263	1391289	IS_AST_PARENT	
1391261	1391263	IS_AST_PARENT	
1391260	1391261	IS_AST_PARENT	
1391292	1391293	IS_AST_PARENT	
1391295	1391296	IS_AST_PARENT	
1391295	1391297	IS_AST_PARENT	
1391294	1391295	IS_AST_PARENT	
1391294	1391298	IS_AST_PARENT	
1391292	1391294	IS_AST_PARENT	
1391260	1391292	IS_AST_PARENT	
1391258	1391260	IS_AST_PARENT	
1391257	1391258	IS_AST_PARENT	
1391299	1391300	IS_AST_PARENT	
1391301	1391302	IS_AST_PARENT	
1391301	1391303	IS_AST_PARENT	
1391299	1391301	IS_AST_PARENT	
1391257	1391299	IS_AST_PARENT	
1391253	1391257	IS_AST_PARENT	
1391252	1391253	IS_AST_PARENT	
1391230	1391252	IS_AST_PARENT	
1391216	1391230	IS_AST_PARENT	
1390796	1391216	IS_AST_PARENT	
1390773	1390796	IS_AST_PARENT	
1391305	1391306	IS_AST_PARENT	
1391307	1391308	IS_AST_PARENT	
1391307	1391309	IS_AST_PARENT	
1391305	1391307	IS_AST_PARENT	
1391304	1391305	IS_AST_PARENT	
1390773	1391304	IS_AST_PARENT	
1390772	1390773	IS_AST_PARENT	
1390772	1391310	IS_AST_PARENT	
1390772	1391311	IS_AST_PARENT	
1391313	1391314	IS_AST_PARENT	
1391313	1391315	IS_AST_PARENT	
1391312	1391313	IS_AST_PARENT	
1390772	1391312	IS_AST_PARENT	
1391316	1391313	FLOWS_TO	
1391313	1390775	FLOWS_TO	
1390775	1390785	FLOWS_TO	
1390775	1390797	FLOWS_TO	
1390785	1390797	FLOWS_TO	
1390797	1390798	FLOWS_TO	
1390798	1390799	FLOWS_TO	
1390799	1390800	FLOWS_TO	
1390800	1390801	FLOWS_TO	
1390801	1390802	FLOWS_TO	
1390802	1390803	FLOWS_TO	
1390803	1390804	FLOWS_TO	
1390804	1390805	FLOWS_TO	
1390805	1390808	FLOWS_TO	
1390808	1390809	FLOWS_TO	
1390809	1390810	FLOWS_TO	
1390810	1390811	FLOWS_TO	
1390811	1390812	FLOWS_TO	
1390812	1390813	FLOWS_TO	
1390813	1390814	FLOWS_TO	
1390814	1390815	FLOWS_TO	
1390815	1390816	FLOWS_TO	
1390816	1390817	FLOWS_TO	
1390817	1390819	FLOWS_TO	
1390819	1390820	FLOWS_TO	
1390820	1390821	FLOWS_TO	
1390821	1390822	FLOWS_TO	
1390822	1390823	FLOWS_TO	
1390823	1390824	FLOWS_TO	
1390824	1390825	FLOWS_TO	
1390825	1390826	FLOWS_TO	
1390826	1390827	FLOWS_TO	
1390827	1390828	FLOWS_TO	
1390828	1390829	FLOWS_TO	
1390829	1390838	FLOWS_TO	
1390838	1390839	FLOWS_TO	
1390839	1390845	FLOWS_TO	
1390845	1390852	FLOWS_TO	
1390852	1390853	FLOWS_TO	
1390853	1390854	FLOWS_TO	
1390854	1390860	FLOWS_TO	
1390860	1390868	FLOWS_TO	
1390872	1390881	FLOWS_TO	
1390872	1390901	FLOWS_TO	
1390868	1390872	FLOWS_TO	
1390876	1390872	FLOWS_TO	
1390885	1390892	FLOWS_TO	
1390885	1390876	FLOWS_TO	
1390881	1390885	FLOWS_TO	
1390889	1390885	FLOWS_TO	
1390892	1390889	FLOWS_TO	
1390905	1390914	FLOWS_TO	
1390905	1390934	FLOWS_TO	
1390901	1390905	FLOWS_TO	
1390909	1390905	FLOWS_TO	
1390918	1390925	FLOWS_TO	
1390918	1390909	FLOWS_TO	
1390914	1390918	FLOWS_TO	
1390922	1390918	FLOWS_TO	
1390925	1390922	FLOWS_TO	
1390942	1390960	FLOWS_TO	
1390942	1391186	FLOWS_TO	
1390934	1390942	FLOWS_TO	
1390952	1390942	FLOWS_TO	
1390960	1390961	FLOWS_TO	
1390961	1390962	FLOWS_TO	
1390962	1390963	FLOWS_TO	
1390963	1390964	FLOWS_TO	
1390964	1390965	FLOWS_TO	
1390965	1390966	FLOWS_TO	
1390966	1390967	FLOWS_TO	
1390967	1390968	FLOWS_TO	
1390968	1390969	FLOWS_TO	
1390969	1390972	FLOWS_TO	
1390972	1390973	FLOWS_TO	
1390973	1390974	FLOWS_TO	
1390974	1390975	FLOWS_TO	
1390975	1390976	FLOWS_TO	
1390976	1390977	FLOWS_TO	
1390977	1390978	FLOWS_TO	
1390978	1390979	FLOWS_TO	
1390979	1390980	FLOWS_TO	
1390980	1390981	FLOWS_TO	
1390981	1390982	FLOWS_TO	
1390982	1390983	FLOWS_TO	
1390983	1390984	FLOWS_TO	
1390984	1390985	FLOWS_TO	
1390985	1390986	FLOWS_TO	
1390986	1390987	FLOWS_TO	
1390987	1390988	FLOWS_TO	
1390988	1390989	FLOWS_TO	
1390989	1390990	FLOWS_TO	
1390990	1390991	FLOWS_TO	
1390991	1390992	FLOWS_TO	
1390992	1390993	FLOWS_TO	
1390993	1390994	FLOWS_TO	
1390994	1390995	FLOWS_TO	
1390995	1390996	FLOWS_TO	
1390996	1390997	FLOWS_TO	
1390997	1390998	FLOWS_TO	
1390998	1390999	FLOWS_TO	
1390999	1391000	FLOWS_TO	
1391000	1391001	FLOWS_TO	
1391001	1391002	FLOWS_TO	
1391002	1391003	FLOWS_TO	
1391003	1391004	FLOWS_TO	
1391004	1391005	FLOWS_TO	
1391005	1391006	FLOWS_TO	
1391006	1391007	FLOWS_TO	
1391007	1391009	FLOWS_TO	
1391009	1391010	FLOWS_TO	
1391010	1391011	FLOWS_TO	
1391011	1391012	FLOWS_TO	
1391012	1391013	FLOWS_TO	
1391013	1391014	FLOWS_TO	
1391014	1391015	FLOWS_TO	
1391015	1391016	FLOWS_TO	
1391016	1391017	FLOWS_TO	
1391017	1391018	FLOWS_TO	
1391018	1391019	FLOWS_TO	
1391019	1391020	FLOWS_TO	
1391020	1391021	FLOWS_TO	
1391021	1391022	FLOWS_TO	
1391022	1391023	FLOWS_TO	
1391023	1391024	FLOWS_TO	
1391024	1391025	FLOWS_TO	
1391025	1391026	FLOWS_TO	
1391026	1391027	FLOWS_TO	
1391027	1391028	FLOWS_TO	
1391028	1391029	FLOWS_TO	
1391029	1391030	FLOWS_TO	
1391030	1391031	FLOWS_TO	
1391031	1391032	FLOWS_TO	
1391032	1391033	FLOWS_TO	
1391033	1391034	FLOWS_TO	
1391034	1391035	FLOWS_TO	
1391035	1391036	FLOWS_TO	
1391036	1391037	FLOWS_TO	
1391037	1391038	FLOWS_TO	
1391038	1391039	FLOWS_TO	
1391039	1391040	FLOWS_TO	
1391040	1391041	FLOWS_TO	
1391041	1391042	FLOWS_TO	
1391042	1391043	FLOWS_TO	
1391043	1391044	FLOWS_TO	
1391044	1391046	FLOWS_TO	
1391046	1391047	FLOWS_TO	
1391047	1391048	FLOWS_TO	
1391048	1391049	FLOWS_TO	
1391049	1391050	FLOWS_TO	
1391050	1391051	FLOWS_TO	
1391051	1391052	FLOWS_TO	
1391052	1391053	FLOWS_TO	
1391053	1391054	FLOWS_TO	
1391054	1391055	FLOWS_TO	
1391055	1391056	FLOWS_TO	
1391056	1391057	FLOWS_TO	
1391057	1391058	FLOWS_TO	
1391058	1391059	FLOWS_TO	
1391059	1391060	FLOWS_TO	
1391060	1391061	FLOWS_TO	
1391061	1391062	FLOWS_TO	
1391062	1391063	FLOWS_TO	
1391063	1391064	FLOWS_TO	
1391064	1391065	FLOWS_TO	
1391065	1391066	FLOWS_TO	
1391066	1391067	FLOWS_TO	
1391067	1391068	FLOWS_TO	
1391068	1391069	FLOWS_TO	
1391069	1391070	FLOWS_TO	
1391070	1391071	FLOWS_TO	
1391071	1391072	FLOWS_TO	
1391072	1391073	FLOWS_TO	
1391073	1391074	FLOWS_TO	
1391074	1391075	FLOWS_TO	
1391075	1391076	FLOWS_TO	
1391076	1391077	FLOWS_TO	
1391077	1391078	FLOWS_TO	
1391078	1391079	FLOWS_TO	
1391079	1391080	FLOWS_TO	
1391080	1391081	FLOWS_TO	
1391081	1391082	FLOWS_TO	
1391082	1391092	FLOWS_TO	
1391092	1391100	FLOWS_TO	
1391104	1391113	FLOWS_TO	
1391104	1391138	FLOWS_TO	
1391100	1391104	FLOWS_TO	
1391108	1391104	FLOWS_TO	
1391117	1391124	FLOWS_TO	
1391117	1391108	FLOWS_TO	
1391113	1391117	FLOWS_TO	
1391121	1391117	FLOWS_TO	
1391124	1391121	FLOWS_TO	
1391138	1391145	FLOWS_TO	
1391145	1391151	FLOWS_TO	
1391145	1391152	FLOWS_TO	
1391151	1391186	FLOWS_TO	
1391152	1391179	FLOWS_TO	
1391179	1391185	FLOWS_TO	
1391179	1390952	FLOWS_TO	
1391185	1391186	FLOWS_TO	
1391186	1391217	FLOWS_TO	
1391221	1391231	FLOWS_TO	
1391221	1391304	FLOWS_TO	
1391217	1391221	FLOWS_TO	
1391227	1391221	FLOWS_TO	
1391231	1391240	FLOWS_TO	
1391240	1391252	FLOWS_TO	
1391252	1391227	FLOWS_TO	
1391304	1391317	FLOWS_TO	
1391252	1391318	DEF	
1391253	1391318	DEF	
1391252	1391318	USE	
1391253	1391318	USE	
1390942	1391319	USE	
1390944	1391319	USE	
1390934	1391319	USE	
1390936	1391319	USE	
1390952	1391319	USE	
1390954	1391319	USE	
1391145	1391319	USE	
1391146	1391319	USE	
1391152	1391319	USE	
1391163	1391319	USE	
1391173	1391319	USE	
1391186	1391319	USE	
1391198	1391319	USE	
1391203	1391319	USE	
1391240	1391319	USE	
1391247	1391319	USE	
1391241	1391319	USE	
1391082	1391320	USE	
1391085	1391320	USE	
1391124	1391320	DEF	
1391125	1391320	DEF	
1390892	1391321	DEF	
1390893	1391321	DEF	
1391152	1391321	DEF	
1391153	1391321	DEF	
1391179	1391321	USE	
1391186	1391321	DEF	
1391187	1391321	DEF	
1391186	1391321	USE	
1391187	1391321	USE	
1390829	1391322	DEF	
1390833	1391322	DEF	
1390830	1391322	DEF	
1391138	1391322	DEF	
1391139	1391322	DEF	
1391252	1391322	USE	
1391301	1391322	USE	
1391289	1391322	USE	
1391285	1391322	USE	
1391254	1391322	USE	
1390942	1391323	USE	
1390945	1391323	USE	
1390934	1391323	USE	
1390937	1391323	USE	
1390952	1391323	USE	
1390955	1391323	USE	
1391145	1391323	USE	
1391147	1391323	USE	
1391152	1391323	USE	
1391174	1391323	USE	
1391164	1391323	USE	
1391186	1391323	USE	
1391199	1391323	USE	
1391204	1391323	USE	
1391240	1391323	USE	
1391248	1391323	USE	
1390839	1391324	USE	
1390840	1391324	USE	
1390892	1391324	USE	
1390894	1391324	USE	
1391152	1391324	USE	
1391154	1391324	USE	
1391179	1391324	USE	
1391180	1391324	USE	
1391186	1391324	USE	
1391188	1391324	USE	
1391211	1391324	USE	
1391304	1391325	DEF	
1391305	1391325	DEF	
1391231	1391326	DEF	
1391235	1391326	DEF	
1391232	1391326	DEF	
1391240	1391326	USE	
1391242	1391326	USE	
1391252	1391326	USE	
1391273	1391326	USE	
1391282	1391326	USE	
1390785	1391327	USE	
1390790	1391327	USE	
1390942	1391328	USE	
1390934	1391328	DEF	
1390935	1391328	DEF	
1391145	1391328	USE	
1391152	1391328	USE	
1391153	1391328	USE	
1391186	1391328	USE	
1391187	1391328	USE	
1391124	1391329	USE	
1391125	1391329	USE	
1391133	1391329	USE	
1391082	1391330	USE	
1391087	1391330	USE	
1391124	1391330	USE	
1391126	1391330	USE	
1390892	1391331	DEF	
1390893	1391331	DEF	
1390925	1391331	DEF	
1390926	1391331	DEF	
1391124	1391331	DEF	
1391125	1391331	DEF	
1390845	1391332	DEF	
1390849	1391332	DEF	
1390846	1391332	DEF	
1391221	1391332	USE	
1391217	1391332	DEF	
1391218	1391332	DEF	
1391227	1391332	USE	
1391227	1391332	DEF	
1390860	1391333	DEF	
1390861	1391333	DEF	
1390872	1391333	USE	
1390868	1391333	DEF	
1390869	1391333	DEF	
1390876	1391333	USE	
1390876	1391333	DEF	
1390892	1391333	USE	
1390895	1391333	USE	
1390905	1391333	USE	
1390901	1391333	DEF	
1390902	1391333	DEF	
1390909	1391333	DEF	
1390909	1391333	USE	
1390925	1391333	USE	
1390928	1391333	USE	
1391092	1391333	DEF	
1391093	1391333	DEF	
1391104	1391333	USE	
1391100	1391333	DEF	
1391101	1391333	DEF	
1391108	1391333	DEF	
1391108	1391333	USE	
1391124	1391333	USE	
1391127	1391333	USE	
1391082	1391334	USE	
1391088	1391334	USE	
1391124	1391334	USE	
1391127	1391334	USE	
1391252	1391335	USE	
1391253	1391335	USE	
1390860	1391336	DEF	
1390864	1391336	DEF	
1390885	1391336	USE	
1390881	1391336	DEF	
1390882	1391336	DEF	
1390889	1391336	DEF	
1390889	1391336	USE	
1390892	1391336	USE	
1390894	1391336	USE	
1390918	1391336	USE	
1390914	1391336	DEF	
1390915	1391336	DEF	
1390922	1391336	DEF	
1390922	1391336	USE	
1390925	1391336	USE	
1390927	1391336	USE	
1391092	1391336	DEF	
1391096	1391336	DEF	
1391117	1391336	USE	
1391113	1391336	DEF	
1391114	1391336	DEF	
1391121	1391336	USE	
1391121	1391336	DEF	
1391124	1391336	USE	
1391126	1391336	USE	
1391124	1391337	USE	
1391134	1391337	USE	
1391313	1391338	DEF	
1390775	1391338	USE	
1390785	1391338	USE	
1390794	1391338	USE	
1391304	1391338	USE	
1391305	1391338	USE	
1390892	1391339	USE	
1390894	1391339	USE	
1390925	1391339	USE	
1390927	1391339	USE	
1391124	1391339	USE	
1391126	1391339	USE	
1390892	1391340	DEF	
1390893	1391340	DEF	
1390925	1391340	DEF	
1390926	1391340	DEF	
1391124	1391340	DEF	
1391125	1391340	DEF	
1390854	1391341	USE	
1390855	1391341	USE	
1390925	1391341	USE	
1390927	1391341	USE	
1391252	1391341	USE	
1391294	1391341	USE	
1390854	1391342	USE	
1390856	1391342	USE	
1390925	1391342	USE	
1390928	1391342	USE	
1391252	1391342	USE	
1391295	1391342	USE	
1391240	1391343	DEF	
1391241	1391343	DEF	
1391252	1391343	USE	
1391280	1391343	USE	
1391271	1391343	USE	
1390775	1391344	USE	
1391304	1391344	USE	
1391305	1391344	USE	
1390925	1391345	DEF	
1390926	1391345	DEF	
1391252	1391345	USE	
1391253	1391345	USE	
1391231	1391346	USE	
1391235	1391346	USE	
1390839	1391347	USE	
1390841	1391347	USE	
1390892	1391347	USE	
1390895	1391347	USE	
1391152	1391347	USE	
1391155	1391347	USE	
1391179	1391347	USE	
1391181	1391347	USE	
1391186	1391347	USE	
1391189	1391347	USE	
1391212	1391347	USE	
1391124	1391082	REACHES	* * _85c617d839e55b93eba7f24b7ac7b50f
1390934	1390942	REACHES	* * _c65ffb19a2f79b0e6cf6c9da5c8f87c8
1390934	1391145	REACHES	* * _c65ffb19a2f79b0e6cf6c9da5c8f87c8
1390934	1391152	REACHES	* * _c65ffb19a2f79b0e6cf6c9da5c8f87c8
1390934	1391186	REACHES	* * _c65ffb19a2f79b0e6cf6c9da5c8f87c8
1391240	1391252	REACHES	* _cf47673a52ae49ca4271577217486921
1390925	1391252	REACHES	* * _932ebfa01ebda39899fa9d0a60ee51e3
1391252	1391252	REACHES	* _fe31011262a867130273705589dc7971
1391152	1391179	REACHES	* * _3cdc3f3dcb69a73474a208016319eed3
1390892	1391186	REACHES	* * _3cdc3f3dcb69a73474a208016319eed3
1391152	1391186	REACHES	* * _3cdc3f3dcb69a73474a208016319eed3
1390829	1391252	REACHES	_fe31011262a867130273705589dc7971
1391138	1391252	REACHES	_fe31011262a867130273705589dc7971
1391231	1391240	REACHES	_cf47673a52ae49ca4271577217486921
1391231	1391252	REACHES	_cf47673a52ae49ca4271577217486921
1391217	1391221	REACHES	_da40226c231d1c26ed592658eb43324f
1391227	1391221	REACHES	_da40226c231d1c26ed592658eb43324f
1391217	1391227	REACHES	_da40226c231d1c26ed592658eb43324f
1391227	1391227	REACHES	_da40226c231d1c26ed592658eb43324f
1390876	1390892	REACHES	i
1390868	1390872	REACHES	i
1390876	1390872	REACHES	i
1391108	1391124	REACHES	i
1390901	1390925	REACHES	i
1391100	1391104	REACHES	i
1390868	1390876	REACHES	i
1390876	1390876	REACHES	i
1390868	1390892	REACHES	i
1390909	1390925	REACHES	i
1391108	1391108	REACHES	i
1391108	1391104	REACHES	i
1390909	1390905	REACHES	i
1390901	1390905	REACHES	i
1390909	1390909	REACHES	i
1391100	1391124	REACHES	i
1391100	1391108	REACHES	i
1390901	1390909	REACHES	i
1390922	1390918	REACHES	j
1390889	1390889	REACHES	j
1390889	1390885	REACHES	j
1391121	1391121	REACHES	j
1391121	1391124	REACHES	j
1390881	1390885	REACHES	j
1391113	1391124	REACHES	j
1390881	1390889	REACHES	j
1390922	1390925	REACHES	j
1391113	1391117	REACHES	j
1390889	1390892	REACHES	j
1390881	1390892	REACHES	j
1390914	1390918	REACHES	j
1390922	1390922	REACHES	j
1391121	1391117	REACHES	j
1390914	1390922	REACHES	j
1391113	1391121	REACHES	j
1390914	1390925	REACHES	j
1391313	1390775	REACHES	_50677f8b65177502b5f4d90eada59ca6
1391313	1390785	REACHES	_50677f8b65177502b5f4d90eada59ca6
1391313	1391304	REACHES	_50677f8b65177502b5f4d90eada59ca6
1391316	1391313	CONTROLS	
1391316	1390775	CONTROLS	
1391316	1390797	CONTROLS	
1391316	1390798	CONTROLS	
1391316	1390799	CONTROLS	
1391316	1390800	CONTROLS	
1391316	1390801	CONTROLS	
1391316	1390802	CONTROLS	
1391316	1390803	CONTROLS	
1391316	1390804	CONTROLS	
1391316	1390805	CONTROLS	
1391316	1390808	CONTROLS	
1391316	1390809	CONTROLS	
1391316	1390810	CONTROLS	
1391316	1390811	CONTROLS	
1391316	1390812	CONTROLS	
1391316	1390813	CONTROLS	
1391316	1390814	CONTROLS	
1391316	1390815	CONTROLS	
1391316	1390816	CONTROLS	
1391316	1390817	CONTROLS	
1391316	1390819	CONTROLS	
1391316	1390820	CONTROLS	
1391316	1390821	CONTROLS	
1391316	1390822	CONTROLS	
1391316	1390823	CONTROLS	
1391316	1390824	CONTROLS	
1391316	1390825	CONTROLS	
1391316	1390826	CONTROLS	
1391316	1390827	CONTROLS	
1391316	1390828	CONTROLS	
1391316	1390829	CONTROLS	
1391316	1390838	CONTROLS	
1391316	1390839	CONTROLS	
1391316	1390845	CONTROLS	
1391316	1390852	CONTROLS	
1391316	1390853	CONTROLS	
1391316	1390854	CONTROLS	
1391316	1390860	CONTROLS	
1391316	1390868	CONTROLS	
1391316	1390872	CONTROLS	
1391316	1390901	CONTROLS	
1391316	1390905	CONTROLS	
1391316	1390934	CONTROLS	
1391316	1390942	CONTROLS	
1391316	1391186	CONTROLS	
1391316	1391217	CONTROLS	
1391316	1391221	CONTROLS	
1391316	1391304	CONTROLS	
1390775	1390785	CONTROLS	
1390872	1390881	CONTROLS	
1390872	1390885	CONTROLS	
1390872	1390876	CONTROLS	
1390885	1390892	CONTROLS	
1390885	1390889	CONTROLS	
1390905	1390914	CONTROLS	
1390905	1390918	CONTROLS	
1390905	1390909	CONTROLS	
1390918	1390925	CONTROLS	
1390918	1390922	CONTROLS	
1390942	1390960	CONTROLS	
1390942	1390961	CONTROLS	
1390942	1390962	CONTROLS	
1390942	1390963	CONTROLS	
1390942	1390964	CONTROLS	
1390942	1390965	CONTROLS	
1390942	1390966	CONTROLS	
1390942	1390967	CONTROLS	
1390942	1390968	CONTROLS	
1390942	1390969	CONTROLS	
1390942	1390972	CONTROLS	
1390942	1390973	CONTROLS	
1390942	1390974	CONTROLS	
1390942	1390975	CONTROLS	
1390942	1390976	CONTROLS	
1390942	1390977	CONTROLS	
1390942	1390978	CONTROLS	
1390942	1390979	CONTROLS	
1390942	1390980	CONTROLS	
1390942	1390981	CONTROLS	
1390942	1390982	CONTROLS	
1390942	1390983	CONTROLS	
1390942	1390984	CONTROLS	
1390942	1390985	CONTROLS	
1390942	1390986	CONTROLS	
1390942	1390987	CONTROLS	
1390942	1390988	CONTROLS	
1390942	1390989	CONTROLS	
1390942	1390990	CONTROLS	
1390942	1390991	CONTROLS	
1390942	1390992	CONTROLS	
1390942	1390993	CONTROLS	
1390942	1390994	CONTROLS	
1390942	1390995	CONTROLS	
1390942	1390996	CONTROLS	
1390942	1390997	CONTROLS	
1390942	1390998	CONTROLS	
1390942	1390999	CONTROLS	
1390942	1391000	CONTROLS	
1390942	1391001	CONTROLS	
1390942	1391002	CONTROLS	
1390942	1391003	CONTROLS	
1390942	1391004	CONTROLS	
1390942	1391005	CONTROLS	
1390942	1391006	CONTROLS	
1390942	1391007	CONTROLS	
1390942	1391009	CONTROLS	
1390942	1391010	CONTROLS	
1390942	1391011	CONTROLS	
1390942	1391012	CONTROLS	
1390942	1391013	CONTROLS	
1390942	1391014	CONTROLS	
1390942	1391015	CONTROLS	
1390942	1391016	CONTROLS	
1390942	1391017	CONTROLS	
1390942	1391018	CONTROLS	
1390942	1391019	CONTROLS	
1390942	1391020	CONTROLS	
1390942	1391021	CONTROLS	
1390942	1391022	CONTROLS	
1390942	1391023	CONTROLS	
1390942	1391024	CONTROLS	
1390942	1391025	CONTROLS	
1390942	1391026	CONTROLS	
1390942	1391027	CONTROLS	
1390942	1391028	CONTROLS	
1390942	1391029	CONTROLS	
1390942	1391030	CONTROLS	
1390942	1391031	CONTROLS	
1390942	1391032	CONTROLS	
1390942	1391033	CONTROLS	
1390942	1391034	CONTROLS	
1390942	1391035	CONTROLS	
1390942	1391036	CONTROLS	
1390942	1391037	CONTROLS	
1390942	1391038	CONTROLS	
1390942	1391039	CONTROLS	
1390942	1391040	CONTROLS	
1390942	1391041	CONTROLS	
1390942	1391042	CONTROLS	
1390942	1391043	CONTROLS	
1390942	1391044	CONTROLS	
1390942	1391046	CONTROLS	
1390942	1391047	CONTROLS	
1390942	1391048	CONTROLS	
1390942	1391049	CONTROLS	
1390942	1391050	CONTROLS	
1390942	1391051	CONTROLS	
1390942	1391052	CONTROLS	
1390942	1391053	CONTROLS	
1390942	1391054	CONTROLS	
1390942	1391055	CONTROLS	
1390942	1391056	CONTROLS	
1390942	1391057	CONTROLS	
1390942	1391058	CONTROLS	
1390942	1391059	CONTROLS	
1390942	1391060	CONTROLS	
1390942	1391061	CONTROLS	
1390942	1391062	CONTROLS	
1390942	1391063	CONTROLS	
1390942	1391064	CONTROLS	
1390942	1391065	CONTROLS	
1390942	1391066	CONTROLS	
1390942	1391067	CONTROLS	
1390942	1391068	CONTROLS	
1390942	1391069	CONTROLS	
1390942	1391070	CONTROLS	
1390942	1391071	CONTROLS	
1390942	1391072	CONTROLS	
1390942	1391073	CONTROLS	
1390942	1391074	CONTROLS	
1390942	1391075	CONTROLS	
1390942	1391076	CONTROLS	
1390942	1391077	CONTROLS	
1390942	1391078	CONTROLS	
1390942	1391079	CONTROLS	
1390942	1391080	CONTROLS	
1390942	1391081	CONTROLS	
1390942	1391082	CONTROLS	
1390942	1391092	CONTROLS	
1390942	1391100	CONTROLS	
1390942	1391104	CONTROLS	
1390942	1391138	CONTROLS	
1390942	1391145	CONTROLS	
1391104	1391113	CONTROLS	
1391104	1391117	CONTROLS	
1391104	1391108	CONTROLS	
1391117	1391124	CONTROLS	
1391117	1391121	CONTROLS	
1391145	1391151	CONTROLS	
1391145	1391152	CONTROLS	
1391145	1391179	CONTROLS	
1391179	1391185	CONTROLS	
1391179	1390952	CONTROLS	
1391179	1390942	CONTROLS	
1391221	1391231	CONTROLS	
1391221	1391240	CONTROLS	
1391221	1391252	CONTROLS	
1391221	1391227	CONTROLS	
1390901	1390905	DOM	
1391027	1391028	DOM	
1391009	1391010	DOM	
1391013	1391014	DOM	
1391074	1391075	DOM	
1391113	1391117	DOM	
1390978	1390979	DOM	
1391006	1391007	DOM	
1390962	1390963	DOM	
1391179	1390952	DOM	
1390860	1390868	DOM	
1390968	1390969	DOM	
1390999	1391000	DOM	
1390822	1390823	DOM	
1391062	1391063	DOM	
1390885	1390892	DOM	
1390966	1390967	DOM	
1391044	1391046	DOM	
1390872	1390901	DOM	
1390811	1390812	DOM	
1390826	1390827	DOM	
1390838	1390839	DOM	
1391061	1391062	DOM	
1390990	1390991	DOM	
1390812	1390813	DOM	
1391071	1391072	DOM	
1390976	1390977	DOM	
1391003	1391004	DOM	
1391030	1391031	DOM	
1390801	1390802	DOM	
1390905	1390934	DOM	
1391033	1391034	DOM	
1390963	1390964	DOM	
1390942	1391186	DOM	
1391313	1390775	DOM	
1391042	1391043	DOM	
1391066	1391067	DOM	
1391039	1391040	DOM	
1390820	1390821	DOM	
1390810	1390811	DOM	
1391040	1391041	DOM	
1391054	1391055	DOM	
1391240	1391252	DOM	
1390805	1390808	DOM	
1390988	1390989	DOM	
1391056	1391057	DOM	
1390800	1390801	DOM	
1390804	1390805	DOM	
1391053	1391054	DOM	
1390816	1390817	DOM	
1390925	1390922	DOM	
1391104	1391113	DOM	
1390798	1390799	DOM	
1390809	1390810	DOM	
1390934	1390942	DOM	
1390985	1390986	DOM	
1391024	1391025	DOM	
1390977	1390978	DOM	
1390982	1390983	DOM	
1391002	1391003	DOM	
1390827	1390828	DOM	
1391069	1391070	DOM	
1391055	1391056	DOM	
1390775	1390785	DOM	
1391038	1391039	DOM	
1390998	1390999	DOM	
1391117	1391108	DOM	
1391010	1391011	DOM	
1391043	1391044	DOM	
1390996	1390997	DOM	
1391152	1391179	DOM	
1391231	1391240	DOM	
1390965	1390966	DOM	
1390892	1390889	DOM	
1390960	1390961	DOM	
1390845	1390852	DOM	
1391186	1391217	DOM	
1390979	1390980	DOM	
1391015	1391016	DOM	
1391075	1391076	DOM	
1390989	1390990	DOM	
1390995	1390996	DOM	
1391104	1391138	DOM	
1391221	1391304	DOM	
1391035	1391036	DOM	
1390918	1390909	DOM	
1391124	1391121	DOM	
1391011	1391012	DOM	
1391063	1391064	DOM	
1390942	1390960	DOM	
1390829	1390838	DOM	
1390828	1390829	DOM	
1391316	1391313	DOM	
1390825	1390826	DOM	
1390983	1390984	DOM	
1390797	1390798	DOM	
1390872	1390881	DOM	
1390986	1390987	DOM	
1391019	1391020	DOM	
1391076	1391077	DOM	
1391018	1391019	DOM	
1390994	1390995	DOM	
1391046	1391047	DOM	
1391217	1391221	DOM	
1390817	1390819	DOM	
1390972	1390973	DOM	
1390853	1390854	DOM	
1391059	1391060	DOM	
1391082	1391092	DOM	
1391005	1391006	DOM	
1391092	1391100	DOM	
1391179	1391185	DOM	
1390821	1390822	DOM	
1390997	1390998	DOM	
1391058	1391059	DOM	
1390815	1390816	DOM	
1390914	1390918	DOM	
1391036	1391037	DOM	
1391001	1391002	DOM	
1391025	1391026	DOM	
1391016	1391017	DOM	
1390885	1390876	DOM	
1390819	1390820	DOM	
1390808	1390809	DOM	
1390852	1390853	DOM	
1391021	1391022	DOM	
1391012	1391013	DOM	
1390881	1390885	DOM	
1391029	1391030	DOM	
1391064	1391065	DOM	
1391068	1391069	DOM	
1391026	1391027	DOM	
1391060	1391061	DOM	
1391081	1391082	DOM	
1390823	1390824	DOM	
1391049	1391050	DOM	
1391067	1391068	DOM	
1391138	1391145	DOM	
1391032	1391033	DOM	
1391304	1391317	DOM	
1391145	1391152	DOM	
1391048	1391049	DOM	
1391041	1391042	DOM	
1390991	1390992	DOM	
1390799	1390800	DOM	
1391070	1391071	DOM	
1391316	1391316	DOM	
1391047	1391048	DOM	
1391073	1391074	DOM	
1390918	1390925	DOM	
1390967	1390968	DOM	
1390992	1390993	DOM	
1390981	1390982	DOM	
1390814	1390815	DOM	
1391023	1391024	DOM	
1390974	1390975	DOM	
1391017	1391018	DOM	
1391145	1391151	DOM	
1390813	1390814	DOM	
1391028	1391029	DOM	
1390775	1390797	DOM	
1390969	1390972	DOM	
1390802	1390803	DOM	
1390984	1390985	DOM	
1391050	1391051	DOM	
1391051	1391052	DOM	
1391037	1391038	DOM	
1391100	1391104	DOM	
1391065	1391066	DOM	
1390980	1390981	DOM	
1391031	1391032	DOM	
1391034	1391035	DOM	
1391080	1391081	DOM	
1391221	1391231	DOM	
1391007	1391009	DOM	
1390993	1390994	DOM	
1391022	1391023	DOM	
1391000	1391001	DOM	
1390824	1390825	DOM	
1390987	1390988	DOM	
1391078	1391079	DOM	
1391004	1391005	DOM	
1391079	1391080	DOM	
1390868	1390872	DOM	
1391014	1391015	DOM	
1391072	1391073	DOM	
1390973	1390974	DOM	
1391117	1391124	DOM	
1390975	1390976	DOM	
1391057	1391058	DOM	
1390854	1390860	DOM	
1391077	1391078	DOM	
1390964	1390965	DOM	
1391252	1391227	DOM	
1390839	1390845	DOM	
1391020	1391021	DOM	
1390905	1390914	DOM	
1390803	1390804	DOM	
1390961	1390962	DOM	
1391052	1391053	DOM	
1390934	1390905	POST_DOM	
1391029	1391028	POST_DOM	
1391011	1391010	POST_DOM	
1391076	1391075	POST_DOM	
1391015	1391014	POST_DOM	
1391108	1391117	POST_DOM	
1391009	1391007	POST_DOM	
1390980	1390979	POST_DOM	
1390942	1390952	POST_DOM	
1390964	1390963	POST_DOM	
1390872	1390868	POST_DOM	
1390972	1390969	POST_DOM	
1391001	1391000	POST_DOM	
1390824	1390823	POST_DOM	
1391064	1391063	POST_DOM	
1390889	1390892	POST_DOM	
1390968	1390967	POST_DOM	
1391047	1391046	POST_DOM	
1390905	1390901	POST_DOM	
1390828	1390827	POST_DOM	
1390813	1390812	POST_DOM	
1390845	1390839	POST_DOM	
1391063	1391062	POST_DOM	
1390992	1390991	POST_DOM	
1390814	1390813	POST_DOM	
1391073	1391072	POST_DOM	
1391005	1391004	POST_DOM	
1390978	1390977	POST_DOM	
1391032	1391031	POST_DOM	
1390803	1390802	POST_DOM	
1390942	1390934	POST_DOM	
1391035	1391034	POST_DOM	
1390965	1390964	POST_DOM	
1391217	1391186	POST_DOM	
1390797	1390775	POST_DOM	
1391044	1391043	POST_DOM	
1391068	1391067	POST_DOM	
1391041	1391040	POST_DOM	
1390822	1390821	POST_DOM	
1390812	1390811	POST_DOM	
1391042	1391041	POST_DOM	
1391056	1391055	POST_DOM	
1391227	1391252	POST_DOM	
1390809	1390808	POST_DOM	
1390990	1390989	POST_DOM	
1391058	1391057	POST_DOM	
1390808	1390805	POST_DOM	
1390802	1390801	POST_DOM	
1391055	1391054	POST_DOM	
1390819	1390817	POST_DOM	
1390918	1390922	POST_DOM	
1391117	1391113	POST_DOM	
1390800	1390799	POST_DOM	
1390811	1390810	POST_DOM	
1391186	1390942	POST_DOM	
1390987	1390986	POST_DOM	
1391026	1391025	POST_DOM	
1390979	1390978	POST_DOM	
1390984	1390983	POST_DOM	
1391004	1391003	POST_DOM	
1390829	1390828	POST_DOM	
1391071	1391070	POST_DOM	
1391057	1391056	POST_DOM	
1390797	1390785	POST_DOM	
1391040	1391039	POST_DOM	
1391000	1390999	POST_DOM	
1391104	1391108	POST_DOM	
1391012	1391011	POST_DOM	
1391046	1391044	POST_DOM	
1390998	1390997	POST_DOM	
1391186	1391179	POST_DOM	
1391252	1391240	POST_DOM	
1390967	1390966	POST_DOM	
1390885	1390889	POST_DOM	
1390962	1390961	POST_DOM	
1391221	1391217	POST_DOM	
1390853	1390852	POST_DOM	
1390981	1390980	POST_DOM	
1391017	1391016	POST_DOM	
1391077	1391076	POST_DOM	
1390991	1390990	POST_DOM	
1391145	1391138	POST_DOM	
1390997	1390996	POST_DOM	
1391317	1391304	POST_DOM	
1391037	1391036	POST_DOM	
1390905	1390909	POST_DOM	
1391117	1391121	POST_DOM	
1391013	1391012	POST_DOM	
1391065	1391064	POST_DOM	
1390961	1390960	POST_DOM	
1390839	1390838	POST_DOM	
1390838	1390829	POST_DOM	
1390827	1390826	POST_DOM	
1390775	1391313	POST_DOM	
1390985	1390984	POST_DOM	
1390799	1390798	POST_DOM	
1390885	1390881	POST_DOM	
1390988	1390987	POST_DOM	
1391078	1391077	POST_DOM	
1391021	1391020	POST_DOM	
1391020	1391019	POST_DOM	
1390996	1390995	POST_DOM	
1391304	1391221	POST_DOM	
1391048	1391047	POST_DOM	
1390820	1390819	POST_DOM	
1390974	1390973	POST_DOM	
1390860	1390854	POST_DOM	
1391061	1391060	POST_DOM	
1391100	1391092	POST_DOM	
1391007	1391006	POST_DOM	
1391104	1391100	POST_DOM	
1391186	1391185	POST_DOM	
1390823	1390822	POST_DOM	
1391060	1391059	POST_DOM	
1390999	1390998	POST_DOM	
1390817	1390816	POST_DOM	
1390909	1390918	POST_DOM	
1391038	1391037	POST_DOM	
1391003	1391002	POST_DOM	
1391027	1391026	POST_DOM	
1391018	1391017	POST_DOM	
1390872	1390876	POST_DOM	
1390821	1390820	POST_DOM	
1390810	1390809	POST_DOM	
1390854	1390853	POST_DOM	
1391023	1391022	POST_DOM	
1391014	1391013	POST_DOM	
1390876	1390885	POST_DOM	
1391031	1391030	POST_DOM	
1391066	1391065	POST_DOM	
1391070	1391069	POST_DOM	
1391028	1391027	POST_DOM	
1391062	1391061	POST_DOM	
1391092	1391082	POST_DOM	
1390825	1390824	POST_DOM	
1391051	1391050	POST_DOM	
1391069	1391068	POST_DOM	
1391186	1391145	POST_DOM	
1391034	1391033	POST_DOM	
1391317	1391317	POST_DOM	
1391179	1391152	POST_DOM	
1391050	1391049	POST_DOM	
1391043	1391042	POST_DOM	
1390993	1390992	POST_DOM	
1390801	1390800	POST_DOM	
1391072	1391071	POST_DOM	
1391313	1391316	POST_DOM	
1391049	1391048	POST_DOM	
1391075	1391074	POST_DOM	
1390922	1390925	POST_DOM	
1390969	1390968	POST_DOM	
1390994	1390993	POST_DOM	
1390983	1390982	POST_DOM	
1390816	1390815	POST_DOM	
1391025	1391024	POST_DOM	
1390976	1390975	POST_DOM	
1391019	1391018	POST_DOM	
1391186	1391151	POST_DOM	
1390815	1390814	POST_DOM	
1391030	1391029	POST_DOM	
1390798	1390797	POST_DOM	
1390973	1390972	POST_DOM	
1390804	1390803	POST_DOM	
1390986	1390985	POST_DOM	
1391053	1391052	POST_DOM	
1391052	1391051	POST_DOM	
1391039	1391038	POST_DOM	
1391138	1391104	POST_DOM	
1391067	1391066	POST_DOM	
1390982	1390981	POST_DOM	
1391033	1391032	POST_DOM	
1391036	1391035	POST_DOM	
1391082	1391081	POST_DOM	
1391240	1391231	POST_DOM	
1391010	1391009	POST_DOM	
1390995	1390994	POST_DOM	
1391024	1391023	POST_DOM	
1391002	1391001	POST_DOM	
1390826	1390825	POST_DOM	
1391080	1391079	POST_DOM	
1390989	1390988	POST_DOM	
1391006	1391005	POST_DOM	
1391081	1391080	POST_DOM	
1390901	1390872	POST_DOM	
1391074	1391073	POST_DOM	
1391016	1391015	POST_DOM	
1390975	1390974	POST_DOM	
1391121	1391124	POST_DOM	
1391059	1391058	POST_DOM	
1390977	1390976	POST_DOM	
1390868	1390860	POST_DOM	
1391079	1391078	POST_DOM	
1390966	1390965	POST_DOM	
1391221	1391227	POST_DOM	
1390852	1390845	POST_DOM	
1391022	1391021	POST_DOM	
1390918	1390914	POST_DOM	
1390805	1390804	POST_DOM	
1390963	1390962	POST_DOM	
1391054	1391053	POST_DOM	
1390771	1390772	IS_FUNCTION_OF_AST	
1390771	1391316	IS_FUNCTION_OF_CFG	
1390758	1390771	IS_FILE_OF	
1391352	1391353	IS_AST_PARENT	
1391352	1391354	IS_AST_PARENT	
1391355	1391356	IS_AST_PARENT	
1391357	1391358	IS_AST_PARENT	
1391357	1391359	IS_AST_PARENT	
1391355	1391357	IS_AST_PARENT	
1391352	1391355	IS_AST_PARENT	
1391351	1391352	IS_AST_PARENT	
1391350	1391351	IS_AST_PARENT	
1391361	1391362	IS_AST_PARENT	
1391361	1391363	IS_AST_PARENT	
1391361	1391364	IS_AST_PARENT	
1391360	1391361	IS_AST_PARENT	
1391350	1391360	IS_AST_PARENT	
1391366	1391367	IS_AST_PARENT	
1391366	1391368	IS_AST_PARENT	
1391366	1391369	IS_AST_PARENT	
1391365	1391366	IS_AST_PARENT	
1391350	1391365	IS_AST_PARENT	
1391371	1391372	IS_AST_PARENT	
1391371	1391373	IS_AST_PARENT	
1391374	1391375	IS_AST_PARENT	
1391376	1391377	IS_AST_PARENT	
1391378	1391379	IS_AST_PARENT	
1391378	1391380	IS_AST_PARENT	
1391376	1391378	IS_AST_PARENT	
1391374	1391376	IS_AST_PARENT	
1391371	1391374	IS_AST_PARENT	
1391370	1391371	IS_AST_PARENT	
1391350	1391370	IS_AST_PARENT	
1391382	1391383	IS_AST_PARENT	
1391382	1391384	IS_AST_PARENT	
1391385	1391386	IS_AST_PARENT	
1391385	1391387	IS_AST_PARENT	
1391382	1391385	IS_AST_PARENT	
1391381	1391382	IS_AST_PARENT	
1391350	1391381	IS_AST_PARENT	
1391389	1391390	IS_AST_PARENT	
1391389	1391391	IS_AST_PARENT	
1391388	1391389	IS_AST_PARENT	
1391350	1391388	IS_AST_PARENT	
1391394	1391395	IS_AST_PARENT	
1391394	1391396	IS_AST_PARENT	
1391393	1391394	IS_AST_PARENT	
1391392	1391393	IS_AST_PARENT	
1391398	1391399	IS_AST_PARENT	
1391398	1391400	IS_AST_PARENT	
1391397	1391398	IS_AST_PARENT	
1391392	1391397	IS_AST_PARENT	
1391401	1391402	IS_AST_PARENT	
1391401	1391403	IS_AST_PARENT	
1391392	1391401	IS_AST_PARENT	
1391406	1391407	IS_AST_PARENT	
1391406	1391408	IS_AST_PARENT	
1391405	1391406	IS_AST_PARENT	
1391409	1391410	IS_AST_PARENT	
1391409	1391411	IS_AST_PARENT	
1391405	1391409	IS_AST_PARENT	
1391404	1391405	IS_AST_PARENT	
1391392	1391404	IS_AST_PARENT	
1391350	1391392	IS_AST_PARENT	
1391414	1391415	IS_AST_PARENT	
1391414	1391416	IS_AST_PARENT	
1391413	1391414	IS_AST_PARENT	
1391412	1391413	IS_AST_PARENT	
1391418	1391419	IS_AST_PARENT	
1391418	1391420	IS_AST_PARENT	
1391417	1391418	IS_AST_PARENT	
1391412	1391417	IS_AST_PARENT	
1391421	1391422	IS_AST_PARENT	
1391421	1391423	IS_AST_PARENT	
1391412	1391421	IS_AST_PARENT	
1391426	1391427	IS_AST_PARENT	
1391426	1391428	IS_AST_PARENT	
1391425	1391426	IS_AST_PARENT	
1391425	1391429	IS_AST_PARENT	
1391424	1391425	IS_AST_PARENT	
1391412	1391424	IS_AST_PARENT	
1391350	1391412	IS_AST_PARENT	
1391431	1391432	IS_AST_PARENT	
1391431	1391433	IS_AST_PARENT	
1391430	1391431	IS_AST_PARENT	
1391350	1391430	IS_AST_PARENT	
1391434	1391435	IS_AST_PARENT	
1391350	1391434	IS_AST_PARENT	
1391349	1391350	IS_AST_PARENT	
1391349	1391436	IS_AST_PARENT	
1391349	1391437	IS_AST_PARENT	
1391349	1391438	IS_AST_PARENT	
1391439	1391351	FLOWS_TO	
1391351	1391360	FLOWS_TO	
1391360	1391365	FLOWS_TO	
1391365	1391370	FLOWS_TO	
1391370	1391381	FLOWS_TO	
1391381	1391388	FLOWS_TO	
1391388	1391393	FLOWS_TO	
1391397	1391404	FLOWS_TO	
1391397	1391413	FLOWS_TO	
1391393	1391397	FLOWS_TO	
1391401	1391397	FLOWS_TO	
1391404	1391401	FLOWS_TO	
1391417	1391424	FLOWS_TO	
1391417	1391430	FLOWS_TO	
1391413	1391417	FLOWS_TO	
1391421	1391417	FLOWS_TO	
1391424	1391421	FLOWS_TO	
1391430	1391434	FLOWS_TO	
1391434	1391440	FLOWS_TO	
1391370	1391441	DEF	
1391371	1391441	DEF	
1391374	1391441	DEF	
1391430	1391441	DEF	
1391431	1391441	DEF	
1391404	1391442	DEF	
1391405	1391442	DEF	
1391424	1391442	DEF	
1391425	1391442	DEF	
1391365	1391443	DEF	
1391366	1391443	DEF	
1391370	1391443	USE	
1391378	1391443	USE	
1391374	1391443	USE	
1391424	1391443	USE	
1391426	1391443	USE	
1391388	1391444	DEF	
1391389	1391444	DEF	
1391397	1391444	USE	
1391393	1391444	DEF	
1391394	1391444	DEF	
1391401	1391444	DEF	
1391401	1391444	USE	
1391404	1391444	USE	
1391406	1391444	USE	
1391417	1391444	USE	
1391413	1391444	DEF	
1391414	1391444	DEF	
1391421	1391444	USE	
1391421	1391444	DEF	
1391424	1391444	USE	
1391426	1391444	USE	
1391381	1391445	DEF	
1391385	1391445	DEF	
1391382	1391445	DEF	
1391434	1391445	USE	
1391404	1391446	DEF	
1391405	1391446	DEF	
1391351	1391447	DEF	
1391355	1391447	DEF	
1391352	1391447	DEF	
1391430	1391447	USE	
1391431	1391447	USE	
1391360	1391448	DEF	
1391361	1391448	DEF	
1391404	1391448	USE	
1391406	1391448	USE	
1391424	1391449	DEF	
1391425	1391449	DEF	
1391351	1391430	REACHES	_c65ffb19a2f79b0e6cf6c9da5c8f87c8
1391393	1391401	REACHES	i
1391365	1391370	REACHES	_85c617d839e55b93eba7f24b7ac7b50f
1391365	1391424	REACHES	_85c617d839e55b93eba7f24b7ac7b50f
1391401	1391397	REACHES	i
1391393	1391397	REACHES	i
1391401	1391401	REACHES	i
1391401	1391404	REACHES	i
1391393	1391404	REACHES	i
1391421	1391417	REACHES	i
1391421	1391424	REACHES	i
1391413	1391417	REACHES	i
1391413	1391424	REACHES	i
1391421	1391421	REACHES	i
1391413	1391421	REACHES	i
1391381	1391434	REACHES	_d5dde46edd6ed741ffe4511ac98b4ece
1391360	1391404	REACHES	_e06584c0eb398e0c57f786dcfde604b6
1391439	1391351	CONTROLS	
1391439	1391360	CONTROLS	
1391439	1391365	CONTROLS	
1391439	1391370	CONTROLS	
1391439	1391381	CONTROLS	
1391439	1391388	CONTROLS	
1391439	1391393	CONTROLS	
1391439	1391397	CONTROLS	
1391439	1391413	CONTROLS	
1391439	1391417	CONTROLS	
1391439	1391430	CONTROLS	
1391439	1391434	CONTROLS	
1391397	1391404	CONTROLS	
1391397	1391401	CONTROLS	
1391417	1391424	CONTROLS	
1391417	1391421	CONTROLS	
1391365	1391370	DOM	
1391397	1391404	DOM	
1391417	1391424	DOM	
1391430	1391434	DOM	
1391413	1391417	DOM	
1391393	1391397	DOM	
1391424	1391421	DOM	
1391404	1391401	DOM	
1391360	1391365	DOM	
1391388	1391393	DOM	
1391417	1391430	DOM	
1391370	1391381	DOM	
1391434	1391440	DOM	
1391397	1391413	DOM	
1391439	1391351	DOM	
1391439	1391439	DOM	
1391351	1391360	DOM	
1391381	1391388	DOM	
1391381	1391370	POST_DOM	
1391401	1391404	POST_DOM	
1391421	1391424	POST_DOM	
1391440	1391434	POST_DOM	
1391430	1391417	POST_DOM	
1391413	1391397	POST_DOM	
1391417	1391421	POST_DOM	
1391397	1391401	POST_DOM	
1391434	1391430	POST_DOM	
1391397	1391393	POST_DOM	
1391370	1391365	POST_DOM	
1391388	1391381	POST_DOM	
1391440	1391440	POST_DOM	
1391417	1391413	POST_DOM	
1391360	1391351	POST_DOM	
1391393	1391388	POST_DOM	
1391365	1391360	POST_DOM	
1391351	1391439	POST_DOM	
1391348	1391349	IS_FUNCTION_OF_AST	
1391348	1391439	IS_FUNCTION_OF_CFG	
1390758	1391348	IS_FILE_OF	
1391454	1391455	IS_AST_PARENT	
1391454	1391456	IS_AST_PARENT	
1391453	1391454	IS_AST_PARENT	
1391452	1391453	IS_AST_PARENT	
1391459	1391460	IS_AST_PARENT	
1391462	1391463	IS_AST_PARENT	
1391461	1391462	IS_AST_PARENT	
1391465	1391466	IS_AST_PARENT	
1391464	1391465	IS_AST_PARENT	
1391467	1391468	IS_AST_PARENT	
1391464	1391467	IS_AST_PARENT	
1391461	1391464	IS_AST_PARENT	
1391459	1391461	IS_AST_PARENT	
1391458	1391459	IS_AST_PARENT	
1391457	1391458	IS_AST_PARENT	
1391470	1391471	IS_AST_PARENT	
1391470	1391472	IS_AST_PARENT	
1391469	1391470	IS_AST_PARENT	
1391457	1391469	IS_AST_PARENT	
1391452	1391457	IS_AST_PARENT	
1391473	1391474	IS_AST_PARENT	
1391452	1391473	IS_AST_PARENT	
1391451	1391452	IS_AST_PARENT	
1391451	1391475	IS_AST_PARENT	
1391451	1391476	IS_AST_PARENT	
1391478	1391479	IS_AST_PARENT	
1391478	1391480	IS_AST_PARENT	
1391477	1391478	IS_AST_PARENT	
1391451	1391477	IS_AST_PARENT	
1391481	1391478	FLOWS_TO	
1391478	1391453	FLOWS_TO	
1391453	1391458	FLOWS_TO	
1391458	1391469	FLOWS_TO	
1391458	1391473	FLOWS_TO	
1391469	1391482	FLOWS_TO	
1391473	1391482	FLOWS_TO	
1391458	1391483	USE	
1391459	1391483	USE	
1391478	1391484	DEF	
1391458	1391484	USE	
1391465	1391484	USE	
1391473	1391484	USE	
1391453	1391485	DEF	
1391454	1391485	DEF	
1391458	1391485	DEF	
1391459	1391485	DEF	
1391469	1391485	USE	
1391478	1391458	REACHES	_d667f7dc90cba96d0ccb91c32185e003
1391458	1391469	REACHES	_88a48a1bfe3518fbee5e821923d2355e
1391478	1391473	REACHES	_d667f7dc90cba96d0ccb91c32185e003
1391481	1391478	CONTROLS	
1391481	1391453	CONTROLS	
1391481	1391458	CONTROLS	
1391458	1391469	CONTROLS	
1391458	1391473	CONTROLS	
1391453	1391458	DOM	
1391481	1391478	DOM	
1391458	1391473	DOM	
1391458	1391469	DOM	
1391481	1391481	DOM	
1391458	1391482	DOM	
1391478	1391453	DOM	
1391482	1391458	POST_DOM	
1391453	1391478	POST_DOM	
1391482	1391473	POST_DOM	
1391482	1391469	POST_DOM	
1391478	1391481	POST_DOM	
1391482	1391482	POST_DOM	
1391458	1391453	POST_DOM	
1391450	1391451	IS_FUNCTION_OF_AST	
1391450	1391481	IS_FUNCTION_OF_CFG	
1390758	1391450	IS_FILE_OF	
1391490	1391491	IS_AST_PARENT	
1391490	1391492	IS_AST_PARENT	
1391489	1391490	IS_AST_PARENT	
1391488	1391489	IS_AST_PARENT	
1391494	1391495	IS_AST_PARENT	
1391494	1391496	IS_AST_PARENT	
1391493	1391494	IS_AST_PARENT	
1391488	1391493	IS_AST_PARENT	
1391498	1391499	IS_AST_PARENT	
1391498	1391500	IS_AST_PARENT	
1391497	1391498	IS_AST_PARENT	
1391488	1391497	IS_AST_PARENT	
1391502	1391503	IS_AST_PARENT	
1391502	1391504	IS_AST_PARENT	
1391505	1391506	IS_AST_PARENT	
1391505	1391507	IS_AST_PARENT	
1391502	1391505	IS_AST_PARENT	
1391501	1391502	IS_AST_PARENT	
1391488	1391501	IS_AST_PARENT	
1391509	1391510	IS_AST_PARENT	
1391509	1391511	IS_AST_PARENT	
1391512	1391513	IS_AST_PARENT	
1391512	1391514	IS_AST_PARENT	
1391509	1391512	IS_AST_PARENT	
1391508	1391509	IS_AST_PARENT	
1391488	1391508	IS_AST_PARENT	
1391516	1391517	IS_AST_PARENT	
1391516	1391518	IS_AST_PARENT	
1391515	1391516	IS_AST_PARENT	
1391488	1391515	IS_AST_PARENT	
1391520	1391521	IS_AST_PARENT	
1391520	1391522	IS_AST_PARENT	
1391519	1391520	IS_AST_PARENT	
1391488	1391519	IS_AST_PARENT	
1391524	1391525	IS_AST_PARENT	
1391524	1391526	IS_AST_PARENT	
1391523	1391524	IS_AST_PARENT	
1391488	1391523	IS_AST_PARENT	
1391528	1391529	IS_AST_PARENT	
1391528	1391530	IS_AST_PARENT	
1391527	1391528	IS_AST_PARENT	
1391488	1391527	IS_AST_PARENT	
1391533	1391534	IS_AST_PARENT	
1391536	1391537	IS_AST_PARENT	
1391535	1391536	IS_AST_PARENT	
1391539	1391540	IS_AST_PARENT	
1391538	1391539	IS_AST_PARENT	
1391541	1391542	IS_AST_PARENT	
1391538	1391541	IS_AST_PARENT	
1391535	1391538	IS_AST_PARENT	
1391533	1391535	IS_AST_PARENT	
1391532	1391533	IS_AST_PARENT	
1391531	1391532	IS_AST_PARENT	
1391546	1391547	IS_AST_PARENT	
1391545	1391546	IS_AST_PARENT	
1391549	1391550	IS_AST_PARENT	
1391548	1391549	IS_AST_PARENT	
1391545	1391548	IS_AST_PARENT	
1391544	1391545	IS_AST_PARENT	
1391543	1391544	IS_AST_PARENT	
1391552	1391553	IS_AST_PARENT	
1391552	1391554	IS_AST_PARENT	
1391555	1391556	IS_AST_PARENT	
1391555	1391557	IS_AST_PARENT	
1391552	1391555	IS_AST_PARENT	
1391551	1391552	IS_AST_PARENT	
1391543	1391551	IS_AST_PARENT	
1391559	1391560	IS_AST_PARENT	
1391559	1391561	IS_AST_PARENT	
1391559	1391562	IS_AST_PARENT	
1391558	1391559	IS_AST_PARENT	
1391543	1391558	IS_AST_PARENT	
1391564	1391565	IS_AST_PARENT	
1391564	1391566	IS_AST_PARENT	
1391563	1391564	IS_AST_PARENT	
1391543	1391563	IS_AST_PARENT	
1391568	1391569	IS_AST_PARENT	
1391568	1391570	IS_AST_PARENT	
1391571	1391572	IS_AST_PARENT	
1391571	1391573	IS_AST_PARENT	
1391568	1391571	IS_AST_PARENT	
1391567	1391568	IS_AST_PARENT	
1391543	1391567	IS_AST_PARENT	
1391575	1391576	IS_AST_PARENT	
1391575	1391577	IS_AST_PARENT	
1391574	1391575	IS_AST_PARENT	
1391543	1391574	IS_AST_PARENT	
1391579	1391580	IS_AST_PARENT	
1391579	1391581	IS_AST_PARENT	
1391582	1391583	IS_AST_PARENT	
1391582	1391584	IS_AST_PARENT	
1391579	1391582	IS_AST_PARENT	
1391578	1391579	IS_AST_PARENT	
1391543	1391578	IS_AST_PARENT	
1391588	1391589	IS_AST_PARENT	
1391591	1391592	IS_AST_PARENT	
1391590	1391591	IS_AST_PARENT	
1391594	1391595	IS_AST_PARENT	
1391593	1391594	IS_AST_PARENT	
1391596	1391597	IS_AST_PARENT	
1391593	1391596	IS_AST_PARENT	
1391590	1391593	IS_AST_PARENT	
1391588	1391590	IS_AST_PARENT	
1391587	1391588	IS_AST_PARENT	
1391587	1391598	IS_AST_PARENT	
1391586	1391587	IS_AST_PARENT	
1391585	1391586	IS_AST_PARENT	
1391602	1391603	IS_AST_PARENT	
1391601	1391602	IS_AST_PARENT	
1391605	1391606	IS_AST_PARENT	
1391604	1391605	IS_AST_PARENT	
1391601	1391604	IS_AST_PARENT	
1391600	1391601	IS_AST_PARENT	
1391599	1391600	IS_AST_PARENT	
1391607	1391608	IS_AST_PARENT	
1391599	1391607	IS_AST_PARENT	
1391585	1391599	IS_AST_PARENT	
1391612	1391613	IS_AST_PARENT	
1391612	1391614	IS_AST_PARENT	
1391611	1391612	IS_AST_PARENT	
1391610	1391611	IS_AST_PARENT	
1391616	1391617	IS_AST_PARENT	
1391616	1391618	IS_AST_PARENT	
1391615	1391616	IS_AST_PARENT	
1391610	1391615	IS_AST_PARENT	
1391620	1391621	IS_AST_PARENT	
1391620	1391622	IS_AST_PARENT	
1391620	1391623	IS_AST_PARENT	
1391624	1391625	IS_AST_PARENT	
1391626	1391627	IS_AST_PARENT	
1391624	1391626	IS_AST_PARENT	
1391620	1391624	IS_AST_PARENT	
1391619	1391620	IS_AST_PARENT	
1391610	1391619	IS_AST_PARENT	
1391629	1391630	IS_AST_PARENT	
1391629	1391631	IS_AST_PARENT	
1391632	1391633	IS_AST_PARENT	
1391632	1391634	IS_AST_PARENT	
1391629	1391632	IS_AST_PARENT	
1391628	1391629	IS_AST_PARENT	
1391610	1391628	IS_AST_PARENT	
1391636	1391637	IS_AST_PARENT	
1391636	1391638	IS_AST_PARENT	
1391639	1391640	IS_AST_PARENT	
1391639	1391641	IS_AST_PARENT	
1391636	1391639	IS_AST_PARENT	
1391635	1391636	IS_AST_PARENT	
1391610	1391635	IS_AST_PARENT	
1391643	1391644	IS_AST_PARENT	
1391643	1391645	IS_AST_PARENT	
1391646	1391647	IS_AST_PARENT	
1391646	1391648	IS_AST_PARENT	
1391643	1391646	IS_AST_PARENT	
1391642	1391643	IS_AST_PARENT	
1391610	1391642	IS_AST_PARENT	
1391650	1391651	IS_AST_PARENT	
1391650	1391652	IS_AST_PARENT	
1391653	1391654	IS_AST_PARENT	
1391655	1391656	IS_AST_PARENT	
1391655	1391657	IS_AST_PARENT	
1391653	1391655	IS_AST_PARENT	
1391650	1391653	IS_AST_PARENT	
1391649	1391650	IS_AST_PARENT	
1391610	1391649	IS_AST_PARENT	
1391659	1391660	IS_AST_PARENT	
1391659	1391661	IS_AST_PARENT	
1391658	1391659	IS_AST_PARENT	
1391610	1391658	IS_AST_PARENT	
1391663	1391664	IS_AST_PARENT	
1391666	1391667	IS_AST_PARENT	
1391665	1391666	IS_AST_PARENT	
1391669	1391670	IS_AST_PARENT	
1391668	1391669	IS_AST_PARENT	
1391671	1391672	IS_AST_PARENT	
1391668	1391671	IS_AST_PARENT	
1391673	1391674	IS_AST_PARENT	
1391668	1391673	IS_AST_PARENT	
1391665	1391668	IS_AST_PARENT	
1391663	1391665	IS_AST_PARENT	
1391662	1391663	IS_AST_PARENT	
1391610	1391662	IS_AST_PARENT	
1391677	1391678	IS_AST_PARENT	
1391677	1391679	IS_AST_PARENT	
1391676	1391677	IS_AST_PARENT	
1391675	1391676	IS_AST_PARENT	
1391682	1391683	IS_AST_PARENT	
1391681	1391682	IS_AST_PARENT	
1391686	1391687	IS_AST_PARENT	
1391689	1391690	IS_AST_PARENT	
1391688	1391689	IS_AST_PARENT	
1391692	1391693	IS_AST_PARENT	
1391691	1391692	IS_AST_PARENT	
1391694	1391695	IS_AST_PARENT	
1391691	1391694	IS_AST_PARENT	
1391696	1391697	IS_AST_PARENT	
1391691	1391696	IS_AST_PARENT	
1391698	1391699	IS_AST_PARENT	
1391691	1391698	IS_AST_PARENT	
1391688	1391691	IS_AST_PARENT	
1391686	1391688	IS_AST_PARENT	
1391685	1391686	IS_AST_PARENT	
1391684	1391685	IS_AST_PARENT	
1391702	1391703	IS_AST_PARENT	
1391702	1391704	IS_AST_PARENT	
1391701	1391702	IS_AST_PARENT	
1391700	1391701	IS_AST_PARENT	
1391705	1391706	IS_AST_PARENT	
1391700	1391705	IS_AST_PARENT	
1391684	1391700	IS_AST_PARENT	
1391709	1391710	IS_AST_PARENT	
1391708	1391709	IS_AST_PARENT	
1391713	1391714	IS_AST_PARENT	
1391713	1391715	IS_AST_PARENT	
1391712	1391713	IS_AST_PARENT	
1391711	1391712	IS_AST_PARENT	
1391716	1391717	IS_AST_PARENT	
1391711	1391716	IS_AST_PARENT	
1391719	1391720	IS_AST_PARENT	
1391719	1391721	IS_AST_PARENT	
1391718	1391719	IS_AST_PARENT	
1391711	1391718	IS_AST_PARENT	
1391708	1391711	IS_AST_PARENT	
1391707	1391708	IS_AST_PARENT	
1391684	1391707	IS_AST_PARENT	
1391724	1391725	IS_AST_PARENT	
1391724	1391726	IS_AST_PARENT	
1391723	1391724	IS_AST_PARENT	
1391723	1391727	IS_AST_PARENT	
1391722	1391723	IS_AST_PARENT	
1391684	1391722	IS_AST_PARENT	
1391731	1391732	IS_AST_PARENT	
1391731	1391733	IS_AST_PARENT	
1391730	1391731	IS_AST_PARENT	
1391730	1391734	IS_AST_PARENT	
1391729	1391730	IS_AST_PARENT	
1391736	1391737	IS_AST_PARENT	
1391735	1391736	IS_AST_PARENT	
1391739	1391740	IS_AST_PARENT	
1391738	1391739	IS_AST_PARENT	
1391735	1391738	IS_AST_PARENT	
1391729	1391735	IS_AST_PARENT	
1391728	1391729	IS_AST_PARENT	
1391684	1391728	IS_AST_PARENT	
1391743	1391744	IS_AST_PARENT	
1391743	1391745	IS_AST_PARENT	
1391742	1391743	IS_AST_PARENT	
1391747	1391748	IS_AST_PARENT	
1391746	1391747	IS_AST_PARENT	
1391750	1391751	IS_AST_PARENT	
1391749	1391750	IS_AST_PARENT	
1391746	1391749	IS_AST_PARENT	
1391742	1391746	IS_AST_PARENT	
1391741	1391742	IS_AST_PARENT	
1391684	1391741	IS_AST_PARENT	
1391754	1391755	IS_AST_PARENT	
1391757	1391758	IS_AST_PARENT	
1391756	1391757	IS_AST_PARENT	
1391760	1391761	IS_AST_PARENT	
1391759	1391760	IS_AST_PARENT	
1391763	1391764	IS_AST_PARENT	
1391765	1391766	IS_AST_PARENT	
1391765	1391767	IS_AST_PARENT	
1391763	1391765	IS_AST_PARENT	
1391762	1391763	IS_AST_PARENT	
1391759	1391762	IS_AST_PARENT	
1391769	1391770	IS_AST_PARENT	
1391769	1391771	IS_AST_PARENT	
1391768	1391769	IS_AST_PARENT	
1391759	1391768	IS_AST_PARENT	
1391756	1391759	IS_AST_PARENT	
1391754	1391756	IS_AST_PARENT	
1391753	1391754	IS_AST_PARENT	
1391752	1391753	IS_AST_PARENT	
1391775	1391776	IS_AST_PARENT	
1391774	1391775	IS_AST_PARENT	
1391778	1391779	IS_AST_PARENT	
1391777	1391778	IS_AST_PARENT	
1391780	1391781	IS_AST_PARENT	
1391777	1391780	IS_AST_PARENT	
1391782	1391783	IS_AST_PARENT	
1391777	1391782	IS_AST_PARENT	
1391774	1391777	IS_AST_PARENT	
1391773	1391774	IS_AST_PARENT	
1391772	1391773	IS_AST_PARENT	
1391752	1391772	IS_AST_PARENT	
1391684	1391752	IS_AST_PARENT	
1391681	1391684	IS_AST_PARENT	
1391680	1391681	IS_AST_PARENT	
1391786	1391787	IS_AST_PARENT	
1391785	1391786	IS_AST_PARENT	
1391789	1391790	IS_AST_PARENT	
1391788	1391789	IS_AST_PARENT	
1391785	1391788	IS_AST_PARENT	
1391784	1391785	IS_AST_PARENT	
1391680	1391784	IS_AST_PARENT	
1391793	1391794	IS_AST_PARENT	
1391792	1391793	IS_AST_PARENT	
1391796	1391797	IS_AST_PARENT	
1391795	1391796	IS_AST_PARENT	
1391792	1391795	IS_AST_PARENT	
1391791	1391792	IS_AST_PARENT	
1391680	1391791	IS_AST_PARENT	
1391675	1391680	IS_AST_PARENT	
1391610	1391675	IS_AST_PARENT	
1391609	1391610	IS_AST_PARENT	
1391585	1391609	IS_AST_PARENT	
1391543	1391585	IS_AST_PARENT	
1391531	1391543	IS_AST_PARENT	
1391488	1391531	IS_AST_PARENT	
1391798	1391799	IS_AST_PARENT	
1391488	1391798	IS_AST_PARENT	
1391488	1391800	IS_AST_PARENT	
1391803	1391804	IS_AST_PARENT	
1391803	1391805	IS_AST_PARENT	
1391802	1391803	IS_AST_PARENT	
1391801	1391802	IS_AST_PARENT	
1391809	1391810	IS_AST_PARENT	
1391808	1391809	IS_AST_PARENT	
1391814	1391815	IS_AST_PARENT	
1391813	1391814	IS_AST_PARENT	
1391813	1391816	IS_AST_PARENT	
1391813	1391817	IS_AST_PARENT	
1391812	1391813	IS_AST_PARENT	
1391811	1391812	IS_AST_PARENT	
1391818	1391819	IS_AST_PARENT	
1391811	1391818	IS_AST_PARENT	
1391820	1391821	IS_AST_PARENT	
1391811	1391820	IS_AST_PARENT	
1391808	1391811	IS_AST_PARENT	
1391807	1391808	IS_AST_PARENT	
1391806	1391807	IS_AST_PARENT	
1391824	1391825	IS_AST_PARENT	
1391823	1391824	IS_AST_PARENT	
1391828	1391829	IS_AST_PARENT	
1391828	1391830	IS_AST_PARENT	
1391827	1391828	IS_AST_PARENT	
1391826	1391827	IS_AST_PARENT	
1391831	1391832	IS_AST_PARENT	
1391826	1391831	IS_AST_PARENT	
1391833	1391834	IS_AST_PARENT	
1391826	1391833	IS_AST_PARENT	
1391823	1391826	IS_AST_PARENT	
1391822	1391823	IS_AST_PARENT	
1391806	1391822	IS_AST_PARENT	
1391801	1391806	IS_AST_PARENT	
1391488	1391801	IS_AST_PARENT	
1391837	1391838	IS_AST_PARENT	
1391837	1391839	IS_AST_PARENT	
1391836	1391837	IS_AST_PARENT	
1391835	1391836	IS_AST_PARENT	
1391840	1391841	IS_AST_PARENT	
1391835	1391840	IS_AST_PARENT	
1391488	1391835	IS_AST_PARENT	
1391844	1391845	IS_AST_PARENT	
1391844	1391846	IS_AST_PARENT	
1391843	1391844	IS_AST_PARENT	
1391842	1391843	IS_AST_PARENT	
1391850	1391851	IS_AST_PARENT	
1391849	1391850	IS_AST_PARENT	
1391853	1391854	IS_AST_PARENT	
1391852	1391853	IS_AST_PARENT	
1391855	1391856	IS_AST_PARENT	
1391852	1391855	IS_AST_PARENT	
1391857	1391858	IS_AST_PARENT	
1391852	1391857	IS_AST_PARENT	
1391849	1391852	IS_AST_PARENT	
1391848	1391849	IS_AST_PARENT	
1391847	1391848	IS_AST_PARENT	
1391861	1391862	IS_AST_PARENT	
1391860	1391861	IS_AST_PARENT	
1391864	1391865	IS_AST_PARENT	
1391863	1391864	IS_AST_PARENT	
1391866	1391867	IS_AST_PARENT	
1391863	1391866	IS_AST_PARENT	
1391860	1391863	IS_AST_PARENT	
1391859	1391860	IS_AST_PARENT	
1391847	1391859	IS_AST_PARENT	
1391842	1391847	IS_AST_PARENT	
1391488	1391842	IS_AST_PARENT	
1391870	1391871	IS_AST_PARENT	
1391870	1391872	IS_AST_PARENT	
1391869	1391870	IS_AST_PARENT	
1391868	1391869	IS_AST_PARENT	
1391876	1391877	IS_AST_PARENT	
1391875	1391876	IS_AST_PARENT	
1391879	1391880	IS_AST_PARENT	
1391878	1391879	IS_AST_PARENT	
1391881	1391882	IS_AST_PARENT	
1391878	1391881	IS_AST_PARENT	
1391883	1391884	IS_AST_PARENT	
1391878	1391883	IS_AST_PARENT	
1391875	1391878	IS_AST_PARENT	
1391874	1391875	IS_AST_PARENT	
1391873	1391874	IS_AST_PARENT	
1391887	1391888	IS_AST_PARENT	
1391886	1391887	IS_AST_PARENT	
1391890	1391891	IS_AST_PARENT	
1391889	1391890	IS_AST_PARENT	
1391892	1391893	IS_AST_PARENT	
1391889	1391892	IS_AST_PARENT	
1391886	1391889	IS_AST_PARENT	
1391885	1391886	IS_AST_PARENT	
1391873	1391885	IS_AST_PARENT	
1391868	1391873	IS_AST_PARENT	
1391488	1391868	IS_AST_PARENT	
1391896	1391897	IS_AST_PARENT	
1391896	1391898	IS_AST_PARENT	
1391899	1391900	IS_AST_PARENT	
1391899	1391901	IS_AST_PARENT	
1391896	1391899	IS_AST_PARENT	
1391895	1391896	IS_AST_PARENT	
1391894	1391895	IS_AST_PARENT	
1391894	1391902	IS_AST_PARENT	
1391488	1391894	IS_AST_PARENT	
1391903	1391904	IS_AST_PARENT	
1391488	1391903	IS_AST_PARENT	
1391906	1391907	IS_AST_PARENT	
1391906	1391908	IS_AST_PARENT	
1391905	1391906	IS_AST_PARENT	
1391488	1391905	IS_AST_PARENT	
1391487	1391488	IS_AST_PARENT	
1391487	1391909	IS_AST_PARENT	
1391487	1391910	IS_AST_PARENT	
1391912	1391913	IS_AST_PARENT	
1391912	1391914	IS_AST_PARENT	
1391911	1391912	IS_AST_PARENT	
1391915	1391916	IS_AST_PARENT	
1391915	1391917	IS_AST_PARENT	
1391911	1391915	IS_AST_PARENT	
1391918	1391919	IS_AST_PARENT	
1391918	1391920	IS_AST_PARENT	
1391911	1391918	IS_AST_PARENT	
1391487	1391911	IS_AST_PARENT	
1391921	1391912	FLOWS_TO	
1391912	1391915	FLOWS_TO	
1391915	1391918	FLOWS_TO	
1391918	1391489	FLOWS_TO	
1391489	1391493	FLOWS_TO	
1391493	1391497	FLOWS_TO	
1391497	1391501	FLOWS_TO	
1391501	1391508	FLOWS_TO	
1391508	1391515	FLOWS_TO	
1391515	1391519	FLOWS_TO	
1391519	1391523	FLOWS_TO	
1391523	1391527	FLOWS_TO	
1391527	1391532	FLOWS_TO	
1391532	1391544	FLOWS_TO	
1391532	1391798	FLOWS_TO	
1391544	1391551	FLOWS_TO	
1391551	1391558	FLOWS_TO	
1391558	1391563	FLOWS_TO	
1391563	1391567	FLOWS_TO	
1391567	1391574	FLOWS_TO	
1391574	1391578	FLOWS_TO	
1391578	1391586	FLOWS_TO	
1391586	1391600	FLOWS_TO	
1391586	1391611	FLOWS_TO	
1391600	1391607	FLOWS_TO	
1391607	1391798	FLOWS_TO	
1391611	1391615	FLOWS_TO	
1391615	1391619	FLOWS_TO	
1391619	1391628	FLOWS_TO	
1391628	1391635	FLOWS_TO	
1391635	1391642	FLOWS_TO	
1391642	1391649	FLOWS_TO	
1391649	1391658	FLOWS_TO	
1391658	1391662	FLOWS_TO	
1391662	1391676	FLOWS_TO	
1391676	1391682	FLOWS_TO	
1391676	1391798	FLOWS_TO	
1391682	1391685	FLOWS_TO	
1391682	1391784	FLOWS_TO	
1391685	1391701	FLOWS_TO	
1391701	1391706	FLOWS_TO	
1391701	1391707	FLOWS_TO	
1391706	1391784	FLOWS_TO	
1391707	1391722	FLOWS_TO	
1391722	1391728	FLOWS_TO	
1391728	1391741	FLOWS_TO	
1391741	1391753	FLOWS_TO	
1391753	1391773	FLOWS_TO	
1391753	1391682	FLOWS_TO	
1391773	1391682	FLOWS_TO	
1391784	1391791	FLOWS_TO	
1391791	1391798	FLOWS_TO	
1391798	1391800	FLOWS_TO	
1391800	1391802	FLOWS_TO	
1391802	1391807	FLOWS_TO	
1391802	1391836	FLOWS_TO	
1391807	1391822	FLOWS_TO	
1391822	1391836	FLOWS_TO	
1391836	1391840	FLOWS_TO	
1391836	1391843	FLOWS_TO	
1391840	1391903	FLOWS_TO	
1391843	1391848	FLOWS_TO	
1391843	1391869	FLOWS_TO	
1391848	1391859	FLOWS_TO	
1391859	1391869	FLOWS_TO	
1391869	1391874	FLOWS_TO	
1391869	1391895	FLOWS_TO	
1391874	1391885	FLOWS_TO	
1391885	1391895	FLOWS_TO	
1391895	1391902	FLOWS_TO	
1391902	1391903	FLOWS_TO	
1391903	1391905	FLOWS_TO	
1391905	1391922	FLOWS_TO	
1391802	1391923	USE	
1391874	1391924	USE	
1391879	1391924	USE	
1391885	1391924	USE	
1391890	1391924	USE	
1391741	1391925	USE	
1391742	1391925	USE	
1391915	1391926	DEF	
1391822	1391926	USE	
1391831	1391926	USE	
1391848	1391926	USE	
1391855	1391926	USE	
1391874	1391926	USE	
1391881	1391926	USE	
1391515	1391927	DEF	
1391516	1391927	DEF	
1391551	1391927	DEF	
1391555	1391927	DEF	
1391552	1391927	DEF	
1391586	1391927	USE	
1391594	1391927	USE	
1391728	1391928	DEF	
1391729	1391928	DEF	
1391728	1391928	USE	
1391730	1391928	USE	
1391895	1391929	DEF	
1391899	1391929	DEF	
1391896	1391929	DEF	
1391807	1391930	USE	
1391812	1391930	USE	
1391814	1391930	USE	
1391628	1391931	DEF	
1391632	1391931	DEF	
1391629	1391931	DEF	
1391707	1391932	USE	
1391712	1391932	USE	
1391753	1391932	USE	
1391762	1391932	USE	
1391501	1391933	DEF	
1391502	1391933	DEF	
1391505	1391933	DEF	
1391532	1391933	USE	
1391539	1391933	USE	
1391802	1391934	USE	
1391843	1391934	USE	
1391869	1391934	USE	
1391493	1391935	USE	
1391494	1391935	USE	
1391905	1391935	DEF	
1391906	1391935	DEF	
1391489	1391936	DEF	
1391490	1391936	DEF	
1391493	1391936	DEF	
1391494	1391936	DEF	
1391905	1391936	USE	
1391906	1391936	USE	
1391586	1391937	USE	
1391497	1391938	DEF	
1391498	1391938	DEF	
1391563	1391938	DEF	
1391564	1391938	DEF	
1391586	1391938	DEF	
1391588	1391938	DEF	
1391685	1391938	USE	
1391698	1391938	USE	
1391784	1391938	USE	
1391789	1391938	USE	
1391658	1391939	DEF	
1391659	1391939	DEF	
1391662	1391940	USE	
1391669	1391940	USE	
1391722	1391940	USE	
1391723	1391940	USE	
1391848	1391941	USE	
1391853	1391941	USE	
1391859	1391941	USE	
1391864	1391941	USE	
1391685	1391942	USE	
1391686	1391942	USE	
1391619	1391943	DEF	
1391624	1391943	DEF	
1391620	1391943	DEF	
1391558	1391944	DEF	
1391559	1391944	DEF	
1391685	1391944	USE	
1391692	1391944	USE	
1391773	1391944	USE	
1391780	1391944	USE	
1391649	1391945	DEF	
1391650	1391945	DEF	
1391653	1391945	DEF	
1391508	1391946	DEF	
1391512	1391946	DEF	
1391509	1391946	DEF	
1391728	1391947	USE	
1391729	1391947	USE	
1391869	1391948	USE	
1391532	1391949	USE	
1391635	1391950	DEF	
1391639	1391950	DEF	
1391636	1391950	DEF	
1391918	1391951	DEF	
1391822	1391951	USE	
1391833	1391951	USE	
1391848	1391951	USE	
1391857	1391951	USE	
1391874	1391951	USE	
1391883	1391951	USE	
1391836	1391952	USE	
1391615	1391953	DEF	
1391616	1391953	DEF	
1391722	1391953	USE	
1391724	1391953	USE	
1391722	1391953	DEF	
1391723	1391953	DEF	
1391728	1391953	USE	
1391731	1391953	USE	
1391730	1391953	USE	
1391728	1391953	DEF	
1391729	1391953	DEF	
1391741	1391953	USE	
1391743	1391953	USE	
1391741	1391953	DEF	
1391742	1391953	DEF	
1391662	1391954	USE	
1391671	1391954	USE	
1391523	1391955	DEF	
1391524	1391955	DEF	
1391722	1391956	DEF	
1391723	1391956	DEF	
1391843	1391957	USE	
1391753	1391958	USE	
1391728	1391959	DEF	
1391729	1391959	DEF	
1391586	1391960	USE	
1391588	1391960	USE	
1391642	1391961	DEF	
1391646	1391961	DEF	
1391643	1391961	DEF	
1391728	1391961	USE	
1391739	1391961	USE	
1391611	1391962	DEF	
1391612	1391962	DEF	
1391662	1391962	DEF	
1391663	1391962	DEF	
1391676	1391962	USE	
1391753	1391962	USE	
1391760	1391962	USE	
1391773	1391962	USE	
1391778	1391962	USE	
1391791	1391962	USE	
1391796	1391962	USE	
1391807	1391963	USE	
1391818	1391963	USE	
1391912	1391964	DEF	
1391822	1391964	USE	
1391827	1391964	USE	
1391836	1391964	USE	
1391807	1391965	USE	
1391820	1391965	USE	
1391822	1391965	USE	
1391827	1391965	USE	
1391519	1391966	DEF	
1391520	1391966	DEF	
1391578	1391966	DEF	
1391579	1391966	DEF	
1391582	1391966	DEF	
1391685	1391966	DEF	
1391686	1391966	DEF	
1391701	1391966	USE	
1391773	1391966	USE	
1391782	1391966	USE	
1391574	1391967	DEF	
1391575	1391967	DEF	
1391527	1391968	DEF	
1391528	1391968	DEF	
1391662	1391969	USE	
1391663	1391969	USE	
1391741	1391970	DEF	
1391742	1391970	DEF	
1391567	1391971	DEF	
1391568	1391971	DEF	
1391571	1391971	DEF	
1391915	1391822	REACHES	_630e328cbdb936f9de8a51209d0cd7b3
1391915	1391848	REACHES	_630e328cbdb936f9de8a51209d0cd7b3
1391915	1391874	REACHES	_630e328cbdb936f9de8a51209d0cd7b3
1391551	1391586	REACHES	_3e4cd7ded2cfbb8857c0fc7d5fe571dc
1391728	1391728	REACHES	_b764388dc8ece65d80c204e2676de898 . sin_addr
1391918	1391822	REACHES	_77eab77f73c7da791613e2f071ac34da
1391918	1391848	REACHES	_77eab77f73c7da791613e2f071ac34da
1391918	1391874	REACHES	_77eab77f73c7da791613e2f071ac34da
1391615	1391722	REACHES	_b764388dc8ece65d80c204e2676de898
1391741	1391722	REACHES	_b764388dc8ece65d80c204e2676de898
1391722	1391728	REACHES	_b764388dc8ece65d80c204e2676de898
1391728	1391741	REACHES	_b764388dc8ece65d80c204e2676de898
1391501	1391532	REACHES	_85bede55136db9c52bdc0f452d0921aa
1391493	1391905	REACHES	_d31d4234084358644a67c85886507b5f
1391642	1391728	REACHES	_9dd61b820e44454124a7980d4b73d400
1391662	1391676	REACHES	_12ad2636910a3bbb74d867039693852f
1391586	1391685	REACHES	_d49826cc31b0e72c4fe267e1c9de1746
1391662	1391753	REACHES	_12ad2636910a3bbb74d867039693852f
1391662	1391773	REACHES	_12ad2636910a3bbb74d867039693852f
1391586	1391784	REACHES	_d49826cc31b0e72c4fe267e1c9de1746
1391662	1391791	REACHES	_12ad2636910a3bbb74d867039693852f
1391558	1391685	REACHES	_974f35c6d533df21393d805daa544312
1391558	1391773	REACHES	_974f35c6d533df21393d805daa544312
1391912	1391822	REACHES	_0af2f11e378632272e210b343f6db322
1391912	1391836	REACHES	_0af2f11e378632272e210b343f6db322
1391685	1391701	REACHES	_4bc58f9a1c7cd49e32e691db18c4472e
1391685	1391773	REACHES	_4bc58f9a1c7cd49e32e691db18c4472e
1391921	1391912	CONTROLS	
1391921	1391915	CONTROLS	
1391921	1391918	CONTROLS	
1391921	1391489	CONTROLS	
1391921	1391493	CONTROLS	
1391921	1391497	CONTROLS	
1391921	1391501	CONTROLS	
1391921	1391508	CONTROLS	
1391921	1391515	CONTROLS	
1391921	1391519	CONTROLS	
1391921	1391523	CONTROLS	
1391921	1391527	CONTROLS	
1391921	1391532	CONTROLS	
1391921	1391798	CONTROLS	
1391921	1391800	CONTROLS	
1391921	1391802	CONTROLS	
1391921	1391836	CONTROLS	
1391921	1391903	CONTROLS	
1391921	1391905	CONTROLS	
1391532	1391544	CONTROLS	
1391532	1391551	CONTROLS	
1391532	1391558	CONTROLS	
1391532	1391563	CONTROLS	
1391532	1391567	CONTROLS	
1391532	1391574	CONTROLS	
1391532	1391578	CONTROLS	
1391532	1391586	CONTROLS	
1391586	1391600	CONTROLS	
1391586	1391607	CONTROLS	
1391586	1391611	CONTROLS	
1391586	1391615	CONTROLS	
1391586	1391619	CONTROLS	
1391586	1391628	CONTROLS	
1391586	1391635	CONTROLS	
1391586	1391642	CONTROLS	
1391586	1391649	CONTROLS	
1391586	1391658	CONTROLS	
1391586	1391662	CONTROLS	
1391586	1391676	CONTROLS	
1391676	1391682	CONTROLS	
1391676	1391784	CONTROLS	
1391676	1391791	CONTROLS	
1391682	1391685	CONTROLS	
1391682	1391701	CONTROLS	
1391701	1391706	CONTROLS	
1391701	1391707	CONTROLS	
1391701	1391722	CONTROLS	
1391701	1391728	CONTROLS	
1391701	1391741	CONTROLS	
1391701	1391753	CONTROLS	
1391701	1391682	CONTROLS	
1391753	1391773	CONTROLS	
1391802	1391807	CONTROLS	
1391802	1391822	CONTROLS	
1391836	1391840	CONTROLS	
1391836	1391843	CONTROLS	
1391836	1391869	CONTROLS	
1391836	1391895	CONTROLS	
1391836	1391902	CONTROLS	
1391843	1391848	CONTROLS	
1391843	1391859	CONTROLS	
1391869	1391874	CONTROLS	
1391869	1391885	CONTROLS	
1391519	1391523	DOM	
1391544	1391551	DOM	
1391682	1391784	DOM	
1391662	1391676	DOM	
1391685	1391701	DOM	
1391918	1391489	DOM	
1391489	1391493	DOM	
1391574	1391578	DOM	
1391728	1391741	DOM	
1391493	1391497	DOM	
1391497	1391501	DOM	
1391523	1391527	DOM	
1391802	1391807	DOM	
1391903	1391905	DOM	
1391784	1391791	DOM	
1391836	1391903	DOM	
1391611	1391615	DOM	
1391658	1391662	DOM	
1391567	1391574	DOM	
1391532	1391798	DOM	
1391843	1391869	DOM	
1391501	1391508	DOM	
1391807	1391822	DOM	
1391628	1391635	DOM	
1391701	1391706	DOM	
1391707	1391722	DOM	
1391532	1391544	DOM	
1391586	1391600	DOM	
1391600	1391607	DOM	
1391802	1391836	DOM	
1391649	1391658	DOM	
1391527	1391532	DOM	
1391578	1391586	DOM	
1391676	1391682	DOM	
1391515	1391519	DOM	
1391921	1391912	DOM	
1391912	1391915	DOM	
1391682	1391685	DOM	
1391915	1391918	DOM	
1391701	1391707	DOM	
1391642	1391649	DOM	
1391722	1391728	DOM	
1391843	1391848	DOM	
1391615	1391619	DOM	
1391551	1391558	DOM	
1391848	1391859	DOM	
1391836	1391843	DOM	
1391836	1391840	DOM	
1391753	1391773	DOM	
1391895	1391902	DOM	
1391874	1391885	DOM	
1391921	1391921	DOM	
1391798	1391800	DOM	
1391508	1391515	DOM	
1391800	1391802	DOM	
1391635	1391642	DOM	
1391619	1391628	DOM	
1391563	1391567	DOM	
1391741	1391753	DOM	
1391558	1391563	DOM	
1391869	1391874	DOM	
1391586	1391611	DOM	
1391869	1391895	DOM	
1391905	1391922	DOM	
1391527	1391523	POST_DOM	
1391558	1391551	POST_DOM	
1391791	1391784	POST_DOM	
1391798	1391676	POST_DOM	
1391784	1391701	POST_DOM	
1391497	1391493	POST_DOM	
1391493	1391489	POST_DOM	
1391586	1391578	POST_DOM	
1391753	1391741	POST_DOM	
1391501	1391497	POST_DOM	
1391508	1391501	POST_DOM	
1391532	1391527	POST_DOM	
1391822	1391807	POST_DOM	
1391922	1391905	POST_DOM	
1391798	1391791	POST_DOM	
1391905	1391903	POST_DOM	
1391619	1391615	POST_DOM	
1391676	1391662	POST_DOM	
1391578	1391574	POST_DOM	
1391800	1391798	POST_DOM	
1391895	1391869	POST_DOM	
1391515	1391508	POST_DOM	
1391836	1391822	POST_DOM	
1391642	1391635	POST_DOM	
1391728	1391722	POST_DOM	
1391784	1391706	POST_DOM	
1391551	1391544	POST_DOM	
1391607	1391600	POST_DOM	
1391903	1391836	POST_DOM	
1391798	1391607	POST_DOM	
1391662	1391658	POST_DOM	
1391798	1391532	POST_DOM	
1391798	1391586	POST_DOM	
1391784	1391682	POST_DOM	
1391523	1391519	POST_DOM	
1391915	1391912	POST_DOM	
1391918	1391915	POST_DOM	
1391701	1391685	POST_DOM	
1391489	1391918	POST_DOM	
1391722	1391707	POST_DOM	
1391658	1391649	POST_DOM	
1391741	1391728	POST_DOM	
1391859	1391848	POST_DOM	
1391628	1391619	POST_DOM	
1391563	1391558	POST_DOM	
1391869	1391859	POST_DOM	
1391869	1391843	POST_DOM	
1391903	1391840	POST_DOM	
1391682	1391773	POST_DOM	
1391903	1391902	POST_DOM	
1391895	1391885	POST_DOM	
1391802	1391800	POST_DOM	
1391912	1391921	POST_DOM	
1391836	1391802	POST_DOM	
1391519	1391515	POST_DOM	
1391649	1391642	POST_DOM	
1391635	1391628	POST_DOM	
1391574	1391567	POST_DOM	
1391682	1391753	POST_DOM	
1391567	1391563	POST_DOM	
1391885	1391874	POST_DOM	
1391615	1391611	POST_DOM	
1391902	1391895	POST_DOM	
1391922	1391922	POST_DOM	
1391486	1391487	IS_FUNCTION_OF_AST	
1391486	1391921	IS_FUNCTION_OF_CFG	
1390758	1391486	IS_FILE_OF	
1391976	1391977	IS_AST_PARENT	
1391976	1391978	IS_AST_PARENT	
1391979	1391980	IS_AST_PARENT	
1391979	1391981	IS_AST_PARENT	
1391976	1391979	IS_AST_PARENT	
1391975	1391976	IS_AST_PARENT	
1391974	1391975	IS_AST_PARENT	
1391983	1391984	IS_AST_PARENT	
1391983	1391985	IS_AST_PARENT	
1391986	1391987	IS_AST_PARENT	
1391986	1391988	IS_AST_PARENT	
1391983	1391986	IS_AST_PARENT	
1391982	1391983	IS_AST_PARENT	
1391974	1391982	IS_AST_PARENT	
1391990	1391991	IS_AST_PARENT	
1391990	1391992	IS_AST_PARENT	
1391993	1391994	IS_AST_PARENT	
1391993	1391995	IS_AST_PARENT	
1391990	1391993	IS_AST_PARENT	
1391989	1391990	IS_AST_PARENT	
1391974	1391989	IS_AST_PARENT	
1391997	1391998	IS_AST_PARENT	
1391997	1391999	IS_AST_PARENT	
1392000	1392001	IS_AST_PARENT	
1392000	1392002	IS_AST_PARENT	
1391997	1392000	IS_AST_PARENT	
1391996	1391997	IS_AST_PARENT	
1391974	1391996	IS_AST_PARENT	
1392004	1392005	IS_AST_PARENT	
1392004	1392006	IS_AST_PARENT	
1392004	1392007	IS_AST_PARENT	
1392008	1392009	IS_AST_PARENT	
1392010	1392011	IS_AST_PARENT	
1392010	1392012	IS_AST_PARENT	
1392010	1392013	IS_AST_PARENT	
1392010	1392014	IS_AST_PARENT	
1392010	1392015	IS_AST_PARENT	
1392008	1392010	IS_AST_PARENT	
1392004	1392008	IS_AST_PARENT	
1392003	1392004	IS_AST_PARENT	
1391974	1392003	IS_AST_PARENT	
1392017	1392018	IS_AST_PARENT	
1392017	1392019	IS_AST_PARENT	
1392020	1392021	IS_AST_PARENT	
1392020	1392022	IS_AST_PARENT	
1392017	1392020	IS_AST_PARENT	
1392016	1392017	IS_AST_PARENT	
1391974	1392016	IS_AST_PARENT	
1392024	1392025	IS_AST_PARENT	
1392024	1392026	IS_AST_PARENT	
1392023	1392024	IS_AST_PARENT	
1391974	1392023	IS_AST_PARENT	
1392029	1392030	IS_AST_PARENT	
1392029	1392031	IS_AST_PARENT	
1392028	1392029	IS_AST_PARENT	
1392027	1392028	IS_AST_PARENT	
1392033	1392034	IS_AST_PARENT	
1392033	1392035	IS_AST_PARENT	
1392032	1392033	IS_AST_PARENT	
1392027	1392032	IS_AST_PARENT	
1392036	1392037	IS_AST_PARENT	
1392036	1392038	IS_AST_PARENT	
1392027	1392036	IS_AST_PARENT	
1392041	1392042	IS_AST_PARENT	
1392041	1392043	IS_AST_PARENT	
1392044	1392045	IS_AST_PARENT	
1392044	1392046	IS_AST_PARENT	
1392041	1392044	IS_AST_PARENT	
1392040	1392041	IS_AST_PARENT	
1392039	1392040	IS_AST_PARENT	
1392048	1392049	IS_AST_PARENT	
1392048	1392050	IS_AST_PARENT	
1392051	1392052	IS_AST_PARENT	
1392053	1392054	IS_AST_PARENT	
1392053	1392055	IS_AST_PARENT	
1392051	1392053	IS_AST_PARENT	
1392048	1392051	IS_AST_PARENT	
1392047	1392048	IS_AST_PARENT	
1392039	1392047	IS_AST_PARENT	
1392058	1392059	IS_AST_PARENT	
1392058	1392060	IS_AST_PARENT	
1392057	1392058	IS_AST_PARENT	
1392057	1392061	IS_AST_PARENT	
1392056	1392057	IS_AST_PARENT	
1392039	1392056	IS_AST_PARENT	
1392064	1392065	IS_AST_PARENT	
1392064	1392066	IS_AST_PARENT	
1392063	1392064	IS_AST_PARENT	
1392068	1392069	IS_AST_PARENT	
1392070	1392071	IS_AST_PARENT	
1392072	1392073	IS_AST_PARENT	
1392072	1392074	IS_AST_PARENT	
1392070	1392072	IS_AST_PARENT	
1392068	1392070	IS_AST_PARENT	
1392067	1392068	IS_AST_PARENT	
1392075	1392076	IS_AST_PARENT	
1392075	1392077	IS_AST_PARENT	
1392067	1392075	IS_AST_PARENT	
1392063	1392067	IS_AST_PARENT	
1392062	1392063	IS_AST_PARENT	
1392039	1392062	IS_AST_PARENT	
1392079	1392080	IS_AST_PARENT	
1392085	1392086	IS_AST_PARENT	
1392088	1392089	IS_AST_PARENT	
1392091	1392092	IS_AST_PARENT	
1392095	1392096	IS_AST_PARENT	
1392099	1392100	IS_AST_PARENT	
1392099	1392101	IS_AST_PARENT	
1392098	1392099	IS_AST_PARENT	
1392098	1392102	IS_AST_PARENT	
1392097	1392098	IS_AST_PARENT	
1392097	1392103	IS_AST_PARENT	
1392095	1392097	IS_AST_PARENT	
1392094	1392095	IS_AST_PARENT	
1392104	1392105	IS_AST_PARENT	
1392106	1392107	IS_AST_PARENT	
1392106	1392108	IS_AST_PARENT	
1392104	1392106	IS_AST_PARENT	
1392094	1392104	IS_AST_PARENT	
1392093	1392094	IS_AST_PARENT	
1392093	1392109	IS_AST_PARENT	
1392091	1392093	IS_AST_PARENT	
1392090	1392091	IS_AST_PARENT	
1392110	1392111	IS_AST_PARENT	
1392110	1392112	IS_AST_PARENT	
1392090	1392110	IS_AST_PARENT	
1392088	1392090	IS_AST_PARENT	
1392087	1392088	IS_AST_PARENT	
1392113	1392114	IS_AST_PARENT	
1392113	1392115	IS_AST_PARENT	
1392087	1392113	IS_AST_PARENT	
1392085	1392087	IS_AST_PARENT	
1392084	1392085	IS_AST_PARENT	
1392116	1392117	IS_AST_PARENT	
1392116	1392118	IS_AST_PARENT	
1392084	1392116	IS_AST_PARENT	
1392083	1392084	IS_AST_PARENT	
1392083	1392119	IS_AST_PARENT	
1392082	1392083	IS_AST_PARENT	
1392082	1392120	IS_AST_PARENT	
1392081	1392082	IS_AST_PARENT	
1392081	1392121	IS_AST_PARENT	
1392079	1392081	IS_AST_PARENT	
1392078	1392079	IS_AST_PARENT	
1392039	1392078	IS_AST_PARENT	
1392027	1392039	IS_AST_PARENT	
1391974	1392027	IS_AST_PARENT	
1392123	1392124	IS_AST_PARENT	
1392127	1392128	IS_AST_PARENT	
1392130	1392131	IS_AST_PARENT	
1392133	1392134	IS_AST_PARENT	
1392135	1392136	IS_AST_PARENT	
1392135	1392137	IS_AST_PARENT	
1392133	1392135	IS_AST_PARENT	
1392132	1392133	IS_AST_PARENT	
1392132	1392138	IS_AST_PARENT	
1392130	1392132	IS_AST_PARENT	
1392129	1392130	IS_AST_PARENT	
1392139	1392140	IS_AST_PARENT	
1392139	1392141	IS_AST_PARENT	
1392129	1392139	IS_AST_PARENT	
1392127	1392129	IS_AST_PARENT	
1392126	1392127	IS_AST_PARENT	
1392142	1392143	IS_AST_PARENT	
1392142	1392144	IS_AST_PARENT	
1392126	1392142	IS_AST_PARENT	
1392125	1392126	IS_AST_PARENT	
1392125	1392145	IS_AST_PARENT	
1392123	1392125	IS_AST_PARENT	
1392122	1392123	IS_AST_PARENT	
1391974	1392122	IS_AST_PARENT	
1392148	1392149	IS_AST_PARENT	
1392148	1392150	IS_AST_PARENT	
1392147	1392148	IS_AST_PARENT	
1392146	1392147	IS_AST_PARENT	
1392152	1392153	IS_AST_PARENT	
1392152	1392154	IS_AST_PARENT	
1392151	1392152	IS_AST_PARENT	
1392146	1392151	IS_AST_PARENT	
1392155	1392156	IS_AST_PARENT	
1392155	1392157	IS_AST_PARENT	
1392146	1392155	IS_AST_PARENT	
1392160	1392161	IS_AST_PARENT	
1392160	1392162	IS_AST_PARENT	
1392163	1392164	IS_AST_PARENT	
1392165	1392166	IS_AST_PARENT	
1392165	1392167	IS_AST_PARENT	
1392163	1392165	IS_AST_PARENT	
1392160	1392163	IS_AST_PARENT	
1392159	1392160	IS_AST_PARENT	
1392158	1392159	IS_AST_PARENT	
1392169	1392170	IS_AST_PARENT	
1392169	1392171	IS_AST_PARENT	
1392172	1392173	IS_AST_PARENT	
1392174	1392175	IS_AST_PARENT	
1392174	1392176	IS_AST_PARENT	
1392172	1392174	IS_AST_PARENT	
1392169	1392172	IS_AST_PARENT	
1392168	1392169	IS_AST_PARENT	
1392158	1392168	IS_AST_PARENT	
1392178	1392179	IS_AST_PARENT	
1392178	1392180	IS_AST_PARENT	
1392181	1392182	IS_AST_PARENT	
1392183	1392184	IS_AST_PARENT	
1392183	1392185	IS_AST_PARENT	
1392181	1392183	IS_AST_PARENT	
1392178	1392181	IS_AST_PARENT	
1392177	1392178	IS_AST_PARENT	
1392158	1392177	IS_AST_PARENT	
1392187	1392188	IS_AST_PARENT	
1392187	1392189	IS_AST_PARENT	
1392190	1392191	IS_AST_PARENT	
1392192	1392193	IS_AST_PARENT	
1392192	1392194	IS_AST_PARENT	
1392190	1392192	IS_AST_PARENT	
1392187	1392190	IS_AST_PARENT	
1392186	1392187	IS_AST_PARENT	
1392158	1392186	IS_AST_PARENT	
1392196	1392197	IS_AST_PARENT	
1392196	1392198	IS_AST_PARENT	
1392195	1392196	IS_AST_PARENT	
1392158	1392195	IS_AST_PARENT	
1392201	1392202	IS_AST_PARENT	
1392201	1392203	IS_AST_PARENT	
1392200	1392201	IS_AST_PARENT	
1392199	1392200	IS_AST_PARENT	
1392199	1392204	IS_AST_PARENT	
1392158	1392199	IS_AST_PARENT	
1392207	1392208	IS_AST_PARENT	
1392207	1392209	IS_AST_PARENT	
1392206	1392207	IS_AST_PARENT	
1392213	1392214	IS_AST_PARENT	
1392215	1392216	IS_AST_PARENT	
1392215	1392217	IS_AST_PARENT	
1392213	1392215	IS_AST_PARENT	
1392212	1392213	IS_AST_PARENT	
1392212	1392218	IS_AST_PARENT	
1392211	1392212	IS_AST_PARENT	
1392211	1392219	IS_AST_PARENT	
1392210	1392211	IS_AST_PARENT	
1392220	1392221	IS_AST_PARENT	
1392220	1392222	IS_AST_PARENT	
1392210	1392220	IS_AST_PARENT	
1392206	1392210	IS_AST_PARENT	
1392205	1392206	IS_AST_PARENT	
1392158	1392205	IS_AST_PARENT	
1392224	1392225	IS_AST_PARENT	
1392223	1392224	IS_AST_PARENT	
1392223	1392226	IS_AST_PARENT	
1392158	1392223	IS_AST_PARENT	
1392146	1392158	IS_AST_PARENT	
1391974	1392146	IS_AST_PARENT	
1392227	1392228	IS_AST_PARENT	
1391974	1392227	IS_AST_PARENT	
1391973	1391974	IS_AST_PARENT	
1391973	1392229	IS_AST_PARENT	
1391973	1392230	IS_AST_PARENT	
1392232	1392233	IS_AST_PARENT	
1392232	1392234	IS_AST_PARENT	
1392231	1392232	IS_AST_PARENT	
1392235	1392236	IS_AST_PARENT	
1392235	1392237	IS_AST_PARENT	
1392231	1392235	IS_AST_PARENT	
1391973	1392231	IS_AST_PARENT	
1392238	1392232	FLOWS_TO	
1392232	1392235	FLOWS_TO	
1392235	1391975	FLOWS_TO	
1391975	1391982	FLOWS_TO	
1391982	1391989	FLOWS_TO	
1391989	1391996	FLOWS_TO	
1391996	1392003	FLOWS_TO	
1392003	1392016	FLOWS_TO	
1392016	1392023	FLOWS_TO	
1392023	1392028	FLOWS_TO	
1392032	1392040	FLOWS_TO	
1392032	1392122	FLOWS_TO	
1392028	1392032	FLOWS_TO	
1392036	1392032	FLOWS_TO	
1392040	1392047	FLOWS_TO	
1392047	1392056	FLOWS_TO	
1392056	1392062	FLOWS_TO	
1392062	1392078	FLOWS_TO	
1392078	1392036	FLOWS_TO	
1392122	1392147	FLOWS_TO	
1392151	1392159	FLOWS_TO	
1392151	1392227	FLOWS_TO	
1392147	1392151	FLOWS_TO	
1392155	1392151	FLOWS_TO	
1392159	1392168	FLOWS_TO	
1392168	1392177	FLOWS_TO	
1392177	1392186	FLOWS_TO	
1392186	1392195	FLOWS_TO	
1392195	1392200	FLOWS_TO	
1392200	1392204	FLOWS_TO	
1392200	1392205	FLOWS_TO	
1392204	1392227	FLOWS_TO	
1392205	1392224	FLOWS_TO	
1392224	1392226	FLOWS_TO	
1392224	1392155	FLOWS_TO	
1392226	1392151	FLOWS_TO	
1392227	1392239	FLOWS_TO	
1391989	1392240	DEF	
1391993	1392240	DEF	
1391990	1392240	DEF	
1392078	1392240	DEF	
1392079	1392240	DEF	
1392122	1392240	DEF	
1392123	1392240	DEF	
1392151	1392240	USE	
1392147	1392240	DEF	
1392148	1392240	DEF	
1392155	1392240	USE	
1392155	1392240	DEF	
1392200	1392240	USE	
1392201	1392240	USE	
1392056	1392241	DEF	
1392057	1392241	DEF	
1392062	1392241	DEF	
1392063	1392241	DEF	
1392078	1392241	USE	
1392079	1392241	USE	
1392200	1392242	USE	
1392177	1392243	DEF	
1392178	1392243	DEF	
1392181	1392243	DEF	
1392205	1392244	DEF	
1392206	1392244	DEF	
1392023	1392245	DEF	
1392024	1392245	DEF	
1392195	1392245	DEF	
1392196	1392245	DEF	
1392159	1392246	DEF	
1392160	1392246	DEF	
1392163	1392246	DEF	
1392205	1392246	USE	
1392206	1392246	USE	
1392220	1392246	USE	
1391975	1392247	DEF	
1391979	1392247	DEF	
1391976	1392247	DEF	
1392056	1392247	USE	
1392057	1392247	USE	
1392122	1392247	USE	
1392123	1392247	USE	
1392047	1392248	DEF	
1392051	1392248	DEF	
1392048	1392248	DEF	
1392056	1392248	USE	
1392058	1392248	USE	
1392062	1392248	USE	
1392064	1392248	USE	
1392078	1392248	USE	
1392099	1392248	USE	
1392106	1392248	USE	
1392168	1392249	DEF	
1392172	1392249	DEF	
1392169	1392249	DEF	
1392200	1392250	USE	
1391996	1392251	DEF	
1391997	1392251	DEF	
1392000	1392251	DEF	
1392122	1392251	USE	
1392123	1392251	USE	
1392016	1392252	DEF	
1392017	1392252	DEF	
1392020	1392252	DEF	
1392205	1392252	USE	
1392206	1392252	USE	
1392235	1392253	DEF	
1392032	1392253	USE	
1392028	1392253	DEF	
1392029	1392253	DEF	
1392036	1392253	DEF	
1392036	1392253	USE	
1392078	1392253	USE	
1392079	1392253	USE	
1392040	1392254	DEF	
1392041	1392254	DEF	
1392044	1392254	DEF	
1392047	1392255	USE	
1392051	1392255	USE	
1392003	1392256	DEF	
1392004	1392256	DEF	
1392008	1392256	DEF	
1392200	1392256	USE	
1392201	1392256	USE	
1392205	1392257	USE	
1392206	1392257	USE	
1392186	1392258	USE	
1392190	1392258	USE	
1392232	1392259	DEF	
1392062	1392259	USE	
1392063	1392259	USE	
1392078	1392259	USE	
1392079	1392259	USE	
1392224	1392259	USE	
1392227	1392259	USE	
1391982	1392260	DEF	
1391983	1392260	DEF	
1391986	1392260	DEF	
1392062	1392260	USE	
1392063	1392260	USE	
1392122	1392260	USE	
1392123	1392260	USE	
1392186	1392261	DEF	
1392190	1392261	DEF	
1392187	1392261	DEF	
1392205	1392261	USE	
1392207	1392261	USE	
1392159	1392262	USE	
1392163	1392262	USE	
1392155	1392151	REACHES	_f25180727ac3b7a88029d470b9bbdff0
1392147	1392151	REACHES	_f25180727ac3b7a88029d470b9bbdff0
1392155	1392155	REACHES	_f25180727ac3b7a88029d470b9bbdff0
1392147	1392155	REACHES	_f25180727ac3b7a88029d470b9bbdff0
1392155	1392200	REACHES	_f25180727ac3b7a88029d470b9bbdff0
1392147	1392200	REACHES	_f25180727ac3b7a88029d470b9bbdff0
1392062	1392078	REACHES	* _fe31011262a867130273705589dc7971
1392159	1392205	REACHES	_2a723012444159b277373d4eae40e6de
1392047	1392056	REACHES	_fe31011262a867130273705589dc7971
1392047	1392062	REACHES	_fe31011262a867130273705589dc7971
1392047	1392078	REACHES	_fe31011262a867130273705589dc7971
1392232	1392062	REACHES	_dae85b02d687da2be506b683871c094e
1392232	1392078	REACHES	_dae85b02d687da2be506b683871c094e
1392232	1392224	REACHES	_dae85b02d687da2be506b683871c094e
1392232	1392227	REACHES	_dae85b02d687da2be506b683871c094e
1391975	1392056	REACHES	_d5dde46edd6ed741ffe4511ac98b4ece
1391975	1392122	REACHES	_d5dde46edd6ed741ffe4511ac98b4ece
1391996	1392122	REACHES	_527d3a093c05c5b342a57e18eadf7c5d
1392016	1392205	REACHES	_b3397b782214c9545c36c808bb1454a5
1392028	1392032	REACHES	_c0d2e3f8daccd034259f6241c9f17dbf
1392036	1392032	REACHES	_c0d2e3f8daccd034259f6241c9f17dbf
1392028	1392036	REACHES	_c0d2e3f8daccd034259f6241c9f17dbf
1392036	1392036	REACHES	_c0d2e3f8daccd034259f6241c9f17dbf
1392028	1392078	REACHES	_c0d2e3f8daccd034259f6241c9f17dbf
1392036	1392078	REACHES	_c0d2e3f8daccd034259f6241c9f17dbf
1392003	1392200	REACHES	_a36c2694e2254132dda69e3979b840a0
1391982	1392062	REACHES	_78fb1ab7a5f785ff732ee4595c9d84b3
1391982	1392122	REACHES	_78fb1ab7a5f785ff732ee4595c9d84b3
1392186	1392205	REACHES	_45bd0ffa32e0f5d7ea413f697ed77751
1392238	1392232	CONTROLS	
1392238	1392235	CONTROLS	
1392238	1391975	CONTROLS	
1392238	1391982	CONTROLS	
1392238	1391989	CONTROLS	
1392238	1391996	CONTROLS	
1392238	1392003	CONTROLS	
1392238	1392016	CONTROLS	
1392238	1392023	CONTROLS	
1392238	1392028	CONTROLS	
1392238	1392032	CONTROLS	
1392238	1392122	CONTROLS	
1392238	1392147	CONTROLS	
1392238	1392151	CONTROLS	
1392238	1392227	CONTROLS	
1392032	1392040	CONTROLS	
1392032	1392047	CONTROLS	
1392032	1392056	CONTROLS	
1392032	1392062	CONTROLS	
1392032	1392078	CONTROLS	
1392032	1392036	CONTROLS	
1392151	1392159	CONTROLS	
1392151	1392168	CONTROLS	
1392151	1392177	CONTROLS	
1392151	1392186	CONTROLS	
1392151	1392195	CONTROLS	
1392151	1392200	CONTROLS	
1392200	1392204	CONTROLS	
1392200	1392205	CONTROLS	
1392200	1392224	CONTROLS	
1392200	1392151	CONTROLS	
1392224	1392226	CONTROLS	
1392224	1392155	CONTROLS	
1391989	1391996	DOM	
1392238	1392238	DOM	
1392151	1392159	DOM	
1392147	1392151	DOM	
1392056	1392062	DOM	
1392195	1392200	DOM	
1392200	1392204	DOM	
1392047	1392056	DOM	
1392238	1392232	DOM	
1392003	1392016	DOM	
1392078	1392036	DOM	
1392224	1392226	DOM	
1392177	1392186	DOM	
1391975	1391982	DOM	
1392232	1392235	DOM	
1392040	1392047	DOM	
1392032	1392122	DOM	
1392200	1392205	DOM	
1392227	1392239	DOM	
1392016	1392023	DOM	
1392235	1391975	DOM	
1392028	1392032	DOM	
1392159	1392168	DOM	
1392224	1392155	DOM	
1391982	1391989	DOM	
1392032	1392040	DOM	
1392062	1392078	DOM	
1391996	1392003	DOM	
1392122	1392147	DOM	
1392205	1392224	DOM	
1392023	1392028	DOM	
1392168	1392177	DOM	
1392186	1392195	DOM	
1392151	1392227	DOM	
1392003	1391996	POST_DOM	
1392232	1392238	POST_DOM	
1392168	1392159	POST_DOM	
1392227	1392151	POST_DOM	
1392078	1392062	POST_DOM	
1392227	1392200	POST_DOM	
1392227	1392204	POST_DOM	
1392062	1392056	POST_DOM	
1392235	1392232	POST_DOM	
1392023	1392016	POST_DOM	
1392032	1392036	POST_DOM	
1392151	1392226	POST_DOM	
1392195	1392186	POST_DOM	
1391989	1391982	POST_DOM	
1391975	1392235	POST_DOM	
1392056	1392047	POST_DOM	
1392147	1392122	POST_DOM	
1392224	1392205	POST_DOM	
1392239	1392239	POST_DOM	
1392028	1392023	POST_DOM	
1391982	1391975	POST_DOM	
1392122	1392032	POST_DOM	
1392151	1392155	POST_DOM	
1392177	1392168	POST_DOM	
1391996	1391989	POST_DOM	
1392036	1392078	POST_DOM	
1392047	1392040	POST_DOM	
1392151	1392147	POST_DOM	
1392016	1392003	POST_DOM	
1392151	1392224	POST_DOM	
1392032	1392028	POST_DOM	
1392200	1392195	POST_DOM	
1392186	1392177	POST_DOM	
1392239	1392227	POST_DOM	
1391972	1391973	IS_FUNCTION_OF_AST	
1391972	1392238	IS_FUNCTION_OF_CFG	
1390758	1391972	IS_FILE_OF	
1392267	1392268	IS_AST_PARENT	
1392267	1392269	IS_AST_PARENT	
1392266	1392267	IS_AST_PARENT	
1392265	1392266	IS_AST_PARENT	
1392272	1392273	IS_AST_PARENT	
1392271	1392272	IS_AST_PARENT	
1392275	1392276	IS_AST_PARENT	
1392274	1392275	IS_AST_PARENT	
1392277	1392278	IS_AST_PARENT	
1392274	1392277	IS_AST_PARENT	
1392271	1392274	IS_AST_PARENT	
1392270	1392271	IS_AST_PARENT	
1392265	1392270	IS_AST_PARENT	
1392281	1392282	IS_AST_PARENT	
1392280	1392281	IS_AST_PARENT	
1392284	1392285	IS_AST_PARENT	
1392283	1392284	IS_AST_PARENT	
1392286	1392287	IS_AST_PARENT	
1392283	1392286	IS_AST_PARENT	
1392288	1392289	IS_AST_PARENT	
1392283	1392288	IS_AST_PARENT	
1392280	1392283	IS_AST_PARENT	
1392279	1392280	IS_AST_PARENT	
1392265	1392279	IS_AST_PARENT	
1392292	1392293	IS_AST_PARENT	
1392291	1392292	IS_AST_PARENT	
1392295	1392296	IS_AST_PARENT	
1392294	1392295	IS_AST_PARENT	
1392291	1392294	IS_AST_PARENT	
1392290	1392291	IS_AST_PARENT	
1392265	1392290	IS_AST_PARENT	
1392264	1392265	IS_AST_PARENT	
1392264	1392297	IS_AST_PARENT	
1392264	1392298	IS_AST_PARENT	
1392300	1392301	IS_AST_PARENT	
1392300	1392302	IS_AST_PARENT	
1392299	1392300	IS_AST_PARENT	
1392303	1392304	IS_AST_PARENT	
1392303	1392305	IS_AST_PARENT	
1392299	1392303	IS_AST_PARENT	
1392264	1392299	IS_AST_PARENT	
1392306	1392300	FLOWS_TO	
1392300	1392303	FLOWS_TO	
1392303	1392266	FLOWS_TO	
1392266	1392270	FLOWS_TO	
1392270	1392279	FLOWS_TO	
1392279	1392290	FLOWS_TO	
1392290	1392307	FLOWS_TO	
1392300	1392308	DEF	
1392279	1392308	USE	
1392284	1392308	USE	
1392303	1392309	DEF	
1392270	1392309	USE	
1392277	1392309	USE	
1392279	1392309	USE	
1392286	1392309	USE	
1392266	1392310	DEF	
1392267	1392310	DEF	
1392270	1392310	USE	
1392275	1392310	USE	
1392279	1392310	USE	
1392288	1392310	USE	
1392290	1392310	USE	
1392295	1392310	USE	
1392300	1392279	REACHES	_0af2f11e378632272e210b343f6db322
1392303	1392270	REACHES	_630e328cbdb936f9de8a51209d0cd7b3
1392303	1392279	REACHES	_630e328cbdb936f9de8a51209d0cd7b3
1392266	1392270	REACHES	_77eab77f73c7da791613e2f071ac34da
1392266	1392279	REACHES	_77eab77f73c7da791613e2f071ac34da
1392266	1392290	REACHES	_77eab77f73c7da791613e2f071ac34da
1392306	1392300	CONTROLS	
1392306	1392303	CONTROLS	
1392306	1392266	CONTROLS	
1392306	1392270	CONTROLS	
1392306	1392279	CONTROLS	
1392306	1392290	CONTROLS	
1392306	1392306	DOM	
1392303	1392266	DOM	
1392300	1392303	DOM	
1392266	1392270	DOM	
1392290	1392307	DOM	
1392306	1392300	DOM	
1392270	1392279	DOM	
1392279	1392290	DOM	
1392270	1392266	POST_DOM	
1392300	1392306	POST_DOM	
1392266	1392303	POST_DOM	
1392307	1392307	POST_DOM	
1392279	1392270	POST_DOM	
1392290	1392279	POST_DOM	
1392303	1392300	POST_DOM	
1392307	1392290	POST_DOM	
1392263	1392264	IS_FUNCTION_OF_AST	
1392263	1392306	IS_FUNCTION_OF_CFG	
1390758	1392263	IS_FILE_OF	
