start	end	type	var
1509234	1509235	IS_AST_PARENT	
1509234	1509236	IS_AST_PARENT	
1509233	1509234	IS_AST_PARENT	
1509237	1509238	IS_AST_PARENT	
1509237	1509239	IS_AST_PARENT	
1509240	1509241	IS_AST_PARENT	
1509240	1509242	IS_AST_PARENT	
1509237	1509240	IS_AST_PARENT	
1509233	1509237	IS_AST_PARENT	
1509232	1509233	IS_AST_PARENT	
1509245	1509246	IS_AST_PARENT	
1509245	1509247	IS_AST_PARENT	
1509244	1509245	IS_AST_PARENT	
1509243	1509244	IS_AST_PARENT	
1509251	1509252	IS_AST_PARENT	
1509251	1509253	IS_AST_PARENT	
1509250	1509251	IS_AST_PARENT	
1509250	1509254	IS_AST_PARENT	
1509249	1509250	IS_AST_PARENT	
1509248	1509249	IS_AST_PARENT	
1509255	1509256	IS_AST_PARENT	
1509248	1509255	IS_AST_PARENT	
1509243	1509248	IS_AST_PARENT	
1509232	1509243	IS_AST_PARENT	
1509232	1509257	IS_AST_PARENT	
1509232	1509258	IS_AST_PARENT	
1509232	1509259	IS_AST_PARENT	
1509232	1509260	IS_AST_PARENT	
1509232	1509261	IS_AST_PARENT	
1509232	1509262	IS_AST_PARENT	
1509232	1509263	IS_AST_PARENT	
1509232	1509264	IS_AST_PARENT	
1509232	1509265	IS_AST_PARENT	
1509232	1509266	IS_AST_PARENT	
1509232	1509267	IS_AST_PARENT	
1509232	1509268	IS_AST_PARENT	
1509232	1509269	IS_AST_PARENT	
1509232	1509270	IS_AST_PARENT	
1509232	1509271	IS_AST_PARENT	
1509232	1509272	IS_AST_PARENT	
1509232	1509273	IS_AST_PARENT	
1509232	1509274	IS_AST_PARENT	
1509232	1509275	IS_AST_PARENT	
1509232	1509276	IS_AST_PARENT	
1509232	1509277	IS_AST_PARENT	
1509232	1509278	IS_AST_PARENT	
1509232	1509279	IS_AST_PARENT	
1509232	1509280	IS_AST_PARENT	
1509232	1509281	IS_AST_PARENT	
1509232	1509282	IS_AST_PARENT	
1509232	1509283	IS_AST_PARENT	
1509232	1509284	IS_AST_PARENT	
1509232	1509285	IS_AST_PARENT	
1509232	1509286	IS_AST_PARENT	
1509232	1509287	IS_AST_PARENT	
1509232	1509288	IS_AST_PARENT	
1509232	1509289	IS_AST_PARENT	
1509232	1509290	IS_AST_PARENT	
1509292	1509293	IS_AST_PARENT	
1509292	1509294	IS_AST_PARENT	
1509295	1509296	IS_AST_PARENT	
1509295	1509297	IS_AST_PARENT	
1509292	1509295	IS_AST_PARENT	
1509291	1509292	IS_AST_PARENT	
1509232	1509291	IS_AST_PARENT	
1509299	1509300	IS_AST_PARENT	
1509299	1509301	IS_AST_PARENT	
1509302	1509303	IS_AST_PARENT	
1509302	1509304	IS_AST_PARENT	
1509299	1509302	IS_AST_PARENT	
1509298	1509299	IS_AST_PARENT	
1509232	1509298	IS_AST_PARENT	
1509306	1509307	IS_AST_PARENT	
1509306	1509308	IS_AST_PARENT	
1509309	1509310	IS_AST_PARENT	
1509309	1509311	IS_AST_PARENT	
1509306	1509309	IS_AST_PARENT	
1509305	1509306	IS_AST_PARENT	
1509232	1509305	IS_AST_PARENT	
1509313	1509314	IS_AST_PARENT	
1509315	1509316	IS_AST_PARENT	
1509315	1509317	IS_AST_PARENT	
1509313	1509315	IS_AST_PARENT	
1509312	1509313	IS_AST_PARENT	
1509232	1509312	IS_AST_PARENT	
1509319	1509320	IS_AST_PARENT	
1509319	1509321	IS_AST_PARENT	
1509322	1509323	IS_AST_PARENT	
1509324	1509325	IS_AST_PARENT	
1509327	1509328	IS_AST_PARENT	
1509326	1509327	IS_AST_PARENT	
1509332	1509333	IS_AST_PARENT	
1509332	1509334	IS_AST_PARENT	
1509331	1509332	IS_AST_PARENT	
1509337	1509338	IS_AST_PARENT	
1509336	1509337	IS_AST_PARENT	
1509340	1509341	IS_AST_PARENT	
1509339	1509340	IS_AST_PARENT	
1509336	1509339	IS_AST_PARENT	
1509335	1509336	IS_AST_PARENT	
1509344	1509345	IS_AST_PARENT	
1509343	1509344	IS_AST_PARENT	
1509347	1509348	IS_AST_PARENT	
1509346	1509347	IS_AST_PARENT	
1509343	1509346	IS_AST_PARENT	
1509342	1509343	IS_AST_PARENT	
1509342	1509349	IS_AST_PARENT	
1509335	1509342	IS_AST_PARENT	
1509331	1509335	IS_AST_PARENT	
1509330	1509331	IS_AST_PARENT	
1509329	1509330	IS_AST_PARENT	
1509326	1509329	IS_AST_PARENT	
1509324	1509326	IS_AST_PARENT	
1509322	1509324	IS_AST_PARENT	
1509319	1509322	IS_AST_PARENT	
1509318	1509319	IS_AST_PARENT	
1509232	1509318	IS_AST_PARENT	
1509351	1509352	IS_AST_PARENT	
1509351	1509353	IS_AST_PARENT	
1509354	1509355	IS_AST_PARENT	
1509354	1509356	IS_AST_PARENT	
1509351	1509354	IS_AST_PARENT	
1509350	1509351	IS_AST_PARENT	
1509232	1509350	IS_AST_PARENT	
1509359	1509360	IS_AST_PARENT	
1509358	1509359	IS_AST_PARENT	
1509362	1509363	IS_AST_PARENT	
1509361	1509362	IS_AST_PARENT	
1509364	1509365	IS_AST_PARENT	
1509361	1509364	IS_AST_PARENT	
1509366	1509367	IS_AST_PARENT	
1509361	1509366	IS_AST_PARENT	
1509358	1509361	IS_AST_PARENT	
1509357	1509358	IS_AST_PARENT	
1509232	1509357	IS_AST_PARENT	
1509370	1509371	IS_AST_PARENT	
1509369	1509370	IS_AST_PARENT	
1509373	1509374	IS_AST_PARENT	
1509372	1509373	IS_AST_PARENT	
1509375	1509376	IS_AST_PARENT	
1509372	1509375	IS_AST_PARENT	
1509369	1509372	IS_AST_PARENT	
1509368	1509369	IS_AST_PARENT	
1509232	1509368	IS_AST_PARENT	
1509379	1509380	IS_AST_PARENT	
1509378	1509379	IS_AST_PARENT	
1509382	1509383	IS_AST_PARENT	
1509381	1509382	IS_AST_PARENT	
1509384	1509385	IS_AST_PARENT	
1509381	1509384	IS_AST_PARENT	
1509387	1509388	IS_AST_PARENT	
1509387	1509389	IS_AST_PARENT	
1509386	1509387	IS_AST_PARENT	
1509381	1509386	IS_AST_PARENT	
1509378	1509381	IS_AST_PARENT	
1509377	1509378	IS_AST_PARENT	
1509232	1509377	IS_AST_PARENT	
1509391	1509392	IS_AST_PARENT	
1509391	1509393	IS_AST_PARENT	
1509394	1509395	IS_AST_PARENT	
1509397	1509398	IS_AST_PARENT	
1509396	1509397	IS_AST_PARENT	
1509400	1509401	IS_AST_PARENT	
1509399	1509400	IS_AST_PARENT	
1509396	1509399	IS_AST_PARENT	
1509394	1509396	IS_AST_PARENT	
1509391	1509394	IS_AST_PARENT	
1509390	1509391	IS_AST_PARENT	
1509232	1509390	IS_AST_PARENT	
1509403	1509404	IS_AST_PARENT	
1509403	1509405	IS_AST_PARENT	
1509406	1509407	IS_AST_PARENT	
1509409	1509410	IS_AST_PARENT	
1509408	1509409	IS_AST_PARENT	
1509412	1509413	IS_AST_PARENT	
1509411	1509412	IS_AST_PARENT	
1509414	1509415	IS_AST_PARENT	
1509411	1509414	IS_AST_PARENT	
1509408	1509411	IS_AST_PARENT	
1509406	1509408	IS_AST_PARENT	
1509403	1509406	IS_AST_PARENT	
1509402	1509403	IS_AST_PARENT	
1509232	1509402	IS_AST_PARENT	
1509417	1509418	IS_AST_PARENT	
1509417	1509419	IS_AST_PARENT	
1509420	1509421	IS_AST_PARENT	
1509422	1509423	IS_AST_PARENT	
1509425	1509426	IS_AST_PARENT	
1509424	1509425	IS_AST_PARENT	
1509430	1509431	IS_AST_PARENT	
1509430	1509432	IS_AST_PARENT	
1509429	1509430	IS_AST_PARENT	
1509435	1509436	IS_AST_PARENT	
1509434	1509435	IS_AST_PARENT	
1509438	1509439	IS_AST_PARENT	
1509437	1509438	IS_AST_PARENT	
1509434	1509437	IS_AST_PARENT	
1509433	1509434	IS_AST_PARENT	
1509442	1509443	IS_AST_PARENT	
1509441	1509442	IS_AST_PARENT	
1509445	1509446	IS_AST_PARENT	
1509444	1509445	IS_AST_PARENT	
1509441	1509444	IS_AST_PARENT	
1509440	1509441	IS_AST_PARENT	
1509440	1509447	IS_AST_PARENT	
1509433	1509440	IS_AST_PARENT	
1509429	1509433	IS_AST_PARENT	
1509428	1509429	IS_AST_PARENT	
1509427	1509428	IS_AST_PARENT	
1509424	1509427	IS_AST_PARENT	
1509422	1509424	IS_AST_PARENT	
1509420	1509422	IS_AST_PARENT	
1509417	1509420	IS_AST_PARENT	
1509416	1509417	IS_AST_PARENT	
1509232	1509416	IS_AST_PARENT	
1509450	1509451	IS_AST_PARENT	
1509449	1509450	IS_AST_PARENT	
1509453	1509454	IS_AST_PARENT	
1509452	1509453	IS_AST_PARENT	
1509455	1509456	IS_AST_PARENT	
1509452	1509455	IS_AST_PARENT	
1509457	1509458	IS_AST_PARENT	
1509452	1509457	IS_AST_PARENT	
1509449	1509452	IS_AST_PARENT	
1509448	1509449	IS_AST_PARENT	
1509232	1509448	IS_AST_PARENT	
1509461	1509462	IS_AST_PARENT	
1509460	1509461	IS_AST_PARENT	
1509464	1509465	IS_AST_PARENT	
1509463	1509464	IS_AST_PARENT	
1509466	1509467	IS_AST_PARENT	
1509463	1509466	IS_AST_PARENT	
1509460	1509463	IS_AST_PARENT	
1509459	1509460	IS_AST_PARENT	
1509232	1509459	IS_AST_PARENT	
1509469	1509470	IS_AST_PARENT	
1509469	1509471	IS_AST_PARENT	
1509472	1509473	IS_AST_PARENT	
1509475	1509476	IS_AST_PARENT	
1509474	1509475	IS_AST_PARENT	
1509478	1509479	IS_AST_PARENT	
1509477	1509478	IS_AST_PARENT	
1509480	1509481	IS_AST_PARENT	
1509477	1509480	IS_AST_PARENT	
1509474	1509477	IS_AST_PARENT	
1509472	1509474	IS_AST_PARENT	
1509469	1509472	IS_AST_PARENT	
1509468	1509469	IS_AST_PARENT	
1509232	1509468	IS_AST_PARENT	
1509483	1509484	IS_AST_PARENT	
1509482	1509483	IS_AST_PARENT	
1509488	1509489	IS_AST_PARENT	
1509487	1509488	IS_AST_PARENT	
1509491	1509492	IS_AST_PARENT	
1509490	1509491	IS_AST_PARENT	
1509493	1509494	IS_AST_PARENT	
1509490	1509493	IS_AST_PARENT	
1509495	1509496	IS_AST_PARENT	
1509490	1509495	IS_AST_PARENT	
1509487	1509490	IS_AST_PARENT	
1509486	1509487	IS_AST_PARENT	
1509485	1509486	IS_AST_PARENT	
1509498	1509499	IS_AST_PARENT	
1509498	1509500	IS_AST_PARENT	
1509501	1509502	IS_AST_PARENT	
1509504	1509505	IS_AST_PARENT	
1509503	1509504	IS_AST_PARENT	
1509507	1509508	IS_AST_PARENT	
1509506	1509507	IS_AST_PARENT	
1509503	1509506	IS_AST_PARENT	
1509501	1509503	IS_AST_PARENT	
1509498	1509501	IS_AST_PARENT	
1509497	1509498	IS_AST_PARENT	
1509485	1509497	IS_AST_PARENT	
1509511	1509512	IS_AST_PARENT	
1509510	1509511	IS_AST_PARENT	
1509514	1509515	IS_AST_PARENT	
1509513	1509514	IS_AST_PARENT	
1509510	1509513	IS_AST_PARENT	
1509509	1509510	IS_AST_PARENT	
1509485	1509509	IS_AST_PARENT	
1509517	1509518	IS_AST_PARENT	
1509517	1509519	IS_AST_PARENT	
1509520	1509521	IS_AST_PARENT	
1509522	1509523	IS_AST_PARENT	
1509525	1509526	IS_AST_PARENT	
1509524	1509525	IS_AST_PARENT	
1509530	1509531	IS_AST_PARENT	
1509530	1509532	IS_AST_PARENT	
1509529	1509530	IS_AST_PARENT	
1509533	1509534	IS_AST_PARENT	
1509533	1509535	IS_AST_PARENT	
1509529	1509533	IS_AST_PARENT	
1509528	1509529	IS_AST_PARENT	
1509527	1509528	IS_AST_PARENT	
1509524	1509527	IS_AST_PARENT	
1509522	1509524	IS_AST_PARENT	
1509520	1509522	IS_AST_PARENT	
1509517	1509520	IS_AST_PARENT	
1509516	1509517	IS_AST_PARENT	
1509485	1509516	IS_AST_PARENT	
1509537	1509538	IS_AST_PARENT	
1509537	1509539	IS_AST_PARENT	
1509540	1509541	IS_AST_PARENT	
1509542	1509543	IS_AST_PARENT	
1509545	1509546	IS_AST_PARENT	
1509544	1509545	IS_AST_PARENT	
1509550	1509551	IS_AST_PARENT	
1509550	1509552	IS_AST_PARENT	
1509549	1509550	IS_AST_PARENT	
1509553	1509554	IS_AST_PARENT	
1509553	1509555	IS_AST_PARENT	
1509549	1509553	IS_AST_PARENT	
1509548	1509549	IS_AST_PARENT	
1509547	1509548	IS_AST_PARENT	
1509544	1509547	IS_AST_PARENT	
1509542	1509544	IS_AST_PARENT	
1509540	1509542	IS_AST_PARENT	
1509537	1509540	IS_AST_PARENT	
1509536	1509537	IS_AST_PARENT	
1509485	1509536	IS_AST_PARENT	
1509557	1509558	IS_AST_PARENT	
1509557	1509559	IS_AST_PARENT	
1509560	1509561	IS_AST_PARENT	
1509563	1509564	IS_AST_PARENT	
1509562	1509563	IS_AST_PARENT	
1509566	1509567	IS_AST_PARENT	
1509565	1509566	IS_AST_PARENT	
1509568	1509569	IS_AST_PARENT	
1509565	1509568	IS_AST_PARENT	
1509562	1509565	IS_AST_PARENT	
1509560	1509562	IS_AST_PARENT	
1509557	1509560	IS_AST_PARENT	
1509556	1509557	IS_AST_PARENT	
1509485	1509556	IS_AST_PARENT	
1509574	1509575	IS_AST_PARENT	
1509573	1509574	IS_AST_PARENT	
1509577	1509578	IS_AST_PARENT	
1509576	1509577	IS_AST_PARENT	
1509580	1509581	IS_AST_PARENT	
1509580	1509582	IS_AST_PARENT	
1509579	1509580	IS_AST_PARENT	
1509576	1509579	IS_AST_PARENT	
1509583	1509584	IS_AST_PARENT	
1509576	1509583	IS_AST_PARENT	
1509573	1509576	IS_AST_PARENT	
1509572	1509573	IS_AST_PARENT	
1509572	1509585	IS_AST_PARENT	
1509571	1509572	IS_AST_PARENT	
1509570	1509571	IS_AST_PARENT	
1509589	1509590	IS_AST_PARENT	
1509588	1509589	IS_AST_PARENT	
1509592	1509593	IS_AST_PARENT	
1509591	1509592	IS_AST_PARENT	
1509594	1509595	IS_AST_PARENT	
1509591	1509594	IS_AST_PARENT	
1509588	1509591	IS_AST_PARENT	
1509587	1509588	IS_AST_PARENT	
1509586	1509587	IS_AST_PARENT	
1509570	1509586	IS_AST_PARENT	
1509485	1509570	IS_AST_PARENT	
1509598	1509599	IS_AST_PARENT	
1509597	1509598	IS_AST_PARENT	
1509601	1509602	IS_AST_PARENT	
1509600	1509601	IS_AST_PARENT	
1509597	1509600	IS_AST_PARENT	
1509596	1509597	IS_AST_PARENT	
1509485	1509596	IS_AST_PARENT	
1509604	1509605	IS_AST_PARENT	
1509604	1509606	IS_AST_PARENT	
1509607	1509608	IS_AST_PARENT	
1509607	1509609	IS_AST_PARENT	
1509604	1509607	IS_AST_PARENT	
1509603	1509604	IS_AST_PARENT	
1509485	1509603	IS_AST_PARENT	
1509611	1509612	IS_AST_PARENT	
1509611	1509613	IS_AST_PARENT	
1509614	1509615	IS_AST_PARENT	
1509616	1509617	IS_AST_PARENT	
1509619	1509620	IS_AST_PARENT	
1509618	1509619	IS_AST_PARENT	
1509624	1509625	IS_AST_PARENT	
1509624	1509626	IS_AST_PARENT	
1509623	1509624	IS_AST_PARENT	
1509629	1509630	IS_AST_PARENT	
1509628	1509629	IS_AST_PARENT	
1509632	1509633	IS_AST_PARENT	
1509631	1509632	IS_AST_PARENT	
1509628	1509631	IS_AST_PARENT	
1509627	1509628	IS_AST_PARENT	
1509636	1509637	IS_AST_PARENT	
1509635	1509636	IS_AST_PARENT	
1509639	1509640	IS_AST_PARENT	
1509638	1509639	IS_AST_PARENT	
1509635	1509638	IS_AST_PARENT	
1509634	1509635	IS_AST_PARENT	
1509634	1509641	IS_AST_PARENT	
1509627	1509634	IS_AST_PARENT	
1509623	1509627	IS_AST_PARENT	
1509622	1509623	IS_AST_PARENT	
1509621	1509622	IS_AST_PARENT	
1509618	1509621	IS_AST_PARENT	
1509616	1509618	IS_AST_PARENT	
1509614	1509616	IS_AST_PARENT	
1509611	1509614	IS_AST_PARENT	
1509610	1509611	IS_AST_PARENT	
1509485	1509610	IS_AST_PARENT	
1509644	1509645	IS_AST_PARENT	
1509643	1509644	IS_AST_PARENT	
1509647	1509648	IS_AST_PARENT	
1509646	1509647	IS_AST_PARENT	
1509649	1509650	IS_AST_PARENT	
1509646	1509649	IS_AST_PARENT	
1509651	1509652	IS_AST_PARENT	
1509646	1509651	IS_AST_PARENT	
1509643	1509646	IS_AST_PARENT	
1509642	1509643	IS_AST_PARENT	
1509485	1509642	IS_AST_PARENT	
1509655	1509656	IS_AST_PARENT	
1509654	1509655	IS_AST_PARENT	
1509658	1509659	IS_AST_PARENT	
1509657	1509658	IS_AST_PARENT	
1509660	1509661	IS_AST_PARENT	
1509657	1509660	IS_AST_PARENT	
1509654	1509657	IS_AST_PARENT	
1509653	1509654	IS_AST_PARENT	
1509485	1509653	IS_AST_PARENT	
1509663	1509664	IS_AST_PARENT	
1509663	1509665	IS_AST_PARENT	
1509666	1509667	IS_AST_PARENT	
1509669	1509670	IS_AST_PARENT	
1509668	1509669	IS_AST_PARENT	
1509672	1509673	IS_AST_PARENT	
1509671	1509672	IS_AST_PARENT	
1509674	1509675	IS_AST_PARENT	
1509671	1509674	IS_AST_PARENT	
1509668	1509671	IS_AST_PARENT	
1509666	1509668	IS_AST_PARENT	
1509663	1509666	IS_AST_PARENT	
1509662	1509663	IS_AST_PARENT	
1509485	1509662	IS_AST_PARENT	
1509678	1509679	IS_AST_PARENT	
1509677	1509678	IS_AST_PARENT	
1509681	1509682	IS_AST_PARENT	
1509680	1509681	IS_AST_PARENT	
1509683	1509684	IS_AST_PARENT	
1509680	1509683	IS_AST_PARENT	
1509677	1509680	IS_AST_PARENT	
1509676	1509677	IS_AST_PARENT	
1509485	1509676	IS_AST_PARENT	
1509687	1509688	IS_AST_PARENT	
1509686	1509687	IS_AST_PARENT	
1509690	1509691	IS_AST_PARENT	
1509689	1509690	IS_AST_PARENT	
1509686	1509689	IS_AST_PARENT	
1509685	1509686	IS_AST_PARENT	
1509485	1509685	IS_AST_PARENT	
1509482	1509485	IS_AST_PARENT	
1509232	1509482	IS_AST_PARENT	
1509694	1509695	IS_AST_PARENT	
1509693	1509694	IS_AST_PARENT	
1509697	1509698	IS_AST_PARENT	
1509696	1509697	IS_AST_PARENT	
1509693	1509696	IS_AST_PARENT	
1509692	1509693	IS_AST_PARENT	
1509232	1509692	IS_AST_PARENT	
1509232	1509699	IS_AST_PARENT	
1509232	1509700	IS_AST_PARENT	
1509702	1509703	IS_AST_PARENT	
1509702	1509704	IS_AST_PARENT	
1509701	1509702	IS_AST_PARENT	
1509232	1509701	IS_AST_PARENT	
1509707	1509708	IS_AST_PARENT	
1509707	1509709	IS_AST_PARENT	
1509710	1509711	IS_AST_PARENT	
1509710	1509712	IS_AST_PARENT	
1509707	1509710	IS_AST_PARENT	
1509706	1509707	IS_AST_PARENT	
1509705	1509706	IS_AST_PARENT	
1509714	1509715	IS_AST_PARENT	
1509714	1509716	IS_AST_PARENT	
1509717	1509718	IS_AST_PARENT	
1509719	1509720	IS_AST_PARENT	
1509719	1509721	IS_AST_PARENT	
1509717	1509719	IS_AST_PARENT	
1509714	1509717	IS_AST_PARENT	
1509713	1509714	IS_AST_PARENT	
1509705	1509713	IS_AST_PARENT	
1509705	1509722	IS_AST_PARENT	
1509725	1509726	IS_AST_PARENT	
1509725	1509727	IS_AST_PARENT	
1509724	1509725	IS_AST_PARENT	
1509724	1509728	IS_AST_PARENT	
1509723	1509724	IS_AST_PARENT	
1509705	1509723	IS_AST_PARENT	
1509705	1509729	IS_AST_PARENT	
1509705	1509730	IS_AST_PARENT	
1509705	1509731	IS_AST_PARENT	
1509733	1509734	IS_AST_PARENT	
1509735	1509736	IS_AST_PARENT	
1509738	1509739	IS_AST_PARENT	
1509738	1509740	IS_AST_PARENT	
1509737	1509738	IS_AST_PARENT	
1509737	1509741	IS_AST_PARENT	
1509735	1509737	IS_AST_PARENT	
1509733	1509735	IS_AST_PARENT	
1509732	1509733	IS_AST_PARENT	
1509705	1509732	IS_AST_PARENT	
1509705	1509742	IS_AST_PARENT	
1509705	1509743	IS_AST_PARENT	
1509705	1509744	IS_AST_PARENT	
1509747	1509748	IS_AST_PARENT	
1509747	1509749	IS_AST_PARENT	
1509746	1509747	IS_AST_PARENT	
1509750	1509751	IS_AST_PARENT	
1509750	1509752	IS_AST_PARENT	
1509746	1509750	IS_AST_PARENT	
1509745	1509746	IS_AST_PARENT	
1509705	1509745	IS_AST_PARENT	
1509754	1509755	IS_AST_PARENT	
1509754	1509756	IS_AST_PARENT	
1509753	1509754	IS_AST_PARENT	
1509757	1509758	IS_AST_PARENT	
1509757	1509759	IS_AST_PARENT	
1509753	1509757	IS_AST_PARENT	
1509705	1509753	IS_AST_PARENT	
1509762	1509763	IS_AST_PARENT	
1509762	1509764	IS_AST_PARENT	
1509761	1509762	IS_AST_PARENT	
1509760	1509761	IS_AST_PARENT	
1509766	1509767	IS_AST_PARENT	
1509766	1509768	IS_AST_PARENT	
1509765	1509766	IS_AST_PARENT	
1509760	1509765	IS_AST_PARENT	
1509769	1509770	IS_AST_PARENT	
1509769	1509771	IS_AST_PARENT	
1509760	1509769	IS_AST_PARENT	
1509775	1509776	IS_AST_PARENT	
1509775	1509777	IS_AST_PARENT	
1509774	1509775	IS_AST_PARENT	
1509773	1509774	IS_AST_PARENT	
1509779	1509780	IS_AST_PARENT	
1509779	1509781	IS_AST_PARENT	
1509778	1509779	IS_AST_PARENT	
1509773	1509778	IS_AST_PARENT	
1509782	1509783	IS_AST_PARENT	
1509782	1509784	IS_AST_PARENT	
1509773	1509782	IS_AST_PARENT	
1509788	1509789	IS_AST_PARENT	
1509788	1509790	IS_AST_PARENT	
1509787	1509788	IS_AST_PARENT	
1509787	1509791	IS_AST_PARENT	
1509786	1509787	IS_AST_PARENT	
1509786	1509792	IS_AST_PARENT	
1509785	1509786	IS_AST_PARENT	
1509773	1509785	IS_AST_PARENT	
1509772	1509773	IS_AST_PARENT	
1509760	1509772	IS_AST_PARENT	
1509705	1509760	IS_AST_PARENT	
1509794	1509795	IS_AST_PARENT	
1509796	1509797	IS_AST_PARENT	
1509796	1509798	IS_AST_PARENT	
1509794	1509796	IS_AST_PARENT	
1509793	1509794	IS_AST_PARENT	
1509705	1509793	IS_AST_PARENT	
1509801	1509802	IS_AST_PARENT	
1509801	1509803	IS_AST_PARENT	
1509800	1509801	IS_AST_PARENT	
1509799	1509800	IS_AST_PARENT	
1509805	1509806	IS_AST_PARENT	
1509807	1509808	IS_AST_PARENT	
1509807	1509809	IS_AST_PARENT	
1509805	1509807	IS_AST_PARENT	
1509804	1509805	IS_AST_PARENT	
1509799	1509804	IS_AST_PARENT	
1509810	1509811	IS_AST_PARENT	
1509810	1509812	IS_AST_PARENT	
1509799	1509810	IS_AST_PARENT	
1509815	1509816	IS_AST_PARENT	
1509815	1509817	IS_AST_PARENT	
1509818	1509819	IS_AST_PARENT	
1509818	1509820	IS_AST_PARENT	
1509815	1509818	IS_AST_PARENT	
1509814	1509815	IS_AST_PARENT	
1509813	1509814	IS_AST_PARENT	
1509822	1509823	IS_AST_PARENT	
1509821	1509822	IS_AST_PARENT	
1509821	1509824	IS_AST_PARENT	
1509813	1509821	IS_AST_PARENT	
1509813	1509825	IS_AST_PARENT	
1509799	1509813	IS_AST_PARENT	
1509705	1509799	IS_AST_PARENT	
1509829	1509830	IS_AST_PARENT	
1509832	1509833	IS_AST_PARENT	
1509837	1509838	IS_AST_PARENT	
1509837	1509839	IS_AST_PARENT	
1509836	1509837	IS_AST_PARENT	
1509840	1509841	IS_AST_PARENT	
1509840	1509842	IS_AST_PARENT	
1509836	1509840	IS_AST_PARENT	
1509835	1509836	IS_AST_PARENT	
1509835	1509843	IS_AST_PARENT	
1509834	1509835	IS_AST_PARENT	
1509834	1509844	IS_AST_PARENT	
1509832	1509834	IS_AST_PARENT	
1509831	1509832	IS_AST_PARENT	
1509845	1509846	IS_AST_PARENT	
1509845	1509847	IS_AST_PARENT	
1509831	1509845	IS_AST_PARENT	
1509829	1509831	IS_AST_PARENT	
1509828	1509829	IS_AST_PARENT	
1509848	1509849	IS_AST_PARENT	
1509848	1509850	IS_AST_PARENT	
1509828	1509848	IS_AST_PARENT	
1509827	1509828	IS_AST_PARENT	
1509826	1509827	IS_AST_PARENT	
1509853	1509854	IS_AST_PARENT	
1509853	1509855	IS_AST_PARENT	
1509856	1509857	IS_AST_PARENT	
1509856	1509858	IS_AST_PARENT	
1509853	1509856	IS_AST_PARENT	
1509852	1509853	IS_AST_PARENT	
1509851	1509852	IS_AST_PARENT	
1509860	1509861	IS_AST_PARENT	
1509860	1509862	IS_AST_PARENT	
1509863	1509864	IS_AST_PARENT	
1509865	1509866	IS_AST_PARENT	
1509865	1509867	IS_AST_PARENT	
1509863	1509865	IS_AST_PARENT	
1509860	1509863	IS_AST_PARENT	
1509859	1509860	IS_AST_PARENT	
1509851	1509859	IS_AST_PARENT	
1509870	1509871	IS_AST_PARENT	
1509870	1509872	IS_AST_PARENT	
1509869	1509870	IS_AST_PARENT	
1509874	1509875	IS_AST_PARENT	
1509879	1509880	IS_AST_PARENT	
1509879	1509881	IS_AST_PARENT	
1509878	1509879	IS_AST_PARENT	
1509878	1509882	IS_AST_PARENT	
1509877	1509878	IS_AST_PARENT	
1509877	1509883	IS_AST_PARENT	
1509876	1509877	IS_AST_PARENT	
1509876	1509884	IS_AST_PARENT	
1509874	1509876	IS_AST_PARENT	
1509873	1509874	IS_AST_PARENT	
1509885	1509886	IS_AST_PARENT	
1509885	1509887	IS_AST_PARENT	
1509873	1509885	IS_AST_PARENT	
1509869	1509873	IS_AST_PARENT	
1509868	1509869	IS_AST_PARENT	
1509851	1509868	IS_AST_PARENT	
1509826	1509851	IS_AST_PARENT	
1509889	1509890	IS_AST_PARENT	
1509889	1509891	IS_AST_PARENT	
1509889	1509892	IS_AST_PARENT	
1509889	1509893	IS_AST_PARENT	
1509889	1509894	IS_AST_PARENT	
1509889	1509895	IS_AST_PARENT	
1509889	1509896	IS_AST_PARENT	
1509889	1509897	IS_AST_PARENT	
1509889	1509898	IS_AST_PARENT	
1509889	1509899	IS_AST_PARENT	
1509901	1509902	IS_AST_PARENT	
1509901	1509903	IS_AST_PARENT	
1509901	1509904	IS_AST_PARENT	
1509901	1509905	IS_AST_PARENT	
1509901	1509906	IS_AST_PARENT	
1509901	1509907	IS_AST_PARENT	
1509901	1509908	IS_AST_PARENT	
1509901	1509909	IS_AST_PARENT	
1509901	1509910	IS_AST_PARENT	
1509901	1509911	IS_AST_PARENT	
1509901	1509912	IS_AST_PARENT	
1509901	1509913	IS_AST_PARENT	
1509901	1509914	IS_AST_PARENT	
1509901	1509915	IS_AST_PARENT	
1509901	1509916	IS_AST_PARENT	
1509901	1509917	IS_AST_PARENT	
1509901	1509918	IS_AST_PARENT	
1509901	1509919	IS_AST_PARENT	
1509901	1509920	IS_AST_PARENT	
1509901	1509921	IS_AST_PARENT	
1509901	1509922	IS_AST_PARENT	
1509901	1509923	IS_AST_PARENT	
1509901	1509924	IS_AST_PARENT	
1509901	1509925	IS_AST_PARENT	
1509901	1509926	IS_AST_PARENT	
1509901	1509927	IS_AST_PARENT	
1509901	1509928	IS_AST_PARENT	
1509901	1509929	IS_AST_PARENT	
1509901	1509930	IS_AST_PARENT	
1509901	1509931	IS_AST_PARENT	
1509901	1509932	IS_AST_PARENT	
1509901	1509933	IS_AST_PARENT	
1509901	1509934	IS_AST_PARENT	
1509901	1509935	IS_AST_PARENT	
1509901	1509936	IS_AST_PARENT	
1509901	1509937	IS_AST_PARENT	
1509901	1509938	IS_AST_PARENT	
1509901	1509939	IS_AST_PARENT	
1509901	1509940	IS_AST_PARENT	
1509901	1509941	IS_AST_PARENT	
1509901	1509942	IS_AST_PARENT	
1509901	1509943	IS_AST_PARENT	
1509901	1509944	IS_AST_PARENT	
1509901	1509945	IS_AST_PARENT	
1509900	1509901	IS_AST_PARENT	
1509900	1509946	IS_AST_PARENT	
1509947	1509948	IS_AST_PARENT	
1509947	1509949	IS_AST_PARENT	
1509947	1509950	IS_AST_PARENT	
1509947	1509951	IS_AST_PARENT	
1509947	1509952	IS_AST_PARENT	
1509947	1509953	IS_AST_PARENT	
1509947	1509954	IS_AST_PARENT	
1509947	1509955	IS_AST_PARENT	
1509947	1509956	IS_AST_PARENT	
1509947	1509957	IS_AST_PARENT	
1509947	1509958	IS_AST_PARENT	
1509947	1509959	IS_AST_PARENT	
1509947	1509960	IS_AST_PARENT	
1509947	1509961	IS_AST_PARENT	
1509947	1509962	IS_AST_PARENT	
1509947	1509963	IS_AST_PARENT	
1509947	1509964	IS_AST_PARENT	
1509947	1509965	IS_AST_PARENT	
1509947	1509966	IS_AST_PARENT	
1509947	1509967	IS_AST_PARENT	
1509947	1509968	IS_AST_PARENT	
1509947	1509969	IS_AST_PARENT	
1509947	1509970	IS_AST_PARENT	
1509947	1509971	IS_AST_PARENT	
1509947	1509972	IS_AST_PARENT	
1509947	1509973	IS_AST_PARENT	
1509947	1509974	IS_AST_PARENT	
1509947	1509975	IS_AST_PARENT	
1509947	1509976	IS_AST_PARENT	
1509947	1509977	IS_AST_PARENT	
1509947	1509978	IS_AST_PARENT	
1509947	1509979	IS_AST_PARENT	
1509947	1509980	IS_AST_PARENT	
1509947	1509981	IS_AST_PARENT	
1509947	1509982	IS_AST_PARENT	
1509947	1509983	IS_AST_PARENT	
1509947	1509984	IS_AST_PARENT	
1509947	1509985	IS_AST_PARENT	
1509947	1509986	IS_AST_PARENT	
1509947	1509987	IS_AST_PARENT	
1509947	1509988	IS_AST_PARENT	
1509947	1509989	IS_AST_PARENT	
1509947	1509990	IS_AST_PARENT	
1509947	1509991	IS_AST_PARENT	
1509900	1509947	IS_AST_PARENT	
1509889	1509900	IS_AST_PARENT	
1509889	1509992	IS_AST_PARENT	
1509889	1509993	IS_AST_PARENT	
1509889	1509994	IS_AST_PARENT	
1509889	1509995	IS_AST_PARENT	
1509998	1509999	IS_AST_PARENT	
1509998	1510000	IS_AST_PARENT	
1509997	1509998	IS_AST_PARENT	
1510001	1510002	IS_AST_PARENT	
1510004	1510005	IS_AST_PARENT	
1510004	1510006	IS_AST_PARENT	
1510003	1510004	IS_AST_PARENT	
1510003	1510007	IS_AST_PARENT	
1510001	1510003	IS_AST_PARENT	
1509997	1510001	IS_AST_PARENT	
1509996	1509997	IS_AST_PARENT	
1509889	1509996	IS_AST_PARENT	
1510009	1510010	IS_AST_PARENT	
1510009	1510011	IS_AST_PARENT	
1510008	1510009	IS_AST_PARENT	
1510012	1510013	IS_AST_PARENT	
1510012	1510014	IS_AST_PARENT	
1510008	1510012	IS_AST_PARENT	
1509889	1510008	IS_AST_PARENT	
1510016	1510017	IS_AST_PARENT	
1510016	1510018	IS_AST_PARENT	
1510015	1510016	IS_AST_PARENT	
1509889	1510015	IS_AST_PARENT	
1509888	1509889	IS_AST_PARENT	
1509826	1509888	IS_AST_PARENT	
1509705	1509826	IS_AST_PARENT	
1509232	1509705	IS_AST_PARENT	
1510021	1510022	IS_AST_PARENT	
1510023	1510024	IS_AST_PARENT	
1510023	1510025	IS_AST_PARENT	
1510021	1510023	IS_AST_PARENT	
1510020	1510021	IS_AST_PARENT	
1510020	1510026	IS_AST_PARENT	
1510019	1510020	IS_AST_PARENT	
1509232	1510019	IS_AST_PARENT	
1510029	1510030	IS_AST_PARENT	
1510029	1510031	IS_AST_PARENT	
1510028	1510029	IS_AST_PARENT	
1510027	1510028	IS_AST_PARENT	
1510034	1510035	IS_AST_PARENT	
1510034	1510036	IS_AST_PARENT	
1510033	1510034	IS_AST_PARENT	
1510037	1510038	IS_AST_PARENT	
1510037	1510039	IS_AST_PARENT	
1510033	1510037	IS_AST_PARENT	
1510032	1510033	IS_AST_PARENT	
1510027	1510032	IS_AST_PARENT	
1510040	1510041	IS_AST_PARENT	
1510040	1510042	IS_AST_PARENT	
1510027	1510040	IS_AST_PARENT	
1510048	1510049	IS_AST_PARENT	
1510048	1510050	IS_AST_PARENT	
1510047	1510048	IS_AST_PARENT	
1510047	1510051	IS_AST_PARENT	
1510046	1510047	IS_AST_PARENT	
1510053	1510054	IS_AST_PARENT	
1510053	1510055	IS_AST_PARENT	
1510052	1510053	IS_AST_PARENT	
1510052	1510056	IS_AST_PARENT	
1510046	1510052	IS_AST_PARENT	
1510045	1510046	IS_AST_PARENT	
1510044	1510045	IS_AST_PARENT	
1510060	1510061	IS_AST_PARENT	
1510062	1510063	IS_AST_PARENT	
1510062	1510064	IS_AST_PARENT	
1510060	1510062	IS_AST_PARENT	
1510059	1510060	IS_AST_PARENT	
1510059	1510065	IS_AST_PARENT	
1510058	1510059	IS_AST_PARENT	
1510057	1510058	IS_AST_PARENT	
1510068	1510069	IS_AST_PARENT	
1510070	1510071	IS_AST_PARENT	
1510070	1510072	IS_AST_PARENT	
1510068	1510070	IS_AST_PARENT	
1510067	1510068	IS_AST_PARENT	
1510067	1510073	IS_AST_PARENT	
1510066	1510067	IS_AST_PARENT	
1510057	1510066	IS_AST_PARENT	
1510076	1510077	IS_AST_PARENT	
1510076	1510078	IS_AST_PARENT	
1510079	1510080	IS_AST_PARENT	
1510079	1510081	IS_AST_PARENT	
1510076	1510079	IS_AST_PARENT	
1510075	1510076	IS_AST_PARENT	
1510074	1510075	IS_AST_PARENT	
1510083	1510084	IS_AST_PARENT	
1510083	1510085	IS_AST_PARENT	
1510083	1510086	IS_AST_PARENT	
1510082	1510083	IS_AST_PARENT	
1510074	1510082	IS_AST_PARENT	
1510088	1510089	IS_AST_PARENT	
1510088	1510090	IS_AST_PARENT	
1510091	1510092	IS_AST_PARENT	
1510093	1510094	IS_AST_PARENT	
1510095	1510096	IS_AST_PARENT	
1510095	1510097	IS_AST_PARENT	
1510093	1510095	IS_AST_PARENT	
1510091	1510093	IS_AST_PARENT	
1510088	1510091	IS_AST_PARENT	
1510087	1510088	IS_AST_PARENT	
1510074	1510087	IS_AST_PARENT	
1510099	1510100	IS_AST_PARENT	
1510099	1510101	IS_AST_PARENT	
1510098	1510099	IS_AST_PARENT	
1510074	1510098	IS_AST_PARENT	
1510104	1510105	IS_AST_PARENT	
1510104	1510106	IS_AST_PARENT	
1510103	1510104	IS_AST_PARENT	
1510102	1510103	IS_AST_PARENT	
1510108	1510109	IS_AST_PARENT	
1510108	1510110	IS_AST_PARENT	
1510107	1510108	IS_AST_PARENT	
1510102	1510107	IS_AST_PARENT	
1510111	1510112	IS_AST_PARENT	
1510111	1510113	IS_AST_PARENT	
1510102	1510111	IS_AST_PARENT	
1510116	1510117	IS_AST_PARENT	
1510116	1510118	IS_AST_PARENT	
1510115	1510116	IS_AST_PARENT	
1510115	1510119	IS_AST_PARENT	
1510114	1510115	IS_AST_PARENT	
1510102	1510114	IS_AST_PARENT	
1510074	1510102	IS_AST_PARENT	
1510122	1510123	IS_AST_PARENT	
1510122	1510124	IS_AST_PARENT	
1510121	1510122	IS_AST_PARENT	
1510121	1510125	IS_AST_PARENT	
1510120	1510121	IS_AST_PARENT	
1510074	1510120	IS_AST_PARENT	
1510128	1510129	IS_AST_PARENT	
1510128	1510130	IS_AST_PARENT	
1510127	1510128	IS_AST_PARENT	
1510127	1510131	IS_AST_PARENT	
1510126	1510127	IS_AST_PARENT	
1510074	1510126	IS_AST_PARENT	
1510134	1510135	IS_AST_PARENT	
1510134	1510136	IS_AST_PARENT	
1510133	1510134	IS_AST_PARENT	
1510133	1510137	IS_AST_PARENT	
1510132	1510133	IS_AST_PARENT	
1510074	1510132	IS_AST_PARENT	
1510057	1510074	IS_AST_PARENT	
1510140	1510141	IS_AST_PARENT	
1510142	1510143	IS_AST_PARENT	
1510142	1510144	IS_AST_PARENT	
1510140	1510142	IS_AST_PARENT	
1510139	1510140	IS_AST_PARENT	
1510145	1510146	IS_AST_PARENT	
1510145	1510147	IS_AST_PARENT	
1510139	1510145	IS_AST_PARENT	
1510138	1510139	IS_AST_PARENT	
1510057	1510138	IS_AST_PARENT	
1510150	1510151	IS_AST_PARENT	
1510152	1510153	IS_AST_PARENT	
1510152	1510154	IS_AST_PARENT	
1510150	1510152	IS_AST_PARENT	
1510149	1510150	IS_AST_PARENT	
1510149	1510155	IS_AST_PARENT	
1510148	1510149	IS_AST_PARENT	
1510057	1510148	IS_AST_PARENT	
1510044	1510057	IS_AST_PARENT	
1510159	1510160	IS_AST_PARENT	
1510161	1510162	IS_AST_PARENT	
1510161	1510163	IS_AST_PARENT	
1510159	1510161	IS_AST_PARENT	
1510158	1510159	IS_AST_PARENT	
1510164	1510165	IS_AST_PARENT	
1510164	1510166	IS_AST_PARENT	
1510158	1510164	IS_AST_PARENT	
1510157	1510158	IS_AST_PARENT	
1510156	1510157	IS_AST_PARENT	
1510044	1510156	IS_AST_PARENT	
1510043	1510044	IS_AST_PARENT	
1510027	1510043	IS_AST_PARENT	
1509232	1510027	IS_AST_PARENT	
1510169	1510170	IS_AST_PARENT	
1510171	1510172	IS_AST_PARENT	
1510171	1510173	IS_AST_PARENT	
1510169	1510171	IS_AST_PARENT	
1510168	1510169	IS_AST_PARENT	
1510168	1510174	IS_AST_PARENT	
1510167	1510168	IS_AST_PARENT	
1509232	1510167	IS_AST_PARENT	
1510177	1510178	IS_AST_PARENT	
1510177	1510179	IS_AST_PARENT	
1510176	1510177	IS_AST_PARENT	
1510176	1510180	IS_AST_PARENT	
1510175	1510176	IS_AST_PARENT	
1509232	1510175	IS_AST_PARENT	
1510181	1510182	IS_AST_PARENT	
1509232	1510181	IS_AST_PARENT	
1509231	1509232	IS_AST_PARENT	
1509231	1510183	IS_AST_PARENT	
1509231	1510184	IS_AST_PARENT	
1510186	1510187	IS_AST_PARENT	
1510186	1510188	IS_AST_PARENT	
1510185	1510186	IS_AST_PARENT	
1510189	1510190	IS_AST_PARENT	
1510189	1510191	IS_AST_PARENT	
1510185	1510189	IS_AST_PARENT	
1510192	1510193	IS_AST_PARENT	
1510192	1510194	IS_AST_PARENT	
1510185	1510192	IS_AST_PARENT	
1509231	1510185	IS_AST_PARENT	
1510195	1510186	FLOWS_TO	
1510186	1510189	FLOWS_TO	
1510189	1510192	FLOWS_TO	
1510192	1509233	FLOWS_TO	
1509233	1509244	FLOWS_TO	
1509244	1509249	FLOWS_TO	
1509244	1509257	FLOWS_TO	
1509249	1509255	FLOWS_TO	
1509255	1510196	FLOWS_TO	
1509257	1509258	FLOWS_TO	
1509258	1509259	FLOWS_TO	
1509259	1509260	FLOWS_TO	
1509260	1509261	FLOWS_TO	
1509261	1509262	FLOWS_TO	
1509262	1509263	FLOWS_TO	
1509263	1509264	FLOWS_TO	
1509264	1509265	FLOWS_TO	
1509265	1509266	FLOWS_TO	
1509266	1509267	FLOWS_TO	
1509267	1509268	FLOWS_TO	
1509268	1509269	FLOWS_TO	
1509269	1509270	FLOWS_TO	
1509270	1509271	FLOWS_TO	
1509271	1509272	FLOWS_TO	
1509272	1509273	FLOWS_TO	
1509273	1509274	FLOWS_TO	
1509274	1509275	FLOWS_TO	
1509275	1509276	FLOWS_TO	
1509276	1509277	FLOWS_TO	
1509277	1509278	FLOWS_TO	
1509278	1509279	FLOWS_TO	
1509279	1509280	FLOWS_TO	
1509280	1509281	FLOWS_TO	
1509281	1509282	FLOWS_TO	
1509282	1509283	FLOWS_TO	
1509283	1509284	FLOWS_TO	
1509284	1509285	FLOWS_TO	
1509285	1509286	FLOWS_TO	
1509286	1509287	FLOWS_TO	
1509287	1509288	FLOWS_TO	
1509288	1509289	FLOWS_TO	
1509289	1509290	FLOWS_TO	
1509290	1509291	FLOWS_TO	
1509291	1509298	FLOWS_TO	
1509298	1509305	FLOWS_TO	
1509305	1509312	FLOWS_TO	
1509312	1509318	FLOWS_TO	
1509318	1509350	FLOWS_TO	
1509350	1509357	FLOWS_TO	
1509357	1509368	FLOWS_TO	
1509368	1509377	FLOWS_TO	
1509377	1509390	FLOWS_TO	
1509390	1509402	FLOWS_TO	
1509402	1509416	FLOWS_TO	
1509416	1509448	FLOWS_TO	
1509448	1509459	FLOWS_TO	
1509459	1509468	FLOWS_TO	
1509468	1509483	FLOWS_TO	
1509483	1509486	FLOWS_TO	
1509483	1509692	FLOWS_TO	
1509486	1509497	FLOWS_TO	
1509497	1509509	FLOWS_TO	
1509509	1509516	FLOWS_TO	
1509516	1509536	FLOWS_TO	
1509536	1509556	FLOWS_TO	
1509556	1509571	FLOWS_TO	
1509571	1509587	FLOWS_TO	
1509571	1509596	FLOWS_TO	
1509587	1509571	FLOWS_TO	
1509596	1509603	FLOWS_TO	
1509603	1509610	FLOWS_TO	
1509610	1509642	FLOWS_TO	
1509642	1509653	FLOWS_TO	
1509653	1509662	FLOWS_TO	
1509662	1509676	FLOWS_TO	
1509676	1509685	FLOWS_TO	
1509685	1509692	FLOWS_TO	
1509692	1509699	FLOWS_TO	
1509699	1509700	FLOWS_TO	
1509700	1509701	FLOWS_TO	
1509701	1509706	FLOWS_TO	
1509706	1509713	FLOWS_TO	
1509713	1509722	FLOWS_TO	
1509722	1509723	FLOWS_TO	
1509723	1509729	FLOWS_TO	
1509729	1509730	FLOWS_TO	
1509730	1509731	FLOWS_TO	
1509731	1509732	FLOWS_TO	
1509732	1509742	FLOWS_TO	
1509742	1509743	FLOWS_TO	
1509743	1509744	FLOWS_TO	
1509744	1509745	FLOWS_TO	
1509745	1509753	FLOWS_TO	
1509753	1509761	FLOWS_TO	
1509765	1509774	FLOWS_TO	
1509765	1509793	FLOWS_TO	
1509761	1509765	FLOWS_TO	
1509769	1509765	FLOWS_TO	
1509778	1509785	FLOWS_TO	
1509778	1509769	FLOWS_TO	
1509774	1509778	FLOWS_TO	
1509782	1509778	FLOWS_TO	
1509785	1509782	FLOWS_TO	
1509793	1509800	FLOWS_TO	
1509804	1509814	FLOWS_TO	
1509804	1509827	FLOWS_TO	
1509800	1509804	FLOWS_TO	
1509810	1509804	FLOWS_TO	
1509814	1509822	FLOWS_TO	
1509822	1509824	FLOWS_TO	
1509822	1509825	FLOWS_TO	
1509824	1509827	FLOWS_TO	
1509825	1509810	FLOWS_TO	
1509827	1509852	FLOWS_TO	
1509827	1509890	FLOWS_TO	
1509852	1509859	FLOWS_TO	
1509859	1509868	FLOWS_TO	
1509868	1510019	FLOWS_TO	
1509890	1509891	FLOWS_TO	
1509891	1509892	FLOWS_TO	
1509892	1509893	FLOWS_TO	
1509893	1509894	FLOWS_TO	
1509894	1509895	FLOWS_TO	
1509895	1509896	FLOWS_TO	
1509896	1509897	FLOWS_TO	
1509897	1509898	FLOWS_TO	
1509898	1509899	FLOWS_TO	
1509899	1509902	FLOWS_TO	
1509902	1509903	FLOWS_TO	
1509903	1509904	FLOWS_TO	
1509904	1509905	FLOWS_TO	
1509905	1509906	FLOWS_TO	
1509906	1509907	FLOWS_TO	
1509907	1509908	FLOWS_TO	
1509908	1509909	FLOWS_TO	
1509909	1509910	FLOWS_TO	
1509910	1509911	FLOWS_TO	
1509911	1509912	FLOWS_TO	
1509912	1509913	FLOWS_TO	
1509913	1509914	FLOWS_TO	
1509914	1509915	FLOWS_TO	
1509915	1509916	FLOWS_TO	
1509916	1509917	FLOWS_TO	
1509917	1509918	FLOWS_TO	
1509918	1509919	FLOWS_TO	
1509919	1509920	FLOWS_TO	
1509920	1509921	FLOWS_TO	
1509921	1509922	FLOWS_TO	
1509922	1509923	FLOWS_TO	
1509923	1509924	FLOWS_TO	
1509924	1509925	FLOWS_TO	
1509925	1509926	FLOWS_TO	
1509926	1509927	FLOWS_TO	
1509927	1509928	FLOWS_TO	
1509928	1509929	FLOWS_TO	
1509929	1509930	FLOWS_TO	
1509930	1509931	FLOWS_TO	
1509931	1509932	FLOWS_TO	
1509932	1509933	FLOWS_TO	
1509933	1509934	FLOWS_TO	
1509934	1509935	FLOWS_TO	
1509935	1509936	FLOWS_TO	
1509936	1509937	FLOWS_TO	
1509937	1509938	FLOWS_TO	
1509938	1509939	FLOWS_TO	
1509939	1509940	FLOWS_TO	
1509940	1509941	FLOWS_TO	
1509941	1509942	FLOWS_TO	
1509942	1509943	FLOWS_TO	
1509943	1509944	FLOWS_TO	
1509944	1509945	FLOWS_TO	
1509945	1509946	FLOWS_TO	
1509946	1509948	FLOWS_TO	
1509948	1509949	FLOWS_TO	
1509949	1509950	FLOWS_TO	
1509950	1509951	FLOWS_TO	
1509951	1509952	FLOWS_TO	
1509952	1509953	FLOWS_TO	
1509953	1509954	FLOWS_TO	
1509954	1509955	FLOWS_TO	
1509955	1509956	FLOWS_TO	
1509956	1509957	FLOWS_TO	
1509957	1509958	FLOWS_TO	
1509958	1509959	FLOWS_TO	
1509959	1509960	FLOWS_TO	
1509960	1509961	FLOWS_TO	
1509961	1509962	FLOWS_TO	
1509962	1509963	FLOWS_TO	
1509963	1509964	FLOWS_TO	
1509964	1509965	FLOWS_TO	
1509965	1509966	FLOWS_TO	
1509966	1509967	FLOWS_TO	
1509967	1509968	FLOWS_TO	
1509968	1509969	FLOWS_TO	
1509969	1509970	FLOWS_TO	
1509970	1509971	FLOWS_TO	
1509971	1509972	FLOWS_TO	
1509972	1509973	FLOWS_TO	
1509973	1509974	FLOWS_TO	
1509974	1509975	FLOWS_TO	
1509975	1509976	FLOWS_TO	
1509976	1509977	FLOWS_TO	
1509977	1509978	FLOWS_TO	
1509978	1509979	FLOWS_TO	
1509979	1509980	FLOWS_TO	
1509980	1509981	FLOWS_TO	
1509981	1509982	FLOWS_TO	
1509982	1509983	FLOWS_TO	
1509983	1509984	FLOWS_TO	
1509984	1509985	FLOWS_TO	
1509985	1509986	FLOWS_TO	
1509986	1509987	FLOWS_TO	
1509987	1509988	FLOWS_TO	
1509988	1509989	FLOWS_TO	
1509989	1509990	FLOWS_TO	
1509990	1509991	FLOWS_TO	
1509991	1509992	FLOWS_TO	
1509992	1509993	FLOWS_TO	
1509993	1509994	FLOWS_TO	
1509994	1509995	FLOWS_TO	
1509995	1509996	FLOWS_TO	
1509996	1510008	FLOWS_TO	
1510008	1510015	FLOWS_TO	
1510015	1510019	FLOWS_TO	
1510019	1510028	FLOWS_TO	
1510032	1510045	FLOWS_TO	
1510032	1510167	FLOWS_TO	
1510028	1510032	FLOWS_TO	
1510040	1510032	FLOWS_TO	
1510045	1510058	FLOWS_TO	
1510045	1510157	FLOWS_TO	
1510058	1510066	FLOWS_TO	
1510066	1510075	FLOWS_TO	
1510075	1510082	FLOWS_TO	
1510082	1510087	FLOWS_TO	
1510087	1510098	FLOWS_TO	
1510098	1510103	FLOWS_TO	
1510107	1510114	FLOWS_TO	
1510107	1510120	FLOWS_TO	
1510103	1510107	FLOWS_TO	
1510111	1510107	FLOWS_TO	
1510114	1510111	FLOWS_TO	
1510120	1510126	FLOWS_TO	
1510126	1510132	FLOWS_TO	
1510132	1510138	FLOWS_TO	
1510138	1510148	FLOWS_TO	
1510148	1510040	FLOWS_TO	
1510157	1510040	FLOWS_TO	
1510167	1510175	FLOWS_TO	
1510175	1510181	FLOWS_TO	
1510181	1510196	FLOWS_TO	
1509732	1510197	DEF	
1509733	1510197	DEF	
1510032	1510198	USE	
1510045	1510198	USE	
1510138	1510198	USE	
1510139	1510198	USE	
1510157	1510198	USE	
1510158	1510198	USE	
1510186	1510199	DEF	
1509249	1510199	USE	
1509251	1510199	USE	
1510019	1510199	USE	
1510021	1510199	USE	
1510058	1510199	USE	
1510060	1510199	USE	
1510066	1510199	USE	
1510068	1510199	USE	
1510138	1510199	USE	
1510140	1510199	USE	
1510148	1510199	USE	
1510150	1510199	USE	
1510157	1510199	USE	
1510159	1510199	USE	
1510167	1510199	USE	
1510169	1510199	USE	
1510175	1510199	USE	
1510177	1510199	USE	
1510181	1510199	USE	
1509516	1510200	DEF	
1509517	1510200	DEF	
1509520	1510200	DEF	
1509587	1510200	USE	
1509592	1510200	USE	
1509676	1510200	USE	
1509681	1510200	USE	
1509249	1510201	DEF	
1509250	1510201	DEF	
1510019	1510201	DEF	
1510020	1510201	DEF	
1510058	1510201	DEF	
1510059	1510201	DEF	
1510066	1510201	DEF	
1510067	1510201	DEF	
1510138	1510201	DEF	
1510139	1510201	DEF	
1510148	1510201	DEF	
1510149	1510201	DEF	
1510157	1510201	DEF	
1510158	1510201	DEF	
1510167	1510201	DEF	
1510168	1510201	DEF	
1510175	1510201	DEF	
1510176	1510201	DEF	
1509745	1510202	USE	
1509747	1510202	USE	
1510015	1510202	USE	
1510016	1510202	USE	
1509416	1510203	DEF	
1509417	1510203	DEF	
1509420	1510203	DEF	
1509448	1510203	USE	
1509455	1510203	USE	
1509459	1510203	USE	
1509464	1510203	USE	
1509468	1510203	USE	
1509478	1510203	USE	
1509556	1510203	USE	
1509566	1510203	USE	
1509706	1510204	DEF	
1509710	1510204	DEF	
1509707	1510204	DEF	
1509793	1510204	DEF	
1509794	1510204	DEF	
1509804	1510204	USE	
1509800	1510204	DEF	
1509801	1510204	DEF	
1509810	1510204	USE	
1509810	1510204	DEF	
1509827	1510204	USE	
1510075	1510204	DEF	
1510079	1510204	DEF	
1510076	1510204	DEF	
1510120	1510204	USE	
1510121	1510204	USE	
1509723	1510205	USE	
1509724	1510205	USE	
1509732	1510205	USE	
1509737	1510205	USE	
1509733	1510205	USE	
1509785	1510205	USE	
1509787	1510205	USE	
1509996	1510206	USE	
1509998	1510206	USE	
1510015	1510206	DEF	
1510016	1510206	DEF	
1509312	1510207	USE	
1509313	1510207	USE	
1509571	1510208	USE	
1509814	1510209	DEF	
1509818	1510209	DEF	
1509815	1510209	DEF	
1509822	1510209	USE	
1509318	1510210	USE	
1509330	1510210	USE	
1509416	1510210	USE	
1509428	1510210	USE	
1509610	1510210	USE	
1509622	1510210	USE	
1509556	1510211	DEF	
1509557	1510211	DEF	
1509560	1510211	DEF	
1509571	1510211	USE	
1509583	1510211	USE	
1509596	1510211	USE	
1509601	1510211	USE	
1509610	1510212	DEF	
1509611	1510212	DEF	
1509614	1510212	DEF	
1509642	1510212	USE	
1509649	1510212	USE	
1509653	1510212	USE	
1509658	1510212	USE	
1509662	1510212	USE	
1509672	1510212	USE	
1509996	1510213	DEF	
1509997	1510213	DEF	
1510175	1510214	DEF	
1510176	1510214	DEF	
1509745	1510215	USE	
1509746	1510215	USE	
1509785	1510216	DEF	
1509786	1510216	DEF	
1509402	1510217	USE	
1509412	1510217	USE	
1509571	1510217	USE	
1509662	1510218	DEF	
1509666	1510218	DEF	
1509663	1510218	DEF	
1509676	1510218	USE	
1509683	1510218	USE	
1509685	1510218	USE	
1509690	1510218	USE	
1509305	1510219	DEF	
1509306	1510219	DEF	
1509309	1510219	DEF	
1509377	1510219	USE	
1509382	1510219	USE	
1509233	1510220	DEF	
1509240	1510220	DEF	
1509237	1510220	DEF	
1510019	1510220	USE	
1510023	1510220	USE	
1510019	1510220	DEF	
1510023	1510220	DEF	
1510032	1510220	USE	
1510058	1510220	DEF	
1510062	1510220	DEF	
1510058	1510220	USE	
1510062	1510220	USE	
1510066	1510220	USE	
1510070	1510220	USE	
1510066	1510220	DEF	
1510070	1510220	DEF	
1510138	1510220	DEF	
1510142	1510220	DEF	
1510138	1510220	USE	
1510142	1510220	USE	
1510148	1510220	USE	
1510152	1510220	USE	
1510148	1510220	DEF	
1510152	1510220	DEF	
1510157	1510220	USE	
1510161	1510220	USE	
1510157	1510220	DEF	
1510161	1510220	DEF	
1510167	1510220	USE	
1510171	1510220	USE	
1510167	1510220	DEF	
1510171	1510220	DEF	
1510175	1510220	USE	
1510177	1510220	USE	
1509298	1510221	DEF	
1509299	1510221	DEF	
1509302	1510221	DEF	
1509318	1510221	USE	
1509347	1510221	USE	
1509357	1510221	USE	
1509366	1510221	USE	
1510120	1510222	DEF	
1510121	1510222	DEF	
1510126	1510222	DEF	
1510127	1510222	DEF	
1510132	1510222	DEF	
1510133	1510222	DEF	
1509468	1510223	DEF	
1509469	1510223	DEF	
1509472	1510223	DEF	
1509483	1510223	USE	
1509486	1510223	USE	
1509491	1510223	USE	
1509497	1510223	USE	
1509507	1510223	USE	
1509509	1510223	USE	
1509514	1510223	USE	
1509692	1510223	USE	
1509697	1510223	USE	
1509859	1510224	DEF	
1509863	1510224	DEF	
1509860	1510224	DEF	
1509868	1510224	USE	
1509870	1510224	USE	
1509291	1510225	DEF	
1509292	1510225	DEF	
1509295	1510225	DEF	
1509318	1510225	USE	
1509340	1510225	USE	
1509368	1510225	USE	
1509375	1510225	USE	
1509416	1510225	USE	
1509445	1510225	USE	
1509459	1510225	USE	
1509466	1510225	USE	
1510032	1510226	USE	
1510045	1510226	USE	
1510138	1510226	USE	
1510139	1510226	USE	
1510157	1510226	USE	
1510158	1510226	USE	
1509233	1510227	DEF	
1509234	1510227	DEF	
1510032	1510227	USE	
1510037	1510227	USE	
1510028	1510227	DEF	
1510029	1510227	DEF	
1510040	1510227	USE	
1510040	1510227	DEF	
1510045	1510227	USE	
1510053	1510227	USE	
1510048	1510227	USE	
1510138	1510227	USE	
1510145	1510227	USE	
1510157	1510227	USE	
1510164	1510227	USE	
1509402	1510228	DEF	
1509403	1510228	DEF	
1509406	1510228	DEF	
1509416	1510228	USE	
1509438	1510228	USE	
1509448	1510228	USE	
1509457	1510228	USE	
1509852	1510229	DEF	
1509853	1510229	DEF	
1509856	1510229	DEF	
1509868	1510229	USE	
1509869	1510229	USE	
1509312	1510230	DEF	
1509313	1510230	DEF	
1510087	1510231	DEF	
1510091	1510231	DEF	
1510088	1510231	DEF	
1510120	1510231	USE	
1510122	1510231	USE	
1510126	1510231	USE	
1510128	1510231	USE	
1510132	1510231	USE	
1510134	1510231	USE	
1509868	1510232	DEF	
1509869	1510232	DEF	
1509713	1510233	DEF	
1509714	1510233	DEF	
1509717	1510233	DEF	
1509827	1510233	USE	
1509497	1510234	USE	
1509501	1510234	USE	
1510189	1510235	DEF	
1509701	1510235	DEF	
1509702	1510235	DEF	
1509701	1510235	USE	
1509702	1510235	USE	
1510032	1510235	USE	
1509402	1510236	USE	
1509406	1510236	USE	
1509603	1510237	DEF	
1509604	1510237	DEF	
1509607	1510237	DEF	
1509610	1510237	USE	
1509632	1510237	USE	
1509653	1510237	USE	
1509660	1510237	USE	
1509350	1510238	DEF	
1509354	1510238	DEF	
1509351	1510238	DEF	
1509357	1510238	USE	
1509362	1510238	USE	
1509448	1510238	USE	
1509453	1510238	USE	
1509642	1510238	USE	
1509647	1510238	USE	
1509497	1510239	DEF	
1509501	1510239	DEF	
1509498	1510239	DEF	
1509516	1510239	USE	
1509528	1510239	USE	
1509536	1510239	USE	
1509548	1510239	USE	
1509571	1510239	USE	
1509579	1510239	USE	
1509390	1510240	USE	
1509394	1510240	USE	
1509536	1510241	DEF	
1509540	1510241	DEF	
1509537	1510241	DEF	
1509571	1510241	USE	
1509577	1510241	USE	
1509587	1510241	USE	
1509594	1510241	USE	
1509318	1510242	USE	
1509322	1510242	USE	
1509416	1510242	USE	
1509420	1510242	USE	
1509516	1510242	USE	
1509520	1510242	USE	
1509536	1510242	USE	
1509540	1510242	USE	
1509610	1510242	USE	
1509614	1510242	USE	
1509468	1510243	USE	
1509472	1510243	USE	
1509556	1510243	USE	
1509560	1510243	USE	
1509662	1510243	USE	
1509666	1510243	USE	
1509753	1510244	DEF	
1509754	1510244	DEF	
1509765	1510244	USE	
1509761	1510244	DEF	
1509762	1510244	DEF	
1509769	1510244	DEF	
1509769	1510244	USE	
1509785	1510244	USE	
1509788	1510244	USE	
1510008	1510244	DEF	
1510009	1510244	DEF	
1510098	1510244	DEF	
1510099	1510244	DEF	
1510107	1510244	USE	
1510103	1510244	DEF	
1510104	1510244	DEF	
1510111	1510244	USE	
1510111	1510244	DEF	
1510114	1510244	USE	
1510116	1510244	USE	
1509753	1510245	DEF	
1509757	1510245	DEF	
1509778	1510245	USE	
1509774	1510245	DEF	
1509775	1510245	DEF	
1509782	1510245	DEF	
1509782	1510245	USE	
1509785	1510245	USE	
1509787	1510245	USE	
1510008	1510245	DEF	
1510012	1510245	DEF	
1510082	1510246	DEF	
1510083	1510246	DEF	
1510087	1510246	USE	
1510091	1510246	USE	
1510095	1510246	USE	
1510114	1510246	USE	
1510116	1510246	USE	
1509859	1510247	USE	
1509863	1510247	USE	
1509486	1510248	USE	
1509495	1510248	USE	
1509996	1510249	USE	
1510004	1510249	USE	
1509785	1510250	DEF	
1509786	1510250	DEF	
1509996	1510251	USE	
1509997	1510251	USE	
1510003	1510251	USE	
1509785	1510252	USE	
1509787	1510252	USE	
1510114	1510252	DEF	
1510115	1510252	DEF	
1509390	1510253	DEF	
1509394	1510253	DEF	
1509391	1510253	DEF	
1509610	1510253	USE	
1509639	1510253	USE	
1509642	1510253	USE	
1509651	1510253	USE	
1509785	1510254	DEF	
1509786	1510254	DEF	
1510114	1510255	DEF	
1510115	1510255	DEF	
1509318	1510256	DEF	
1509319	1510256	DEF	
1509322	1510256	DEF	
1509357	1510256	USE	
1509364	1510256	USE	
1509368	1510256	USE	
1509373	1510256	USE	
1509377	1510256	USE	
1509384	1510256	USE	
1510192	1510257	DEF	
1509244	1510257	USE	
1510032	1510257	USE	
1510037	1510257	USE	
1510045	1510257	USE	
1510053	1510257	USE	
1510048	1510257	USE	
1510138	1510257	USE	
1510145	1510257	USE	
1510157	1510257	USE	
1510164	1510257	USE	
1509723	1510258	USE	
1509725	1510258	USE	
1509732	1510258	USE	
1509738	1510258	USE	
1509785	1510258	USE	
1509788	1510258	USE	
1509745	1510259	DEF	
1509746	1510259	DEF	
1510186	1510058	REACHES	_117aeb06dafcf6f640f4ea254d106a48
1510186	1509249	REACHES	_117aeb06dafcf6f640f4ea254d106a48
1510186	1510019	REACHES	_117aeb06dafcf6f640f4ea254d106a48
1510186	1510066	REACHES	_117aeb06dafcf6f640f4ea254d106a48
1510186	1510138	REACHES	_117aeb06dafcf6f640f4ea254d106a48
1510186	1510148	REACHES	_117aeb06dafcf6f640f4ea254d106a48
1510186	1510157	REACHES	_117aeb06dafcf6f640f4ea254d106a48
1510186	1510167	REACHES	_117aeb06dafcf6f640f4ea254d106a48
1510186	1510175	REACHES	_117aeb06dafcf6f640f4ea254d106a48
1510186	1510181	REACHES	_117aeb06dafcf6f640f4ea254d106a48
1509516	1509587	REACHES	_224f6de3f6f60539bd38c9644514dd94
1509516	1509676	REACHES	_224f6de3f6f60539bd38c9644514dd94
1509249	1510196	REACHES	* _117aeb06dafcf6f640f4ea254d106a48
1510175	1510196	REACHES	* _117aeb06dafcf6f640f4ea254d106a48
1509610	1509642	REACHES	_53c4d8b2c06141a20e718f876a7f1c81
1509610	1509653	REACHES	_53c4d8b2c06141a20e718f876a7f1c81
1509610	1509662	REACHES	_53c4d8b2c06141a20e718f876a7f1c81
1509662	1509676	REACHES	_a5e85a11817c012f6a2fe6a0d4221793
1509662	1509685	REACHES	_a5e85a11817c012f6a2fe6a0d4221793
1510148	1510058	REACHES	_b106c52116860e37fdbef5e175ada7c2
1509298	1509318	REACHES	_3628ca35df90628eeeb1651a9521b1f6
1509298	1509357	REACHES	_3628ca35df90628eeeb1651a9521b1f6
1509233	1510019	REACHES	_b106c52116860e37fdbef5e175ada7c2
1510148	1510032	REACHES	_b106c52116860e37fdbef5e175ada7c2
1510148	1510157	REACHES	_b106c52116860e37fdbef5e175ada7c2
1510157	1510032	REACHES	_b106c52116860e37fdbef5e175ada7c2
1510019	1510032	REACHES	_b106c52116860e37fdbef5e175ada7c2
1510019	1510167	REACHES	_b106c52116860e37fdbef5e175ada7c2
1510167	1510175	REACHES	_b106c52116860e37fdbef5e175ada7c2
1510058	1510066	REACHES	_b106c52116860e37fdbef5e175ada7c2
1510157	1510167	REACHES	_b106c52116860e37fdbef5e175ada7c2
1510157	1510157	REACHES	_b106c52116860e37fdbef5e175ada7c2
1510157	1510058	REACHES	_b106c52116860e37fdbef5e175ada7c2
1510019	1510058	REACHES	_b106c52116860e37fdbef5e175ada7c2
1510138	1510148	REACHES	_b106c52116860e37fdbef5e175ada7c2
1510019	1510157	REACHES	_b106c52116860e37fdbef5e175ada7c2
1510066	1510138	REACHES	_b106c52116860e37fdbef5e175ada7c2
1510148	1510167	REACHES	_b106c52116860e37fdbef5e175ada7c2
1509859	1509868	REACHES	_d4b6c8bc2e3e6060960fb9f129370b08
1509402	1509416	REACHES	_c0811353347652836ec0b7b52761558c
1509402	1509448	REACHES	_c0811353347652836ec0b7b52761558c
1510087	1510120	REACHES	_52d904ab29d937ec64dbc51eb73e13d7
1510087	1510126	REACHES	_52d904ab29d937ec64dbc51eb73e13d7
1510087	1510132	REACHES	_52d904ab29d937ec64dbc51eb73e13d7
1510189	1509701	REACHES	_1e8c677e8b658b8e4f8e759619e250fd
1509701	1510032	REACHES	_1e8c677e8b658b8e4f8e759619e250fd
1509603	1509610	REACHES	_a234d700a92feb32790a69ba074aa694
1509603	1509653	REACHES	_a234d700a92feb32790a69ba074aa694
1509350	1509357	REACHES	trcp
1509350	1509448	REACHES	trcp
1509350	1509642	REACHES	trcp
1510111	1510111	REACHES	i
1509761	1509765	REACHES	i
1509769	1509765	REACHES	i
1509761	1509769	REACHES	i
1510103	1510111	REACHES	i
1510111	1510114	REACHES	i
1510103	1510114	REACHES	i
1509769	1509769	REACHES	i
1509761	1509785	REACHES	i
1509769	1509785	REACHES	i
1510111	1510107	REACHES	i
1510103	1510107	REACHES	i
1509782	1509778	REACHES	j
1509774	1509778	REACHES	j
1509782	1509782	REACHES	j
1509774	1509782	REACHES	j
1509782	1509785	REACHES	j
1509774	1509785	REACHES	j
1510082	1510087	REACHES	_aa2d16be0db53be887bc823b723159da
1510082	1510114	REACHES	_aa2d16be0db53be887bc823b723159da
1509318	1509357	REACHES	_5bb0eee56a3d65a10b4f80c2b8deacd9
1509318	1509368	REACHES	_5bb0eee56a3d65a10b4f80c2b8deacd9
1509318	1509377	REACHES	_5bb0eee56a3d65a10b4f80c2b8deacd9
1510192	1509244	REACHES	_8c9c08baec8c124b039a38569c05337b
1510192	1510032	REACHES	_8c9c08baec8c124b039a38569c05337b
1510192	1510045	REACHES	_8c9c08baec8c124b039a38569c05337b
1510192	1510138	REACHES	_8c9c08baec8c124b039a38569c05337b
1510192	1510157	REACHES	_8c9c08baec8c124b039a38569c05337b
1509416	1509448	REACHES	_6ed96c50c3319f1c6d8510e60a36580b
1509416	1509459	REACHES	_6ed96c50c3319f1c6d8510e60a36580b
1509416	1509468	REACHES	_6ed96c50c3319f1c6d8510e60a36580b
1509416	1509556	REACHES	_6ed96c50c3319f1c6d8510e60a36580b
1509800	1509804	REACHES	_02d3b7f9d30c2a108592a530b76111e0
1509810	1509804	REACHES	_02d3b7f9d30c2a108592a530b76111e0
1509800	1509810	REACHES	_02d3b7f9d30c2a108592a530b76111e0
1509810	1509810	REACHES	_02d3b7f9d30c2a108592a530b76111e0
1509800	1509827	REACHES	_02d3b7f9d30c2a108592a530b76111e0
1509810	1509827	REACHES	_02d3b7f9d30c2a108592a530b76111e0
1510075	1510120	REACHES	_02d3b7f9d30c2a108592a530b76111e0
1509814	1509822	REACHES	_a05342277735ec6a0e8a4e3276a3a5ea
1509556	1509571	REACHES	_82eefa3f6c108f56fdf64e58ea7a75f9
1509556	1509596	REACHES	_82eefa3f6c108f56fdf64e58ea7a75f9
1509305	1509377	REACHES	_0bbfcba189d847d9ff493eee81779569
1509468	1509483	REACHES	_f6f14e3265e8b8b8f5585f56d69b0ce8
1509468	1509486	REACHES	_f6f14e3265e8b8b8f5585f56d69b0ce8
1509468	1509497	REACHES	_f6f14e3265e8b8b8f5585f56d69b0ce8
1509468	1509509	REACHES	_f6f14e3265e8b8b8f5585f56d69b0ce8
1509468	1509692	REACHES	_f6f14e3265e8b8b8f5585f56d69b0ce8
1509291	1509318	REACHES	_82f3d0ea510ef87ca45a979157c065e2
1509291	1509368	REACHES	_82f3d0ea510ef87ca45a979157c065e2
1509291	1509416	REACHES	_82f3d0ea510ef87ca45a979157c065e2
1509291	1509459	REACHES	_82f3d0ea510ef87ca45a979157c065e2
1510040	1510040	REACHES	_83ae7f58a22b84244fbb0024e553aaee
1510040	1510032	REACHES	_83ae7f58a22b84244fbb0024e553aaee
1510028	1510032	REACHES	_83ae7f58a22b84244fbb0024e553aaee
1510028	1510040	REACHES	_83ae7f58a22b84244fbb0024e553aaee
1510040	1510045	REACHES	_83ae7f58a22b84244fbb0024e553aaee
1510028	1510045	REACHES	_83ae7f58a22b84244fbb0024e553aaee
1510040	1510138	REACHES	_83ae7f58a22b84244fbb0024e553aaee
1510028	1510157	REACHES	_83ae7f58a22b84244fbb0024e553aaee
1510028	1510138	REACHES	_83ae7f58a22b84244fbb0024e553aaee
1510040	1510157	REACHES	_83ae7f58a22b84244fbb0024e553aaee
1509852	1509868	REACHES	_9f40c5f6093c5b0b9c82361f69e15c04
1509713	1509827	REACHES	_79defcae15c7275c1fbea0488290b472
1509497	1509516	REACHES	_26b26d4e6ee78ac45652ba3b5eb919c2
1509497	1509536	REACHES	_26b26d4e6ee78ac45652ba3b5eb919c2
1509497	1509571	REACHES	_26b26d4e6ee78ac45652ba3b5eb919c2
1509536	1509571	REACHES	_05ee11e4c47177f241e3c17557393291
1509536	1509587	REACHES	_05ee11e4c47177f241e3c17557393291
1509390	1509610	REACHES	_87a6234fe7e73c867ef9f694107a7296
1509390	1509642	REACHES	_87a6234fe7e73c867ef9f694107a7296
1510195	1510186	CONTROLS	
1510195	1510189	CONTROLS	
1510195	1510192	CONTROLS	
1510195	1509233	CONTROLS	
1510195	1509244	CONTROLS	
1509244	1509249	CONTROLS	
1509244	1509255	CONTROLS	
1509244	1509257	CONTROLS	
1509244	1509258	CONTROLS	
1509244	1509259	CONTROLS	
1509244	1509260	CONTROLS	
1509244	1509261	CONTROLS	
1509244	1509262	CONTROLS	
1509244	1509263	CONTROLS	
1509244	1509264	CONTROLS	
1509244	1509265	CONTROLS	
1509244	1509266	CONTROLS	
1509244	1509267	CONTROLS	
1509244	1509268	CONTROLS	
1509244	1509269	CONTROLS	
1509244	1509270	CONTROLS	
1509244	1509271	CONTROLS	
1509244	1509272	CONTROLS	
1509244	1509273	CONTROLS	
1509244	1509274	CONTROLS	
1509244	1509275	CONTROLS	
1509244	1509276	CONTROLS	
1509244	1509277	CONTROLS	
1509244	1509278	CONTROLS	
1509244	1509279	CONTROLS	
1509244	1509280	CONTROLS	
1509244	1509281	CONTROLS	
1509244	1509282	CONTROLS	
1509244	1509283	CONTROLS	
1509244	1509284	CONTROLS	
1509244	1509285	CONTROLS	
1509244	1509286	CONTROLS	
1509244	1509287	CONTROLS	
1509244	1509288	CONTROLS	
1509244	1509289	CONTROLS	
1509244	1509290	CONTROLS	
1509244	1509291	CONTROLS	
1509244	1509298	CONTROLS	
1509244	1509305	CONTROLS	
1509244	1509312	CONTROLS	
1509244	1509318	CONTROLS	
1509244	1509350	CONTROLS	
1509244	1509357	CONTROLS	
1509244	1509368	CONTROLS	
1509244	1509377	CONTROLS	
1509244	1509390	CONTROLS	
1509244	1509402	CONTROLS	
1509244	1509416	CONTROLS	
1509244	1509448	CONTROLS	
1509244	1509459	CONTROLS	
1509244	1509468	CONTROLS	
1509244	1509483	CONTROLS	
1509244	1509692	CONTROLS	
1509244	1509699	CONTROLS	
1509244	1509700	CONTROLS	
1509244	1509701	CONTROLS	
1509244	1509706	CONTROLS	
1509244	1509713	CONTROLS	
1509244	1509722	CONTROLS	
1509244	1509723	CONTROLS	
1509244	1509729	CONTROLS	
1509244	1509730	CONTROLS	
1509244	1509731	CONTROLS	
1509244	1509732	CONTROLS	
1509244	1509742	CONTROLS	
1509244	1509743	CONTROLS	
1509244	1509744	CONTROLS	
1509244	1509745	CONTROLS	
1509244	1509753	CONTROLS	
1509244	1509761	CONTROLS	
1509244	1509765	CONTROLS	
1509244	1509793	CONTROLS	
1509244	1509800	CONTROLS	
1509244	1509804	CONTROLS	
1509244	1509827	CONTROLS	
1509244	1510019	CONTROLS	
1509244	1510028	CONTROLS	
1509244	1510032	CONTROLS	
1509244	1510167	CONTROLS	
1509244	1510175	CONTROLS	
1509244	1510181	CONTROLS	
1509483	1509486	CONTROLS	
1509483	1509497	CONTROLS	
1509483	1509509	CONTROLS	
1509483	1509516	CONTROLS	
1509483	1509536	CONTROLS	
1509483	1509556	CONTROLS	
1509483	1509571	CONTROLS	
1509483	1509596	CONTROLS	
1509483	1509603	CONTROLS	
1509483	1509610	CONTROLS	
1509483	1509642	CONTROLS	
1509483	1509653	CONTROLS	
1509483	1509662	CONTROLS	
1509483	1509676	CONTROLS	
1509483	1509685	CONTROLS	
1509571	1509587	CONTROLS	
1509765	1509774	CONTROLS	
1509765	1509778	CONTROLS	
1509765	1509769	CONTROLS	
1509778	1509785	CONTROLS	
1509778	1509782	CONTROLS	
1509804	1509814	CONTROLS	
1509804	1509822	CONTROLS	
1509822	1509824	CONTROLS	
1509822	1509825	CONTROLS	
1509822	1509810	CONTROLS	
1509822	1509804	CONTROLS	
1509827	1509852	CONTROLS	
1509827	1509859	CONTROLS	
1509827	1509868	CONTROLS	
1509827	1509890	CONTROLS	
1509827	1509891	CONTROLS	
1509827	1509892	CONTROLS	
1509827	1509893	CONTROLS	
1509827	1509894	CONTROLS	
1509827	1509895	CONTROLS	
1509827	1509896	CONTROLS	
1509827	1509897	CONTROLS	
1509827	1509898	CONTROLS	
1509827	1509899	CONTROLS	
1509827	1509902	CONTROLS	
1509827	1509903	CONTROLS	
1509827	1509904	CONTROLS	
1509827	1509905	CONTROLS	
1509827	1509906	CONTROLS	
1509827	1509907	CONTROLS	
1509827	1509908	CONTROLS	
1509827	1509909	CONTROLS	
1509827	1509910	CONTROLS	
1509827	1509911	CONTROLS	
1509827	1509912	CONTROLS	
1509827	1509913	CONTROLS	
1509827	1509914	CONTROLS	
1509827	1509915	CONTROLS	
1509827	1509916	CONTROLS	
1509827	1509917	CONTROLS	
1509827	1509918	CONTROLS	
1509827	1509919	CONTROLS	
1509827	1509920	CONTROLS	
1509827	1509921	CONTROLS	
1509827	1509922	CONTROLS	
1509827	1509923	CONTROLS	
1509827	1509924	CONTROLS	
1509827	1509925	CONTROLS	
1509827	1509926	CONTROLS	
1509827	1509927	CONTROLS	
1509827	1509928	CONTROLS	
1509827	1509929	CONTROLS	
1509827	1509930	CONTROLS	
1509827	1509931	CONTROLS	
1509827	1509932	CONTROLS	
1509827	1509933	CONTROLS	
1509827	1509934	CONTROLS	
1509827	1509935	CONTROLS	
1509827	1509936	CONTROLS	
1509827	1509937	CONTROLS	
1509827	1509938	CONTROLS	
1509827	1509939	CONTROLS	
1509827	1509940	CONTROLS	
1509827	1509941	CONTROLS	
1509827	1509942	CONTROLS	
1509827	1509943	CONTROLS	
1509827	1509944	CONTROLS	
1509827	1509945	CONTROLS	
1509827	1509946	CONTROLS	
1509827	1509948	CONTROLS	
1509827	1509949	CONTROLS	
1509827	1509950	CONTROLS	
1509827	1509951	CONTROLS	
1509827	1509952	CONTROLS	
1509827	1509953	CONTROLS	
1509827	1509954	CONTROLS	
1509827	1509955	CONTROLS	
1509827	1509956	CONTROLS	
1509827	1509957	CONTROLS	
1509827	1509958	CONTROLS	
1509827	1509959	CONTROLS	
1509827	1509960	CONTROLS	
1509827	1509961	CONTROLS	
1509827	1509962	CONTROLS	
1509827	1509963	CONTROLS	
1509827	1509964	CONTROLS	
1509827	1509965	CONTROLS	
1509827	1509966	CONTROLS	
1509827	1509967	CONTROLS	
1509827	1509968	CONTROLS	
1509827	1509969	CONTROLS	
1509827	1509970	CONTROLS	
1509827	1509971	CONTROLS	
1509827	1509972	CONTROLS	
1509827	1509973	CONTROLS	
1509827	1509974	CONTROLS	
1509827	1509975	CONTROLS	
1509827	1509976	CONTROLS	
1509827	1509977	CONTROLS	
1509827	1509978	CONTROLS	
1509827	1509979	CONTROLS	
1509827	1509980	CONTROLS	
1509827	1509981	CONTROLS	
1509827	1509982	CONTROLS	
1509827	1509983	CONTROLS	
1509827	1509984	CONTROLS	
1509827	1509985	CONTROLS	
1509827	1509986	CONTROLS	
1509827	1509987	CONTROLS	
1509827	1509988	CONTROLS	
1509827	1509989	CONTROLS	
1509827	1509990	CONTROLS	
1509827	1509991	CONTROLS	
1509827	1509992	CONTROLS	
1509827	1509993	CONTROLS	
1509827	1509994	CONTROLS	
1509827	1509995	CONTROLS	
1509827	1509996	CONTROLS	
1509827	1510008	CONTROLS	
1509827	1510015	CONTROLS	
1510032	1510045	CONTROLS	
1510032	1510040	CONTROLS	
1510045	1510058	CONTROLS	
1510045	1510066	CONTROLS	
1510045	1510075	CONTROLS	
1510045	1510082	CONTROLS	
1510045	1510087	CONTROLS	
1510045	1510098	CONTROLS	
1510045	1510103	CONTROLS	
1510045	1510107	CONTROLS	
1510045	1510120	CONTROLS	
1510045	1510126	CONTROLS	
1510045	1510132	CONTROLS	
1510045	1510138	CONTROLS	
1510045	1510148	CONTROLS	
1510045	1510157	CONTROLS	
1510107	1510114	CONTROLS	
1510107	1510111	CONTROLS	
1510120	1510126	DOM	
1509962	1509963	DOM	
1509416	1509448	DOM	
1509285	1509286	DOM	
1510087	1510098	DOM	
1509924	1509925	DOM	
1510045	1510040	DOM	
1509275	1509276	DOM	
1509945	1509946	DOM	
1509897	1509898	DOM	
1509989	1509990	DOM	
1509268	1509269	DOM	
1509368	1509377	DOM	
1509978	1509979	DOM	
1509800	1509804	DOM	
1509926	1509927	DOM	
1509982	1509983	DOM	
1509992	1509993	DOM	
1509969	1509970	DOM	
1510167	1510175	DOM	
1509265	1509266	DOM	
1509765	1509793	DOM	
1509991	1509992	DOM	
1509859	1509868	DOM	
1509903	1509904	DOM	
1509723	1509729	DOM	
1509497	1509509	DOM	
1510045	1510157	DOM	
1509950	1509951	DOM	
1509259	1509260	DOM	
1509987	1509988	DOM	
1509742	1509743	DOM	
1509929	1509930	DOM	
1509276	1509277	DOM	
1509894	1509895	DOM	
1509913	1509914	DOM	
1509486	1509497	DOM	
1509928	1509929	DOM	
1509262	1509263	DOM	
1509571	1509596	DOM	
1509281	1509282	DOM	
1509280	1509281	DOM	
1509927	1509928	DOM	
1509377	1509390	DOM	
1509744	1509745	DOM	
1509970	1509971	DOM	
1509676	1509685	DOM	
1509908	1509909	DOM	
1510082	1510087	DOM	
1509290	1509291	DOM	
1509233	1509244	DOM	
1509761	1509765	DOM	
1509700	1509701	DOM	
1509282	1509283	DOM	
1509937	1509938	DOM	
1509977	1509978	DOM	
1509895	1509896	DOM	
1509890	1509891	DOM	
1509964	1509965	DOM	
1509291	1509298	DOM	
1509948	1509949	DOM	
1509279	1509280	DOM	
1509692	1509699	DOM	
1509814	1509822	DOM	
1509483	1509486	DOM	
1509912	1509913	DOM	
1510107	1510120	DOM	
1509892	1509893	DOM	
1509919	1509920	DOM	
1510186	1510189	DOM	
1509986	1509987	DOM	
1509909	1509910	DOM	
1509942	1509943	DOM	
1509743	1509744	DOM	
1510107	1510114	DOM	
1509936	1509937	DOM	
1509653	1509662	DOM	
1509257	1509258	DOM	
1509939	1509940	DOM	
1509972	1509973	DOM	
1509785	1509782	DOM	
1510032	1510167	DOM	
1509357	1509368	DOM	
1509943	1509944	DOM	
1510019	1510028	DOM	
1510138	1510148	DOM	
1509287	1509288	DOM	
1509260	1509261	DOM	
1509596	1509603	DOM	
1509930	1509931	DOM	
1509951	1509952	DOM	
1509273	1509274	DOM	
1509968	1509969	DOM	
1509731	1509732	DOM	
1510126	1510132	DOM	
1509949	1509950	DOM	
1509745	1509753	DOM	
1509954	1509955	DOM	
1509459	1509468	DOM	
1509904	1509905	DOM	
1509706	1509713	DOM	
1509955	1509956	DOM	
1509274	1509275	DOM	
1509827	1509890	DOM	
1509264	1509265	DOM	
1509283	1509284	DOM	
1509993	1509994	DOM	
1509312	1509318	DOM	
1509963	1509964	DOM	
1509298	1509305	DOM	
1509603	1509610	DOM	
1509571	1509587	DOM	
1510114	1510111	DOM	
1509266	1509267	DOM	
1509944	1509945	DOM	
1509722	1509723	DOM	
1509827	1509852	DOM	
1509822	1509825	DOM	
1510132	1510138	DOM	
1509891	1509892	DOM	
1509536	1509556	DOM	
1509910	1509911	DOM	
1509905	1509906	DOM	
1509920	1509921	DOM	
1509974	1509975	DOM	
1509922	1509923	DOM	
1509269	1509270	DOM	
1509713	1509722	DOM	
1509957	1509958	DOM	
1509915	1509916	DOM	
1509971	1509972	DOM	
1509778	1509785	DOM	
1509825	1509810	DOM	
1509965	1509966	DOM	
1509975	1509976	DOM	
1509990	1509991	DOM	
1509852	1509859	DOM	
1510098	1510103	DOM	
1509921	1509922	DOM	
1509946	1509948	DOM	
1509509	1509516	DOM	
1509258	1509259	DOM	
1509468	1509483	DOM	
1510103	1510107	DOM	
1509270	1509271	DOM	
1509288	1509289	DOM	
1510028	1510032	DOM	
1509289	1509290	DOM	
1509995	1509996	DOM	
1509917	1509918	DOM	
1509244	1509249	DOM	
1509985	1509986	DOM	
1509305	1509312	DOM	
1509935	1509936	DOM	
1509804	1509827	DOM	
1509932	1509933	DOM	
1509940	1509941	DOM	
1510195	1510195	DOM	
1509959	1509960	DOM	
1510032	1510045	DOM	
1509966	1509967	DOM	
1509893	1509894	DOM	
1509753	1509761	DOM	
1509899	1509902	DOM	
1509350	1509357	DOM	
1509774	1509778	DOM	
1510189	1510192	DOM	
1510058	1510066	DOM	
1509284	1509285	DOM	
1509925	1509926	DOM	
1509402	1509416	DOM	
1509933	1509934	DOM	
1509272	1509273	DOM	
1509729	1509730	DOM	
1509244	1510196	DOM	
1509902	1509903	DOM	
1509961	1509962	DOM	
1509988	1509989	DOM	
1509662	1509676	DOM	
1509278	1509279	DOM	
1509953	1509954	DOM	
1509286	1509287	DOM	
1509984	1509985	DOM	
1509642	1509653	DOM	
1509934	1509935	DOM	
1509249	1509255	DOM	
1509556	1509571	DOM	
1509804	1509814	DOM	
1509973	1509974	DOM	
1509318	1509350	DOM	
1509911	1509912	DOM	
1510075	1510082	DOM	
1509958	1509959	DOM	
1509967	1509968	DOM	
1509822	1509824	DOM	
1509907	1509908	DOM	
1509994	1509995	DOM	
1510192	1509233	DOM	
1510045	1510058	DOM	
1509996	1510008	DOM	
1509918	1509919	DOM	
1509898	1509899	DOM	
1509271	1509272	DOM	
1509931	1509932	DOM	
1509938	1509939	DOM	
1509827	1510019	DOM	
1509701	1509706	DOM	
1509277	1509278	DOM	
1509448	1509459	DOM	
1510175	1510181	DOM	
1509981	1509982	DOM	
1509244	1509257	DOM	
1509267	1509268	DOM	
1509483	1509692	DOM	
1509732	1509742	DOM	
1509960	1509961	DOM	
1509952	1509953	DOM	
1510008	1510015	DOM	
1509730	1509731	DOM	
1509983	1509984	DOM	
1509914	1509915	DOM	
1509923	1509924	DOM	
1510195	1510186	DOM	
1509916	1509917	DOM	
1509941	1509942	DOM	
1509793	1509800	DOM	
1509610	1509642	DOM	
1509980	1509981	DOM	
1509390	1509402	DOM	
1509956	1509957	DOM	
1509896	1509897	DOM	
1509516	1509536	DOM	
1509765	1509774	DOM	
1509976	1509977	DOM	
1509699	1509700	DOM	
1510066	1510075	DOM	
1509263	1509264	DOM	
1509979	1509980	DOM	
1509261	1509262	DOM	
1509778	1509769	DOM	
1509906	1509907	DOM	
1509964	1509963	POST_DOM	
1510132	1510126	POST_DOM	
1509459	1509448	POST_DOM	
1509287	1509286	POST_DOM	
1510103	1510098	POST_DOM	
1509926	1509925	POST_DOM	
1510032	1510040	POST_DOM	
1509277	1509276	POST_DOM	
1509948	1509946	POST_DOM	
1509899	1509898	POST_DOM	
1509991	1509990	POST_DOM	
1509390	1509377	POST_DOM	
1509270	1509269	POST_DOM	
1509980	1509979	POST_DOM	
1509827	1509804	POST_DOM	
1509928	1509927	POST_DOM	
1509984	1509983	POST_DOM	
1509994	1509993	POST_DOM	
1509971	1509970	POST_DOM	
1510181	1510175	POST_DOM	
1509267	1509266	POST_DOM	
1509800	1509793	POST_DOM	
1509993	1509992	POST_DOM	
1510019	1509868	POST_DOM	
1509905	1509904	POST_DOM	
1509730	1509729	POST_DOM	
1509516	1509509	POST_DOM	
1509952	1509951	POST_DOM	
1510040	1510157	POST_DOM	
1509261	1509260	POST_DOM	
1509989	1509988	POST_DOM	
1509744	1509743	POST_DOM	
1509931	1509930	POST_DOM	
1509278	1509277	POST_DOM	
1509896	1509895	POST_DOM	
1509915	1509914	POST_DOM	
1509509	1509497	POST_DOM	
1509930	1509929	POST_DOM	
1509264	1509263	POST_DOM	
1509603	1509596	POST_DOM	
1509283	1509282	POST_DOM	
1509282	1509281	POST_DOM	
1509929	1509928	POST_DOM	
1509402	1509390	POST_DOM	
1509753	1509745	POST_DOM	
1509972	1509971	POST_DOM	
1509692	1509685	POST_DOM	
1509910	1509909	POST_DOM	
1510098	1510087	POST_DOM	
1509298	1509291	POST_DOM	
1510196	1509244	POST_DOM	
1509793	1509765	POST_DOM	
1509706	1509701	POST_DOM	
1509284	1509283	POST_DOM	
1509979	1509978	POST_DOM	
1509939	1509938	POST_DOM	
1509897	1509896	POST_DOM	
1509892	1509891	POST_DOM	
1509966	1509965	POST_DOM	
1509305	1509298	POST_DOM	
1509950	1509949	POST_DOM	
1509281	1509280	POST_DOM	
1509700	1509699	POST_DOM	
1509827	1509822	POST_DOM	
1509497	1509486	POST_DOM	
1509914	1509913	POST_DOM	
1510126	1510120	POST_DOM	
1509894	1509893	POST_DOM	
1509921	1509920	POST_DOM	
1510192	1510189	POST_DOM	
1509988	1509987	POST_DOM	
1509911	1509910	POST_DOM	
1509944	1509943	POST_DOM	
1509745	1509744	POST_DOM	
1509938	1509937	POST_DOM	
1510111	1510114	POST_DOM	
1509676	1509662	POST_DOM	
1509259	1509258	POST_DOM	
1509941	1509940	POST_DOM	
1509974	1509973	POST_DOM	
1509778	1509782	POST_DOM	
1510175	1510167	POST_DOM	
1509377	1509368	POST_DOM	
1509945	1509944	POST_DOM	
1510032	1510028	POST_DOM	
1510040	1510148	POST_DOM	
1509289	1509288	POST_DOM	
1509262	1509261	POST_DOM	
1509610	1509603	POST_DOM	
1509932	1509931	POST_DOM	
1509953	1509952	POST_DOM	
1509275	1509274	POST_DOM	
1509970	1509969	POST_DOM	
1509742	1509732	POST_DOM	
1510138	1510132	POST_DOM	
1509951	1509950	POST_DOM	
1509761	1509753	POST_DOM	
1509956	1509955	POST_DOM	
1509483	1509468	POST_DOM	
1509906	1509905	POST_DOM	
1509722	1509713	POST_DOM	
1509957	1509956	POST_DOM	
1509276	1509275	POST_DOM	
1509891	1509890	POST_DOM	
1509266	1509265	POST_DOM	
1509285	1509284	POST_DOM	
1509995	1509994	POST_DOM	
1509350	1509318	POST_DOM	
1509965	1509964	POST_DOM	
1509312	1509305	POST_DOM	
1509642	1509610	POST_DOM	
1509571	1509587	POST_DOM	
1510107	1510111	POST_DOM	
1509268	1509267	POST_DOM	
1509946	1509945	POST_DOM	
1509859	1509852	POST_DOM	
1509729	1509723	POST_DOM	
1509810	1509825	POST_DOM	
1509893	1509892	POST_DOM	
1510148	1510138	POST_DOM	
1509571	1509556	POST_DOM	
1509912	1509911	POST_DOM	
1509907	1509906	POST_DOM	
1509922	1509921	POST_DOM	
1509976	1509975	POST_DOM	
1509924	1509923	POST_DOM	
1509723	1509722	POST_DOM	
1509271	1509270	POST_DOM	
1509959	1509958	POST_DOM	
1509917	1509916	POST_DOM	
1509973	1509972	POST_DOM	
1509782	1509785	POST_DOM	
1509804	1509810	POST_DOM	
1509977	1509976	POST_DOM	
1509967	1509966	POST_DOM	
1509992	1509991	POST_DOM	
1509868	1509859	POST_DOM	
1509923	1509922	POST_DOM	
1510107	1510103	POST_DOM	
1509949	1509948	POST_DOM	
1509536	1509516	POST_DOM	
1509260	1509259	POST_DOM	
1509692	1509483	POST_DOM	
1510120	1510107	POST_DOM	
1509290	1509289	POST_DOM	
1509272	1509271	POST_DOM	
1510167	1510032	POST_DOM	
1509291	1509290	POST_DOM	
1510008	1509996	POST_DOM	
1509919	1509918	POST_DOM	
1509255	1509249	POST_DOM	
1509987	1509986	POST_DOM	
1509318	1509312	POST_DOM	
1509937	1509936	POST_DOM	
1510019	1509827	POST_DOM	
1509942	1509941	POST_DOM	
1509934	1509933	POST_DOM	
1510186	1510195	POST_DOM	
1509961	1509960	POST_DOM	
1509968	1509967	POST_DOM	
1510040	1510045	POST_DOM	
1509895	1509894	POST_DOM	
1509765	1509761	POST_DOM	
1509903	1509902	POST_DOM	
1509368	1509357	POST_DOM	
1509769	1509778	POST_DOM	
1509233	1510192	POST_DOM	
1510075	1510066	POST_DOM	
1509286	1509285	POST_DOM	
1509927	1509926	POST_DOM	
1509448	1509416	POST_DOM	
1509935	1509934	POST_DOM	
1509731	1509730	POST_DOM	
1509274	1509273	POST_DOM	
1510196	1510196	POST_DOM	
1509963	1509962	POST_DOM	
1509904	1509903	POST_DOM	
1509990	1509989	POST_DOM	
1509685	1509676	POST_DOM	
1509280	1509279	POST_DOM	
1509955	1509954	POST_DOM	
1509288	1509287	POST_DOM	
1509986	1509985	POST_DOM	
1509662	1509653	POST_DOM	
1509936	1509935	POST_DOM	
1510196	1509255	POST_DOM	
1509596	1509571	POST_DOM	
1509822	1509814	POST_DOM	
1509975	1509974	POST_DOM	
1509357	1509350	POST_DOM	
1509913	1509912	POST_DOM	
1510087	1510082	POST_DOM	
1509969	1509968	POST_DOM	
1509960	1509959	POST_DOM	
1509827	1509824	POST_DOM	
1509909	1509908	POST_DOM	
1509996	1509995	POST_DOM	
1509244	1509233	POST_DOM	
1510066	1510058	POST_DOM	
1510015	1510008	POST_DOM	
1509920	1509919	POST_DOM	
1509902	1509899	POST_DOM	
1509273	1509272	POST_DOM	
1509933	1509932	POST_DOM	
1509940	1509939	POST_DOM	
1510028	1510019	POST_DOM	
1509713	1509706	POST_DOM	
1509279	1509278	POST_DOM	
1510196	1510181	POST_DOM	
1509468	1509459	POST_DOM	
1509983	1509982	POST_DOM	
1509699	1509692	POST_DOM	
1509269	1509268	POST_DOM	
1509258	1509257	POST_DOM	
1509743	1509742	POST_DOM	
1509962	1509961	POST_DOM	
1510019	1510015	POST_DOM	
1509954	1509953	POST_DOM	
1509732	1509731	POST_DOM	
1509985	1509984	POST_DOM	
1509916	1509915	POST_DOM	
1509925	1509924	POST_DOM	
1510189	1510186	POST_DOM	
1509918	1509917	POST_DOM	
1509943	1509942	POST_DOM	
1509804	1509800	POST_DOM	
1509653	1509642	POST_DOM	
1509982	1509981	POST_DOM	
1509416	1509402	POST_DOM	
1509958	1509957	POST_DOM	
1509898	1509897	POST_DOM	
1509556	1509536	POST_DOM	
1509778	1509774	POST_DOM	
1509978	1509977	POST_DOM	
1509701	1509700	POST_DOM	
1510082	1510075	POST_DOM	
1509265	1509264	POST_DOM	
1509981	1509980	POST_DOM	
1509263	1509262	POST_DOM	
1509765	1509769	POST_DOM	
1509908	1509907	POST_DOM	
1509230	1509231	IS_FUNCTION_OF_AST	
1509230	1510195	IS_FUNCTION_OF_CFG	
1509229	1509230	IS_FILE_OF	
