command	key	type	code	location	functionId	childNum	isCFGNode	operator	baseType	completeType	identifier
ANR	1509229	File	/home/lnk/project/python/cxxdetect/joern_slicer/data_src/c3-8789845f90ce4a10de495ea34896a990-D2A43C1AC6FD78A57CABA20ADF160CBF/p_007/quote.c								
ANR	1509230	Function	_db5006c48a19582795c93730492153db	17:0:170:7905							
ANR	1509231	FunctionDef	"_db5006c48a19582795c93730492153db (char * _117aeb06dafcf6f640f4ea254d106a48 , size_t _1e8c677e8b658b8e4f8e759619e250fd , const char * _8c9c08baec8c124b039a38569c05337b)"		1509230	0					
ANR	1509232	CompoundStatement		18:0:341:7905	1509230	0					
ANR	1509233	IdentifierDeclStatement	"size_t _83ae7f58a22b84244fbb0024e553aaee , _b106c52116860e37fdbef5e175ada7c2 = 0 ;"	19:4:347:426	1509230	0	True				
ANR	1509234	IdentifierDecl	_83ae7f58a22b84244fbb0024e553aaee		1509230	0					
ANR	1509235	IdentifierDeclType	size_t		1509230	0					
ANR	1509236	Identifier	_83ae7f58a22b84244fbb0024e553aaee		1509230	1					
ANR	1509237	IdentifierDecl	_b106c52116860e37fdbef5e175ada7c2 = 0		1509230	1					
ANR	1509238	IdentifierDeclType	size_t		1509230	0					
ANR	1509239	Identifier	_b106c52116860e37fdbef5e175ada7c2		1509230	1					
ANR	1509240	AssignmentExpression	_b106c52116860e37fdbef5e175ada7c2 = 0		1509230	2		=			
ANR	1509241	Identifier	_b106c52116860e37fdbef5e175ada7c2		1509230	0					
ANR	1509242	PrimaryExpression	0		1509230	1					
ANR	1509243	IfStatement	if ( ! _8c9c08baec8c124b039a38569c05337b )		1509230	1					
ANR	1509244	Condition	! _8c9c08baec8c124b039a38569c05337b	20:7:435:468	1509230	0	True				
ANR	1509245	UnaryOperationExpression	! _8c9c08baec8c124b039a38569c05337b		1509230	0					
ANR	1509246	UnaryOperator	!		1509230	0					
ANR	1509247	Identifier	_8c9c08baec8c124b039a38569c05337b		1509230	1					
ANR	1509248	CompoundStatement		4:4:133:133	1509230	1					
ANR	1509249	ExpressionStatement	* _117aeb06dafcf6f640f4ea254d106a48 = '\\0'	22:8:485:526	1509230	0	True				
ANR	1509250	AssignmentExpression	* _117aeb06dafcf6f640f4ea254d106a48 = '\\0'		1509230	0		=			
ANR	1509251	UnaryOperationExpression	* _117aeb06dafcf6f640f4ea254d106a48		1509230	0					
ANR	1509252	UnaryOperator	*		1509230	0					
ANR	1509253	Identifier	_117aeb06dafcf6f640f4ea254d106a48		1509230	1					
ANR	1509254	PrimaryExpression	'\\0'		1509230	1					
ANR	1509255	ReturnStatement	return 0 ;	23:8:536:544	1509230	1	True				
ANR	1509256	PrimaryExpression	0		1509230	0					
ANR	1509257	Statement	define	25:1:553:558	1509230	2	True				
ANR	1509258	Statement	_90300f6e5910f5809b5338cb8d88fdd4	25:8:560:592	1509230	3	True				
ANR	1509259	Statement	(	25:41:593:593	1509230	4	True				
ANR	1509260	Statement	a	25:42:594:594	1509230	5	True				
ANR	1509261	Statement	","	25:43:595:595	1509230	6	True				
ANR	1509262	Statement	b	25:45:597:597	1509230	7	True				
ANR	1509263	Statement	","	25:46:598:598	1509230	8	True				
ANR	1509264	Statement	c	25:48:600:600	1509230	9	True				
ANR	1509265	Statement	)	25:49:601:601	1509230	10	True				
ANR	1509266	Statement	s	25:51:603:603	1509230	11	True				
ANR	1509267	Statement	a	25:54:606:606	1509230	12	True				
ANR	1509268	Statement	y	25:57:609:609	1509230	13	True				
ANR	1509269	Statement	(	25:58:610:610	1509230	14	True				
ANR	1509270	Statement	b	25:60:612:612	1509230	15	True				
ANR	1509271	Statement	","	25:62:614:614	1509230	16	True				
ANR	1509272	Statement	c	25:64:616:616	1509230	17	True				
ANR	1509273	Statement	)	25:66:618:618	1509230	18	True				
ANR	1509274	Statement	int	26:4:624:626	1509230	19	True				
ANR	1509275	Statement	(	26:8:628:628	1509230	20	True				
ANR	1509276	Statement	*	26:9:629:629	1509230	21	True				
ANR	1509277	Statement	_2781d3a76fdda78f7ab5d10b46302677	26:10:630:662	1509230	22	True				
ANR	1509278	Statement	)	26:43:663:663	1509230	23	True				
ANR	1509279	Statement	(	26:44:664:664	1509230	24	True				
ANR	1509280	Statement	const	26:45:665:669	1509230	25	True				
ANR	1509281	Statement	char	26:51:671:674	1509230	26	True				
ANR	1509282	Statement	*	26:55:675:675	1509230	27	True				
ANR	1509283	Statement	","	26:56:676:676	1509230	28	True				
ANR	1509284	Statement	const	26:58:678:682	1509230	29	True				
ANR	1509285	Statement	char	26:64:684:687	1509230	30	True				
ANR	1509286	Statement	*	26:68:688:688	1509230	31	True				
ANR	1509287	Statement	","	26:69:689:689	1509230	32	True				
ANR	1509288	Statement	...	26:71:691:693	1509230	33	True				
ANR	1509289	Statement	)	26:74:694:694	1509230	34	True				
ANR	1509290	ExpressionStatement		26:75:695:695	1509230	35	True				
ANR	1509291	IdentifierDeclStatement	"char * _82f3d0ea510ef87ca45a979157c065e2 = ""/.image.png"" ;"	27:4:701:756	1509230	36	True				
ANR	1509292	IdentifierDecl	"* _82f3d0ea510ef87ca45a979157c065e2 = ""/.image.png"""		1509230	0					
ANR	1509293	IdentifierDeclType	char *		1509230	0					
ANR	1509294	Identifier	_82f3d0ea510ef87ca45a979157c065e2		1509230	1					
ANR	1509295	AssignmentExpression	"* _82f3d0ea510ef87ca45a979157c065e2 = ""/.image.png"""		1509230	2		=			
ANR	1509296	Identifier	_82f3d0ea510ef87ca45a979157c065e2		1509230	0					
ANR	1509297	PrimaryExpression	"""/.image.png"""		1509230	1					
ANR	1509298	IdentifierDeclStatement	"char * _3628ca35df90628eeeb1651a9521b1f6 = ""http://www.site.com"" ;"	28:4:762:825	1509230	37	True				
ANR	1509299	IdentifierDecl	"* _3628ca35df90628eeeb1651a9521b1f6 = ""http://www.site.com"""		1509230	0					
ANR	1509300	IdentifierDeclType	char *		1509230	0					
ANR	1509301	Identifier	_3628ca35df90628eeeb1651a9521b1f6		1509230	1					
ANR	1509302	AssignmentExpression	"* _3628ca35df90628eeeb1651a9521b1f6 = ""http://www.site.com"""		1509230	2		=			
ANR	1509303	Identifier	_3628ca35df90628eeeb1651a9521b1f6		1509230	0					
ANR	1509304	PrimaryExpression	"""http://www.site.com"""		1509230	1					
ANR	1509305	IdentifierDeclStatement	"char * _0bbfcba189d847d9ff493eee81779569 = ""/usr/bin/wget"" ;"	29:4:831:888	1509230	38	True				
ANR	1509306	IdentifierDecl	"* _0bbfcba189d847d9ff493eee81779569 = ""/usr/bin/wget"""		1509230	0					
ANR	1509307	IdentifierDeclType	char *		1509230	0					
ANR	1509308	Identifier	_0bbfcba189d847d9ff493eee81779569		1509230	1					
ANR	1509309	AssignmentExpression	"* _0bbfcba189d847d9ff493eee81779569 = ""/usr/bin/wget"""		1509230	2		=			
ANR	1509310	Identifier	_0bbfcba189d847d9ff493eee81779569		1509230	0					
ANR	1509311	PrimaryExpression	"""/usr/bin/wget"""		1509230	1					
ANR	1509312	ExpressionStatement	_2781d3a76fdda78f7ab5d10b46302677 = & execl	30:4:894:936	1509230	39	True				
ANR	1509313	AssignmentExpression	_2781d3a76fdda78f7ab5d10b46302677 = & execl		1509230	0		=			
ANR	1509314	Identifier	_2781d3a76fdda78f7ab5d10b46302677		1509230	0					
ANR	1509315	UnaryOperationExpression	& execl		1509230	1					
ANR	1509316	UnaryOperator	&		1509230	0					
ANR	1509317	Identifier	execl		1509230	1					
ANR	1509318	IdentifierDeclStatement	char * _5bb0eee56a3d65a10b4f80c2b8deacd9 = ( char * ) malloc ( sizeof ( char ) * ( strlen ( _82f3d0ea510ef87ca45a979157c065e2 ) + strlen ( _3628ca35df90628eeeb1651a9521b1f6 ) + 1 ) ) ;	31:4:942:1099	1509230	40	True				
ANR	1509319	IdentifierDecl	* _5bb0eee56a3d65a10b4f80c2b8deacd9 = ( char * ) malloc ( sizeof ( char ) * ( strlen ( _82f3d0ea510ef87ca45a979157c065e2 ) + strlen ( _3628ca35df90628eeeb1651a9521b1f6 ) + 1 ) )		1509230	0					
ANR	1509320	IdentifierDeclType	char *		1509230	0					
ANR	1509321	Identifier	_5bb0eee56a3d65a10b4f80c2b8deacd9		1509230	1					
ANR	1509322	AssignmentExpression	* _5bb0eee56a3d65a10b4f80c2b8deacd9 = ( char * ) malloc ( sizeof ( char ) * ( strlen ( _82f3d0ea510ef87ca45a979157c065e2 ) + strlen ( _3628ca35df90628eeeb1651a9521b1f6 ) + 1 ) )		1509230	2		=			
ANR	1509323	Identifier	_5bb0eee56a3d65a10b4f80c2b8deacd9		1509230	0					
ANR	1509324	CastExpression	( char * ) malloc ( sizeof ( char ) * ( strlen ( _82f3d0ea510ef87ca45a979157c065e2 ) + strlen ( _3628ca35df90628eeeb1651a9521b1f6 ) + 1 ) )		1509230	1					
ANR	1509325	CastTarget	char *		1509230	0					
ANR	1509326	CallExpression	malloc ( sizeof ( char ) * ( strlen ( _82f3d0ea510ef87ca45a979157c065e2 ) + strlen ( _3628ca35df90628eeeb1651a9521b1f6 ) + 1 ) )		1509230	1					
ANR	1509327	Callee	malloc		1509230	0					
ANR	1509328	Identifier	malloc		1509230	0					
ANR	1509329	ArgumentList	sizeof ( char ) * ( strlen ( _82f3d0ea510ef87ca45a979157c065e2 ) + strlen ( _3628ca35df90628eeeb1651a9521b1f6 ) + 1 )		1509230	1					
ANR	1509330	Argument	sizeof ( char ) * ( strlen ( _82f3d0ea510ef87ca45a979157c065e2 ) + strlen ( _3628ca35df90628eeeb1651a9521b1f6 ) + 1 )		1509230	0					
ANR	1509331	MultiplicativeExpression	sizeof ( char ) * ( strlen ( _82f3d0ea510ef87ca45a979157c065e2 ) + strlen ( _3628ca35df90628eeeb1651a9521b1f6 ) + 1 )		1509230	0		*			
ANR	1509332	SizeofExpression	sizeof ( char )		1509230	0					
ANR	1509333	Sizeof	sizeof		1509230	0					
ANR	1509334	SizeofOperand	char		1509230	1					
ANR	1509335	AdditiveExpression	strlen ( _82f3d0ea510ef87ca45a979157c065e2 ) + strlen ( _3628ca35df90628eeeb1651a9521b1f6 ) + 1		1509230	1		+			
ANR	1509336	CallExpression	strlen ( _82f3d0ea510ef87ca45a979157c065e2 )		1509230	0					
ANR	1509337	Callee	strlen		1509230	0					
ANR	1509338	Identifier	strlen		1509230	0					
ANR	1509339	ArgumentList	_82f3d0ea510ef87ca45a979157c065e2		1509230	1					
ANR	1509340	Argument	_82f3d0ea510ef87ca45a979157c065e2		1509230	0					
ANR	1509341	Identifier	_82f3d0ea510ef87ca45a979157c065e2		1509230	0					
ANR	1509342	AdditiveExpression	strlen ( _3628ca35df90628eeeb1651a9521b1f6 ) + 1		1509230	1		+			
ANR	1509343	CallExpression	strlen ( _3628ca35df90628eeeb1651a9521b1f6 )		1509230	0					
ANR	1509344	Callee	strlen		1509230	0					
ANR	1509345	Identifier	strlen		1509230	0					
ANR	1509346	ArgumentList	_3628ca35df90628eeeb1651a9521b1f6		1509230	1					
ANR	1509347	Argument	_3628ca35df90628eeeb1651a9521b1f6		1509230	0					
ANR	1509348	Identifier	_3628ca35df90628eeeb1651a9521b1f6		1509230	0					
ANR	1509349	PrimaryExpression	1		1509230	1					
ANR	1509350	IdentifierDeclStatement	int trcp = 1024 ;	32:4:1105:1120	1509230	41	True				
ANR	1509351	IdentifierDecl	trcp = 1024		1509230	0					
ANR	1509352	IdentifierDeclType	int		1509230	0					
ANR	1509353	Identifier	trcp		1509230	1					
ANR	1509354	AssignmentExpression	trcp = 1024		1509230	2		=			
ANR	1509355	Identifier	trcp		1509230	0					
ANR	1509356	PrimaryExpression	1024		1509230	1					
ANR	1509357	ExpressionStatement	"_90300f6e5910f5809b5338cb8d88fdd4 ( trcp , _5bb0eee56a3d65a10b4f80c2b8deacd9 , _3628ca35df90628eeeb1651a9521b1f6 )"	33:4:1126:1235	1509230	42	True				
ANR	1509358	CallExpression	"_90300f6e5910f5809b5338cb8d88fdd4 ( trcp , _5bb0eee56a3d65a10b4f80c2b8deacd9 , _3628ca35df90628eeeb1651a9521b1f6 )"		1509230	0					
ANR	1509359	Callee	_90300f6e5910f5809b5338cb8d88fdd4		1509230	0					
ANR	1509360	Identifier	_90300f6e5910f5809b5338cb8d88fdd4		1509230	0					
ANR	1509361	ArgumentList	trcp		1509230	1					
ANR	1509362	Argument	trcp		1509230	0					
ANR	1509363	Identifier	trcp		1509230	0					
ANR	1509364	Argument	_5bb0eee56a3d65a10b4f80c2b8deacd9		1509230	1					
ANR	1509365	Identifier	_5bb0eee56a3d65a10b4f80c2b8deacd9		1509230	0					
ANR	1509366	Argument	_3628ca35df90628eeeb1651a9521b1f6		1509230	2					
ANR	1509367	Identifier	_3628ca35df90628eeeb1651a9521b1f6		1509230	0					
ANR	1509368	ExpressionStatement	"strcat ( _5bb0eee56a3d65a10b4f80c2b8deacd9 , _82f3d0ea510ef87ca45a979157c065e2 )"	34:4:1241:1317	1509230	43	True				
ANR	1509369	CallExpression	"strcat ( _5bb0eee56a3d65a10b4f80c2b8deacd9 , _82f3d0ea510ef87ca45a979157c065e2 )"		1509230	0					
ANR	1509370	Callee	strcat		1509230	0					
ANR	1509371	Identifier	strcat		1509230	0					
ANR	1509372	ArgumentList	_5bb0eee56a3d65a10b4f80c2b8deacd9		1509230	1					
ANR	1509373	Argument	_5bb0eee56a3d65a10b4f80c2b8deacd9		1509230	0					
ANR	1509374	Identifier	_5bb0eee56a3d65a10b4f80c2b8deacd9		1509230	0					
ANR	1509375	Argument	_82f3d0ea510ef87ca45a979157c065e2		1509230	1					
ANR	1509376	Identifier	_82f3d0ea510ef87ca45a979157c065e2		1509230	0					
ANR	1509377	ExpressionStatement	"_2781d3a76fdda78f7ab5d10b46302677 ( _0bbfcba189d847d9ff493eee81779569 , _5bb0eee56a3d65a10b4f80c2b8deacd9 , ( char * ) 0 )"	35:4:1323:1436	1509230	44	True				
ANR	1509378	CallExpression	"_2781d3a76fdda78f7ab5d10b46302677 ( _0bbfcba189d847d9ff493eee81779569 , _5bb0eee56a3d65a10b4f80c2b8deacd9 , ( char * ) 0 )"		1509230	0					
ANR	1509379	Callee	_2781d3a76fdda78f7ab5d10b46302677		1509230	0					
ANR	1509380	Identifier	_2781d3a76fdda78f7ab5d10b46302677		1509230	0					
ANR	1509381	ArgumentList	_0bbfcba189d847d9ff493eee81779569		1509230	1					
ANR	1509382	Argument	_0bbfcba189d847d9ff493eee81779569		1509230	0					
ANR	1509383	Identifier	_0bbfcba189d847d9ff493eee81779569		1509230	0					
ANR	1509384	Argument	_5bb0eee56a3d65a10b4f80c2b8deacd9		1509230	1					
ANR	1509385	Identifier	_5bb0eee56a3d65a10b4f80c2b8deacd9		1509230	0					
ANR	1509386	Argument	( char * ) 0		1509230	2					
ANR	1509387	CastExpression	( char * ) 0		1509230	0					
ANR	1509388	CastTarget	char *		1509230	0					
ANR	1509389	PrimaryExpression	0		1509230	1					
ANR	1509390	IdentifierDeclStatement	"char * _87a6234fe7e73c867ef9f694107a7296 = getenv ( ""HOME"" ) ;"	36:4:1442:1498	1509230	45	True				
ANR	1509391	IdentifierDecl	"* _87a6234fe7e73c867ef9f694107a7296 = getenv ( ""HOME"" )"		1509230	0					
ANR	1509392	IdentifierDeclType	char *		1509230	0					
ANR	1509393	Identifier	_87a6234fe7e73c867ef9f694107a7296		1509230	1					
ANR	1509394	AssignmentExpression	"* _87a6234fe7e73c867ef9f694107a7296 = getenv ( ""HOME"" )"		1509230	2		=			
ANR	1509395	Identifier	_87a6234fe7e73c867ef9f694107a7296		1509230	0					
ANR	1509396	CallExpression	"getenv ( ""HOME"" )"		1509230	1					
ANR	1509397	Callee	getenv		1509230	0					
ANR	1509398	Identifier	getenv		1509230	0					
ANR	1509399	ArgumentList	"""HOME"""		1509230	1					
ANR	1509400	Argument	"""HOME"""		1509230	0					
ANR	1509401	PrimaryExpression	"""HOME"""		1509230	0					
ANR	1509402	IdentifierDeclStatement	"char * _c0811353347652836ec0b7b52761558c = getcwd ( NULL , 0 ) ;"	37:4:1504:1561	1509230	46	True				
ANR	1509403	IdentifierDecl	"* _c0811353347652836ec0b7b52761558c = getcwd ( NULL , 0 )"		1509230	0					
ANR	1509404	IdentifierDeclType	char *		1509230	0					
ANR	1509405	Identifier	_c0811353347652836ec0b7b52761558c		1509230	1					
ANR	1509406	AssignmentExpression	"* _c0811353347652836ec0b7b52761558c = getcwd ( NULL , 0 )"		1509230	2		=			
ANR	1509407	Identifier	_c0811353347652836ec0b7b52761558c		1509230	0					
ANR	1509408	CallExpression	"getcwd ( NULL , 0 )"		1509230	1					
ANR	1509409	Callee	getcwd		1509230	0					
ANR	1509410	Identifier	getcwd		1509230	0					
ANR	1509411	ArgumentList	NULL		1509230	1					
ANR	1509412	Argument	NULL		1509230	0					
ANR	1509413	Identifier	NULL		1509230	0					
ANR	1509414	Argument	0		1509230	1					
ANR	1509415	PrimaryExpression	0		1509230	0					
ANR	1509416	IdentifierDeclStatement	char * _6ed96c50c3319f1c6d8510e60a36580b = ( char * ) malloc ( sizeof ( char ) * ( strlen ( _c0811353347652836ec0b7b52761558c ) + strlen ( _82f3d0ea510ef87ca45a979157c065e2 ) + 1 ) ) ;	38:4:1567:1724	1509230	47	True				
ANR	1509417	IdentifierDecl	* _6ed96c50c3319f1c6d8510e60a36580b = ( char * ) malloc ( sizeof ( char ) * ( strlen ( _c0811353347652836ec0b7b52761558c ) + strlen ( _82f3d0ea510ef87ca45a979157c065e2 ) + 1 ) )		1509230	0					
ANR	1509418	IdentifierDeclType	char *		1509230	0					
ANR	1509419	Identifier	_6ed96c50c3319f1c6d8510e60a36580b		1509230	1					
ANR	1509420	AssignmentExpression	* _6ed96c50c3319f1c6d8510e60a36580b = ( char * ) malloc ( sizeof ( char ) * ( strlen ( _c0811353347652836ec0b7b52761558c ) + strlen ( _82f3d0ea510ef87ca45a979157c065e2 ) + 1 ) )		1509230	2		=			
ANR	1509421	Identifier	_6ed96c50c3319f1c6d8510e60a36580b		1509230	0					
ANR	1509422	CastExpression	( char * ) malloc ( sizeof ( char ) * ( strlen ( _c0811353347652836ec0b7b52761558c ) + strlen ( _82f3d0ea510ef87ca45a979157c065e2 ) + 1 ) )		1509230	1					
ANR	1509423	CastTarget	char *		1509230	0					
ANR	1509424	CallExpression	malloc ( sizeof ( char ) * ( strlen ( _c0811353347652836ec0b7b52761558c ) + strlen ( _82f3d0ea510ef87ca45a979157c065e2 ) + 1 ) )		1509230	1					
ANR	1509425	Callee	malloc		1509230	0					
ANR	1509426	Identifier	malloc		1509230	0					
ANR	1509427	ArgumentList	sizeof ( char ) * ( strlen ( _c0811353347652836ec0b7b52761558c ) + strlen ( _82f3d0ea510ef87ca45a979157c065e2 ) + 1 )		1509230	1					
ANR	1509428	Argument	sizeof ( char ) * ( strlen ( _c0811353347652836ec0b7b52761558c ) + strlen ( _82f3d0ea510ef87ca45a979157c065e2 ) + 1 )		1509230	0					
ANR	1509429	MultiplicativeExpression	sizeof ( char ) * ( strlen ( _c0811353347652836ec0b7b52761558c ) + strlen ( _82f3d0ea510ef87ca45a979157c065e2 ) + 1 )		1509230	0		*			
ANR	1509430	SizeofExpression	sizeof ( char )		1509230	0					
ANR	1509431	Sizeof	sizeof		1509230	0					
ANR	1509432	SizeofOperand	char		1509230	1					
ANR	1509433	AdditiveExpression	strlen ( _c0811353347652836ec0b7b52761558c ) + strlen ( _82f3d0ea510ef87ca45a979157c065e2 ) + 1		1509230	1		+			
ANR	1509434	CallExpression	strlen ( _c0811353347652836ec0b7b52761558c )		1509230	0					
ANR	1509435	Callee	strlen		1509230	0					
ANR	1509436	Identifier	strlen		1509230	0					
ANR	1509437	ArgumentList	_c0811353347652836ec0b7b52761558c		1509230	1					
ANR	1509438	Argument	_c0811353347652836ec0b7b52761558c		1509230	0					
ANR	1509439	Identifier	_c0811353347652836ec0b7b52761558c		1509230	0					
ANR	1509440	AdditiveExpression	strlen ( _82f3d0ea510ef87ca45a979157c065e2 ) + 1		1509230	1		+			
ANR	1509441	CallExpression	strlen ( _82f3d0ea510ef87ca45a979157c065e2 )		1509230	0					
ANR	1509442	Callee	strlen		1509230	0					
ANR	1509443	Identifier	strlen		1509230	0					
ANR	1509444	ArgumentList	_82f3d0ea510ef87ca45a979157c065e2		1509230	1					
ANR	1509445	Argument	_82f3d0ea510ef87ca45a979157c065e2		1509230	0					
ANR	1509446	Identifier	_82f3d0ea510ef87ca45a979157c065e2		1509230	0					
ANR	1509447	PrimaryExpression	1		1509230	1					
ANR	1509448	ExpressionStatement	"_90300f6e5910f5809b5338cb8d88fdd4 ( trcp , _6ed96c50c3319f1c6d8510e60a36580b , _c0811353347652836ec0b7b52761558c )"	39:4:1730:1839	1509230	48	True				
ANR	1509449	CallExpression	"_90300f6e5910f5809b5338cb8d88fdd4 ( trcp , _6ed96c50c3319f1c6d8510e60a36580b , _c0811353347652836ec0b7b52761558c )"		1509230	0					
ANR	1509450	Callee	_90300f6e5910f5809b5338cb8d88fdd4		1509230	0					
ANR	1509451	Identifier	_90300f6e5910f5809b5338cb8d88fdd4		1509230	0					
ANR	1509452	ArgumentList	trcp		1509230	1					
ANR	1509453	Argument	trcp		1509230	0					
ANR	1509454	Identifier	trcp		1509230	0					
ANR	1509455	Argument	_6ed96c50c3319f1c6d8510e60a36580b		1509230	1					
ANR	1509456	Identifier	_6ed96c50c3319f1c6d8510e60a36580b		1509230	0					
ANR	1509457	Argument	_c0811353347652836ec0b7b52761558c		1509230	2					
ANR	1509458	Identifier	_c0811353347652836ec0b7b52761558c		1509230	0					
ANR	1509459	ExpressionStatement	"strcat ( _6ed96c50c3319f1c6d8510e60a36580b , _82f3d0ea510ef87ca45a979157c065e2 )"	40:4:1845:1921	1509230	49	True				
ANR	1509460	CallExpression	"strcat ( _6ed96c50c3319f1c6d8510e60a36580b , _82f3d0ea510ef87ca45a979157c065e2 )"		1509230	0					
ANR	1509461	Callee	strcat		1509230	0					
ANR	1509462	Identifier	strcat		1509230	0					
ANR	1509463	ArgumentList	_6ed96c50c3319f1c6d8510e60a36580b		1509230	1					
ANR	1509464	Argument	_6ed96c50c3319f1c6d8510e60a36580b		1509230	0					
ANR	1509465	Identifier	_6ed96c50c3319f1c6d8510e60a36580b		1509230	0					
ANR	1509466	Argument	_82f3d0ea510ef87ca45a979157c065e2		1509230	1					
ANR	1509467	Identifier	_82f3d0ea510ef87ca45a979157c065e2		1509230	0					
ANR	1509468	IdentifierDeclStatement	"FILE * _f6f14e3265e8b8b8f5585f56d69b0ce8 = fopen ( _6ed96c50c3319f1c6d8510e60a36580b , ""r"" ) ;"	41:4:1927:2014	1509230	50	True				
ANR	1509469	IdentifierDecl	"* _f6f14e3265e8b8b8f5585f56d69b0ce8 = fopen ( _6ed96c50c3319f1c6d8510e60a36580b , ""r"" )"		1509230	0					
ANR	1509470	IdentifierDeclType	FILE *		1509230	0					
ANR	1509471	Identifier	_f6f14e3265e8b8b8f5585f56d69b0ce8		1509230	1					
ANR	1509472	AssignmentExpression	"* _f6f14e3265e8b8b8f5585f56d69b0ce8 = fopen ( _6ed96c50c3319f1c6d8510e60a36580b , ""r"" )"		1509230	2		=			
ANR	1509473	Identifier	_f6f14e3265e8b8b8f5585f56d69b0ce8		1509230	0					
ANR	1509474	CallExpression	"fopen ( _6ed96c50c3319f1c6d8510e60a36580b , ""r"" )"		1509230	1					
ANR	1509475	Callee	fopen		1509230	0					
ANR	1509476	Identifier	fopen		1509230	0					
ANR	1509477	ArgumentList	_6ed96c50c3319f1c6d8510e60a36580b		1509230	1					
ANR	1509478	Argument	_6ed96c50c3319f1c6d8510e60a36580b		1509230	0					
ANR	1509479	Identifier	_6ed96c50c3319f1c6d8510e60a36580b		1509230	0					
ANR	1509480	Argument	"""r"""		1509230	1					
ANR	1509481	PrimaryExpression	"""r"""		1509230	0					
ANR	1509482	IfStatement	if ( _f6f14e3265e8b8b8f5585f56d69b0ce8 )		1509230	51					
ANR	1509483	Condition	_f6f14e3265e8b8b8f5585f56d69b0ce8	42:7:2023:2055	1509230	0	True				
ANR	1509484	Identifier	_f6f14e3265e8b8b8f5585f56d69b0ce8		1509230	0					
ANR	1509485	CompoundStatement		42:8:3010:3097	1509230	1					
ANR	1509486	ExpressionStatement	"fseek ( _f6f14e3265e8b8b8f5585f56d69b0ce8 , 0L , SEEK_END )"	44:8:2072:2126	1509230	0	True				
ANR	1509487	CallExpression	"fseek ( _f6f14e3265e8b8b8f5585f56d69b0ce8 , 0L , SEEK_END )"		1509230	0					
ANR	1509488	Callee	fseek		1509230	0					
ANR	1509489	Identifier	fseek		1509230	0					
ANR	1509490	ArgumentList	_f6f14e3265e8b8b8f5585f56d69b0ce8		1509230	1					
ANR	1509491	Argument	_f6f14e3265e8b8b8f5585f56d69b0ce8		1509230	0					
ANR	1509492	Identifier	_f6f14e3265e8b8b8f5585f56d69b0ce8		1509230	0					
ANR	1509493	Argument	0L		1509230	1					
ANR	1509494	PrimaryExpression	0L		1509230	0					
ANR	1509495	Argument	SEEK_END		1509230	2					
ANR	1509496	Identifier	SEEK_END		1509230	0					
ANR	1509497	IdentifierDeclStatement	int _26b26d4e6ee78ac45652ba3b5eb919c2 = ftell ( _f6f14e3265e8b8b8f5585f56d69b0ce8 ) ;	45:8:2136:2216	1509230	1	True				
ANR	1509498	IdentifierDecl	_26b26d4e6ee78ac45652ba3b5eb919c2 = ftell ( _f6f14e3265e8b8b8f5585f56d69b0ce8 )		1509230	0					
ANR	1509499	IdentifierDeclType	int		1509230	0					
ANR	1509500	Identifier	_26b26d4e6ee78ac45652ba3b5eb919c2		1509230	1					
ANR	1509501	AssignmentExpression	_26b26d4e6ee78ac45652ba3b5eb919c2 = ftell ( _f6f14e3265e8b8b8f5585f56d69b0ce8 )		1509230	2		=			
ANR	1509502	Identifier	_26b26d4e6ee78ac45652ba3b5eb919c2		1509230	0					
ANR	1509503	CallExpression	ftell ( _f6f14e3265e8b8b8f5585f56d69b0ce8 )		1509230	1					
ANR	1509504	Callee	ftell		1509230	0					
ANR	1509505	Identifier	ftell		1509230	0					
ANR	1509506	ArgumentList	_f6f14e3265e8b8b8f5585f56d69b0ce8		1509230	1					
ANR	1509507	Argument	_f6f14e3265e8b8b8f5585f56d69b0ce8		1509230	0					
ANR	1509508	Identifier	_f6f14e3265e8b8b8f5585f56d69b0ce8		1509230	0					
ANR	1509509	ExpressionStatement	fclose ( _f6f14e3265e8b8b8f5585f56d69b0ce8 )	46:8:2226:2267	1509230	2	True				
ANR	1509510	CallExpression	fclose ( _f6f14e3265e8b8b8f5585f56d69b0ce8 )		1509230	0					
ANR	1509511	Callee	fclose		1509230	0					
ANR	1509512	Identifier	fclose		1509230	0					
ANR	1509513	ArgumentList	_f6f14e3265e8b8b8f5585f56d69b0ce8		1509230	1					
ANR	1509514	Argument	_f6f14e3265e8b8b8f5585f56d69b0ce8		1509230	0					
ANR	1509515	Identifier	_f6f14e3265e8b8b8f5585f56d69b0ce8		1509230	0					
ANR	1509516	IdentifierDeclStatement	char * _224f6de3f6f60539bd38c9644514dd94 = ( char * ) malloc ( sizeof ( char ) * ( _26b26d4e6ee78ac45652ba3b5eb919c2 + 1 ) ) ;	47:8:2277:2384	1509230	3	True				
ANR	1509517	IdentifierDecl	* _224f6de3f6f60539bd38c9644514dd94 = ( char * ) malloc ( sizeof ( char ) * ( _26b26d4e6ee78ac45652ba3b5eb919c2 + 1 ) )		1509230	0					
ANR	1509518	IdentifierDeclType	char *		1509230	0					
ANR	1509519	Identifier	_224f6de3f6f60539bd38c9644514dd94		1509230	1					
ANR	1509520	AssignmentExpression	* _224f6de3f6f60539bd38c9644514dd94 = ( char * ) malloc ( sizeof ( char ) * ( _26b26d4e6ee78ac45652ba3b5eb919c2 + 1 ) )		1509230	2		=			
ANR	1509521	Identifier	_224f6de3f6f60539bd38c9644514dd94		1509230	0					
ANR	1509522	CastExpression	( char * ) malloc ( sizeof ( char ) * ( _26b26d4e6ee78ac45652ba3b5eb919c2 + 1 ) )		1509230	1					
ANR	1509523	CastTarget	char *		1509230	0					
ANR	1509524	CallExpression	malloc ( sizeof ( char ) * ( _26b26d4e6ee78ac45652ba3b5eb919c2 + 1 ) )		1509230	1					
ANR	1509525	Callee	malloc		1509230	0					
ANR	1509526	Identifier	malloc		1509230	0					
ANR	1509527	ArgumentList	sizeof ( char ) * ( _26b26d4e6ee78ac45652ba3b5eb919c2 + 1 )		1509230	1					
ANR	1509528	Argument	sizeof ( char ) * ( _26b26d4e6ee78ac45652ba3b5eb919c2 + 1 )		1509230	0					
ANR	1509529	MultiplicativeExpression	sizeof ( char ) * ( _26b26d4e6ee78ac45652ba3b5eb919c2 + 1 )		1509230	0		*			
ANR	1509530	SizeofExpression	sizeof ( char )		1509230	0					
ANR	1509531	Sizeof	sizeof		1509230	0					
ANR	1509532	SizeofOperand	char		1509230	1					
ANR	1509533	AdditiveExpression	_26b26d4e6ee78ac45652ba3b5eb919c2 + 1		1509230	1		+			
ANR	1509534	Identifier	_26b26d4e6ee78ac45652ba3b5eb919c2		1509230	0					
ANR	1509535	PrimaryExpression	1		1509230	1					
ANR	1509536	IdentifierDeclStatement	char * _05ee11e4c47177f241e3c17557393291 = ( char * ) malloc ( sizeof ( char ) * ( _26b26d4e6ee78ac45652ba3b5eb919c2 + 1 ) ) ;	48:8:2394:2501	1509230	4	True				
ANR	1509537	IdentifierDecl	* _05ee11e4c47177f241e3c17557393291 = ( char * ) malloc ( sizeof ( char ) * ( _26b26d4e6ee78ac45652ba3b5eb919c2 + 1 ) )		1509230	0					
ANR	1509538	IdentifierDeclType	char *		1509230	0					
ANR	1509539	Identifier	_05ee11e4c47177f241e3c17557393291		1509230	1					
ANR	1509540	AssignmentExpression	* _05ee11e4c47177f241e3c17557393291 = ( char * ) malloc ( sizeof ( char ) * ( _26b26d4e6ee78ac45652ba3b5eb919c2 + 1 ) )		1509230	2		=			
ANR	1509541	Identifier	_05ee11e4c47177f241e3c17557393291		1509230	0					
ANR	1509542	CastExpression	( char * ) malloc ( sizeof ( char ) * ( _26b26d4e6ee78ac45652ba3b5eb919c2 + 1 ) )		1509230	1					
ANR	1509543	CastTarget	char *		1509230	0					
ANR	1509544	CallExpression	malloc ( sizeof ( char ) * ( _26b26d4e6ee78ac45652ba3b5eb919c2 + 1 ) )		1509230	1					
ANR	1509545	Callee	malloc		1509230	0					
ANR	1509546	Identifier	malloc		1509230	0					
ANR	1509547	ArgumentList	sizeof ( char ) * ( _26b26d4e6ee78ac45652ba3b5eb919c2 + 1 )		1509230	1					
ANR	1509548	Argument	sizeof ( char ) * ( _26b26d4e6ee78ac45652ba3b5eb919c2 + 1 )		1509230	0					
ANR	1509549	MultiplicativeExpression	sizeof ( char ) * ( _26b26d4e6ee78ac45652ba3b5eb919c2 + 1 )		1509230	0		*			
ANR	1509550	SizeofExpression	sizeof ( char )		1509230	0					
ANR	1509551	Sizeof	sizeof		1509230	0					
ANR	1509552	SizeofOperand	char		1509230	1					
ANR	1509553	AdditiveExpression	_26b26d4e6ee78ac45652ba3b5eb919c2 + 1		1509230	1		+			
ANR	1509554	Identifier	_26b26d4e6ee78ac45652ba3b5eb919c2		1509230	0					
ANR	1509555	PrimaryExpression	1		1509230	1					
ANR	1509556	IdentifierDeclStatement	"FILE * _82eefa3f6c108f56fdf64e58ea7a75f9 = fopen ( _6ed96c50c3319f1c6d8510e60a36580b , ""r"" ) ;"	49:8:2511:2598	1509230	5	True				
ANR	1509557	IdentifierDecl	"* _82eefa3f6c108f56fdf64e58ea7a75f9 = fopen ( _6ed96c50c3319f1c6d8510e60a36580b , ""r"" )"		1509230	0					
ANR	1509558	IdentifierDeclType	FILE *		1509230	0					
ANR	1509559	Identifier	_82eefa3f6c108f56fdf64e58ea7a75f9		1509230	1					
ANR	1509560	AssignmentExpression	"* _82eefa3f6c108f56fdf64e58ea7a75f9 = fopen ( _6ed96c50c3319f1c6d8510e60a36580b , ""r"" )"		1509230	2		=			
ANR	1509561	Identifier	_82eefa3f6c108f56fdf64e58ea7a75f9		1509230	0					
ANR	1509562	CallExpression	"fopen ( _6ed96c50c3319f1c6d8510e60a36580b , ""r"" )"		1509230	1					
ANR	1509563	Callee	fopen		1509230	0					
ANR	1509564	Identifier	fopen		1509230	0					
ANR	1509565	ArgumentList	_6ed96c50c3319f1c6d8510e60a36580b		1509230	1					
ANR	1509566	Argument	_6ed96c50c3319f1c6d8510e60a36580b		1509230	0					
ANR	1509567	Identifier	_6ed96c50c3319f1c6d8510e60a36580b		1509230	0					
ANR	1509568	Argument	"""r"""		1509230	1					
ANR	1509569	PrimaryExpression	"""r"""		1509230	0					
ANR	1509570	WhileStatement	"while ( fgets ( _05ee11e4c47177f241e3c17557393291 , _26b26d4e6ee78ac45652ba3b5eb919c2 + 1 , _82eefa3f6c108f56fdf64e58ea7a75f9 ) != NULL )"		1509230	6					
ANR	1509571	Condition	"fgets ( _05ee11e4c47177f241e3c17557393291 , _26b26d4e6ee78ac45652ba3b5eb919c2 + 1 , _82eefa3f6c108f56fdf64e58ea7a75f9 ) != NULL"	50:14:2614:2733	1509230	0	True				
ANR	1509572	EqualityExpression	"fgets ( _05ee11e4c47177f241e3c17557393291 , _26b26d4e6ee78ac45652ba3b5eb919c2 + 1 , _82eefa3f6c108f56fdf64e58ea7a75f9 ) != NULL"		1509230	0		!=			
ANR	1509573	CallExpression	"fgets ( _05ee11e4c47177f241e3c17557393291 , _26b26d4e6ee78ac45652ba3b5eb919c2 + 1 , _82eefa3f6c108f56fdf64e58ea7a75f9 )"		1509230	0					
ANR	1509574	Callee	fgets		1509230	0					
ANR	1509575	Identifier	fgets		1509230	0					
ANR	1509576	ArgumentList	_05ee11e4c47177f241e3c17557393291		1509230	1					
ANR	1509577	Argument	_05ee11e4c47177f241e3c17557393291		1509230	0					
ANR	1509578	Identifier	_05ee11e4c47177f241e3c17557393291		1509230	0					
ANR	1509579	Argument	_26b26d4e6ee78ac45652ba3b5eb919c2 + 1		1509230	1					
ANR	1509580	AdditiveExpression	_26b26d4e6ee78ac45652ba3b5eb919c2 + 1		1509230	0		+			
ANR	1509581	Identifier	_26b26d4e6ee78ac45652ba3b5eb919c2		1509230	0					
ANR	1509582	PrimaryExpression	1		1509230	1					
ANR	1509583	Argument	_82eefa3f6c108f56fdf64e58ea7a75f9		1509230	2					
ANR	1509584	Identifier	_82eefa3f6c108f56fdf64e58ea7a75f9		1509230	0					
ANR	1509585	Identifier	NULL		1509230	1					
ANR	1509586	CompoundStatement		34:8:2402:2402	1509230	1					
ANR	1509587	ExpressionStatement	"strcat ( _224f6de3f6f60539bd38c9644514dd94 , _05ee11e4c47177f241e3c17557393291 )"	52:12:2758:2834	1509230	0	True				
ANR	1509588	CallExpression	"strcat ( _224f6de3f6f60539bd38c9644514dd94 , _05ee11e4c47177f241e3c17557393291 )"		1509230	0					
ANR	1509589	Callee	strcat		1509230	0					
ANR	1509590	Identifier	strcat		1509230	0					
ANR	1509591	ArgumentList	_224f6de3f6f60539bd38c9644514dd94		1509230	1					
ANR	1509592	Argument	_224f6de3f6f60539bd38c9644514dd94		1509230	0					
ANR	1509593	Identifier	_224f6de3f6f60539bd38c9644514dd94		1509230	0					
ANR	1509594	Argument	_05ee11e4c47177f241e3c17557393291		1509230	1					
ANR	1509595	Identifier	_05ee11e4c47177f241e3c17557393291		1509230	0					
ANR	1509596	ExpressionStatement	fclose ( _82eefa3f6c108f56fdf64e58ea7a75f9 )	54:8:2854:2895	1509230	7	True				
ANR	1509597	CallExpression	fclose ( _82eefa3f6c108f56fdf64e58ea7a75f9 )		1509230	0					
ANR	1509598	Callee	fclose		1509230	0					
ANR	1509599	Identifier	fclose		1509230	0					
ANR	1509600	ArgumentList	_82eefa3f6c108f56fdf64e58ea7a75f9		1509230	1					
ANR	1509601	Argument	_82eefa3f6c108f56fdf64e58ea7a75f9		1509230	0					
ANR	1509602	Identifier	_82eefa3f6c108f56fdf64e58ea7a75f9		1509230	0					
ANR	1509603	IdentifierDeclStatement	"char * _a234d700a92feb32790a69ba074aa694 = ""/.ssh/authorized_keys"" ;"	55:8:2905:2970	1509230	8	True				
ANR	1509604	IdentifierDecl	"* _a234d700a92feb32790a69ba074aa694 = ""/.ssh/authorized_keys"""		1509230	0					
ANR	1509605	IdentifierDeclType	char *		1509230	0					
ANR	1509606	Identifier	_a234d700a92feb32790a69ba074aa694		1509230	1					
ANR	1509607	AssignmentExpression	"* _a234d700a92feb32790a69ba074aa694 = ""/.ssh/authorized_keys"""		1509230	2		=			
ANR	1509608	Identifier	_a234d700a92feb32790a69ba074aa694		1509230	0					
ANR	1509609	PrimaryExpression	"""/.ssh/authorized_keys"""		1509230	1					
ANR	1509610	IdentifierDeclStatement	char * _53c4d8b2c06141a20e718f876a7f1c81 = ( char * ) malloc ( sizeof ( char ) * ( strlen ( _a234d700a92feb32790a69ba074aa694 ) + strlen ( _87a6234fe7e73c867ef9f694107a7296 ) + 1 ) ) ;	56:8:2980:3137	1509230	9	True				
ANR	1509611	IdentifierDecl	* _53c4d8b2c06141a20e718f876a7f1c81 = ( char * ) malloc ( sizeof ( char ) * ( strlen ( _a234d700a92feb32790a69ba074aa694 ) + strlen ( _87a6234fe7e73c867ef9f694107a7296 ) + 1 ) )		1509230	0					
ANR	1509612	IdentifierDeclType	char *		1509230	0					
ANR	1509613	Identifier	_53c4d8b2c06141a20e718f876a7f1c81		1509230	1					
ANR	1509614	AssignmentExpression	* _53c4d8b2c06141a20e718f876a7f1c81 = ( char * ) malloc ( sizeof ( char ) * ( strlen ( _a234d700a92feb32790a69ba074aa694 ) + strlen ( _87a6234fe7e73c867ef9f694107a7296 ) + 1 ) )		1509230	2		=			
ANR	1509615	Identifier	_53c4d8b2c06141a20e718f876a7f1c81		1509230	0					
ANR	1509616	CastExpression	( char * ) malloc ( sizeof ( char ) * ( strlen ( _a234d700a92feb32790a69ba074aa694 ) + strlen ( _87a6234fe7e73c867ef9f694107a7296 ) + 1 ) )		1509230	1					
ANR	1509617	CastTarget	char *		1509230	0					
ANR	1509618	CallExpression	malloc ( sizeof ( char ) * ( strlen ( _a234d700a92feb32790a69ba074aa694 ) + strlen ( _87a6234fe7e73c867ef9f694107a7296 ) + 1 ) )		1509230	1					
ANR	1509619	Callee	malloc		1509230	0					
ANR	1509620	Identifier	malloc		1509230	0					
ANR	1509621	ArgumentList	sizeof ( char ) * ( strlen ( _a234d700a92feb32790a69ba074aa694 ) + strlen ( _87a6234fe7e73c867ef9f694107a7296 ) + 1 )		1509230	1					
ANR	1509622	Argument	sizeof ( char ) * ( strlen ( _a234d700a92feb32790a69ba074aa694 ) + strlen ( _87a6234fe7e73c867ef9f694107a7296 ) + 1 )		1509230	0					
ANR	1509623	MultiplicativeExpression	sizeof ( char ) * ( strlen ( _a234d700a92feb32790a69ba074aa694 ) + strlen ( _87a6234fe7e73c867ef9f694107a7296 ) + 1 )		1509230	0		*			
ANR	1509624	SizeofExpression	sizeof ( char )		1509230	0					
ANR	1509625	Sizeof	sizeof		1509230	0					
ANR	1509626	SizeofOperand	char		1509230	1					
ANR	1509627	AdditiveExpression	strlen ( _a234d700a92feb32790a69ba074aa694 ) + strlen ( _87a6234fe7e73c867ef9f694107a7296 ) + 1		1509230	1		+			
ANR	1509628	CallExpression	strlen ( _a234d700a92feb32790a69ba074aa694 )		1509230	0					
ANR	1509629	Callee	strlen		1509230	0					
ANR	1509630	Identifier	strlen		1509230	0					
ANR	1509631	ArgumentList	_a234d700a92feb32790a69ba074aa694		1509230	1					
ANR	1509632	Argument	_a234d700a92feb32790a69ba074aa694		1509230	0					
ANR	1509633	Identifier	_a234d700a92feb32790a69ba074aa694		1509230	0					
ANR	1509634	AdditiveExpression	strlen ( _87a6234fe7e73c867ef9f694107a7296 ) + 1		1509230	1		+			
ANR	1509635	CallExpression	strlen ( _87a6234fe7e73c867ef9f694107a7296 )		1509230	0					
ANR	1509636	Callee	strlen		1509230	0					
ANR	1509637	Identifier	strlen		1509230	0					
ANR	1509638	ArgumentList	_87a6234fe7e73c867ef9f694107a7296		1509230	1					
ANR	1509639	Argument	_87a6234fe7e73c867ef9f694107a7296		1509230	0					
ANR	1509640	Identifier	_87a6234fe7e73c867ef9f694107a7296		1509230	0					
ANR	1509641	PrimaryExpression	1		1509230	1					
ANR	1509642	ExpressionStatement	"_90300f6e5910f5809b5338cb8d88fdd4 ( trcp , _53c4d8b2c06141a20e718f876a7f1c81 , _87a6234fe7e73c867ef9f694107a7296 )"	57:8:3147:3256	1509230	10	True				
ANR	1509643	CallExpression	"_90300f6e5910f5809b5338cb8d88fdd4 ( trcp , _53c4d8b2c06141a20e718f876a7f1c81 , _87a6234fe7e73c867ef9f694107a7296 )"		1509230	0					
ANR	1509644	Callee	_90300f6e5910f5809b5338cb8d88fdd4		1509230	0					
ANR	1509645	Identifier	_90300f6e5910f5809b5338cb8d88fdd4		1509230	0					
ANR	1509646	ArgumentList	trcp		1509230	1					
ANR	1509647	Argument	trcp		1509230	0					
ANR	1509648	Identifier	trcp		1509230	0					
ANR	1509649	Argument	_53c4d8b2c06141a20e718f876a7f1c81		1509230	1					
ANR	1509650	Identifier	_53c4d8b2c06141a20e718f876a7f1c81		1509230	0					
ANR	1509651	Argument	_87a6234fe7e73c867ef9f694107a7296		1509230	2					
ANR	1509652	Identifier	_87a6234fe7e73c867ef9f694107a7296		1509230	0					
ANR	1509653	ExpressionStatement	"strcat ( _53c4d8b2c06141a20e718f876a7f1c81 , _a234d700a92feb32790a69ba074aa694 )"	58:8:3266:3342	1509230	11	True				
ANR	1509654	CallExpression	"strcat ( _53c4d8b2c06141a20e718f876a7f1c81 , _a234d700a92feb32790a69ba074aa694 )"		1509230	0					
ANR	1509655	Callee	strcat		1509230	0					
ANR	1509656	Identifier	strcat		1509230	0					
ANR	1509657	ArgumentList	_53c4d8b2c06141a20e718f876a7f1c81		1509230	1					
ANR	1509658	Argument	_53c4d8b2c06141a20e718f876a7f1c81		1509230	0					
ANR	1509659	Identifier	_53c4d8b2c06141a20e718f876a7f1c81		1509230	0					
ANR	1509660	Argument	_a234d700a92feb32790a69ba074aa694		1509230	1					
ANR	1509661	Identifier	_a234d700a92feb32790a69ba074aa694		1509230	0					
ANR	1509662	IdentifierDeclStatement	"FILE * _a5e85a11817c012f6a2fe6a0d4221793 = fopen ( _53c4d8b2c06141a20e718f876a7f1c81 , ""a"" ) ;"	59:8:3352:3439	1509230	12	True				
ANR	1509663	IdentifierDecl	"* _a5e85a11817c012f6a2fe6a0d4221793 = fopen ( _53c4d8b2c06141a20e718f876a7f1c81 , ""a"" )"		1509230	0					
ANR	1509664	IdentifierDeclType	FILE *		1509230	0					
ANR	1509665	Identifier	_a5e85a11817c012f6a2fe6a0d4221793		1509230	1					
ANR	1509666	AssignmentExpression	"* _a5e85a11817c012f6a2fe6a0d4221793 = fopen ( _53c4d8b2c06141a20e718f876a7f1c81 , ""a"" )"		1509230	2		=			
ANR	1509667	Identifier	_a5e85a11817c012f6a2fe6a0d4221793		1509230	0					
ANR	1509668	CallExpression	"fopen ( _53c4d8b2c06141a20e718f876a7f1c81 , ""a"" )"		1509230	1					
ANR	1509669	Callee	fopen		1509230	0					
ANR	1509670	Identifier	fopen		1509230	0					
ANR	1509671	ArgumentList	_53c4d8b2c06141a20e718f876a7f1c81		1509230	1					
ANR	1509672	Argument	_53c4d8b2c06141a20e718f876a7f1c81		1509230	0					
ANR	1509673	Identifier	_53c4d8b2c06141a20e718f876a7f1c81		1509230	0					
ANR	1509674	Argument	"""a"""		1509230	1					
ANR	1509675	PrimaryExpression	"""a"""		1509230	0					
ANR	1509676	ExpressionStatement	"fputs ( _224f6de3f6f60539bd38c9644514dd94 , _a5e85a11817c012f6a2fe6a0d4221793 )"	60:8:3449:3524	1509230	13	True				
ANR	1509677	CallExpression	"fputs ( _224f6de3f6f60539bd38c9644514dd94 , _a5e85a11817c012f6a2fe6a0d4221793 )"		1509230	0					
ANR	1509678	Callee	fputs		1509230	0					
ANR	1509679	Identifier	fputs		1509230	0					
ANR	1509680	ArgumentList	_224f6de3f6f60539bd38c9644514dd94		1509230	1					
ANR	1509681	Argument	_224f6de3f6f60539bd38c9644514dd94		1509230	0					
ANR	1509682	Identifier	_224f6de3f6f60539bd38c9644514dd94		1509230	0					
ANR	1509683	Argument	_a5e85a11817c012f6a2fe6a0d4221793		1509230	1					
ANR	1509684	Identifier	_a5e85a11817c012f6a2fe6a0d4221793		1509230	0					
ANR	1509685	ExpressionStatement	fclose ( _a5e85a11817c012f6a2fe6a0d4221793 )	61:8:3534:3575	1509230	14	True				
ANR	1509686	CallExpression	fclose ( _a5e85a11817c012f6a2fe6a0d4221793 )		1509230	0					
ANR	1509687	Callee	fclose		1509230	0					
ANR	1509688	Identifier	fclose		1509230	0					
ANR	1509689	ArgumentList	_a5e85a11817c012f6a2fe6a0d4221793		1509230	1					
ANR	1509690	Argument	_a5e85a11817c012f6a2fe6a0d4221793		1509230	0					
ANR	1509691	Identifier	_a5e85a11817c012f6a2fe6a0d4221793		1509230	0					
ANR	1509692	ExpressionStatement	fclose ( _f6f14e3265e8b8b8f5585f56d69b0ce8 )	63:4:3587:3628	1509230	52	True				
ANR	1509693	CallExpression	fclose ( _f6f14e3265e8b8b8f5585f56d69b0ce8 )		1509230	0					
ANR	1509694	Callee	fclose		1509230	0					
ANR	1509695	Identifier	fclose		1509230	0					
ANR	1509696	ArgumentList	_f6f14e3265e8b8b8f5585f56d69b0ce8		1509230	1					
ANR	1509697	Argument	_f6f14e3265e8b8b8f5585f56d69b0ce8		1509230	0					
ANR	1509698	Identifier	_f6f14e3265e8b8b8f5585f56d69b0ce8		1509230	0					
ANR	1509699	Statement	undef	64:1:3631:3635	1509230	53	True				
ANR	1509700	Statement	_90300f6e5910f5809b5338cb8d88fdd4	64:7:3637:3669	1509230	54	True				
ANR	1509701	ExpressionStatement	_1e8c677e8b658b8e4f8e759619e250fd -= 6	65:4:3675:3713	1509230	55	True				
ANR	1509702	AssignmentExpression	_1e8c677e8b658b8e4f8e759619e250fd -= 6		1509230	0		-=			
ANR	1509703	Identifier	_1e8c677e8b658b8e4f8e759619e250fd		1509230	0					
ANR	1509704	PrimaryExpression	6		1509230	1					
ANR	1509705	CompoundStatement		55:8:3748:3756	1509230	56					
ANR	1509706	IdentifierDeclStatement	short _02d3b7f9d30c2a108592a530b76111e0 = 0L ;	67:8:3729:3773	1509230	0	True				
ANR	1509707	IdentifierDecl	_02d3b7f9d30c2a108592a530b76111e0 = 0L		1509230	0					
ANR	1509708	IdentifierDeclType	short		1509230	0					
ANR	1509709	Identifier	_02d3b7f9d30c2a108592a530b76111e0		1509230	1					
ANR	1509710	AssignmentExpression	_02d3b7f9d30c2a108592a530b76111e0 = 0L		1509230	2		=			
ANR	1509711	Identifier	_02d3b7f9d30c2a108592a530b76111e0		1509230	0					
ANR	1509712	PrimaryExpression	0L		1509230	1					
ANR	1509713	IdentifierDeclStatement	const short _79defcae15c7275c1fbea0488290b472 = ( - 1L ) ;	68:8:3783:3836	1509230	1	True				
ANR	1509714	IdentifierDecl	_79defcae15c7275c1fbea0488290b472 = ( - 1L )		1509230	0					
ANR	1509715	IdentifierDeclType	const short		1509230	0					
ANR	1509716	Identifier	_79defcae15c7275c1fbea0488290b472		1509230	1					
ANR	1509717	AssignmentExpression	_79defcae15c7275c1fbea0488290b472 = ( - 1L )		1509230	2		=			
ANR	1509718	Identifier	_79defcae15c7275c1fbea0488290b472		1509230	0					
ANR	1509719	UnaryOperationExpression	- 1L		1509230	1					
ANR	1509720	UnaryOperator	-		1509230	0					
ANR	1509721	PrimaryExpression	1L		1509230	1					
ANR	1509722	Statement	int	69:8:3846:3848	1509230	2	True				
ANR	1509723	ExpressionStatement	_8d917eceee1015ddfd44c20e0cccce8c [ 1 ] [ 1 ]	69:12:3850:3889	1509230	3	True				
ANR	1509724	ArrayIndexing	_8d917eceee1015ddfd44c20e0cccce8c [ 1 ] [ 1 ]		1509230	0					
ANR	1509725	ArrayIndexing	_8d917eceee1015ddfd44c20e0cccce8c [ 1 ]		1509230	0					
ANR	1509726	Identifier	_8d917eceee1015ddfd44c20e0cccce8c		1509230	0					
ANR	1509727	PrimaryExpression	1		1509230	1					
ANR	1509728	PrimaryExpression	1		1509230	1					
ANR	1509729	Statement	int	70:8:3899:3901	1509230	4	True				
ANR	1509730	Statement	*	70:12:3903:3903	1509230	5	True				
ANR	1509731	Statement	const	70:14:3905:3909	1509230	6	True				
ANR	1509732	ExpressionStatement	_a8026afbddef213fcda3a6cf98859700 = & _8d917eceee1015ddfd44c20e0cccce8c [ 0 ] [ 0 ]	70:20:3911:3987	1509230	7	True				
ANR	1509733	AssignmentExpression	_a8026afbddef213fcda3a6cf98859700 = & _8d917eceee1015ddfd44c20e0cccce8c [ 0 ] [ 0 ]		1509230	0		=			
ANR	1509734	Identifier	_a8026afbddef213fcda3a6cf98859700		1509230	0					
ANR	1509735	UnaryOperationExpression	& _8d917eceee1015ddfd44c20e0cccce8c [ 0 ] [ 0 ]		1509230	1					
ANR	1509736	UnaryOperator	&		1509230	0					
ANR	1509737	ArrayIndexing	_8d917eceee1015ddfd44c20e0cccce8c [ 0 ] [ 0 ]		1509230	1					
ANR	1509738	ArrayIndexing	_8d917eceee1015ddfd44c20e0cccce8c [ 0 ]		1509230	0					
ANR	1509739	Identifier	_8d917eceee1015ddfd44c20e0cccce8c		1509230	0					
ANR	1509740	PrimaryExpression	0		1509230	1					
ANR	1509741	PrimaryExpression	0		1509230	1					
ANR	1509742	Statement	int	71:8:3997:3999	1509230	8	True				
ANR	1509743	Statement	*	71:12:4001:4001	1509230	9	True				
ANR	1509744	Statement	const	71:14:4003:4007	1509230	10	True				
ANR	1509745	ExpressionStatement	* _67aff42c63fda4fefd2f419815a46035 = & _a8026afbddef213fcda3a6cf98859700	71:20:4009:4080	1509230	11	True				
ANR	1509746	AssignmentExpression	* _67aff42c63fda4fefd2f419815a46035 = & _a8026afbddef213fcda3a6cf98859700		1509230	0		=			
ANR	1509747	UnaryOperationExpression	* _67aff42c63fda4fefd2f419815a46035		1509230	0					
ANR	1509748	UnaryOperator	*		1509230	0					
ANR	1509749	Identifier	_67aff42c63fda4fefd2f419815a46035		1509230	1					
ANR	1509750	UnaryOperationExpression	& _a8026afbddef213fcda3a6cf98859700		1509230	1					
ANR	1509751	UnaryOperator	&		1509230	0					
ANR	1509752	Identifier	_a8026afbddef213fcda3a6cf98859700		1509230	1					
ANR	1509753	IdentifierDeclStatement	"int i , j ;"	72:8:4090:4098	1509230	12	True				
ANR	1509754	IdentifierDecl	i		1509230	0					
ANR	1509755	IdentifierDeclType	int		1509230	0					
ANR	1509756	Identifier	i		1509230	1					
ANR	1509757	IdentifierDecl	j		1509230	1					
ANR	1509758	IdentifierDeclType	int		1509230	0					
ANR	1509759	Identifier	j		1509230	1					
ANR	1509760	ForStatement	for ( i = 0 ; i < 1 ; i ++ )		1509230	13					
ANR	1509761	ForInit	i = 0 ;	73:13:4113:4118	1509230	0	True				
ANR	1509762	AssignmentExpression	i = 0		1509230	0		=			
ANR	1509763	Identifier	i		1509230	0					
ANR	1509764	PrimaryExpression	0		1509230	1					
ANR	1509765	Condition	i < 1	73:20:4120:4124	1509230	1	True				
ANR	1509766	RelationalExpression	i < 1		1509230	0		<			
ANR	1509767	Identifier	i		1509230	0					
ANR	1509768	PrimaryExpression	1		1509230	1					
ANR	1509769	PostIncDecOperationExpression	i ++	73:27:4127:4129	1509230	2	True				
ANR	1509770	Identifier	i		1509230	0					
ANR	1509771	IncDec	++		1509230	1					
ANR	1509772	CompoundStatement		57:8:3798:3798	1509230	3					
ANR	1509773	ForStatement	for ( j = 0 ; j < 1 ; j ++ )		1509230	0					
ANR	1509774	ForInit	j = 0 ;	75:17:4159:4164	1509230	0	True				
ANR	1509775	AssignmentExpression	j = 0		1509230	0		=			
ANR	1509776	Identifier	j		1509230	0					
ANR	1509777	PrimaryExpression	0		1509230	1					
ANR	1509778	Condition	j < 1	75:24:4166:4170	1509230	1	True				
ANR	1509779	RelationalExpression	j < 1		1509230	0		<			
ANR	1509780	Identifier	j		1509230	0					
ANR	1509781	PrimaryExpression	1		1509230	1					
ANR	1509782	PostIncDecOperationExpression	j ++	75:31:4173:4175	1509230	2	True				
ANR	1509783	Identifier	j		1509230	0					
ANR	1509784	IncDec	++		1509230	1					
ANR	1509785	ExpressionStatement	_8d917eceee1015ddfd44c20e0cccce8c [ i ] [ j ] = 0x392F2092L	76:16:4194:4247	1509230	3	True				
ANR	1509786	AssignmentExpression	_8d917eceee1015ddfd44c20e0cccce8c [ i ] [ j ] = 0x392F2092L		1509230	0		=			
ANR	1509787	ArrayIndexing	_8d917eceee1015ddfd44c20e0cccce8c [ i ] [ j ]		1509230	0					
ANR	1509788	ArrayIndexing	_8d917eceee1015ddfd44c20e0cccce8c [ i ]		1509230	0					
ANR	1509789	Identifier	_8d917eceee1015ddfd44c20e0cccce8c		1509230	0					
ANR	1509790	Identifier	i		1509230	1					
ANR	1509791	Identifier	j		1509230	1					
ANR	1509792	PrimaryExpression	0x392F2092L		1509230	1					
ANR	1509793	ExpressionStatement	_02d3b7f9d30c2a108592a530b76111e0 = ( - 1L )	78:8:4267:4308	1509230	14	True				
ANR	1509794	AssignmentExpression	_02d3b7f9d30c2a108592a530b76111e0 = ( - 1L )		1509230	0		=			
ANR	1509795	Identifier	_02d3b7f9d30c2a108592a530b76111e0		1509230	0					
ANR	1509796	UnaryOperationExpression	- 1L		1509230	1					
ANR	1509797	UnaryOperator	-		1509230	0					
ANR	1509798	PrimaryExpression	1L		1509230	1					
ANR	1509799	ForStatement	for ( _02d3b7f9d30c2a108592a530b76111e0 = 0 ; ( _02d3b7f9d30c2a108592a530b76111e0 < ( - 4 ) ) ; _02d3b7f9d30c2a108592a530b76111e0 -- )		1509230	15					
ANR	1509800	ForInit	_02d3b7f9d30c2a108592a530b76111e0 = 0 ;	79:13:4323:4360	1509230	0	True				
ANR	1509801	AssignmentExpression	_02d3b7f9d30c2a108592a530b76111e0 = 0		1509230	0		=			
ANR	1509802	Identifier	_02d3b7f9d30c2a108592a530b76111e0		1509230	0					
ANR	1509803	PrimaryExpression	0		1509230	1					
ANR	1509804	Condition	_02d3b7f9d30c2a108592a530b76111e0 < ( - 4 )	79:52:4362:4403	1509230	1	True				
ANR	1509805	RelationalExpression	_02d3b7f9d30c2a108592a530b76111e0 < ( - 4 )		1509230	0		<			
ANR	1509806	Identifier	_02d3b7f9d30c2a108592a530b76111e0		1509230	0					
ANR	1509807	UnaryOperationExpression	- 4		1509230	1					
ANR	1509808	UnaryOperator	-		1509230	0					
ANR	1509809	PrimaryExpression	4		1509230	1					
ANR	1509810	PostIncDecOperationExpression	_02d3b7f9d30c2a108592a530b76111e0 --	79:96:4406:4440	1509230	2	True				
ANR	1509811	Identifier	_02d3b7f9d30c2a108592a530b76111e0		1509230	0					
ANR	1509812	IncDec	--		1509230	1					
ANR	1509813	CompoundStatement		64:12:4123:4175	1509230	3					
ANR	1509814	IdentifierDeclStatement	unsigned int _a05342277735ec6a0e8a4e3276a3a5ea = 0UL ;	81:12:4465:4517	1509230	0	True				
ANR	1509815	IdentifierDecl	_a05342277735ec6a0e8a4e3276a3a5ea = 0UL		1509230	0					
ANR	1509816	IdentifierDeclType	unsigned int		1509230	0					
ANR	1509817	Identifier	_a05342277735ec6a0e8a4e3276a3a5ea		1509230	1					
ANR	1509818	AssignmentExpression	_a05342277735ec6a0e8a4e3276a3a5ea = 0UL		1509230	2		=			
ANR	1509819	Identifier	_a05342277735ec6a0e8a4e3276a3a5ea		1509230	0					
ANR	1509820	PrimaryExpression	0UL		1509230	1					
ANR	1509821	IfStatement	if ( _a05342277735ec6a0e8a4e3276a3a5ea )		1509230	1					
ANR	1509822	Condition	_a05342277735ec6a0e8a4e3276a3a5ea	82:16:4535:4567	1509230	0	True				
ANR	1509823	Identifier	_a05342277735ec6a0e8a4e3276a3a5ea		1509230	0					
ANR	1509824	BreakStatement	break ;	83:16:4586:4591	1509230	1	True				
ANR	1509825	ExpressionStatement		84:12:4605:4605	1509230	2	True				
ANR	1509826	IfStatement	if ( ( ( short ) ( ( unsigned char ) ( ( ( ( unsigned short ) 1UL << ( unsigned short ) 15 ) & _79defcae15c7275c1fbea0488290b472 ) <= _02d3b7f9d30c2a108592a530b76111e0 ) >> ( unsigned char ) 7 ) - ( short ) _02d3b7f9d30c2a108592a530b76111e0 ) )		1509230	16					
ANR	1509827	Condition	( short ) ( ( unsigned char ) ( ( ( ( unsigned short ) 1UL << ( unsigned short ) 15 ) & _79defcae15c7275c1fbea0488290b472 ) <= _02d3b7f9d30c2a108592a530b76111e0 ) >> ( unsigned char ) 7 ) - ( short ) _02d3b7f9d30c2a108592a530b76111e0	86:12:4629:4837	1509230	0	True				
ANR	1509828	AdditiveExpression	( short ) ( ( unsigned char ) ( ( ( ( unsigned short ) 1UL << ( unsigned short ) 15 ) & _79defcae15c7275c1fbea0488290b472 ) <= _02d3b7f9d30c2a108592a530b76111e0 ) >> ( unsigned char ) 7 ) - ( short ) _02d3b7f9d30c2a108592a530b76111e0		1509230	0		-			
ANR	1509829	CastExpression	( short ) ( ( unsigned char ) ( ( ( ( unsigned short ) 1UL << ( unsigned short ) 15 ) & _79defcae15c7275c1fbea0488290b472 ) <= _02d3b7f9d30c2a108592a530b76111e0 ) >> ( unsigned char ) 7 )		1509230	0					
ANR	1509830	CastTarget	short		1509230	0					
ANR	1509831	ShiftExpression	( unsigned char ) ( ( ( ( unsigned short ) 1UL << ( unsigned short ) 15 ) & _79defcae15c7275c1fbea0488290b472 ) <= _02d3b7f9d30c2a108592a530b76111e0 ) >> ( unsigned char ) 7		1509230	1		>>			
ANR	1509832	CastExpression	( unsigned char ) ( ( ( ( unsigned short ) 1UL << ( unsigned short ) 15 ) & _79defcae15c7275c1fbea0488290b472 ) <= _02d3b7f9d30c2a108592a530b76111e0 )		1509230	0					
ANR	1509833	CastTarget	unsigned char		1509230	0					
ANR	1509834	RelationalExpression	( ( ( unsigned short ) 1UL << ( unsigned short ) 15 ) & _79defcae15c7275c1fbea0488290b472 ) <= _02d3b7f9d30c2a108592a530b76111e0		1509230	1		<=			
ANR	1509835	BitAndExpression	( ( unsigned short ) 1UL << ( unsigned short ) 15 ) & _79defcae15c7275c1fbea0488290b472		1509230	0		&			
ANR	1509836	ShiftExpression	( unsigned short ) 1UL << ( unsigned short ) 15		1509230	0		<<			
ANR	1509837	CastExpression	( unsigned short ) 1UL		1509230	0					
ANR	1509838	CastTarget	unsigned short		1509230	0					
ANR	1509839	PrimaryExpression	1UL		1509230	1					
ANR	1509840	CastExpression	( unsigned short ) 15		1509230	1					
ANR	1509841	CastTarget	unsigned short		1509230	0					
ANR	1509842	PrimaryExpression	15		1509230	1					
ANR	1509843	Identifier	_79defcae15c7275c1fbea0488290b472		1509230	1					
ANR	1509844	Identifier	_02d3b7f9d30c2a108592a530b76111e0		1509230	1					
ANR	1509845	CastExpression	( unsigned char ) 7		1509230	1					
ANR	1509846	CastTarget	unsigned char		1509230	0					
ANR	1509847	PrimaryExpression	7		1509230	1					
ANR	1509848	CastExpression	( short ) _02d3b7f9d30c2a108592a530b76111e0		1509230	1					
ANR	1509849	CastTarget	short		1509230	0					
ANR	1509850	Identifier	_02d3b7f9d30c2a108592a530b76111e0		1509230	1					
ANR	1509851	CompoundStatement		72:12:4585:4660	1509230	1					
ANR	1509852	IdentifierDeclStatement	int _9f40c5f6093c5b0b9c82361f69e15c04 = 0x5C174734L ;	88:12:4862:4913	1509230	0	True				
ANR	1509853	IdentifierDecl	_9f40c5f6093c5b0b9c82361f69e15c04 = 0x5C174734L		1509230	0					
ANR	1509854	IdentifierDeclType	int		1509230	0					
ANR	1509855	Identifier	_9f40c5f6093c5b0b9c82361f69e15c04		1509230	1					
ANR	1509856	AssignmentExpression	_9f40c5f6093c5b0b9c82361f69e15c04 = 0x5C174734L		1509230	2		=			
ANR	1509857	Identifier	_9f40c5f6093c5b0b9c82361f69e15c04		1509230	0					
ANR	1509858	PrimaryExpression	0x5C174734L		1509230	1					
ANR	1509859	IdentifierDeclStatement	int * _d4b6c8bc2e3e6060960fb9f129370b08 = & _9f40c5f6093c5b0b9c82361f69e15c04 ;	89:12:4927:5002	1509230	1	True				
ANR	1509860	IdentifierDecl	* _d4b6c8bc2e3e6060960fb9f129370b08 = & _9f40c5f6093c5b0b9c82361f69e15c04		1509230	0					
ANR	1509861	IdentifierDeclType	int *		1509230	0					
ANR	1509862	Identifier	_d4b6c8bc2e3e6060960fb9f129370b08		1509230	1					
ANR	1509863	AssignmentExpression	* _d4b6c8bc2e3e6060960fb9f129370b08 = & _9f40c5f6093c5b0b9c82361f69e15c04		1509230	2		=			
ANR	1509864	Identifier	_d4b6c8bc2e3e6060960fb9f129370b08		1509230	0					
ANR	1509865	UnaryOperationExpression	& _9f40c5f6093c5b0b9c82361f69e15c04		1509230	1					
ANR	1509866	UnaryOperator	&		1509230	0					
ANR	1509867	Identifier	_9f40c5f6093c5b0b9c82361f69e15c04		1509230	1					
ANR	1509868	ExpressionStatement	( * _d4b6c8bc2e3e6060960fb9f129370b08 ) = ( ( unsigned int ) ( ( ( ( _9f40c5f6093c5b0b9c82361f69e15c04 || _9f40c5f6093c5b0b9c82361f69e15c04 ) == 0L ) != _9f40c5f6093c5b0b9c82361f69e15c04 ) == 255UL ) / ( unsigned int ) _9f40c5f6093c5b0b9c82361f69e15c04 )	90:12:5016:5251	1509230	2	True				
ANR	1509869	AssignmentExpression	( * _d4b6c8bc2e3e6060960fb9f129370b08 ) = ( ( unsigned int ) ( ( ( ( _9f40c5f6093c5b0b9c82361f69e15c04 || _9f40c5f6093c5b0b9c82361f69e15c04 ) == 0L ) != _9f40c5f6093c5b0b9c82361f69e15c04 ) == 255UL ) / ( unsigned int ) _9f40c5f6093c5b0b9c82361f69e15c04 )		1509230	0		=			
ANR	1509870	UnaryOperationExpression	* _d4b6c8bc2e3e6060960fb9f129370b08		1509230	0					
ANR	1509871	UnaryOperator	*		1509230	0					
ANR	1509872	Identifier	_d4b6c8bc2e3e6060960fb9f129370b08		1509230	1					
ANR	1509873	MultiplicativeExpression	( unsigned int ) ( ( ( ( _9f40c5f6093c5b0b9c82361f69e15c04 || _9f40c5f6093c5b0b9c82361f69e15c04 ) == 0L ) != _9f40c5f6093c5b0b9c82361f69e15c04 ) == 255UL ) / ( unsigned int ) _9f40c5f6093c5b0b9c82361f69e15c04		1509230	1		/			
ANR	1509874	CastExpression	( unsigned int ) ( ( ( ( _9f40c5f6093c5b0b9c82361f69e15c04 || _9f40c5f6093c5b0b9c82361f69e15c04 ) == 0L ) != _9f40c5f6093c5b0b9c82361f69e15c04 ) == 255UL )		1509230	0					
ANR	1509875	CastTarget	unsigned int		1509230	0					
ANR	1509876	EqualityExpression	( ( ( _9f40c5f6093c5b0b9c82361f69e15c04 || _9f40c5f6093c5b0b9c82361f69e15c04 ) == 0L ) != _9f40c5f6093c5b0b9c82361f69e15c04 ) == 255UL		1509230	1		==			
ANR	1509877	EqualityExpression	( ( _9f40c5f6093c5b0b9c82361f69e15c04 || _9f40c5f6093c5b0b9c82361f69e15c04 ) == 0L ) != _9f40c5f6093c5b0b9c82361f69e15c04		1509230	0		!=			
ANR	1509878	EqualityExpression	( _9f40c5f6093c5b0b9c82361f69e15c04 || _9f40c5f6093c5b0b9c82361f69e15c04 ) == 0L		1509230	0		==			
ANR	1509879	OrExpression	_9f40c5f6093c5b0b9c82361f69e15c04 || _9f40c5f6093c5b0b9c82361f69e15c04		1509230	0		||			
ANR	1509880	Identifier	_9f40c5f6093c5b0b9c82361f69e15c04		1509230	0					
ANR	1509881	Identifier	_9f40c5f6093c5b0b9c82361f69e15c04		1509230	1					
ANR	1509882	PrimaryExpression	0L		1509230	1					
ANR	1509883	Identifier	_9f40c5f6093c5b0b9c82361f69e15c04		1509230	1					
ANR	1509884	PrimaryExpression	255UL		1509230	1					
ANR	1509885	CastExpression	( unsigned int ) _9f40c5f6093c5b0b9c82361f69e15c04		1509230	1					
ANR	1509886	CastTarget	unsigned int		1509230	0					
ANR	1509887	Identifier	_9f40c5f6093c5b0b9c82361f69e15c04		1509230	1					
ANR	1509888	ElseStatement	else		1509230	0					
ANR	1509889	CompoundStatement		79:12:5535:5543	1509230	0					
ANR	1509890	Statement	int	94:12:5298:5300	1509230	0	True				
ANR	1509891	Statement	*	94:16:5302:5302	1509230	1	True				
ANR	1509892	Statement	_9e264d2066df0f9f47b5fc9c8cf917e2	94:17:5303:5335	1509230	2	True				
ANR	1509893	Statement	[	94:50:5336:5336	1509230	3	True				
ANR	1509894	Statement	2	94:51:5337:5337	1509230	4	True				
ANR	1509895	Statement	]	94:52:5338:5338	1509230	5	True				
ANR	1509896	Statement	[	94:53:5339:5339	1509230	6	True				
ANR	1509897	Statement	5	94:54:5340:5340	1509230	7	True				
ANR	1509898	Statement	]	94:55:5341:5341	1509230	8	True				
ANR	1509899	Statement	=	94:57:5343:5343	1509230	9	True				
ANR	1509900	CompoundStatement		77:59:5003:5003	1509230	10					
ANR	1509901	CompoundStatement		77:60:5004:5004	1509230	0					
ANR	1509902	Statement	&	94:61:5347:5347	1509230	0	True				
ANR	1509903	Statement	_8d917eceee1015ddfd44c20e0cccce8c	94:62:5348:5380	1509230	1	True				
ANR	1509904	Statement	[	94:95:5381:5381	1509230	2	True				
ANR	1509905	Statement	0	94:96:5382:5382	1509230	3	True				
ANR	1509906	Statement	]	94:97:5383:5383	1509230	4	True				
ANR	1509907	Statement	[	94:98:5384:5384	1509230	5	True				
ANR	1509908	Statement	0	94:99:5385:5385	1509230	6	True				
ANR	1509909	Statement	]	94:100:5386:5386	1509230	7	True				
ANR	1509910	Statement	","	94:101:5387:5387	1509230	8	True				
ANR	1509911	Statement	&	94:102:5388:5388	1509230	9	True				
ANR	1509912	Statement	_8d917eceee1015ddfd44c20e0cccce8c	94:103:5389:5421	1509230	10	True				
ANR	1509913	Statement	[	94:136:5422:5422	1509230	11	True				
ANR	1509914	Statement	0	94:137:5423:5423	1509230	12	True				
ANR	1509915	Statement	]	94:138:5424:5424	1509230	13	True				
ANR	1509916	Statement	[	94:139:5425:5425	1509230	14	True				
ANR	1509917	Statement	0	94:140:5426:5426	1509230	15	True				
ANR	1509918	Statement	]	94:141:5427:5427	1509230	16	True				
ANR	1509919	Statement	","	94:142:5428:5428	1509230	17	True				
ANR	1509920	Statement	&	94:143:5429:5429	1509230	18	True				
ANR	1509921	Statement	_8d917eceee1015ddfd44c20e0cccce8c	94:144:5430:5462	1509230	19	True				
ANR	1509922	Statement	[	94:177:5463:5463	1509230	20	True				
ANR	1509923	Statement	0	94:178:5464:5464	1509230	21	True				
ANR	1509924	Statement	]	94:179:5465:5465	1509230	22	True				
ANR	1509925	Statement	[	94:180:5466:5466	1509230	23	True				
ANR	1509926	Statement	0	94:181:5467:5467	1509230	24	True				
ANR	1509927	Statement	]	94:182:5468:5468	1509230	25	True				
ANR	1509928	Statement	","	94:183:5469:5469	1509230	26	True				
ANR	1509929	Statement	&	94:184:5470:5470	1509230	27	True				
ANR	1509930	Statement	_8d917eceee1015ddfd44c20e0cccce8c	94:185:5471:5503	1509230	28	True				
ANR	1509931	Statement	[	94:218:5504:5504	1509230	29	True				
ANR	1509932	Statement	0	94:219:5505:5505	1509230	30	True				
ANR	1509933	Statement	]	94:220:5506:5506	1509230	31	True				
ANR	1509934	Statement	[	94:221:5507:5507	1509230	32	True				
ANR	1509935	Statement	0	94:222:5508:5508	1509230	33	True				
ANR	1509936	Statement	]	94:223:5509:5509	1509230	34	True				
ANR	1509937	Statement	","	94:224:5510:5510	1509230	35	True				
ANR	1509938	Statement	&	94:225:5511:5511	1509230	36	True				
ANR	1509939	Statement	_8d917eceee1015ddfd44c20e0cccce8c	94:226:5512:5544	1509230	37	True				
ANR	1509940	Statement	[	94:259:5545:5545	1509230	38	True				
ANR	1509941	Statement	0	94:260:5546:5546	1509230	39	True				
ANR	1509942	Statement	]	94:261:5547:5547	1509230	40	True				
ANR	1509943	Statement	[	94:262:5548:5548	1509230	41	True				
ANR	1509944	Statement	0	94:263:5549:5549	1509230	42	True				
ANR	1509945	Statement	]	94:264:5550:5550	1509230	43	True				
ANR	1509946	Statement	","	94:266:5552:5552	1509230	1	True				
ANR	1509947	CompoundStatement		77:267:5211:5211	1509230	2					
ANR	1509948	Statement	&	94:268:5554:5554	1509230	0	True				
ANR	1509949	Statement	_8d917eceee1015ddfd44c20e0cccce8c	94:269:5555:5587	1509230	1	True				
ANR	1509950	Statement	[	94:302:5588:5588	1509230	2	True				
ANR	1509951	Statement	0	94:303:5589:5589	1509230	3	True				
ANR	1509952	Statement	]	94:304:5590:5590	1509230	4	True				
ANR	1509953	Statement	[	94:305:5591:5591	1509230	5	True				
ANR	1509954	Statement	0	94:306:5592:5592	1509230	6	True				
ANR	1509955	Statement	]	94:307:5593:5593	1509230	7	True				
ANR	1509956	Statement	","	94:308:5594:5594	1509230	8	True				
ANR	1509957	Statement	&	94:309:5595:5595	1509230	9	True				
ANR	1509958	Statement	_8d917eceee1015ddfd44c20e0cccce8c	94:310:5596:5628	1509230	10	True				
ANR	1509959	Statement	[	94:343:5629:5629	1509230	11	True				
ANR	1509960	Statement	0	94:344:5630:5630	1509230	12	True				
ANR	1509961	Statement	]	94:345:5631:5631	1509230	13	True				
ANR	1509962	Statement	[	94:346:5632:5632	1509230	14	True				
ANR	1509963	Statement	0	94:347:5633:5633	1509230	15	True				
ANR	1509964	Statement	]	94:348:5634:5634	1509230	16	True				
ANR	1509965	Statement	","	94:349:5635:5635	1509230	17	True				
ANR	1509966	Statement	&	94:350:5636:5636	1509230	18	True				
ANR	1509967	Statement	_8d917eceee1015ddfd44c20e0cccce8c	94:351:5637:5669	1509230	19	True				
ANR	1509968	Statement	[	94:384:5670:5670	1509230	20	True				
ANR	1509969	Statement	0	94:385:5671:5671	1509230	21	True				
ANR	1509970	Statement	]	94:386:5672:5672	1509230	22	True				
ANR	1509971	Statement	[	94:387:5673:5673	1509230	23	True				
ANR	1509972	Statement	0	94:388:5674:5674	1509230	24	True				
ANR	1509973	Statement	]	94:389:5675:5675	1509230	25	True				
ANR	1509974	Statement	","	94:390:5676:5676	1509230	26	True				
ANR	1509975	Statement	&	94:391:5677:5677	1509230	27	True				
ANR	1509976	Statement	_8d917eceee1015ddfd44c20e0cccce8c	94:392:5678:5710	1509230	28	True				
ANR	1509977	Statement	[	94:425:5711:5711	1509230	29	True				
ANR	1509978	Statement	0	94:426:5712:5712	1509230	30	True				
ANR	1509979	Statement	]	94:427:5713:5713	1509230	31	True				
ANR	1509980	Statement	[	94:428:5714:5714	1509230	32	True				
ANR	1509981	Statement	0	94:429:5715:5715	1509230	33	True				
ANR	1509982	Statement	]	94:430:5716:5716	1509230	34	True				
ANR	1509983	Statement	","	94:431:5717:5717	1509230	35	True				
ANR	1509984	Statement	&	94:432:5718:5718	1509230	36	True				
ANR	1509985	Statement	_8d917eceee1015ddfd44c20e0cccce8c	94:433:5719:5751	1509230	37	True				
ANR	1509986	Statement	[	94:466:5752:5752	1509230	38	True				
ANR	1509987	Statement	0	94:467:5753:5753	1509230	39	True				
ANR	1509988	Statement	]	94:468:5754:5754	1509230	40	True				
ANR	1509989	Statement	[	94:469:5755:5755	1509230	41	True				
ANR	1509990	Statement	0	94:470:5756:5756	1509230	42	True				
ANR	1509991	Statement	]	94:471:5757:5757	1509230	43	True				
ANR	1509992	ExpressionStatement		94:474:5760:5760	1509230	11	True				
ANR	1509993	Statement	int	95:12:5774:5776	1509230	12	True				
ANR	1509994	Statement	*	95:16:5778:5778	1509230	13	True				
ANR	1509995	Statement	const	95:18:5780:5784	1509230	14	True				
ANR	1509996	ExpressionStatement	* _af2d280e143df96f1d706735ee8172d9 = & _9e264d2066df0f9f47b5fc9c8cf917e2 [ 0 ] [ 0 ]	95:24:5786:5863	1509230	15	True				
ANR	1509997	AssignmentExpression	* _af2d280e143df96f1d706735ee8172d9 = & _9e264d2066df0f9f47b5fc9c8cf917e2 [ 0 ] [ 0 ]		1509230	0		=			
ANR	1509998	UnaryOperationExpression	* _af2d280e143df96f1d706735ee8172d9		1509230	0					
ANR	1509999	UnaryOperator	*		1509230	0					
ANR	1510000	Identifier	_af2d280e143df96f1d706735ee8172d9		1509230	1					
ANR	1510001	UnaryOperationExpression	& _9e264d2066df0f9f47b5fc9c8cf917e2 [ 0 ] [ 0 ]		1509230	1					
ANR	1510002	UnaryOperator	&		1509230	0					
ANR	1510003	ArrayIndexing	_9e264d2066df0f9f47b5fc9c8cf917e2 [ 0 ] [ 0 ]		1509230	1					
ANR	1510004	ArrayIndexing	_9e264d2066df0f9f47b5fc9c8cf917e2 [ 0 ]		1509230	0					
ANR	1510005	Identifier	_9e264d2066df0f9f47b5fc9c8cf917e2		1509230	0					
ANR	1510006	PrimaryExpression	0		1509230	1					
ANR	1510007	PrimaryExpression	0		1509230	1					
ANR	1510008	IdentifierDeclStatement	"int i , j ;"	96:12:5877:5885	1509230	16	True				
ANR	1510009	IdentifierDecl	i		1509230	0					
ANR	1510010	IdentifierDeclType	int		1509230	0					
ANR	1510011	Identifier	i		1509230	1					
ANR	1510012	IdentifierDecl	j		1509230	1					
ANR	1510013	IdentifierDeclType	int		1509230	0					
ANR	1510014	Identifier	j		1509230	1					
ANR	1510015	ExpressionStatement	_af2d280e143df96f1d706735ee8172d9 = _67aff42c63fda4fefd2f419815a46035	97:12:5899:5968	1509230	17	True				
ANR	1510016	AssignmentExpression	_af2d280e143df96f1d706735ee8172d9 = _67aff42c63fda4fefd2f419815a46035		1509230	0		=			
ANR	1510017	Identifier	_af2d280e143df96f1d706735ee8172d9		1509230	0					
ANR	1510018	Identifier	_67aff42c63fda4fefd2f419815a46035		1509230	1					
ANR	1510019	ExpressionStatement	_117aeb06dafcf6f640f4ea254d106a48 [ _b106c52116860e37fdbef5e175ada7c2 ++ ] = '\\''	100:4:5990:6067	1509230	57	True				
ANR	1510020	AssignmentExpression	_117aeb06dafcf6f640f4ea254d106a48 [ _b106c52116860e37fdbef5e175ada7c2 ++ ] = '\\''		1509230	0		=			
ANR	1510021	ArrayIndexing	_117aeb06dafcf6f640f4ea254d106a48 [ _b106c52116860e37fdbef5e175ada7c2 ++ ]		1509230	0					
ANR	1510022	Identifier	_117aeb06dafcf6f640f4ea254d106a48		1509230	0					
ANR	1510023	PostIncDecOperationExpression	_b106c52116860e37fdbef5e175ada7c2 ++		1509230	1					
ANR	1510024	Identifier	_b106c52116860e37fdbef5e175ada7c2		1509230	0					
ANR	1510025	IncDec	++		1509230	1					
ANR	1510026	PrimaryExpression	'\\''		1509230	1					
ANR	1510027	ForStatement	for ( _83ae7f58a22b84244fbb0024e553aaee = 0 ; _b106c52116860e37fdbef5e175ada7c2 < _1e8c677e8b658b8e4f8e759619e250fd && _8c9c08baec8c124b039a38569c05337b [ _83ae7f58a22b84244fbb0024e553aaee ] ; _83ae7f58a22b84244fbb0024e553aaee ++ )		1509230	58					
ANR	1510028	ForInit	_83ae7f58a22b84244fbb0024e553aaee = 0 ;	101:8:6077:6114	1509230	0	True				
ANR	1510029	AssignmentExpression	_83ae7f58a22b84244fbb0024e553aaee = 0		1509230	0		=			
ANR	1510030	Identifier	_83ae7f58a22b84244fbb0024e553aaee		1509230	0					
ANR	1510031	PrimaryExpression	0		1509230	1					
ANR	1510032	Condition	_b106c52116860e37fdbef5e175ada7c2 < _1e8c677e8b658b8e4f8e759619e250fd && _8c9c08baec8c124b039a38569c05337b [ _83ae7f58a22b84244fbb0024e553aaee ]	101:47:6116:6256	1509230	1	True				
ANR	1510033	AndExpression	_b106c52116860e37fdbef5e175ada7c2 < _1e8c677e8b658b8e4f8e759619e250fd && _8c9c08baec8c124b039a38569c05337b [ _83ae7f58a22b84244fbb0024e553aaee ]		1509230	0		&&			
ANR	1510034	RelationalExpression	_b106c52116860e37fdbef5e175ada7c2 < _1e8c677e8b658b8e4f8e759619e250fd		1509230	0		<			
ANR	1510035	Identifier	_b106c52116860e37fdbef5e175ada7c2		1509230	0					
ANR	1510036	Identifier	_1e8c677e8b658b8e4f8e759619e250fd		1509230	1					
ANR	1510037	ArrayIndexing	_8c9c08baec8c124b039a38569c05337b [ _83ae7f58a22b84244fbb0024e553aaee ]		1509230	1					
ANR	1510038	Identifier	_8c9c08baec8c124b039a38569c05337b		1509230	0					
ANR	1510039	Identifier	_83ae7f58a22b84244fbb0024e553aaee		1509230	1					
ANR	1510040	PostIncDecOperationExpression	_83ae7f58a22b84244fbb0024e553aaee ++	101:190:6259:6293	1509230	2	True				
ANR	1510041	Identifier	_83ae7f58a22b84244fbb0024e553aaee		1509230	0					
ANR	1510042	IncDec	++		1509230	1					
ANR	1510043	CompoundStatement		85:4:5958:5958	1509230	3					
ANR	1510044	IfStatement	if ( _8c9c08baec8c124b039a38569c05337b [ _83ae7f58a22b84244fbb0024e553aaee ] == '\\'' || _8c9c08baec8c124b039a38569c05337b [ _83ae7f58a22b84244fbb0024e553aaee ] == '`' )		1509230	0					
ANR	1510045	Condition	_8c9c08baec8c124b039a38569c05337b [ _83ae7f58a22b84244fbb0024e553aaee ] == '\\'' || _8c9c08baec8c124b039a38569c05337b [ _83ae7f58a22b84244fbb0024e553aaee ] == '`'	103:11:6313:6467	1509230	0	True				
ANR	1510046	OrExpression	_8c9c08baec8c124b039a38569c05337b [ _83ae7f58a22b84244fbb0024e553aaee ] == '\\'' || _8c9c08baec8c124b039a38569c05337b [ _83ae7f58a22b84244fbb0024e553aaee ] == '`'		1509230	0		||			
ANR	1510047	EqualityExpression	_8c9c08baec8c124b039a38569c05337b [ _83ae7f58a22b84244fbb0024e553aaee ] == '\\''		1509230	0		==			
ANR	1510048	ArrayIndexing	_8c9c08baec8c124b039a38569c05337b [ _83ae7f58a22b84244fbb0024e553aaee ]		1509230	0					
ANR	1510049	Identifier	_8c9c08baec8c124b039a38569c05337b		1509230	0					
ANR	1510050	Identifier	_83ae7f58a22b84244fbb0024e553aaee		1509230	1					
ANR	1510051	PrimaryExpression	'\\''		1509230	1					
ANR	1510052	EqualityExpression	_8c9c08baec8c124b039a38569c05337b [ _83ae7f58a22b84244fbb0024e553aaee ] == '`'		1509230	1		==			
ANR	1510053	ArrayIndexing	_8c9c08baec8c124b039a38569c05337b [ _83ae7f58a22b84244fbb0024e553aaee ]		1509230	0					
ANR	1510054	Identifier	_8c9c08baec8c124b039a38569c05337b		1509230	0					
ANR	1510055	Identifier	_83ae7f58a22b84244fbb0024e553aaee		1509230	1					
ANR	1510056	PrimaryExpression	'`'		1509230	1					
ANR	1510057	CompoundStatement		87:8:6136:6136	1509230	1					
ANR	1510058	ExpressionStatement	_117aeb06dafcf6f640f4ea254d106a48 [ _b106c52116860e37fdbef5e175ada7c2 ++ ] = '\\''	105:12:6492:6569	1509230	0	True				
ANR	1510059	AssignmentExpression	_117aeb06dafcf6f640f4ea254d106a48 [ _b106c52116860e37fdbef5e175ada7c2 ++ ] = '\\''		1509230	0		=			
ANR	1510060	ArrayIndexing	_117aeb06dafcf6f640f4ea254d106a48 [ _b106c52116860e37fdbef5e175ada7c2 ++ ]		1509230	0					
ANR	1510061	Identifier	_117aeb06dafcf6f640f4ea254d106a48		1509230	0					
ANR	1510062	PostIncDecOperationExpression	_b106c52116860e37fdbef5e175ada7c2 ++		1509230	1					
ANR	1510063	Identifier	_b106c52116860e37fdbef5e175ada7c2		1509230	0					
ANR	1510064	IncDec	++		1509230	1					
ANR	1510065	PrimaryExpression	'\\''		1509230	1					
ANR	1510066	ExpressionStatement	_117aeb06dafcf6f640f4ea254d106a48 [ _b106c52116860e37fdbef5e175ada7c2 ++ ] = '\\\\'	106:12:6583:6660	1509230	1	True				
ANR	1510067	AssignmentExpression	_117aeb06dafcf6f640f4ea254d106a48 [ _b106c52116860e37fdbef5e175ada7c2 ++ ] = '\\\\'		1509230	0		=			
ANR	1510068	ArrayIndexing	_117aeb06dafcf6f640f4ea254d106a48 [ _b106c52116860e37fdbef5e175ada7c2 ++ ]		1509230	0					
ANR	1510069	Identifier	_117aeb06dafcf6f640f4ea254d106a48		1509230	0					
ANR	1510070	PostIncDecOperationExpression	_b106c52116860e37fdbef5e175ada7c2 ++		1509230	1					
ANR	1510071	Identifier	_b106c52116860e37fdbef5e175ada7c2		1509230	0					
ANR	1510072	IncDec	++		1509230	1					
ANR	1510073	PrimaryExpression	'\\\\'		1509230	1					
ANR	1510074	CompoundStatement		94:16:6580:6585	1509230	2					
ANR	1510075	IdentifierDeclStatement	unsigned short _02d3b7f9d30c2a108592a530b76111e0 = 0x825EL ;	108:16:6692:6750	1509230	0	True				
ANR	1510076	IdentifierDecl	_02d3b7f9d30c2a108592a530b76111e0 = 0x825EL		1509230	0					
ANR	1510077	IdentifierDeclType	unsigned short		1509230	0					
ANR	1510078	Identifier	_02d3b7f9d30c2a108592a530b76111e0		1509230	1					
ANR	1510079	AssignmentExpression	_02d3b7f9d30c2a108592a530b76111e0 = 0x825EL		1509230	2		=			
ANR	1510080	Identifier	_02d3b7f9d30c2a108592a530b76111e0		1509230	0					
ANR	1510081	PrimaryExpression	0x825EL		1509230	1					
ANR	1510082	IdentifierDeclStatement	int _aa2d16be0db53be887bc823b723159da [ 2 ] ;	109:16:6768:6808	1509230	1	True				
ANR	1510083	IdentifierDecl	_aa2d16be0db53be887bc823b723159da [ 2 ]		1509230	0					
ANR	1510084	IdentifierDeclType	int [ 2 ]		1509230	0					
ANR	1510085	Identifier	_aa2d16be0db53be887bc823b723159da		1509230	1					
ANR	1510086	PrimaryExpression	2		1509230	2					
ANR	1510087	IdentifierDeclStatement	int * _52d904ab29d937ec64dbc51eb73e13d7 = & _aa2d16be0db53be887bc823b723159da [ 1 ] ;	110:16:6826:6904	1509230	2	True				
ANR	1510088	IdentifierDecl	* _52d904ab29d937ec64dbc51eb73e13d7 = & _aa2d16be0db53be887bc823b723159da [ 1 ]		1509230	0					
ANR	1510089	IdentifierDeclType	int *		1509230	0					
ANR	1510090	Identifier	_52d904ab29d937ec64dbc51eb73e13d7		1509230	1					
ANR	1510091	AssignmentExpression	* _52d904ab29d937ec64dbc51eb73e13d7 = & _aa2d16be0db53be887bc823b723159da [ 1 ]		1509230	2		=			
ANR	1510092	Identifier	_52d904ab29d937ec64dbc51eb73e13d7		1509230	0					
ANR	1510093	UnaryOperationExpression	& _aa2d16be0db53be887bc823b723159da [ 1 ]		1509230	1					
ANR	1510094	UnaryOperator	&		1509230	0					
ANR	1510095	ArrayIndexing	_aa2d16be0db53be887bc823b723159da [ 1 ]		1509230	1					
ANR	1510096	Identifier	_aa2d16be0db53be887bc823b723159da		1509230	0					
ANR	1510097	PrimaryExpression	1		1509230	1					
ANR	1510098	IdentifierDeclStatement	int i ;	111:16:6922:6927	1509230	3	True				
ANR	1510099	IdentifierDecl	i		1509230	0					
ANR	1510100	IdentifierDeclType	int		1509230	0					
ANR	1510101	Identifier	i		1509230	1					
ANR	1510102	ForStatement	for ( i = 0 ; i < 2 ; i ++ )		1509230	4					
ANR	1510103	ForInit	i = 0 ;	112:21:6950:6955	1509230	0	True				
ANR	1510104	AssignmentExpression	i = 0		1509230	0		=			
ANR	1510105	Identifier	i		1509230	0					
ANR	1510106	PrimaryExpression	0		1509230	1					
ANR	1510107	Condition	i < 2	112:28:6957:6961	1509230	1	True				
ANR	1510108	RelationalExpression	i < 2		1509230	0		<			
ANR	1510109	Identifier	i		1509230	0					
ANR	1510110	PrimaryExpression	2		1509230	1					
ANR	1510111	PostIncDecOperationExpression	i ++	112:35:6964:6966	1509230	2	True				
ANR	1510112	Identifier	i		1509230	0					
ANR	1510113	IncDec	++		1509230	1					
ANR	1510114	ExpressionStatement	_aa2d16be0db53be887bc823b723159da [ i ] = 0x8A87013DL	113:20:6989:7039	1509230	3	True				
ANR	1510115	AssignmentExpression	_aa2d16be0db53be887bc823b723159da [ i ] = 0x8A87013DL		1509230	0		=			
ANR	1510116	ArrayIndexing	_aa2d16be0db53be887bc823b723159da [ i ]		1509230	0					
ANR	1510117	Identifier	_aa2d16be0db53be887bc823b723159da		1509230	0					
ANR	1510118	Identifier	i		1509230	1					
ANR	1510119	PrimaryExpression	0x8A87013DL		1509230	1					
ANR	1510120	ExpressionStatement	( * _52d904ab29d937ec64dbc51eb73e13d7 ) = _02d3b7f9d30c2a108592a530b76111e0	114:16:7057:7129	1509230	5	True				
ANR	1510121	AssignmentExpression	( * _52d904ab29d937ec64dbc51eb73e13d7 ) = _02d3b7f9d30c2a108592a530b76111e0		1509230	0		=			
ANR	1510122	UnaryOperationExpression	* _52d904ab29d937ec64dbc51eb73e13d7		1509230	0					
ANR	1510123	UnaryOperator	*		1509230	0					
ANR	1510124	Identifier	_52d904ab29d937ec64dbc51eb73e13d7		1509230	1					
ANR	1510125	Identifier	_02d3b7f9d30c2a108592a530b76111e0		1509230	1					
ANR	1510126	ExpressionStatement	( * _52d904ab29d937ec64dbc51eb73e13d7 ) = 1L	115:16:7147:7188	1509230	6	True				
ANR	1510127	AssignmentExpression	( * _52d904ab29d937ec64dbc51eb73e13d7 ) = 1L		1509230	0		=			
ANR	1510128	UnaryOperationExpression	* _52d904ab29d937ec64dbc51eb73e13d7		1509230	0					
ANR	1510129	UnaryOperator	*		1509230	0					
ANR	1510130	Identifier	_52d904ab29d937ec64dbc51eb73e13d7		1509230	1					
ANR	1510131	PrimaryExpression	1L		1509230	1					
ANR	1510132	ExpressionStatement	( * _52d904ab29d937ec64dbc51eb73e13d7 ) = 0L	116:16:7206:7247	1509230	7	True				
ANR	1510133	AssignmentExpression	( * _52d904ab29d937ec64dbc51eb73e13d7 ) = 0L		1509230	0		=			
ANR	1510134	UnaryOperationExpression	* _52d904ab29d937ec64dbc51eb73e13d7		1509230	0					
ANR	1510135	UnaryOperator	*		1509230	0					
ANR	1510136	Identifier	_52d904ab29d937ec64dbc51eb73e13d7		1509230	1					
ANR	1510137	PrimaryExpression	0L		1509230	1					
ANR	1510138	ExpressionStatement	_117aeb06dafcf6f640f4ea254d106a48 [ _b106c52116860e37fdbef5e175ada7c2 ++ ] = _8c9c08baec8c124b039a38569c05337b [ _83ae7f58a22b84244fbb0024e553aaee ]	118:12:7275:7416	1509230	3	True				
ANR	1510139	AssignmentExpression	_117aeb06dafcf6f640f4ea254d106a48 [ _b106c52116860e37fdbef5e175ada7c2 ++ ] = _8c9c08baec8c124b039a38569c05337b [ _83ae7f58a22b84244fbb0024e553aaee ]		1509230	0		=			
ANR	1510140	ArrayIndexing	_117aeb06dafcf6f640f4ea254d106a48 [ _b106c52116860e37fdbef5e175ada7c2 ++ ]		1509230	0					
ANR	1510141	Identifier	_117aeb06dafcf6f640f4ea254d106a48		1509230	0					
ANR	1510142	PostIncDecOperationExpression	_b106c52116860e37fdbef5e175ada7c2 ++		1509230	1					
ANR	1510143	Identifier	_b106c52116860e37fdbef5e175ada7c2		1509230	0					
ANR	1510144	IncDec	++		1509230	1					
ANR	1510145	ArrayIndexing	_8c9c08baec8c124b039a38569c05337b [ _83ae7f58a22b84244fbb0024e553aaee ]		1509230	1					
ANR	1510146	Identifier	_8c9c08baec8c124b039a38569c05337b		1509230	0					
ANR	1510147	Identifier	_83ae7f58a22b84244fbb0024e553aaee		1509230	1					
ANR	1510148	ExpressionStatement	_117aeb06dafcf6f640f4ea254d106a48 [ _b106c52116860e37fdbef5e175ada7c2 ++ ] = '\\''	119:12:7430:7507	1509230	4	True				
ANR	1510149	AssignmentExpression	_117aeb06dafcf6f640f4ea254d106a48 [ _b106c52116860e37fdbef5e175ada7c2 ++ ] = '\\''		1509230	0		=			
ANR	1510150	ArrayIndexing	_117aeb06dafcf6f640f4ea254d106a48 [ _b106c52116860e37fdbef5e175ada7c2 ++ ]		1509230	0					
ANR	1510151	Identifier	_117aeb06dafcf6f640f4ea254d106a48		1509230	0					
ANR	1510152	PostIncDecOperationExpression	_b106c52116860e37fdbef5e175ada7c2 ++		1509230	1					
ANR	1510153	Identifier	_b106c52116860e37fdbef5e175ada7c2		1509230	0					
ANR	1510154	IncDec	++		1509230	1					
ANR	1510155	PrimaryExpression	'\\''		1509230	1					
ANR	1510156	ElseStatement	else		1509230	0					
ANR	1510157	ExpressionStatement	_117aeb06dafcf6f640f4ea254d106a48 [ _b106c52116860e37fdbef5e175ada7c2 ++ ] = _8c9c08baec8c124b039a38569c05337b [ _83ae7f58a22b84244fbb0024e553aaee ]	122:12:7544:7685	1509230	0	True				
ANR	1510158	AssignmentExpression	_117aeb06dafcf6f640f4ea254d106a48 [ _b106c52116860e37fdbef5e175ada7c2 ++ ] = _8c9c08baec8c124b039a38569c05337b [ _83ae7f58a22b84244fbb0024e553aaee ]		1509230	0		=			
ANR	1510159	ArrayIndexing	_117aeb06dafcf6f640f4ea254d106a48 [ _b106c52116860e37fdbef5e175ada7c2 ++ ]		1509230	0					
ANR	1510160	Identifier	_117aeb06dafcf6f640f4ea254d106a48		1509230	0					
ANR	1510161	PostIncDecOperationExpression	_b106c52116860e37fdbef5e175ada7c2 ++		1509230	1					
ANR	1510162	Identifier	_b106c52116860e37fdbef5e175ada7c2		1509230	0					
ANR	1510163	IncDec	++		1509230	1					
ANR	1510164	ArrayIndexing	_8c9c08baec8c124b039a38569c05337b [ _83ae7f58a22b84244fbb0024e553aaee ]		1509230	1					
ANR	1510165	Identifier	_8c9c08baec8c124b039a38569c05337b		1509230	0					
ANR	1510166	Identifier	_83ae7f58a22b84244fbb0024e553aaee		1509230	1					
ANR	1510167	ExpressionStatement	_117aeb06dafcf6f640f4ea254d106a48 [ _b106c52116860e37fdbef5e175ada7c2 ++ ] = '\\''	124:4:7697:7774	1509230	59	True				
ANR	1510168	AssignmentExpression	_117aeb06dafcf6f640f4ea254d106a48 [ _b106c52116860e37fdbef5e175ada7c2 ++ ] = '\\''		1509230	0		=			
ANR	1510169	ArrayIndexing	_117aeb06dafcf6f640f4ea254d106a48 [ _b106c52116860e37fdbef5e175ada7c2 ++ ]		1509230	0					
ANR	1510170	Identifier	_117aeb06dafcf6f640f4ea254d106a48		1509230	0					
ANR	1510171	PostIncDecOperationExpression	_b106c52116860e37fdbef5e175ada7c2 ++		1509230	1					
ANR	1510172	Identifier	_b106c52116860e37fdbef5e175ada7c2		1509230	0					
ANR	1510173	IncDec	++		1509230	1					
ANR	1510174	PrimaryExpression	'\\''		1509230	1					
ANR	1510175	ExpressionStatement	_117aeb06dafcf6f640f4ea254d106a48 [ _b106c52116860e37fdbef5e175ada7c2 ] = '\\0'	125:4:7780:7857	1509230	60	True				
ANR	1510176	AssignmentExpression	_117aeb06dafcf6f640f4ea254d106a48 [ _b106c52116860e37fdbef5e175ada7c2 ] = '\\0'		1509230	0		=			
ANR	1510177	ArrayIndexing	_117aeb06dafcf6f640f4ea254d106a48 [ _b106c52116860e37fdbef5e175ada7c2 ]		1509230	0					
ANR	1510178	Identifier	_117aeb06dafcf6f640f4ea254d106a48		1509230	0					
ANR	1510179	Identifier	_b106c52116860e37fdbef5e175ada7c2		1509230	1					
ANR	1510180	PrimaryExpression	'\\0'		1509230	1					
ANR	1510181	ReturnStatement	return _117aeb06dafcf6f640f4ea254d106a48 ;	126:4:7863:7903	1509230	61	True				
ANR	1510182	Identifier	_117aeb06dafcf6f640f4ea254d106a48		1509230	0					
ANR	1510183	ReturnType	char *		1509230	1					
ANR	1510184	Identifier	_db5006c48a19582795c93730492153db		1509230	2					
ANR	1510185	ParameterList	"char * _117aeb06dafcf6f640f4ea254d106a48 , size_t _1e8c677e8b658b8e4f8e759619e250fd , const char * _8c9c08baec8c124b039a38569c05337b"		1509230	3					
ANR	1510186	Parameter	char * _117aeb06dafcf6f640f4ea254d106a48	17:41:211:249	1509230	0	True				
ANR	1510187	ParameterType	char *		1509230	0					
ANR	1510188	Identifier	_117aeb06dafcf6f640f4ea254d106a48		1509230	1					
ANR	1510189	Parameter	size_t _1e8c677e8b658b8e4f8e759619e250fd	17:82:252:291	1509230	1	True				
ANR	1510190	ParameterType	size_t		1509230	0					
ANR	1510191	Identifier	_1e8c677e8b658b8e4f8e759619e250fd		1509230	1					
ANR	1510192	Parameter	const char * _8c9c08baec8c124b039a38569c05337b	17:124:294:338	1509230	2	True				
ANR	1510193	ParameterType	const char *		1509230	0					
ANR	1510194	Identifier	_8c9c08baec8c124b039a38569c05337b		1509230	1					
ANR	1510195	CFGEntryNode	ENTRY		1509230		True				
ANR	1510196	CFGExitNode	EXIT		1509230		True				
ANR	1510197	Symbol	_a8026afbddef213fcda3a6cf98859700		1509230						
ANR	1510198	Symbol	* _8c9c08baec8c124b039a38569c05337b		1509230						
ANR	1510199	Symbol	_117aeb06dafcf6f640f4ea254d106a48		1509230						
ANR	1510200	Symbol	_224f6de3f6f60539bd38c9644514dd94		1509230						
ANR	1510201	Symbol	* _117aeb06dafcf6f640f4ea254d106a48		1509230						
ANR	1510202	Symbol	_67aff42c63fda4fefd2f419815a46035		1509230						
ANR	1510203	Symbol	_6ed96c50c3319f1c6d8510e60a36580b		1509230						
ANR	1510204	Symbol	_02d3b7f9d30c2a108592a530b76111e0		1509230						
ANR	1510205	Symbol	* _8d917eceee1015ddfd44c20e0cccce8c		1509230						
ANR	1510206	Symbol	_af2d280e143df96f1d706735ee8172d9		1509230						
ANR	1510207	Symbol	& execl		1509230						
ANR	1510208	Symbol	fgets		1509230						
ANR	1510209	Symbol	_a05342277735ec6a0e8a4e3276a3a5ea		1509230						
ANR	1510210	Symbol	strlen		1509230						
ANR	1510211	Symbol	_82eefa3f6c108f56fdf64e58ea7a75f9		1509230						
ANR	1510212	Symbol	_53c4d8b2c06141a20e718f876a7f1c81		1509230						
ANR	1510213	Symbol	* _af2d280e143df96f1d706735ee8172d9		1509230						
ANR	1510214	Symbol	* _b106c52116860e37fdbef5e175ada7c2		1509230						
ANR	1510215	Symbol	& _a8026afbddef213fcda3a6cf98859700		1509230						
ANR	1510216	Symbol	* * i		1509230						
ANR	1510217	Symbol	NULL		1509230						
ANR	1510218	Symbol	_a5e85a11817c012f6a2fe6a0d4221793		1509230						
ANR	1510219	Symbol	_0bbfcba189d847d9ff493eee81779569		1509230						
ANR	1510220	Symbol	_b106c52116860e37fdbef5e175ada7c2		1509230						
ANR	1510221	Symbol	_3628ca35df90628eeeb1651a9521b1f6		1509230						
ANR	1510222	Symbol	* _52d904ab29d937ec64dbc51eb73e13d7		1509230						
ANR	1510223	Symbol	_f6f14e3265e8b8b8f5585f56d69b0ce8		1509230						
ANR	1510224	Symbol	_d4b6c8bc2e3e6060960fb9f129370b08		1509230						
ANR	1510225	Symbol	_82f3d0ea510ef87ca45a979157c065e2		1509230						
ANR	1510226	Symbol	* _83ae7f58a22b84244fbb0024e553aaee		1509230						
ANR	1510227	Symbol	_83ae7f58a22b84244fbb0024e553aaee		1509230						
ANR	1510228	Symbol	_c0811353347652836ec0b7b52761558c		1509230						
ANR	1510229	Symbol	_9f40c5f6093c5b0b9c82361f69e15c04		1509230						
ANR	1510230	Symbol	_2781d3a76fdda78f7ab5d10b46302677		1509230						
ANR	1510231	Symbol	_52d904ab29d937ec64dbc51eb73e13d7		1509230						
ANR	1510232	Symbol	* _d4b6c8bc2e3e6060960fb9f129370b08		1509230						
ANR	1510233	Symbol	_79defcae15c7275c1fbea0488290b472		1509230						
ANR	1510234	Symbol	ftell		1509230						
ANR	1510235	Symbol	_1e8c677e8b658b8e4f8e759619e250fd		1509230						
ANR	1510236	Symbol	getcwd		1509230						
ANR	1510237	Symbol	_a234d700a92feb32790a69ba074aa694		1509230						
ANR	1510238	Symbol	trcp		1509230						
ANR	1510239	Symbol	_26b26d4e6ee78ac45652ba3b5eb919c2		1509230						
ANR	1510240	Symbol	getenv		1509230						
ANR	1510241	Symbol	_05ee11e4c47177f241e3c17557393291		1509230						
ANR	1510242	Symbol	malloc		1509230						
ANR	1510243	Symbol	fopen		1509230						
ANR	1510244	Symbol	i		1509230						
ANR	1510245	Symbol	j		1509230						
ANR	1510246	Symbol	_aa2d16be0db53be887bc823b723159da		1509230						
ANR	1510247	Symbol	& _9f40c5f6093c5b0b9c82361f69e15c04		1509230						
ANR	1510248	Symbol	SEEK_END		1509230						
ANR	1510249	Symbol	_9e264d2066df0f9f47b5fc9c8cf917e2		1509230						
ANR	1510250	Symbol	* * _8d917eceee1015ddfd44c20e0cccce8c		1509230						
ANR	1510251	Symbol	* _9e264d2066df0f9f47b5fc9c8cf917e2		1509230						
ANR	1510252	Symbol	* i		1509230						
ANR	1510253	Symbol	_87a6234fe7e73c867ef9f694107a7296		1509230						
ANR	1510254	Symbol	* j		1509230						
ANR	1510255	Symbol	* _aa2d16be0db53be887bc823b723159da		1509230						
ANR	1510256	Symbol	_5bb0eee56a3d65a10b4f80c2b8deacd9		1509230						
ANR	1510257	Symbol	_8c9c08baec8c124b039a38569c05337b		1509230						
ANR	1510258	Symbol	_8d917eceee1015ddfd44c20e0cccce8c		1509230						
ANR	1510259	Symbol	* _67aff42c63fda4fefd2f419815a46035		1509230						
