start	end	type	var
1322435	1322436	IS_AST_PARENT	
1322435	1322437	IS_AST_PARENT	
1322434	1322435	IS_AST_PARENT	
1322433	1322434	IS_AST_PARENT	
1322439	1322440	IS_AST_PARENT	
1322439	1322441	IS_AST_PARENT	
1322438	1322439	IS_AST_PARENT	
1322433	1322438	IS_AST_PARENT	
1322444	1322445	IS_AST_PARENT	
1322443	1322444	IS_AST_PARENT	
1322448	1322449	IS_AST_PARENT	
1322450	1322451	IS_AST_PARENT	
1322450	1322452	IS_AST_PARENT	
1322448	1322450	IS_AST_PARENT	
1322447	1322448	IS_AST_PARENT	
1322446	1322447	IS_AST_PARENT	
1322453	1322454	IS_AST_PARENT	
1322446	1322453	IS_AST_PARENT	
1322457	1322458	IS_AST_PARENT	
1322456	1322457	IS_AST_PARENT	
1322456	1322459	IS_AST_PARENT	
1322455	1322456	IS_AST_PARENT	
1322446	1322455	IS_AST_PARENT	
1322462	1322463	IS_AST_PARENT	
1322461	1322462	IS_AST_PARENT	
1322465	1322466	IS_AST_PARENT	
1322464	1322465	IS_AST_PARENT	
1322467	1322468	IS_AST_PARENT	
1322464	1322467	IS_AST_PARENT	
1322461	1322464	IS_AST_PARENT	
1322460	1322461	IS_AST_PARENT	
1322446	1322460	IS_AST_PARENT	
1322470	1322471	IS_AST_PARENT	
1322472	1322473	IS_AST_PARENT	
1322472	1322474	IS_AST_PARENT	
1322470	1322472	IS_AST_PARENT	
1322469	1322470	IS_AST_PARENT	
1322446	1322469	IS_AST_PARENT	
1322475	1322476	IS_AST_PARENT	
1322446	1322475	IS_AST_PARENT	
1322477	1322478	IS_AST_PARENT	
1322446	1322477	IS_AST_PARENT	
1322443	1322446	IS_AST_PARENT	
1322442	1322443	IS_AST_PARENT	
1322433	1322442	IS_AST_PARENT	
1322480	1322481	IS_AST_PARENT	
1322483	1322484	IS_AST_PARENT	
1322482	1322483	IS_AST_PARENT	
1322487	1322488	IS_AST_PARENT	
1322487	1322489	IS_AST_PARENT	
1322486	1322487	IS_AST_PARENT	
1322485	1322486	IS_AST_PARENT	
1322482	1322485	IS_AST_PARENT	
1322480	1322482	IS_AST_PARENT	
1322479	1322480	IS_AST_PARENT	
1322433	1322479	IS_AST_PARENT	
1322492	1322493	IS_AST_PARENT	
1322491	1322492	IS_AST_PARENT	
1322495	1322496	IS_AST_PARENT	
1322494	1322495	IS_AST_PARENT	
1322491	1322494	IS_AST_PARENT	
1322490	1322491	IS_AST_PARENT	
1322433	1322490	IS_AST_PARENT	
1322497	1322498	IS_AST_PARENT	
1322433	1322497	IS_AST_PARENT	
1322432	1322433	IS_AST_PARENT	
1322432	1322499	IS_AST_PARENT	
1322432	1322500	IS_AST_PARENT	
1322432	1322501	IS_AST_PARENT	
1322502	1322434	FLOWS_TO	
1322434	1322438	FLOWS_TO	
1322438	1322442	FLOWS_TO	
1322442	1322479	FLOWS_TO	
1322479	1322490	FLOWS_TO	
1322490	1322497	FLOWS_TO	
1322497	1322503	FLOWS_TO	
1322438	1322504	DEF	
1322439	1322504	DEF	
1322479	1322504	USE	
1322486	1322504	USE	
1322490	1322504	USE	
1322495	1322504	USE	
1322442	1322505	USE	
1322469	1322505	USE	
1322442	1322506	USE	
1322447	1322506	USE	
1322442	1322507	USE	
1322460	1322507	USE	
1322442	1322508	USE	
1322477	1322508	USE	
1322453	1322508	USE	
1322442	1322509	USE	
1322447	1322509	USE	
1322442	1322510	USE	
1322465	1322510	USE	
1322442	1322511	USE	
1322455	1322511	USE	
1322442	1322512	USE	
1322467	1322512	USE	
1322442	1322513	USE	
1322447	1322513	USE	
1322479	1322514	USE	
1322480	1322514	USE	
1322434	1322515	DEF	
1322435	1322515	DEF	
1322479	1322515	DEF	
1322480	1322515	DEF	
1322497	1322515	USE	
1322438	1322479	REACHES	msg
1322438	1322490	REACHES	msg
1322479	1322497	REACHES	amsg
1322502	1322434	CONTROLS	
1322502	1322438	CONTROLS	
1322502	1322442	CONTROLS	
1322502	1322479	CONTROLS	
1322502	1322490	CONTROLS	
1322502	1322497	CONTROLS	
1322434	1322438	DOM	
1322479	1322490	DOM	
1322438	1322442	DOM	
1322490	1322497	DOM	
1322502	1322434	DOM	
1322442	1322479	DOM	
1322497	1322503	DOM	
1322502	1322502	DOM	
1322497	1322490	POST_DOM	
1322442	1322438	POST_DOM	
1322503	1322497	POST_DOM	
1322479	1322442	POST_DOM	
1322438	1322434	POST_DOM	
1322490	1322479	POST_DOM	
1322503	1322503	POST_DOM	
1322434	1322502	POST_DOM	
1322431	1322432	IS_FUNCTION_OF_AST	
1322431	1322502	IS_FUNCTION_OF_CFG	
1322430	1322431	IS_FILE_OF	
1322430	1322516	IS_FILE_OF	
1322517	1322518	DECLARES	
1322516	1322517	IS_CLASS_OF	
1322521	1322522	IS_AST_PARENT	
1322524	1322525	IS_AST_PARENT	
1322524	1322526	IS_AST_PARENT	
1322527	1322528	IS_AST_PARENT	
1322527	1322529	IS_AST_PARENT	
1322524	1322527	IS_AST_PARENT	
1322523	1322524	IS_AST_PARENT	
1322521	1322523	IS_AST_PARENT	
1322531	1322532	IS_AST_PARENT	
1322531	1322533	IS_AST_PARENT	
1322531	1322534	IS_AST_PARENT	
1322530	1322531	IS_AST_PARENT	
1322521	1322530	IS_AST_PARENT	
1322536	1322537	IS_AST_PARENT	
1322536	1322538	IS_AST_PARENT	
1322539	1322540	IS_AST_PARENT	
1322539	1322541	IS_AST_PARENT	
1322536	1322539	IS_AST_PARENT	
1322535	1322536	IS_AST_PARENT	
1322521	1322535	IS_AST_PARENT	
1322543	1322544	IS_AST_PARENT	
1322543	1322545	IS_AST_PARENT	
1322542	1322543	IS_AST_PARENT	
1322521	1322542	IS_AST_PARENT	
1322547	1322548	IS_AST_PARENT	
1322550	1322551	IS_AST_PARENT	
1322549	1322550	IS_AST_PARENT	
1322553	1322554	IS_AST_PARENT	
1322552	1322553	IS_AST_PARENT	
1322555	1322556	IS_AST_PARENT	
1322552	1322555	IS_AST_PARENT	
1322557	1322558	IS_AST_PARENT	
1322552	1322557	IS_AST_PARENT	
1322549	1322552	IS_AST_PARENT	
1322547	1322549	IS_AST_PARENT	
1322546	1322547	IS_AST_PARENT	
1322521	1322546	IS_AST_PARENT	
1322561	1322562	IS_AST_PARENT	
1322563	1322564	IS_AST_PARENT	
1322563	1322565	IS_AST_PARENT	
1322561	1322563	IS_AST_PARENT	
1322560	1322561	IS_AST_PARENT	
1322559	1322560	IS_AST_PARENT	
1322569	1322570	IS_AST_PARENT	
1322569	1322571	IS_AST_PARENT	
1322568	1322569	IS_AST_PARENT	
1322568	1322572	IS_AST_PARENT	
1322567	1322568	IS_AST_PARENT	
1322566	1322567	IS_AST_PARENT	
1322573	1322574	IS_AST_PARENT	
1322566	1322573	IS_AST_PARENT	
1322559	1322566	IS_AST_PARENT	
1322521	1322559	IS_AST_PARENT	
1322578	1322579	IS_AST_PARENT	
1322578	1322580	IS_AST_PARENT	
1322581	1322582	IS_AST_PARENT	
1322583	1322584	IS_AST_PARENT	
1322583	1322585	IS_AST_PARENT	
1322581	1322583	IS_AST_PARENT	
1322578	1322581	IS_AST_PARENT	
1322577	1322578	IS_AST_PARENT	
1322576	1322577	IS_AST_PARENT	
1322575	1322576	IS_AST_PARENT	
1322587	1322588	IS_AST_PARENT	
1322587	1322589	IS_AST_PARENT	
1322586	1322587	IS_AST_PARENT	
1322575	1322586	IS_AST_PARENT	
1322590	1322591	IS_AST_PARENT	
1322592	1322593	IS_AST_PARENT	
1322592	1322594	IS_AST_PARENT	
1322590	1322592	IS_AST_PARENT	
1322575	1322590	IS_AST_PARENT	
1322597	1322598	IS_AST_PARENT	
1322597	1322599	IS_AST_PARENT	
1322600	1322601	IS_AST_PARENT	
1322602	1322603	IS_AST_PARENT	
1322604	1322605	IS_AST_PARENT	
1322604	1322606	IS_AST_PARENT	
1322602	1322604	IS_AST_PARENT	
1322600	1322602	IS_AST_PARENT	
1322597	1322600	IS_AST_PARENT	
1322596	1322597	IS_AST_PARENT	
1322595	1322596	IS_AST_PARENT	
1322609	1322610	IS_AST_PARENT	
1322609	1322611	IS_AST_PARENT	
1322608	1322609	IS_AST_PARENT	
1322607	1322608	IS_AST_PARENT	
1322614	1322615	IS_AST_PARENT	
1322614	1322616	IS_AST_PARENT	
1322617	1322618	IS_AST_PARENT	
1322619	1322620	IS_AST_PARENT	
1322621	1322622	IS_AST_PARENT	
1322621	1322623	IS_AST_PARENT	
1322619	1322621	IS_AST_PARENT	
1322617	1322619	IS_AST_PARENT	
1322614	1322617	IS_AST_PARENT	
1322613	1322614	IS_AST_PARENT	
1322612	1322613	IS_AST_PARENT	
1322626	1322627	IS_AST_PARENT	
1322626	1322628	IS_AST_PARENT	
1322625	1322626	IS_AST_PARENT	
1322624	1322625	IS_AST_PARENT	
1322632	1322633	IS_AST_PARENT	
1322632	1322634	IS_AST_PARENT	
1322631	1322632	IS_AST_PARENT	
1322635	1322636	IS_AST_PARENT	
1322635	1322637	IS_AST_PARENT	
1322631	1322635	IS_AST_PARENT	
1322630	1322631	IS_AST_PARENT	
1322629	1322630	IS_AST_PARENT	
1322638	1322639	IS_AST_PARENT	
1322629	1322638	IS_AST_PARENT	
1322624	1322629	IS_AST_PARENT	
1322612	1322624	IS_AST_PARENT	
1322607	1322612	IS_AST_PARENT	
1322595	1322607	IS_AST_PARENT	
1322575	1322595	IS_AST_PARENT	
1322521	1322575	IS_AST_PARENT	
1322641	1322642	IS_AST_PARENT	
1322641	1322643	IS_AST_PARENT	
1322644	1322645	IS_AST_PARENT	
1322646	1322647	IS_AST_PARENT	
1322646	1322648	IS_AST_PARENT	
1322644	1322646	IS_AST_PARENT	
1322641	1322644	IS_AST_PARENT	
1322640	1322641	IS_AST_PARENT	
1322521	1322640	IS_AST_PARENT	
1322651	1322652	IS_AST_PARENT	
1322651	1322653	IS_AST_PARENT	
1322650	1322651	IS_AST_PARENT	
1322649	1322650	IS_AST_PARENT	
1322656	1322657	IS_AST_PARENT	
1322658	1322659	IS_AST_PARENT	
1322658	1322660	IS_AST_PARENT	
1322656	1322658	IS_AST_PARENT	
1322655	1322656	IS_AST_PARENT	
1322654	1322655	IS_AST_PARENT	
1322662	1322663	IS_AST_PARENT	
1322664	1322665	IS_AST_PARENT	
1322664	1322666	IS_AST_PARENT	
1322662	1322664	IS_AST_PARENT	
1322661	1322662	IS_AST_PARENT	
1322654	1322661	IS_AST_PARENT	
1322649	1322654	IS_AST_PARENT	
1322521	1322649	IS_AST_PARENT	
1322669	1322670	IS_AST_PARENT	
1322669	1322671	IS_AST_PARENT	
1322668	1322669	IS_AST_PARENT	
1322668	1322672	IS_AST_PARENT	
1322667	1322668	IS_AST_PARENT	
1322521	1322667	IS_AST_PARENT	
1322673	1322674	IS_AST_PARENT	
1322521	1322673	IS_AST_PARENT	
1322520	1322521	IS_AST_PARENT	
1322520	1322675	IS_AST_PARENT	
1322520	1322676	IS_AST_PARENT	
1322678	1322679	IS_AST_PARENT	
1322678	1322680	IS_AST_PARENT	
1322677	1322678	IS_AST_PARENT	
1322681	1322682	IS_AST_PARENT	
1322681	1322683	IS_AST_PARENT	
1322677	1322681	IS_AST_PARENT	
1322520	1322677	IS_AST_PARENT	
1322684	1322678	FLOWS_TO	
1322678	1322681	FLOWS_TO	
1322681	1322522	FLOWS_TO	
1322522	1322523	FLOWS_TO	
1322523	1322530	FLOWS_TO	
1322530	1322535	FLOWS_TO	
1322535	1322542	FLOWS_TO	
1322542	1322546	FLOWS_TO	
1322546	1322560	FLOWS_TO	
1322560	1322567	FLOWS_TO	
1322560	1322576	FLOWS_TO	
1322567	1322573	FLOWS_TO	
1322573	1322685	FLOWS_TO	
1322586	1322596	FLOWS_TO	
1322586	1322640	FLOWS_TO	
1322576	1322586	FLOWS_TO	
1322590	1322586	FLOWS_TO	
1322596	1322608	FLOWS_TO	
1322608	1322613	FLOWS_TO	
1322608	1322590	FLOWS_TO	
1322613	1322625	FLOWS_TO	
1322625	1322630	FLOWS_TO	
1322625	1322590	FLOWS_TO	
1322630	1322638	FLOWS_TO	
1322638	1322685	FLOWS_TO	
1322640	1322650	FLOWS_TO	
1322650	1322655	FLOWS_TO	
1322650	1322667	FLOWS_TO	
1322655	1322661	FLOWS_TO	
1322661	1322650	FLOWS_TO	
1322667	1322673	FLOWS_TO	
1322673	1322685	FLOWS_TO	
1322567	1322686	DEF	
1322568	1322686	DEF	
1322630	1322686	DEF	
1322631	1322686	DEF	
1322667	1322686	DEF	
1322668	1322686	DEF	
1322567	1322687	USE	
1322568	1322687	USE	
1322667	1322687	USE	
1322668	1322687	USE	
1322596	1322688	USE	
1322600	1322688	USE	
1322681	1322689	DEF	
1322567	1322689	USE	
1322569	1322689	USE	
1322630	1322689	USE	
1322632	1322689	USE	
1322667	1322689	USE	
1322669	1322689	USE	
1322546	1322690	USE	
1322553	1322690	USE	
1322586	1322691	USE	
1322590	1322691	USE	
1322650	1322691	USE	
1322655	1322691	USE	
1322656	1322691	USE	
1322586	1322692	USE	
1322587	1322692	USE	
1322576	1322692	DEF	
1322581	1322692	DEF	
1322578	1322692	DEF	
1322590	1322692	USE	
1322590	1322692	DEF	
1322592	1322692	USE	
1322596	1322692	USE	
1322604	1322692	USE	
1322613	1322692	USE	
1322621	1322692	USE	
1322630	1322692	USE	
1322635	1322692	USE	
1322640	1322692	DEF	
1322644	1322692	DEF	
1322641	1322692	DEF	
1322650	1322692	USE	
1322651	1322692	USE	
1322655	1322692	USE	
1322658	1322692	USE	
1322661	1322692	DEF	
1322662	1322692	DEF	
1322530	1322693	DEF	
1322531	1322693	DEF	
1322535	1322693	USE	
1322539	1322693	USE	
1322535	1322693	DEF	
1322539	1322693	DEF	
1322576	1322693	USE	
1322581	1322693	USE	
1322542	1322694	DEF	
1322543	1322694	DEF	
1322546	1322694	DEF	
1322547	1322694	DEF	
1322560	1322694	USE	
1322678	1322695	DEF	
1322608	1322695	USE	
1322625	1322695	USE	
1322546	1322696	USE	
1322547	1322696	USE	
1322567	1322697	DEF	
1322568	1322697	DEF	
1322630	1322697	DEF	
1322631	1322697	DEF	
1322667	1322697	DEF	
1322668	1322697	DEF	
1322613	1322698	DEF	
1322617	1322698	DEF	
1322614	1322698	DEF	
1322625	1322698	USE	
1322630	1322699	USE	
1322631	1322699	USE	
1322596	1322700	DEF	
1322600	1322700	DEF	
1322597	1322700	DEF	
1322608	1322700	USE	
1322613	1322700	USE	
1322617	1322700	USE	
1322535	1322701	DEF	
1322536	1322701	DEF	
1322546	1322701	USE	
1322555	1322701	USE	
1322640	1322701	USE	
1322644	1322701	USE	
1322655	1322701	DEF	
1322656	1322701	DEF	
1322655	1322701	USE	
1322656	1322701	USE	
1322661	1322701	USE	
1322662	1322701	USE	
1322523	1322702	DEF	
1322524	1322702	DEF	
1322527	1322702	DEF	
1322546	1322702	USE	
1322557	1322702	USE	
1322586	1322703	USE	
1322590	1322703	USE	
1322596	1322703	USE	
1322600	1322703	USE	
1322613	1322703	USE	
1322617	1322703	USE	
1322630	1322703	USE	
1322631	1322703	USE	
1322650	1322703	USE	
1322655	1322703	USE	
1322656	1322703	USE	
1322613	1322704	USE	
1322617	1322704	USE	
1322613	1322625	REACHES	textEnd
1322523	1322546	REACHES	bufSize
1322681	1322567	REACHES	i
1322681	1322630	REACHES	i
1322681	1322667	REACHES	i
1322576	1322630	REACHES	ldi
1322576	1322586	REACHES	ldi
1322590	1322586	REACHES	ldi
1322576	1322590	REACHES	ldi
1322590	1322590	REACHES	ldi
1322576	1322596	REACHES	ldi
1322590	1322596	REACHES	ldi
1322576	1322613	REACHES	ldi
1322661	1322650	REACHES	ldi
1322640	1322655	REACHES	ldi
1322590	1322613	REACHES	ldi
1322640	1322650	REACHES	ldi
1322661	1322655	REACHES	ldi
1322590	1322630	REACHES	ldi
1322530	1322535	REACHES	buf
1322546	1322560	REACHES	r
1322535	1322576	REACHES	buf
1322567	1322685	REACHES	* i
1322667	1322685	REACHES	* i
1322630	1322685	REACHES	* i
1322678	1322608	REACHES	s
1322678	1322625	REACHES	s
1322596	1322608	REACHES	textBegin
1322596	1322613	REACHES	textBegin
1322535	1322546	REACHES	pldi
1322535	1322640	REACHES	pldi
1322655	1322655	REACHES	pldi
1322535	1322655	REACHES	pldi
1322655	1322661	REACHES	pldi
1322684	1322678	CONTROLS	
1322684	1322681	CONTROLS	
1322684	1322522	CONTROLS	
1322684	1322523	CONTROLS	
1322684	1322530	CONTROLS	
1322684	1322535	CONTROLS	
1322684	1322542	CONTROLS	
1322684	1322546	CONTROLS	
1322684	1322560	CONTROLS	
1322560	1322567	CONTROLS	
1322560	1322573	CONTROLS	
1322560	1322576	CONTROLS	
1322560	1322586	CONTROLS	
1322586	1322596	CONTROLS	
1322586	1322608	CONTROLS	
1322586	1322640	CONTROLS	
1322586	1322650	CONTROLS	
1322586	1322667	CONTROLS	
1322586	1322673	CONTROLS	
1322608	1322613	CONTROLS	
1322608	1322625	CONTROLS	
1322608	1322590	CONTROLS	
1322608	1322586	CONTROLS	
1322625	1322630	CONTROLS	
1322625	1322638	CONTROLS	
1322625	1322590	CONTROLS	
1322625	1322586	CONTROLS	
1322650	1322655	CONTROLS	
1322650	1322661	CONTROLS	
1322684	1322678	DOM	
1322542	1322546	DOM	
1322523	1322530	DOM	
1322608	1322613	DOM	
1322576	1322586	DOM	
1322613	1322625	DOM	
1322530	1322535	DOM	
1322567	1322573	DOM	
1322667	1322673	DOM	
1322546	1322560	DOM	
1322560	1322567	DOM	
1322586	1322640	DOM	
1322681	1322522	DOM	
1322608	1322590	DOM	
1322650	1322655	DOM	
1322640	1322650	DOM	
1322560	1322685	DOM	
1322560	1322576	DOM	
1322650	1322667	DOM	
1322630	1322638	DOM	
1322522	1322523	DOM	
1322655	1322661	DOM	
1322625	1322630	DOM	
1322684	1322684	DOM	
1322678	1322681	DOM	
1322596	1322608	DOM	
1322535	1322542	DOM	
1322586	1322596	DOM	
1322681	1322678	POST_DOM	
1322560	1322546	POST_DOM	
1322535	1322530	POST_DOM	
1322625	1322613	POST_DOM	
1322685	1322586	POST_DOM	
1322685	1322625	POST_DOM	
1322542	1322535	POST_DOM	
1322685	1322573	POST_DOM	
1322685	1322673	POST_DOM	
1322685	1322560	POST_DOM	
1322573	1322567	POST_DOM	
1322650	1322640	POST_DOM	
1322523	1322522	POST_DOM	
1322586	1322590	POST_DOM	
1322661	1322655	POST_DOM	
1322667	1322650	POST_DOM	
1322685	1322685	POST_DOM	
1322586	1322576	POST_DOM	
1322673	1322667	POST_DOM	
1322685	1322638	POST_DOM	
1322530	1322523	POST_DOM	
1322650	1322661	POST_DOM	
1322638	1322630	POST_DOM	
1322678	1322684	POST_DOM	
1322522	1322681	POST_DOM	
1322685	1322608	POST_DOM	
1322546	1322542	POST_DOM	
1322608	1322596	POST_DOM	
1322519	1322520	IS_FUNCTION_OF_AST	
1322519	1322684	IS_FUNCTION_OF_CFG	
1322430	1322519	IS_FILE_OF	
1322712	1322713	IS_AST_PARENT	
1322711	1322712	IS_AST_PARENT	
1322717	1322718	IS_AST_PARENT	
1322716	1322717	IS_AST_PARENT	
1322720	1322721	IS_AST_PARENT	
1322719	1322720	IS_AST_PARENT	
1322716	1322719	IS_AST_PARENT	
1322715	1322716	IS_AST_PARENT	
1322714	1322715	IS_AST_PARENT	
1322722	1322723	IS_AST_PARENT	
1322714	1322722	IS_AST_PARENT	
1322711	1322714	IS_AST_PARENT	
1322710	1322711	IS_AST_PARENT	
1322710	1322724	IS_AST_PARENT	
1322709	1322710	IS_AST_PARENT	
1322727	1322728	IS_AST_PARENT	
1322726	1322727	IS_AST_PARENT	
1322732	1322733	IS_AST_PARENT	
1322731	1322732	IS_AST_PARENT	
1322735	1322736	IS_AST_PARENT	
1322734	1322735	IS_AST_PARENT	
1322731	1322734	IS_AST_PARENT	
1322730	1322731	IS_AST_PARENT	
1322729	1322730	IS_AST_PARENT	
1322737	1322738	IS_AST_PARENT	
1322729	1322737	IS_AST_PARENT	
1322726	1322729	IS_AST_PARENT	
1322725	1322726	IS_AST_PARENT	
1322725	1322739	IS_AST_PARENT	
1322709	1322725	IS_AST_PARENT	
1322708	1322709	IS_AST_PARENT	
1322707	1322708	IS_AST_PARENT	
1322740	1322741	IS_AST_PARENT	
1322707	1322740	IS_AST_PARENT	
1322706	1322707	IS_AST_PARENT	
1322706	1322742	IS_AST_PARENT	
1322706	1322743	IS_AST_PARENT	
1322745	1322746	IS_AST_PARENT	
1322745	1322747	IS_AST_PARENT	
1322744	1322745	IS_AST_PARENT	
1322748	1322749	IS_AST_PARENT	
1322748	1322750	IS_AST_PARENT	
1322744	1322748	IS_AST_PARENT	
1322706	1322744	IS_AST_PARENT	
1322751	1322745	FLOWS_TO	
1322745	1322748	FLOWS_TO	
1322748	1322708	FLOWS_TO	
1322708	1322752	FLOWS_TO	
1322740	1322752	FLOWS_TO	
1322745	1322753	DEF	
1322708	1322753	USE	
1322720	1322753	USE	
1322708	1322754	USE	
1322735	1322754	USE	
1322748	1322755	DEF	
1322708	1322755	USE	
1322737	1322755	USE	
1322722	1322755	USE	
1322708	1322756	USE	
1322708	1322757	USE	
1322715	1322757	USE	
1322730	1322757	USE	
1322745	1322708	REACHES	_d154eaeca394e91c9e1668923179e403
1322748	1322708	REACHES	_dd10ad8e2df847c5052b4432f32f1586
1322751	1322745	CONTROLS	
1322751	1322748	CONTROLS	
1322751	1322708	CONTROLS	
1322751	1322751	DOM	
1322745	1322748	DOM	
1322751	1322745	DOM	
1322748	1322708	DOM	
1322708	1322752	DOM	
1322752	1322740	POST_DOM	
1322745	1322751	POST_DOM	
1322708	1322748	POST_DOM	
1322748	1322745	POST_DOM	
1322752	1322708	POST_DOM	
1322752	1322752	POST_DOM	
1322705	1322706	IS_FUNCTION_OF_AST	
1322705	1322751	IS_FUNCTION_OF_CFG	
1322430	1322705	IS_FILE_OF	
1322762	1322763	IS_AST_PARENT	
1322762	1322764	IS_AST_PARENT	
1322761	1322762	IS_AST_PARENT	
1322760	1322761	IS_AST_PARENT	
1322766	1322767	IS_AST_PARENT	
1322766	1322768	IS_AST_PARENT	
1322765	1322766	IS_AST_PARENT	
1322760	1322765	IS_AST_PARENT	
1322770	1322771	IS_AST_PARENT	
1322770	1322772	IS_AST_PARENT	
1322770	1322773	IS_AST_PARENT	
1322769	1322770	IS_AST_PARENT	
1322760	1322769	IS_AST_PARENT	
1322776	1322777	IS_AST_PARENT	
1322779	1322780	IS_AST_PARENT	
1322778	1322779	IS_AST_PARENT	
1322782	1322783	IS_AST_PARENT	
1322781	1322782	IS_AST_PARENT	
1322785	1322786	IS_AST_PARENT	
1322785	1322787	IS_AST_PARENT	
1322784	1322785	IS_AST_PARENT	
1322781	1322784	IS_AST_PARENT	
1322789	1322790	IS_AST_PARENT	
1322789	1322791	IS_AST_PARENT	
1322788	1322789	IS_AST_PARENT	
1322781	1322788	IS_AST_PARENT	
1322778	1322781	IS_AST_PARENT	
1322776	1322778	IS_AST_PARENT	
1322775	1322776	IS_AST_PARENT	
1322774	1322775	IS_AST_PARENT	
1322792	1322793	IS_AST_PARENT	
1322774	1322792	IS_AST_PARENT	
1322760	1322774	IS_AST_PARENT	
1322795	1322796	IS_AST_PARENT	
1322797	1322798	IS_AST_PARENT	
1322799	1322800	IS_AST_PARENT	
1322799	1322801	IS_AST_PARENT	
1322797	1322799	IS_AST_PARENT	
1322795	1322797	IS_AST_PARENT	
1322794	1322795	IS_AST_PARENT	
1322760	1322794	IS_AST_PARENT	
1322804	1322805	IS_AST_PARENT	
1322807	1322808	IS_AST_PARENT	
1322806	1322807	IS_AST_PARENT	
1322810	1322811	IS_AST_PARENT	
1322809	1322810	IS_AST_PARENT	
1322812	1322813	IS_AST_PARENT	
1322809	1322812	IS_AST_PARENT	
1322814	1322815	IS_AST_PARENT	
1322809	1322814	IS_AST_PARENT	
1322806	1322809	IS_AST_PARENT	
1322804	1322806	IS_AST_PARENT	
1322803	1322804	IS_AST_PARENT	
1322802	1322803	IS_AST_PARENT	
1322816	1322817	IS_AST_PARENT	
1322802	1322816	IS_AST_PARENT	
1322760	1322802	IS_AST_PARENT	
1322819	1322820	IS_AST_PARENT	
1322819	1322821	IS_AST_PARENT	
1322818	1322819	IS_AST_PARENT	
1322760	1322818	IS_AST_PARENT	
1322823	1322824	IS_AST_PARENT	
1322823	1322825	IS_AST_PARENT	
1322822	1322823	IS_AST_PARENT	
1322760	1322822	IS_AST_PARENT	
1322827	1322828	IS_AST_PARENT	
1322827	1322829	IS_AST_PARENT	
1322830	1322831	IS_AST_PARENT	
1322830	1322832	IS_AST_PARENT	
1322827	1322830	IS_AST_PARENT	
1322826	1322827	IS_AST_PARENT	
1322760	1322826	IS_AST_PARENT	
1322834	1322835	IS_AST_PARENT	
1322834	1322836	IS_AST_PARENT	
1322834	1322837	IS_AST_PARENT	
1322838	1322839	IS_AST_PARENT	
1322838	1322840	IS_AST_PARENT	
1322834	1322838	IS_AST_PARENT	
1322833	1322834	IS_AST_PARENT	
1322760	1322833	IS_AST_PARENT	
1322842	1322843	IS_AST_PARENT	
1322842	1322844	IS_AST_PARENT	
1322842	1322845	IS_AST_PARENT	
1322846	1322847	IS_AST_PARENT	
1322846	1322848	IS_AST_PARENT	
1322842	1322846	IS_AST_PARENT	
1322841	1322842	IS_AST_PARENT	
1322760	1322841	IS_AST_PARENT	
1322850	1322851	IS_AST_PARENT	
1322850	1322852	IS_AST_PARENT	
1322850	1322853	IS_AST_PARENT	
1322854	1322855	IS_AST_PARENT	
1322854	1322856	IS_AST_PARENT	
1322850	1322854	IS_AST_PARENT	
1322849	1322850	IS_AST_PARENT	
1322760	1322849	IS_AST_PARENT	
1322858	1322859	IS_AST_PARENT	
1322858	1322860	IS_AST_PARENT	
1322858	1322861	IS_AST_PARENT	
1322862	1322863	IS_AST_PARENT	
1322864	1322865	IS_AST_PARENT	
1322862	1322864	IS_AST_PARENT	
1322858	1322862	IS_AST_PARENT	
1322857	1322858	IS_AST_PARENT	
1322760	1322857	IS_AST_PARENT	
1322867	1322868	IS_AST_PARENT	
1322867	1322869	IS_AST_PARENT	
1322870	1322871	IS_AST_PARENT	
1322873	1322874	IS_AST_PARENT	
1322872	1322873	IS_AST_PARENT	
1322876	1322877	IS_AST_PARENT	
1322875	1322876	IS_AST_PARENT	
1322872	1322875	IS_AST_PARENT	
1322870	1322872	IS_AST_PARENT	
1322867	1322870	IS_AST_PARENT	
1322866	1322867	IS_AST_PARENT	
1322760	1322866	IS_AST_PARENT	
1322879	1322880	IS_AST_PARENT	
1322879	1322881	IS_AST_PARENT	
1322882	1322883	IS_AST_PARENT	
1322885	1322886	IS_AST_PARENT	
1322884	1322885	IS_AST_PARENT	
1322888	1322889	IS_AST_PARENT	
1322887	1322888	IS_AST_PARENT	
1322890	1322891	IS_AST_PARENT	
1322887	1322890	IS_AST_PARENT	
1322884	1322887	IS_AST_PARENT	
1322882	1322884	IS_AST_PARENT	
1322879	1322882	IS_AST_PARENT	
1322878	1322879	IS_AST_PARENT	
1322760	1322878	IS_AST_PARENT	
1322893	1322894	IS_AST_PARENT	
1322892	1322893	IS_AST_PARENT	
1322898	1322899	IS_AST_PARENT	
1322897	1322898	IS_AST_PARENT	
1322901	1322902	IS_AST_PARENT	
1322900	1322901	IS_AST_PARENT	
1322903	1322904	IS_AST_PARENT	
1322900	1322903	IS_AST_PARENT	
1322905	1322906	IS_AST_PARENT	
1322900	1322905	IS_AST_PARENT	
1322897	1322900	IS_AST_PARENT	
1322896	1322897	IS_AST_PARENT	
1322895	1322896	IS_AST_PARENT	
1322908	1322909	IS_AST_PARENT	
1322908	1322910	IS_AST_PARENT	
1322911	1322912	IS_AST_PARENT	
1322914	1322915	IS_AST_PARENT	
1322913	1322914	IS_AST_PARENT	
1322917	1322918	IS_AST_PARENT	
1322916	1322917	IS_AST_PARENT	
1322913	1322916	IS_AST_PARENT	
1322911	1322913	IS_AST_PARENT	
1322908	1322911	IS_AST_PARENT	
1322907	1322908	IS_AST_PARENT	
1322895	1322907	IS_AST_PARENT	
1322921	1322922	IS_AST_PARENT	
1322920	1322921	IS_AST_PARENT	
1322924	1322925	IS_AST_PARENT	
1322923	1322924	IS_AST_PARENT	
1322920	1322923	IS_AST_PARENT	
1322919	1322920	IS_AST_PARENT	
1322895	1322919	IS_AST_PARENT	
1322928	1322929	IS_AST_PARENT	
1322928	1322930	IS_AST_PARENT	
1322927	1322928	IS_AST_PARENT	
1322926	1322927	IS_AST_PARENT	
1322933	1322934	IS_AST_PARENT	
1322933	1322935	IS_AST_PARENT	
1322936	1322937	IS_AST_PARENT	
1322939	1322940	IS_AST_PARENT	
1322938	1322939	IS_AST_PARENT	
1322944	1322945	IS_AST_PARENT	
1322944	1322946	IS_AST_PARENT	
1322943	1322944	IS_AST_PARENT	
1322947	1322948	IS_AST_PARENT	
1322947	1322949	IS_AST_PARENT	
1322943	1322947	IS_AST_PARENT	
1322942	1322943	IS_AST_PARENT	
1322941	1322942	IS_AST_PARENT	
1322938	1322941	IS_AST_PARENT	
1322936	1322938	IS_AST_PARENT	
1322933	1322936	IS_AST_PARENT	
1322932	1322933	IS_AST_PARENT	
1322931	1322932	IS_AST_PARENT	
1322951	1322952	IS_AST_PARENT	
1322951	1322953	IS_AST_PARENT	
1322954	1322955	IS_AST_PARENT	
1322957	1322958	IS_AST_PARENT	
1322956	1322957	IS_AST_PARENT	
1322960	1322961	IS_AST_PARENT	
1322959	1322960	IS_AST_PARENT	
1322962	1322963	IS_AST_PARENT	
1322959	1322962	IS_AST_PARENT	
1322956	1322959	IS_AST_PARENT	
1322954	1322956	IS_AST_PARENT	
1322951	1322954	IS_AST_PARENT	
1322950	1322951	IS_AST_PARENT	
1322931	1322950	IS_AST_PARENT	
1322965	1322966	IS_AST_PARENT	
1322965	1322967	IS_AST_PARENT	
1322968	1322969	IS_AST_PARENT	
1322968	1322970	IS_AST_PARENT	
1322965	1322968	IS_AST_PARENT	
1322964	1322965	IS_AST_PARENT	
1322931	1322964	IS_AST_PARENT	
1322975	1322976	IS_AST_PARENT	
1322974	1322975	IS_AST_PARENT	
1322978	1322979	IS_AST_PARENT	
1322977	1322978	IS_AST_PARENT	
1322981	1322982	IS_AST_PARENT	
1322981	1322983	IS_AST_PARENT	
1322980	1322981	IS_AST_PARENT	
1322977	1322980	IS_AST_PARENT	
1322984	1322985	IS_AST_PARENT	
1322977	1322984	IS_AST_PARENT	
1322974	1322977	IS_AST_PARENT	
1322973	1322974	IS_AST_PARENT	
1322973	1322986	IS_AST_PARENT	
1322972	1322973	IS_AST_PARENT	
1322971	1322972	IS_AST_PARENT	
1322991	1322992	IS_AST_PARENT	
1322990	1322991	IS_AST_PARENT	
1322994	1322995	IS_AST_PARENT	
1322993	1322994	IS_AST_PARENT	
1322996	1322997	IS_AST_PARENT	
1322993	1322996	IS_AST_PARENT	
1322990	1322993	IS_AST_PARENT	
1322989	1322990	IS_AST_PARENT	
1322988	1322989	IS_AST_PARENT	
1323000	1323001	IS_AST_PARENT	
1323000	1323002	IS_AST_PARENT	
1322999	1323000	IS_AST_PARENT	
1322998	1322999	IS_AST_PARENT	
1322998	1323003	IS_AST_PARENT	
1322988	1322998	IS_AST_PARENT	
1322987	1322988	IS_AST_PARENT	
1323006	1323007	IS_AST_PARENT	
1323006	1323008	IS_AST_PARENT	
1323005	1323006	IS_AST_PARENT	
1323004	1323005	IS_AST_PARENT	
1323013	1323014	IS_AST_PARENT	
1323012	1323013	IS_AST_PARENT	
1323016	1323017	IS_AST_PARENT	
1323015	1323016	IS_AST_PARENT	
1323018	1323019	IS_AST_PARENT	
1323015	1323018	IS_AST_PARENT	
1323012	1323015	IS_AST_PARENT	
1323011	1323012	IS_AST_PARENT	
1323010	1323011	IS_AST_PARENT	
1323023	1323024	IS_AST_PARENT	
1323022	1323023	IS_AST_PARENT	
1323026	1323027	IS_AST_PARENT	
1323025	1323026	IS_AST_PARENT	
1323031	1323032	IS_AST_PARENT	
1323030	1323031	IS_AST_PARENT	
1323034	1323035	IS_AST_PARENT	
1323033	1323034	IS_AST_PARENT	
1323036	1323037	IS_AST_PARENT	
1323033	1323036	IS_AST_PARENT	
1323030	1323033	IS_AST_PARENT	
1323029	1323030	IS_AST_PARENT	
1323029	1323038	IS_AST_PARENT	
1323028	1323029	IS_AST_PARENT	
1323025	1323028	IS_AST_PARENT	
1323022	1323025	IS_AST_PARENT	
1323021	1323022	IS_AST_PARENT	
1323020	1323021	IS_AST_PARENT	
1323020	1323039	IS_AST_PARENT	
1323010	1323020	IS_AST_PARENT	
1323009	1323010	IS_AST_PARENT	
1323004	1323009	IS_AST_PARENT	
1322987	1323004	IS_AST_PARENT	
1322971	1322987	IS_AST_PARENT	
1322931	1322971	IS_AST_PARENT	
1323042	1323043	IS_AST_PARENT	
1323041	1323042	IS_AST_PARENT	
1323045	1323046	IS_AST_PARENT	
1323044	1323045	IS_AST_PARENT	
1323041	1323044	IS_AST_PARENT	
1323040	1323041	IS_AST_PARENT	
1322931	1323040	IS_AST_PARENT	
1322926	1322931	IS_AST_PARENT	
1322895	1322926	IS_AST_PARENT	
1322892	1322895	IS_AST_PARENT	
1323049	1323050	IS_AST_PARENT	
1323048	1323049	IS_AST_PARENT	
1323047	1323048	IS_AST_PARENT	
1322892	1323047	IS_AST_PARENT	
1322760	1322892	IS_AST_PARENT	
1323052	1323053	IS_AST_PARENT	
1323052	1323054	IS_AST_PARENT	
1323052	1323055	IS_AST_PARENT	
1323051	1323052	IS_AST_PARENT	
1322760	1323051	IS_AST_PARENT	
1323057	1323058	IS_AST_PARENT	
1323057	1323059	IS_AST_PARENT	
1323060	1323061	IS_AST_PARENT	
1323060	1323062	IS_AST_PARENT	
1323057	1323060	IS_AST_PARENT	
1323056	1323057	IS_AST_PARENT	
1322760	1323056	IS_AST_PARENT	
1323064	1323065	IS_AST_PARENT	
1323064	1323066	IS_AST_PARENT	
1323064	1323067	IS_AST_PARENT	
1323063	1323064	IS_AST_PARENT	
1323068	1323069	IS_AST_PARENT	
1323068	1323070	IS_AST_PARENT	
1323068	1323071	IS_AST_PARENT	
1323063	1323068	IS_AST_PARENT	
1322760	1323063	IS_AST_PARENT	
1323073	1323074	IS_AST_PARENT	
1323073	1323075	IS_AST_PARENT	
1323073	1323076	IS_AST_PARENT	
1323072	1323073	IS_AST_PARENT	
1322760	1323072	IS_AST_PARENT	
1322760	1323077	IS_AST_PARENT	
1323079	1323080	IS_AST_PARENT	
1323079	1323081	IS_AST_PARENT	
1323079	1323082	IS_AST_PARENT	
1323078	1323079	IS_AST_PARENT	
1322760	1323078	IS_AST_PARENT	
1323085	1323086	IS_AST_PARENT	
1323084	1323085	IS_AST_PARENT	
1323088	1323089	IS_AST_PARENT	
1323087	1323088	IS_AST_PARENT	
1323090	1323091	IS_AST_PARENT	
1323087	1323090	IS_AST_PARENT	
1323092	1323093	IS_AST_PARENT	
1323087	1323092	IS_AST_PARENT	
1323084	1323087	IS_AST_PARENT	
1323083	1323084	IS_AST_PARENT	
1322760	1323083	IS_AST_PARENT	
1323096	1323097	IS_AST_PARENT	
1323095	1323096	IS_AST_PARENT	
1323099	1323100	IS_AST_PARENT	
1323098	1323099	IS_AST_PARENT	
1323101	1323102	IS_AST_PARENT	
1323098	1323101	IS_AST_PARENT	
1323103	1323104	IS_AST_PARENT	
1323098	1323103	IS_AST_PARENT	
1323095	1323098	IS_AST_PARENT	
1323094	1323095	IS_AST_PARENT	
1322760	1323094	IS_AST_PARENT	
1323107	1323108	IS_AST_PARENT	
1323106	1323107	IS_AST_PARENT	
1323110	1323111	IS_AST_PARENT	
1323109	1323110	IS_AST_PARENT	
1323112	1323113	IS_AST_PARENT	
1323109	1323112	IS_AST_PARENT	
1323114	1323115	IS_AST_PARENT	
1323109	1323114	IS_AST_PARENT	
1323106	1323109	IS_AST_PARENT	
1323105	1323106	IS_AST_PARENT	
1322760	1323105	IS_AST_PARENT	
1323118	1323119	IS_AST_PARENT	
1323117	1323118	IS_AST_PARENT	
1323121	1323122	IS_AST_PARENT	
1323120	1323121	IS_AST_PARENT	
1323123	1323124	IS_AST_PARENT	
1323120	1323123	IS_AST_PARENT	
1323117	1323120	IS_AST_PARENT	
1323116	1323117	IS_AST_PARENT	
1322760	1323116	IS_AST_PARENT	
1323127	1323128	IS_AST_PARENT	
1323127	1323129	IS_AST_PARENT	
1323126	1323127	IS_AST_PARENT	
1323125	1323126	IS_AST_PARENT	
1323133	1323134	IS_AST_PARENT	
1323133	1323135	IS_AST_PARENT	
1323132	1323133	IS_AST_PARENT	
1323132	1323136	IS_AST_PARENT	
1323131	1323132	IS_AST_PARENT	
1323138	1323139	IS_AST_PARENT	
1323138	1323140	IS_AST_PARENT	
1323137	1323138	IS_AST_PARENT	
1323137	1323141	IS_AST_PARENT	
1323131	1323137	IS_AST_PARENT	
1323130	1323131	IS_AST_PARENT	
1323125	1323130	IS_AST_PARENT	
1323142	1323143	IS_AST_PARENT	
1323142	1323144	IS_AST_PARENT	
1323125	1323142	IS_AST_PARENT	
1323125	1323145	IS_AST_PARENT	
1322760	1323125	IS_AST_PARENT	
1323149	1323150	IS_AST_PARENT	
1323151	1323152	IS_AST_PARENT	
1323151	1323153	IS_AST_PARENT	
1323149	1323151	IS_AST_PARENT	
1323148	1323149	IS_AST_PARENT	
1323155	1323156	IS_AST_PARENT	
1323154	1323155	IS_AST_PARENT	
1323158	1323159	IS_AST_PARENT	
1323157	1323158	IS_AST_PARENT	
1323154	1323157	IS_AST_PARENT	
1323148	1323154	IS_AST_PARENT	
1323147	1323148	IS_AST_PARENT	
1323146	1323147	IS_AST_PARENT	
1323163	1323164	IS_AST_PARENT	
1323162	1323163	IS_AST_PARENT	
1323166	1323167	IS_AST_PARENT	
1323165	1323166	IS_AST_PARENT	
1323168	1323169	IS_AST_PARENT	
1323165	1323168	IS_AST_PARENT	
1323162	1323165	IS_AST_PARENT	
1323161	1323162	IS_AST_PARENT	
1323160	1323161	IS_AST_PARENT	
1323146	1323160	IS_AST_PARENT	
1323174	1323175	IS_AST_PARENT	
1323173	1323174	IS_AST_PARENT	
1323177	1323178	IS_AST_PARENT	
1323176	1323177	IS_AST_PARENT	
1323179	1323180	IS_AST_PARENT	
1323176	1323179	IS_AST_PARENT	
1323173	1323176	IS_AST_PARENT	
1323172	1323173	IS_AST_PARENT	
1323171	1323172	IS_AST_PARENT	
1323170	1323171	IS_AST_PARENT	
1323146	1323170	IS_AST_PARENT	
1322760	1323146	IS_AST_PARENT	
1323183	1323184	IS_AST_PARENT	
1323183	1323185	IS_AST_PARENT	
1323182	1323183	IS_AST_PARENT	
1323182	1323186	IS_AST_PARENT	
1323181	1323182	IS_AST_PARENT	
1322760	1323181	IS_AST_PARENT	
1323189	1323190	IS_AST_PARENT	
1323188	1323189	IS_AST_PARENT	
1323192	1323193	IS_AST_PARENT	
1323191	1323192	IS_AST_PARENT	
1323194	1323195	IS_AST_PARENT	
1323191	1323194	IS_AST_PARENT	
1323188	1323191	IS_AST_PARENT	
1323187	1323188	IS_AST_PARENT	
1322760	1323187	IS_AST_PARENT	
1323199	1323200	IS_AST_PARENT	
1323199	1323201	IS_AST_PARENT	
1323198	1323199	IS_AST_PARENT	
1323202	1323203	IS_AST_PARENT	
1323205	1323206	IS_AST_PARENT	
1323204	1323205	IS_AST_PARENT	
1323208	1323209	IS_AST_PARENT	
1323207	1323208	IS_AST_PARENT	
1323210	1323211	IS_AST_PARENT	
1323207	1323210	IS_AST_PARENT	
1323212	1323213	IS_AST_PARENT	
1323207	1323212	IS_AST_PARENT	
1323204	1323207	IS_AST_PARENT	
1323202	1323204	IS_AST_PARENT	
1323198	1323202	IS_AST_PARENT	
1323197	1323198	IS_AST_PARENT	
1323196	1323197	IS_AST_PARENT	
1323215	1323216	IS_AST_PARENT	
1323214	1323215	IS_AST_PARENT	
1323196	1323214	IS_AST_PARENT	
1322760	1323196	IS_AST_PARENT	
1323218	1323219	IS_AST_PARENT	
1323221	1323222	IS_AST_PARENT	
1323220	1323221	IS_AST_PARENT	
1323224	1323225	IS_AST_PARENT	
1323223	1323224	IS_AST_PARENT	
1323220	1323223	IS_AST_PARENT	
1323218	1323220	IS_AST_PARENT	
1323217	1323218	IS_AST_PARENT	
1322760	1323217	IS_AST_PARENT	
1323228	1323229	IS_AST_PARENT	
1323227	1323228	IS_AST_PARENT	
1323232	1323233	IS_AST_PARENT	
1323232	1323234	IS_AST_PARENT	
1323231	1323232	IS_AST_PARENT	
1323230	1323231	IS_AST_PARENT	
1323236	1323237	IS_AST_PARENT	
1323236	1323238	IS_AST_PARENT	
1323235	1323236	IS_AST_PARENT	
1323230	1323235	IS_AST_PARENT	
1323227	1323230	IS_AST_PARENT	
1323226	1323227	IS_AST_PARENT	
1322760	1323226	IS_AST_PARENT	
1323241	1323242	IS_AST_PARENT	
1323241	1323243	IS_AST_PARENT	
1323240	1323241	IS_AST_PARENT	
1323240	1323244	IS_AST_PARENT	
1323239	1323240	IS_AST_PARENT	
1322760	1323239	IS_AST_PARENT	
1323248	1323249	IS_AST_PARENT	
1323248	1323250	IS_AST_PARENT	
1323247	1323248	IS_AST_PARENT	
1323247	1323251	IS_AST_PARENT	
1323246	1323247	IS_AST_PARENT	
1323252	1323253	IS_AST_PARENT	
1323254	1323255	IS_AST_PARENT	
1323257	1323258	IS_AST_PARENT	
1323257	1323259	IS_AST_PARENT	
1323256	1323257	IS_AST_PARENT	
1323256	1323260	IS_AST_PARENT	
1323254	1323256	IS_AST_PARENT	
1323252	1323254	IS_AST_PARENT	
1323246	1323252	IS_AST_PARENT	
1323245	1323246	IS_AST_PARENT	
1322760	1323245	IS_AST_PARENT	
1323263	1323264	IS_AST_PARENT	
1323263	1323265	IS_AST_PARENT	
1323262	1323263	IS_AST_PARENT	
1323267	1323268	IS_AST_PARENT	
1323266	1323267	IS_AST_PARENT	
1323270	1323271	IS_AST_PARENT	
1323269	1323270	IS_AST_PARENT	
1323266	1323269	IS_AST_PARENT	
1323262	1323266	IS_AST_PARENT	
1323261	1323262	IS_AST_PARENT	
1322760	1323261	IS_AST_PARENT	
1323274	1323275	IS_AST_PARENT	
1323273	1323274	IS_AST_PARENT	
1323277	1323278	IS_AST_PARENT	
1323276	1323277	IS_AST_PARENT	
1323279	1323280	IS_AST_PARENT	
1323276	1323279	IS_AST_PARENT	
1323281	1323282	IS_AST_PARENT	
1323276	1323281	IS_AST_PARENT	
1323273	1323276	IS_AST_PARENT	
1323272	1323273	IS_AST_PARENT	
1322760	1323272	IS_AST_PARENT	
1323285	1323286	IS_AST_PARENT	
1323284	1323285	IS_AST_PARENT	
1323288	1323289	IS_AST_PARENT	
1323287	1323288	IS_AST_PARENT	
1323290	1323291	IS_AST_PARENT	
1323287	1323290	IS_AST_PARENT	
1323284	1323287	IS_AST_PARENT	
1323283	1323284	IS_AST_PARENT	
1322760	1323283	IS_AST_PARENT	
1323294	1323295	IS_AST_PARENT	
1323293	1323294	IS_AST_PARENT	
1323297	1323298	IS_AST_PARENT	
1323296	1323297	IS_AST_PARENT	
1323299	1323300	IS_AST_PARENT	
1323296	1323299	IS_AST_PARENT	
1323293	1323296	IS_AST_PARENT	
1323292	1323293	IS_AST_PARENT	
1322760	1323292	IS_AST_PARENT	
1323303	1323304	IS_AST_PARENT	
1323302	1323303	IS_AST_PARENT	
1323306	1323307	IS_AST_PARENT	
1323305	1323306	IS_AST_PARENT	
1323308	1323309	IS_AST_PARENT	
1323305	1323308	IS_AST_PARENT	
1323302	1323305	IS_AST_PARENT	
1323301	1323302	IS_AST_PARENT	
1322760	1323301	IS_AST_PARENT	
1323312	1323313	IS_AST_PARENT	
1323311	1323312	IS_AST_PARENT	
1323315	1323316	IS_AST_PARENT	
1323314	1323315	IS_AST_PARENT	
1323317	1323318	IS_AST_PARENT	
1323314	1323317	IS_AST_PARENT	
1323311	1323314	IS_AST_PARENT	
1323310	1323311	IS_AST_PARENT	
1322760	1323310	IS_AST_PARENT	
1323321	1323322	IS_AST_PARENT	
1323320	1323321	IS_AST_PARENT	
1323324	1323325	IS_AST_PARENT	
1323323	1323324	IS_AST_PARENT	
1323326	1323327	IS_AST_PARENT	
1323323	1323326	IS_AST_PARENT	
1323320	1323323	IS_AST_PARENT	
1323319	1323320	IS_AST_PARENT	
1322760	1323319	IS_AST_PARENT	
1323330	1323331	IS_AST_PARENT	
1323329	1323330	IS_AST_PARENT	
1323333	1323334	IS_AST_PARENT	
1323332	1323333	IS_AST_PARENT	
1323335	1323336	IS_AST_PARENT	
1323332	1323335	IS_AST_PARENT	
1323329	1323332	IS_AST_PARENT	
1323328	1323329	IS_AST_PARENT	
1322760	1323328	IS_AST_PARENT	
1323339	1323340	IS_AST_PARENT	
1323338	1323339	IS_AST_PARENT	
1323342	1323343	IS_AST_PARENT	
1323341	1323342	IS_AST_PARENT	
1323344	1323345	IS_AST_PARENT	
1323341	1323344	IS_AST_PARENT	
1323338	1323341	IS_AST_PARENT	
1323337	1323338	IS_AST_PARENT	
1322760	1323337	IS_AST_PARENT	
1323347	1323348	IS_AST_PARENT	
1323347	1323349	IS_AST_PARENT	
1323346	1323347	IS_AST_PARENT	
1322760	1323346	IS_AST_PARENT	
1323353	1323354	IS_AST_PARENT	
1323353	1323355	IS_AST_PARENT	
1323352	1323353	IS_AST_PARENT	
1323356	1323357	IS_AST_PARENT	
1323359	1323360	IS_AST_PARENT	
1323358	1323359	IS_AST_PARENT	
1323362	1323363	IS_AST_PARENT	
1323361	1323362	IS_AST_PARENT	
1323365	1323366	IS_AST_PARENT	
1323367	1323368	IS_AST_PARENT	
1323367	1323369	IS_AST_PARENT	
1323365	1323367	IS_AST_PARENT	
1323364	1323365	IS_AST_PARENT	
1323361	1323364	IS_AST_PARENT	
1323371	1323372	IS_AST_PARENT	
1323373	1323374	IS_AST_PARENT	
1323373	1323375	IS_AST_PARENT	
1323371	1323373	IS_AST_PARENT	
1323370	1323371	IS_AST_PARENT	
1323361	1323370	IS_AST_PARENT	
1323358	1323361	IS_AST_PARENT	
1323356	1323358	IS_AST_PARENT	
1323352	1323356	IS_AST_PARENT	
1323351	1323352	IS_AST_PARENT	
1323350	1323351	IS_AST_PARENT	
1323377	1323378	IS_AST_PARENT	
1323376	1323377	IS_AST_PARENT	
1323350	1323376	IS_AST_PARENT	
1322760	1323350	IS_AST_PARENT	
1323380	1323381	IS_AST_PARENT	
1323380	1323382	IS_AST_PARENT	
1323379	1323380	IS_AST_PARENT	
1322760	1323379	IS_AST_PARENT	
1323386	1323387	IS_AST_PARENT	
1323386	1323388	IS_AST_PARENT	
1323385	1323386	IS_AST_PARENT	
1323389	1323390	IS_AST_PARENT	
1323392	1323393	IS_AST_PARENT	
1323391	1323392	IS_AST_PARENT	
1323395	1323396	IS_AST_PARENT	
1323394	1323395	IS_AST_PARENT	
1323397	1323398	IS_AST_PARENT	
1323394	1323397	IS_AST_PARENT	
1323401	1323402	IS_AST_PARENT	
1323400	1323401	IS_AST_PARENT	
1323404	1323405	IS_AST_PARENT	
1323403	1323404	IS_AST_PARENT	
1323400	1323403	IS_AST_PARENT	
1323399	1323400	IS_AST_PARENT	
1323394	1323399	IS_AST_PARENT	
1323406	1323407	IS_AST_PARENT	
1323394	1323406	IS_AST_PARENT	
1323391	1323394	IS_AST_PARENT	
1323389	1323391	IS_AST_PARENT	
1323385	1323389	IS_AST_PARENT	
1323384	1323385	IS_AST_PARENT	
1323383	1323384	IS_AST_PARENT	
1323409	1323410	IS_AST_PARENT	
1323408	1323409	IS_AST_PARENT	
1323383	1323408	IS_AST_PARENT	
1322760	1323383	IS_AST_PARENT	
1323413	1323414	IS_AST_PARENT	
1323412	1323413	IS_AST_PARENT	
1323416	1323417	IS_AST_PARENT	
1323415	1323416	IS_AST_PARENT	
1323418	1323419	IS_AST_PARENT	
1323415	1323418	IS_AST_PARENT	
1323420	1323421	IS_AST_PARENT	
1323415	1323420	IS_AST_PARENT	
1323412	1323415	IS_AST_PARENT	
1323411	1323412	IS_AST_PARENT	
1322760	1323411	IS_AST_PARENT	
1323424	1323425	IS_AST_PARENT	
1323423	1323424	IS_AST_PARENT	
1323427	1323428	IS_AST_PARENT	
1323426	1323427	IS_AST_PARENT	
1323429	1323430	IS_AST_PARENT	
1323426	1323429	IS_AST_PARENT	
1323423	1323426	IS_AST_PARENT	
1323422	1323423	IS_AST_PARENT	
1322760	1323422	IS_AST_PARENT	
1323432	1323433	IS_AST_PARENT	
1323432	1323434	IS_AST_PARENT	
1323435	1323436	IS_AST_PARENT	
1323438	1323439	IS_AST_PARENT	
1323437	1323438	IS_AST_PARENT	
1323441	1323442	IS_AST_PARENT	
1323440	1323441	IS_AST_PARENT	
1323443	1323444	IS_AST_PARENT	
1323440	1323443	IS_AST_PARENT	
1323437	1323440	IS_AST_PARENT	
1323435	1323437	IS_AST_PARENT	
1323432	1323435	IS_AST_PARENT	
1323431	1323432	IS_AST_PARENT	
1322760	1323431	IS_AST_PARENT	
1323447	1323448	IS_AST_PARENT	
1323447	1323449	IS_AST_PARENT	
1323446	1323447	IS_AST_PARENT	
1323445	1323446	IS_AST_PARENT	
1323451	1323452	IS_AST_PARENT	
1323450	1323451	IS_AST_PARENT	
1323445	1323450	IS_AST_PARENT	
1322760	1323445	IS_AST_PARENT	
1323454	1323455	IS_AST_PARENT	
1323453	1323454	IS_AST_PARENT	
1323458	1323459	IS_AST_PARENT	
1323458	1323460	IS_AST_PARENT	
1323457	1323458	IS_AST_PARENT	
1323456	1323457	IS_AST_PARENT	
1323462	1323463	IS_AST_PARENT	
1323465	1323466	IS_AST_PARENT	
1323464	1323465	IS_AST_PARENT	
1323468	1323469	IS_AST_PARENT	
1323467	1323468	IS_AST_PARENT	
1323470	1323471	IS_AST_PARENT	
1323467	1323470	IS_AST_PARENT	
1323472	1323473	IS_AST_PARENT	
1323467	1323472	IS_AST_PARENT	
1323474	1323475	IS_AST_PARENT	
1323467	1323474	IS_AST_PARENT	
1323464	1323467	IS_AST_PARENT	
1323462	1323464	IS_AST_PARENT	
1323461	1323462	IS_AST_PARENT	
1323456	1323461	IS_AST_PARENT	
1323478	1323479	IS_AST_PARENT	
1323478	1323480	IS_AST_PARENT	
1323477	1323478	IS_AST_PARENT	
1323476	1323477	IS_AST_PARENT	
1323476	1323481	IS_AST_PARENT	
1323456	1323476	IS_AST_PARENT	
1323484	1323485	IS_AST_PARENT	
1323483	1323484	IS_AST_PARENT	
1323487	1323488	IS_AST_PARENT	
1323486	1323487	IS_AST_PARENT	
1323489	1323490	IS_AST_PARENT	
1323486	1323489	IS_AST_PARENT	
1323483	1323486	IS_AST_PARENT	
1323482	1323483	IS_AST_PARENT	
1323456	1323482	IS_AST_PARENT	
1323453	1323456	IS_AST_PARENT	
1322760	1323453	IS_AST_PARENT	
1323493	1323494	IS_AST_PARENT	
1323492	1323493	IS_AST_PARENT	
1323496	1323497	IS_AST_PARENT	
1323495	1323496	IS_AST_PARENT	
1323492	1323495	IS_AST_PARENT	
1323491	1323492	IS_AST_PARENT	
1322760	1323491	IS_AST_PARENT	
1323499	1323500	IS_AST_PARENT	
1323499	1323501	IS_AST_PARENT	
1323502	1323503	IS_AST_PARENT	
1323505	1323506	IS_AST_PARENT	
1323504	1323505	IS_AST_PARENT	
1323508	1323509	IS_AST_PARENT	
1323507	1323508	IS_AST_PARENT	
1323510	1323511	IS_AST_PARENT	
1323507	1323510	IS_AST_PARENT	
1323504	1323507	IS_AST_PARENT	
1323502	1323504	IS_AST_PARENT	
1323499	1323502	IS_AST_PARENT	
1323498	1323499	IS_AST_PARENT	
1322760	1323498	IS_AST_PARENT	
1323514	1323515	IS_AST_PARENT	
1323514	1323516	IS_AST_PARENT	
1323513	1323514	IS_AST_PARENT	
1323512	1323513	IS_AST_PARENT	
1323518	1323519	IS_AST_PARENT	
1323517	1323518	IS_AST_PARENT	
1323512	1323517	IS_AST_PARENT	
1322760	1323512	IS_AST_PARENT	
1323522	1323523	IS_AST_PARENT	
1323521	1323522	IS_AST_PARENT	
1323525	1323526	IS_AST_PARENT	
1323524	1323525	IS_AST_PARENT	
1323527	1323528	IS_AST_PARENT	
1323524	1323527	IS_AST_PARENT	
1323529	1323530	IS_AST_PARENT	
1323524	1323529	IS_AST_PARENT	
1323531	1323532	IS_AST_PARENT	
1323524	1323531	IS_AST_PARENT	
1323521	1323524	IS_AST_PARENT	
1323520	1323521	IS_AST_PARENT	
1322760	1323520	IS_AST_PARENT	
1323535	1323536	IS_AST_PARENT	
1323534	1323535	IS_AST_PARENT	
1323538	1323539	IS_AST_PARENT	
1323537	1323538	IS_AST_PARENT	
1323534	1323537	IS_AST_PARENT	
1323533	1323534	IS_AST_PARENT	
1322760	1323533	IS_AST_PARENT	
1323541	1323542	IS_AST_PARENT	
1323541	1323543	IS_AST_PARENT	
1323544	1323545	IS_AST_PARENT	
1323547	1323548	IS_AST_PARENT	
1323546	1323547	IS_AST_PARENT	
1323550	1323551	IS_AST_PARENT	
1323549	1323550	IS_AST_PARENT	
1323552	1323553	IS_AST_PARENT	
1323549	1323552	IS_AST_PARENT	
1323546	1323549	IS_AST_PARENT	
1323544	1323546	IS_AST_PARENT	
1323541	1323544	IS_AST_PARENT	
1323540	1323541	IS_AST_PARENT	
1322760	1323540	IS_AST_PARENT	
1323556	1323557	IS_AST_PARENT	
1323556	1323558	IS_AST_PARENT	
1323555	1323556	IS_AST_PARENT	
1323554	1323555	IS_AST_PARENT	
1323560	1323561	IS_AST_PARENT	
1323559	1323560	IS_AST_PARENT	
1323554	1323559	IS_AST_PARENT	
1322760	1323554	IS_AST_PARENT	
1323564	1323565	IS_AST_PARENT	
1323563	1323564	IS_AST_PARENT	
1323567	1323568	IS_AST_PARENT	
1323566	1323567	IS_AST_PARENT	
1323569	1323570	IS_AST_PARENT	
1323566	1323569	IS_AST_PARENT	
1323571	1323572	IS_AST_PARENT	
1323566	1323571	IS_AST_PARENT	
1323573	1323574	IS_AST_PARENT	
1323566	1323573	IS_AST_PARENT	
1323563	1323566	IS_AST_PARENT	
1323562	1323563	IS_AST_PARENT	
1322760	1323562	IS_AST_PARENT	
1323577	1323578	IS_AST_PARENT	
1323576	1323577	IS_AST_PARENT	
1323580	1323581	IS_AST_PARENT	
1323579	1323580	IS_AST_PARENT	
1323576	1323579	IS_AST_PARENT	
1323575	1323576	IS_AST_PARENT	
1322760	1323575	IS_AST_PARENT	
1323584	1323585	IS_AST_PARENT	
1323583	1323584	IS_AST_PARENT	
1323587	1323588	IS_AST_PARENT	
1323586	1323587	IS_AST_PARENT	
1323583	1323586	IS_AST_PARENT	
1323582	1323583	IS_AST_PARENT	
1322760	1323582	IS_AST_PARENT	
1323589	1323590	IS_AST_PARENT	
1322760	1323589	IS_AST_PARENT	
1322760	1323591	IS_AST_PARENT	
1323593	1323594	IS_AST_PARENT	
1323592	1323593	IS_AST_PARENT	
1323598	1323599	IS_AST_PARENT	
1323598	1323600	IS_AST_PARENT	
1323597	1323598	IS_AST_PARENT	
1323602	1323603	IS_AST_PARENT	
1323601	1323602	IS_AST_PARENT	
1323605	1323606	IS_AST_PARENT	
1323604	1323605	IS_AST_PARENT	
1323601	1323604	IS_AST_PARENT	
1323597	1323601	IS_AST_PARENT	
1323596	1323597	IS_AST_PARENT	
1323595	1323596	IS_AST_PARENT	
1323609	1323610	IS_AST_PARENT	
1323611	1323612	IS_AST_PARENT	
1323611	1323613	IS_AST_PARENT	
1323609	1323611	IS_AST_PARENT	
1323608	1323609	IS_AST_PARENT	
1323607	1323608	IS_AST_PARENT	
1323614	1323615	IS_AST_PARENT	
1323607	1323614	IS_AST_PARENT	
1323595	1323607	IS_AST_PARENT	
1323592	1323595	IS_AST_PARENT	
1322760	1323592	IS_AST_PARENT	
1323616	1323617	IS_AST_PARENT	
1322760	1323616	IS_AST_PARENT	
1322759	1322760	IS_AST_PARENT	
1322759	1323618	IS_AST_PARENT	
1322759	1323619	IS_AST_PARENT	
1323621	1323622	IS_AST_PARENT	
1323621	1323623	IS_AST_PARENT	
1323620	1323621	IS_AST_PARENT	
1323624	1323625	IS_AST_PARENT	
1323624	1323626	IS_AST_PARENT	
1323620	1323624	IS_AST_PARENT	
1322759	1323620	IS_AST_PARENT	
1323627	1323621	FLOWS_TO	
1323621	1323624	FLOWS_TO	
1323624	1322761	FLOWS_TO	
1322761	1322765	FLOWS_TO	
1322765	1322769	FLOWS_TO	
1322769	1322775	FLOWS_TO	
1322775	1322792	FLOWS_TO	
1322775	1322794	FLOWS_TO	
1322792	1323628	FLOWS_TO	
1322794	1322803	FLOWS_TO	
1322803	1322816	FLOWS_TO	
1322803	1322818	FLOWS_TO	
1322816	1323628	FLOWS_TO	
1322818	1322822	FLOWS_TO	
1322822	1322826	FLOWS_TO	
1322826	1322833	FLOWS_TO	
1322833	1322841	FLOWS_TO	
1322841	1322849	FLOWS_TO	
1322849	1322857	FLOWS_TO	
1322857	1322866	FLOWS_TO	
1322866	1322878	FLOWS_TO	
1322878	1322893	FLOWS_TO	
1322893	1322896	FLOWS_TO	
1322893	1323049	FLOWS_TO	
1322896	1322907	FLOWS_TO	
1322907	1322919	FLOWS_TO	
1322919	1322927	FLOWS_TO	
1322927	1322932	FLOWS_TO	
1322927	1323051	FLOWS_TO	
1322932	1322950	FLOWS_TO	
1322950	1322964	FLOWS_TO	
1322964	1322972	FLOWS_TO	
1322972	1322989	FLOWS_TO	
1322972	1323040	FLOWS_TO	
1322989	1322999	FLOWS_TO	
1322989	1323005	FLOWS_TO	
1322999	1323003	FLOWS_TO	
1323003	1322972	FLOWS_TO	
1323005	1323011	FLOWS_TO	
1323005	1322972	FLOWS_TO	
1323011	1323021	FLOWS_TO	
1323011	1322972	FLOWS_TO	
1323021	1323039	FLOWS_TO	
1323039	1323040	FLOWS_TO	
1323040	1323051	FLOWS_TO	
1323049	1323589	FLOWS_TO	
1323051	1323056	FLOWS_TO	
1323056	1323063	FLOWS_TO	
1323063	1323072	FLOWS_TO	
1323072	1323077	FLOWS_TO	
1323077	1323078	FLOWS_TO	
1323078	1323083	FLOWS_TO	
1323083	1323094	FLOWS_TO	
1323094	1323105	FLOWS_TO	
1323105	1323116	FLOWS_TO	
1323116	1323126	FLOWS_TO	
1323130	1323145	FLOWS_TO	
1323130	1323147	FLOWS_TO	
1323126	1323130	FLOWS_TO	
1323142	1323130	FLOWS_TO	
1323145	1323142	FLOWS_TO	
1323147	1323161	FLOWS_TO	
1323147	1323172	FLOWS_TO	
1323161	1323181	FLOWS_TO	
1323172	1323181	FLOWS_TO	
1323181	1323187	FLOWS_TO	
1323187	1323197	FLOWS_TO	
1323197	1323215	FLOWS_TO	
1323197	1323217	FLOWS_TO	
1323215	1323589	FLOWS_TO	
1323217	1323226	FLOWS_TO	
1323226	1323239	FLOWS_TO	
1323239	1323245	FLOWS_TO	
1323245	1323261	FLOWS_TO	
1323261	1323272	FLOWS_TO	
1323272	1323283	FLOWS_TO	
1323283	1323292	FLOWS_TO	
1323292	1323301	FLOWS_TO	
1323301	1323310	FLOWS_TO	
1323310	1323319	FLOWS_TO	
1323319	1323328	FLOWS_TO	
1323328	1323337	FLOWS_TO	
1323337	1323346	FLOWS_TO	
1323346	1323351	FLOWS_TO	
1323351	1323377	FLOWS_TO	
1323351	1323379	FLOWS_TO	
1323377	1323589	FLOWS_TO	
1323379	1323384	FLOWS_TO	
1323384	1323409	FLOWS_TO	
1323384	1323411	FLOWS_TO	
1323409	1323589	FLOWS_TO	
1323411	1323422	FLOWS_TO	
1323422	1323431	FLOWS_TO	
1323431	1323446	FLOWS_TO	
1323446	1323451	FLOWS_TO	
1323446	1323454	FLOWS_TO	
1323451	1323589	FLOWS_TO	
1323454	1323457	FLOWS_TO	
1323454	1323491	FLOWS_TO	
1323457	1323461	FLOWS_TO	
1323461	1323477	FLOWS_TO	
1323477	1323481	FLOWS_TO	
1323477	1323482	FLOWS_TO	
1323481	1323491	FLOWS_TO	
1323482	1323454	FLOWS_TO	
1323491	1323498	FLOWS_TO	
1323498	1323513	FLOWS_TO	
1323513	1323518	FLOWS_TO	
1323513	1323520	FLOWS_TO	
1323518	1323589	FLOWS_TO	
1323520	1323533	FLOWS_TO	
1323533	1323540	FLOWS_TO	
1323540	1323555	FLOWS_TO	
1323555	1323560	FLOWS_TO	
1323555	1323562	FLOWS_TO	
1323560	1323589	FLOWS_TO	
1323562	1323575	FLOWS_TO	
1323575	1323582	FLOWS_TO	
1323582	1323589	FLOWS_TO	
1323589	1323591	FLOWS_TO	
1323591	1323593	FLOWS_TO	
1323593	1323596	FLOWS_TO	
1323593	1323616	FLOWS_TO	
1323596	1323608	FLOWS_TO	
1323608	1323614	FLOWS_TO	
1323608	1323616	FLOWS_TO	
1323614	1323628	FLOWS_TO	
1323616	1323628	FLOWS_TO	
1323072	1323629	DEF	
1323073	1323629	DEF	
1323272	1323629	USE	
1323277	1323629	USE	
1323283	1323629	USE	
1323288	1323629	USE	
1323292	1323629	USE	
1323297	1323629	USE	
1323301	1323629	USE	
1323306	1323629	USE	
1323310	1323629	USE	
1323315	1323629	USE	
1323319	1323629	USE	
1323324	1323629	USE	
1323328	1323629	USE	
1323333	1323629	USE	
1323337	1323629	USE	
1323342	1323629	USE	
1323384	1323629	USE	
1323397	1323629	USE	
1323404	1323629	USE	
1323261	1323630	USE	
1323262	1323630	USE	
1322794	1323631	USE	
1322795	1323631	USE	
1323540	1323632	DEF	
1323541	1323632	DEF	
1323544	1323632	DEF	
1323555	1323632	USE	
1323562	1323632	USE	
1323573	1323632	USE	
1323575	1323632	USE	
1323580	1323632	USE	
1322972	1323633	USE	
1323147	1323634	USE	
1323384	1323634	USE	
1323399	1323634	USE	
1322765	1323635	DEF	
1322766	1323635	DEF	
1322794	1323635	DEF	
1322795	1323635	DEF	
1322803	1323635	USE	
1322810	1323635	USE	
1323498	1323636	DEF	
1323499	1323636	DEF	
1323502	1323636	DEF	
1323513	1323636	USE	
1323520	1323636	USE	
1323531	1323636	USE	
1323533	1323636	USE	
1323538	1323636	USE	
1322907	1323637	DEF	
1322911	1323637	DEF	
1322908	1323637	DEF	
1322927	1323637	USE	
1322932	1323637	USE	
1322942	1323637	USE	
1323245	1323638	USE	
1323252	1323638	USE	
1323063	1323639	DEF	
1323068	1323639	DEF	
1323105	1323639	USE	
1323110	1323639	USE	
1323161	1323639	USE	
1323166	1323639	USE	
1323172	1323639	USE	
1323177	1323639	USE	
1323292	1323639	USE	
1323299	1323639	USE	
1322950	1323640	DEF	
1322954	1323640	DEF	
1322951	1323640	DEF	
1322972	1323640	USE	
1322984	1323640	USE	
1323040	1323640	USE	
1323045	1323640	USE	
1323245	1323641	DEF	
1323246	1323641	DEF	
1322761	1323642	DEF	
1322762	1323642	DEF	
1322794	1323642	USE	
1322799	1323642	USE	
1322795	1323642	USE	
1323245	1323643	USE	
1323246	1323643	USE	
1323245	1323644	USE	
1323246	1323644	USE	
1323379	1323645	DEF	
1323380	1323645	DEF	
1323384	1323645	DEF	
1323389	1323645	DEF	
1322826	1323646	USE	
1322830	1323646	USE	
1322826	1323646	DEF	
1322830	1323646	DEF	
1322972	1323646	USE	
1323239	1323647	DEF	
1323240	1323647	DEF	
1322775	1323648	USE	
1322784	1323648	USE	
1322878	1323649	DEF	
1322882	1323649	DEF	
1322879	1323649	DEF	
1322893	1323649	USE	
1322896	1323649	USE	
1322901	1323649	USE	
1322907	1323649	USE	
1322917	1323649	USE	
1322919	1323649	USE	
1322924	1323649	USE	
1323078	1323650	DEF	
1323079	1323650	DEF	
1323411	1323650	USE	
1323416	1323650	USE	
1323461	1323650	USE	
1323470	1323650	USE	
1323482	1323650	USE	
1323487	1323650	USE	
1323197	1323651	USE	
1323208	1323651	USE	
1323239	1323651	USE	
1323240	1323651	USE	
1322826	1323652	DEF	
1322827	1323652	DEF	
1323217	1323652	DEF	
1323218	1323652	DEF	
1323245	1323652	USE	
1323257	1323652	USE	
1322932	1323653	DEF	
1322936	1323653	DEF	
1322933	1323653	DEF	
1322972	1323653	USE	
1322978	1323653	USE	
1322989	1323653	USE	
1322994	1323653	USE	
1323011	1323653	USE	
1323016	1323653	USE	
1323021	1323653	USE	
1323034	1323653	USE	
1323245	1323654	DEF	
1323246	1323654	DEF	
1323245	1323654	USE	
1323247	1323654	USE	
1322964	1323655	DEF	
1322968	1323655	DEF	
1322965	1323655	DEF	
1322999	1323655	DEF	
1323000	1323655	DEF	
1323005	1323655	USE	
1322989	1323656	USE	
1323011	1323656	USE	
1323021	1323656	USE	
1323028	1323656	USE	
1323346	1323657	DEF	
1323347	1323657	DEF	
1323351	1323657	DEF	
1323356	1323657	DEF	
1323056	1323658	DEF	
1323060	1323658	DEF	
1323057	1323658	DEF	
1323130	1323658	USE	
1323133	1323658	USE	
1323138	1323658	USE	
1323126	1323658	DEF	
1323127	1323658	DEF	
1323147	1323658	USE	
1323172	1323658	USE	
1323179	1323658	USE	
1323181	1323658	USE	
1323183	1323658	USE	
1323226	1323659	USE	
1323231	1323659	USE	
1323351	1323659	USE	
1323364	1323659	USE	
1323384	1323660	USE	
1323389	1323660	USE	
1323245	1323661	USE	
1323256	1323661	USE	
1323621	1323662	DEF	
1322775	1323662	USE	
1322782	1323662	USE	
1322907	1323663	USE	
1322911	1323663	USE	
1323596	1323664	DEF	
1323597	1323664	DEF	
1323608	1323664	USE	
1323261	1323665	DEF	
1323262	1323665	DEF	
1322803	1323666	USE	
1322775	1323667	USE	
1323197	1323668	USE	
1323210	1323668	USE	
1323461	1323669	USE	
1323462	1323669	USE	
1323130	1323670	USE	
1323181	1323670	DEF	
1323182	1323670	DEF	
1323624	1323671	DEF	
1323593	1323671	USE	
1323596	1323671	USE	
1323598	1323671	USE	
1323608	1323671	USE	
1323611	1323671	USE	
1323245	1323672	USE	
1323246	1323672	USE	
1323351	1323673	USE	
1323356	1323673	USE	
1323245	1323674	USE	
1323256	1323674	USE	
1322866	1323675	USE	
1322870	1323675	USE	
1322932	1323675	USE	
1322936	1323675	USE	
1322878	1323676	USE	
1322882	1323676	USE	
1322950	1323676	USE	
1322954	1323676	USE	
1323431	1323676	USE	
1323435	1323676	USE	
1323498	1323676	USE	
1323502	1323676	USE	
1323540	1323676	USE	
1323544	1323676	USE	
1323217	1323677	USE	
1323218	1323677	USE	
1322769	1323678	DEF	
1322770	1323678	DEF	
1322803	1323678	USE	
1322812	1323678	USE	
1323596	1323678	USE	
1323605	1323678	USE	
1322833	1323679	DEF	
1322834	1323679	DEF	
1322838	1323679	DEF	
1323116	1323679	USE	
1323123	1323679	USE	
1322849	1323680	DEF	
1322854	1323680	DEF	
1322850	1323680	DEF	
1323431	1323680	USE	
1323441	1323680	USE	
1323498	1323680	USE	
1323508	1323680	USE	
1322822	1323681	DEF	
1322823	1323681	DEF	
1323239	1323681	USE	
1323241	1323681	USE	
1323239	1323681	DEF	
1323240	1323681	DEF	
1323245	1323681	USE	
1323248	1323681	USE	
1323245	1323681	DEF	
1323246	1323681	DEF	
1323247	1323681	USE	
1323261	1323681	DEF	
1323262	1323681	DEF	
1323261	1323681	USE	
1323263	1323681	USE	
1322818	1323682	DEF	
1322819	1323682	DEF	
1323197	1323682	DEF	
1323202	1323682	DEF	
1323351	1323682	USE	
1323362	1323682	USE	
1323384	1323682	USE	
1323395	1323682	USE	
1323461	1323682	USE	
1323468	1323682	USE	
1323582	1323682	USE	
1323587	1323682	USE	
1322866	1323683	DEF	
1322867	1323683	DEF	
1322870	1323683	DEF	
1323520	1323683	USE	
1323525	1323683	USE	
1323562	1323683	USE	
1323567	1323683	USE	
1323063	1323684	DEF	
1323064	1323684	DEF	
1323094	1323684	USE	
1323099	1323684	USE	
1323187	1323684	USE	
1323192	1323684	USE	
1323217	1323684	USE	
1323224	1323684	USE	
1323319	1323684	USE	
1323326	1323684	USE	
1322857	1323685	DEF	
1322858	1323685	DEF	
1322862	1323685	DEF	
1323021	1323685	USE	
1323026	1323685	USE	
1323422	1323685	USE	
1323427	1323685	USE	
1323540	1323685	USE	
1323550	1323685	USE	
1323457	1323686	DEF	
1323458	1323686	DEF	
1323461	1323686	DEF	
1323462	1323686	DEF	
1323477	1323686	USE	
1322896	1323687	USE	
1322905	1323687	USE	
1323245	1323688	USE	
1323252	1323688	USE	
1323431	1323689	DEF	
1323432	1323689	DEF	
1323435	1323689	DEF	
1323446	1323689	USE	
1323482	1323689	USE	
1323489	1323689	USE	
1323491	1323689	USE	
1323496	1323689	USE	
1323051	1323690	DEF	
1323052	1323690	DEF	
1323083	1323690	USE	
1323088	1323690	USE	
1323116	1323690	USE	
1323121	1323690	USE	
1323126	1323690	USE	
1323127	1323690	USE	
1323147	1323690	USE	
1323158	1323690	USE	
1323187	1323690	USE	
1323194	1323690	USE	
1322841	1323691	DEF	
1322846	1323691	DEF	
1322842	1323691	DEF	
1322878	1323691	USE	
1322888	1323691	USE	
1322950	1323691	USE	
1322960	1323691	USE	
1322803	1323692	USE	
1322814	1323692	USE	
1323197	1323693	USE	
1323202	1323693	USE	
1323596	1323694	USE	
1323597	1323694	USE	
1323072	1323319	REACHES	_44197ae65585a1cf4eb09b96401145da
1323072	1323272	REACHES	_44197ae65585a1cf4eb09b96401145da
1323072	1323283	REACHES	_44197ae65585a1cf4eb09b96401145da
1323072	1323292	REACHES	_44197ae65585a1cf4eb09b96401145da
1323072	1323301	REACHES	_44197ae65585a1cf4eb09b96401145da
1323072	1323310	REACHES	_44197ae65585a1cf4eb09b96401145da
1323072	1323328	REACHES	_44197ae65585a1cf4eb09b96401145da
1323072	1323337	REACHES	_44197ae65585a1cf4eb09b96401145da
1323072	1323384	REACHES	_44197ae65585a1cf4eb09b96401145da
1323540	1323555	REACHES	_208167ea77cb78a9c1f9e8ebe0248138
1323540	1323562	REACHES	_208167ea77cb78a9c1f9e8ebe0248138
1323540	1323575	REACHES	_208167ea77cb78a9c1f9e8ebe0248138
1322794	1322803	REACHES	_54d45356c62f6c3db7cbdb74f9333752
1323498	1323513	REACHES	_78fd35d6190ba0b1902543fa8f1ebc05
1323498	1323520	REACHES	_78fd35d6190ba0b1902543fa8f1ebc05
1323498	1323533	REACHES	_78fd35d6190ba0b1902543fa8f1ebc05
1322907	1322927	REACHES	_6700d1d96536b7193a70def101695011
1322907	1322932	REACHES	_6700d1d96536b7193a70def101695011
1323063	1323105	REACHES	_d56cc74a8cd3cc9eb613b00aac5904ec
1323063	1323161	REACHES	_d56cc74a8cd3cc9eb613b00aac5904ec
1323063	1323172	REACHES	_d56cc74a8cd3cc9eb613b00aac5904ec
1323063	1323292	REACHES	_d56cc74a8cd3cc9eb613b00aac5904ec
1322950	1322972	REACHES	_57f10acaa52c4ecebbae84f383b676e6
1322950	1323040	REACHES	_57f10acaa52c4ecebbae84f383b676e6
1322761	1322794	REACHES	info
1322826	1322972	REACHES	NULL
1322878	1322893	REACHES	_d49826cc31b0e72c4fe267e1c9de1746
1322878	1322896	REACHES	_d49826cc31b0e72c4fe267e1c9de1746
1322878	1322907	REACHES	_d49826cc31b0e72c4fe267e1c9de1746
1322878	1322919	REACHES	_d49826cc31b0e72c4fe267e1c9de1746
1323078	1323411	REACHES	_6e2c39e7e621554cc1c2318f567312d4
1323078	1323461	REACHES	_6e2c39e7e621554cc1c2318f567312d4
1323078	1323482	REACHES	_6e2c39e7e621554cc1c2318f567312d4
1323217	1323245	REACHES	_a3be8aff2d67dd4f932cd131a82a9022
1322932	1322972	REACHES	_f7899880eaf2f3223fdd8910645367f1
1322932	1322989	REACHES	_f7899880eaf2f3223fdd8910645367f1
1322932	1323011	REACHES	_f7899880eaf2f3223fdd8910645367f1
1322932	1323021	REACHES	_f7899880eaf2f3223fdd8910645367f1
1322999	1323005	REACHES	_158027c55dbc0008c6dae64e5e9ff6ee
1322964	1323005	REACHES	_158027c55dbc0008c6dae64e5e9ff6ee
1323126	1323130	REACHES	_58befad4c27e42ac407b0382241c0dfd
1323126	1323147	REACHES	_58befad4c27e42ac407b0382241c0dfd
1323126	1323172	REACHES	_58befad4c27e42ac407b0382241c0dfd
1323126	1323181	REACHES	_58befad4c27e42ac407b0382241c0dfd
1323621	1322775	REACHES	_941080cae3ea47bcb048ca2c10974704
1323596	1323628	REACHES	* _573faab7dd35a3f927e6f5920db8194b
1323596	1323608	REACHES	* _573faab7dd35a3f927e6f5920db8194b
1323624	1323593	REACHES	_573faab7dd35a3f927e6f5920db8194b
1323624	1323596	REACHES	_573faab7dd35a3f927e6f5920db8194b
1323624	1323608	REACHES	_573faab7dd35a3f927e6f5920db8194b
1322769	1322803	REACHES	_a166648f7c1ae9d3826277d5db38b108
1322833	1323116	REACHES	_d7b0618b3c878127b87452a7e06d15bb
1322849	1323431	REACHES	_5dfffe12f1a112c29504506cbda4790d
1322849	1323498	REACHES	_5dfffe12f1a112c29504506cbda4790d
1322769	1323596	REACHES	_a166648f7c1ae9d3826277d5db38b108
1322822	1323239	REACHES	_bcf0b97a5776ebaada451f301cb17e3b
1323239	1323245	REACHES	_bcf0b97a5776ebaada451f301cb17e3b
1323245	1323261	REACHES	_bcf0b97a5776ebaada451f301cb17e3b
1323197	1323351	REACHES	_db91cc6e3db0258018faaa758da1b5cf
1323197	1323384	REACHES	_db91cc6e3db0258018faaa758da1b5cf
1323197	1323461	REACHES	_db91cc6e3db0258018faaa758da1b5cf
1323197	1323582	REACHES	_db91cc6e3db0258018faaa758da1b5cf
1323063	1323094	REACHES	_cbcaf8e5ffabe7ccc7b5f6ea598940e1
1323063	1323187	REACHES	_cbcaf8e5ffabe7ccc7b5f6ea598940e1
1323063	1323217	REACHES	_cbcaf8e5ffabe7ccc7b5f6ea598940e1
1323063	1323319	REACHES	_cbcaf8e5ffabe7ccc7b5f6ea598940e1
1322866	1323520	REACHES	_f31e3d269d4f812df1274403405d4c2d
1322866	1323562	REACHES	_f31e3d269d4f812df1274403405d4c2d
1322857	1323021	REACHES	_a06ac525b03072d693b051c59e844eda
1322857	1323422	REACHES	_a06ac525b03072d693b051c59e844eda
1322857	1323540	REACHES	_a06ac525b03072d693b051c59e844eda
1323461	1323477	REACHES	_52b0059511a15b2aaec5735faf1b82ae
1323431	1323446	REACHES	_985b97af3ea723bc05266119e1a33ab2
1323431	1323482	REACHES	_985b97af3ea723bc05266119e1a33ab2
1323431	1323491	REACHES	_985b97af3ea723bc05266119e1a33ab2
1323051	1323083	REACHES	_97ec24bcba20ab8061eccd0987fea512
1323051	1323116	REACHES	_97ec24bcba20ab8061eccd0987fea512
1323051	1323126	REACHES	_97ec24bcba20ab8061eccd0987fea512
1323051	1323147	REACHES	_97ec24bcba20ab8061eccd0987fea512
1323051	1323187	REACHES	_97ec24bcba20ab8061eccd0987fea512
1322841	1322878	REACHES	_9779102dbde59ae003823d9c25d3c7e4
1322841	1322950	REACHES	_9779102dbde59ae003823d9c25d3c7e4
1323627	1323621	CONTROLS	
1323627	1323624	CONTROLS	
1323627	1322761	CONTROLS	
1323627	1322765	CONTROLS	
1323627	1322769	CONTROLS	
1323627	1322775	CONTROLS	
1322775	1322792	CONTROLS	
1322775	1322794	CONTROLS	
1322775	1322803	CONTROLS	
1322803	1322816	CONTROLS	
1322803	1322818	CONTROLS	
1322803	1322822	CONTROLS	
1322803	1322826	CONTROLS	
1322803	1322833	CONTROLS	
1322803	1322841	CONTROLS	
1322803	1322849	CONTROLS	
1322803	1322857	CONTROLS	
1322803	1322866	CONTROLS	
1322803	1322878	CONTROLS	
1322803	1322893	CONTROLS	
1322803	1323589	CONTROLS	
1322803	1323591	CONTROLS	
1322803	1323593	CONTROLS	
1322893	1322896	CONTROLS	
1322893	1322907	CONTROLS	
1322893	1322919	CONTROLS	
1322893	1322927	CONTROLS	
1322893	1323051	CONTROLS	
1322893	1323056	CONTROLS	
1322893	1323063	CONTROLS	
1322893	1323072	CONTROLS	
1322893	1323077	CONTROLS	
1322893	1323078	CONTROLS	
1322893	1323083	CONTROLS	
1322893	1323094	CONTROLS	
1322893	1323105	CONTROLS	
1322893	1323116	CONTROLS	
1322893	1323126	CONTROLS	
1322893	1323130	CONTROLS	
1322893	1323147	CONTROLS	
1322893	1323181	CONTROLS	
1322893	1323187	CONTROLS	
1322893	1323197	CONTROLS	
1322893	1323049	CONTROLS	
1322927	1322932	CONTROLS	
1322927	1322950	CONTROLS	
1322927	1322964	CONTROLS	
1322927	1322972	CONTROLS	
1322927	1323040	CONTROLS	
1322972	1322989	CONTROLS	
1322989	1322999	CONTROLS	
1322989	1323003	CONTROLS	
1322989	1322972	CONTROLS	
1322989	1323005	CONTROLS	
1323005	1323011	CONTROLS	
1323005	1322972	CONTROLS	
1323011	1323021	CONTROLS	
1323011	1323039	CONTROLS	
1323011	1322972	CONTROLS	
1323130	1323145	CONTROLS	
1323130	1323142	CONTROLS	
1323147	1323161	CONTROLS	
1323147	1323172	CONTROLS	
1323197	1323215	CONTROLS	
1323197	1323217	CONTROLS	
1323197	1323226	CONTROLS	
1323197	1323239	CONTROLS	
1323197	1323245	CONTROLS	
1323197	1323261	CONTROLS	
1323197	1323272	CONTROLS	
1323197	1323283	CONTROLS	
1323197	1323292	CONTROLS	
1323197	1323301	CONTROLS	
1323197	1323310	CONTROLS	
1323197	1323319	CONTROLS	
1323197	1323328	CONTROLS	
1323197	1323337	CONTROLS	
1323197	1323346	CONTROLS	
1323197	1323351	CONTROLS	
1323351	1323377	CONTROLS	
1323351	1323379	CONTROLS	
1323351	1323384	CONTROLS	
1323384	1323409	CONTROLS	
1323384	1323411	CONTROLS	
1323384	1323422	CONTROLS	
1323384	1323431	CONTROLS	
1323384	1323446	CONTROLS	
1323446	1323451	CONTROLS	
1323446	1323454	CONTROLS	
1323446	1323491	CONTROLS	
1323446	1323498	CONTROLS	
1323446	1323513	CONTROLS	
1323454	1323457	CONTROLS	
1323454	1323461	CONTROLS	
1323454	1323477	CONTROLS	
1323477	1323481	CONTROLS	
1323477	1323482	CONTROLS	
1323477	1323454	CONTROLS	
1323513	1323518	CONTROLS	
1323513	1323520	CONTROLS	
1323513	1323533	CONTROLS	
1323513	1323540	CONTROLS	
1323513	1323555	CONTROLS	
1323555	1323560	CONTROLS	
1323555	1323562	CONTROLS	
1323555	1323575	CONTROLS	
1323555	1323582	CONTROLS	
1323593	1323596	CONTROLS	
1323593	1323608	CONTROLS	
1323593	1323616	CONTROLS	
1323608	1323614	CONTROLS	
1323608	1323616	CONTROLS	
1322989	1322999	DOM	
1323379	1323384	DOM	
1323624	1322761	DOM	
1323245	1323261	DOM	
1323446	1323454	DOM	
1323301	1323310	DOM	
1323384	1323409	DOM	
1323197	1323215	DOM	
1323261	1323272	DOM	
1323346	1323351	DOM	
1323513	1323520	DOM	
1322927	1322932	DOM	
1322972	1323040	DOM	
1323021	1323039	DOM	
1322849	1322857	DOM	
1322878	1322893	DOM	
1323608	1323614	DOM	
1323197	1323217	DOM	
1323105	1323116	DOM	
1323094	1323105	DOM	
1323491	1323498	DOM	
1323187	1323197	DOM	
1322833	1322841	DOM	
1323627	1323627	DOM	
1323072	1323077	DOM	
1322857	1322866	DOM	
1323477	1323482	DOM	
1322826	1322833	DOM	
1323540	1323555	DOM	
1323272	1323283	DOM	
1323446	1323451	DOM	
1323011	1323021	DOM	
1323005	1323011	DOM	
1323454	1323457	DOM	
1323575	1323582	DOM	
1322896	1322907	DOM	
1323593	1323596	DOM	
1323533	1323540	DOM	
1323056	1323063	DOM	
1322803	1322818	DOM	
1323147	1323172	DOM	
1323431	1323446	DOM	
1323351	1323379	DOM	
1323627	1323621	DOM	
1323422	1323431	DOM	
1322822	1322826	DOM	
1323226	1323239	DOM	
1323555	1323560	DOM	
1322794	1322803	DOM	
1323319	1323328	DOM	
1322803	1322816	DOM	
1323589	1323591	DOM	
1323130	1323147	DOM	
1323337	1323346	DOM	
1322964	1322972	DOM	
1322765	1322769	DOM	
1322972	1322989	DOM	
1322927	1323051	DOM	
1323384	1323411	DOM	
1322932	1322950	DOM	
1323181	1323187	DOM	
1323217	1323226	DOM	
1322989	1323005	DOM	
1323596	1323608	DOM	
1323351	1323377	DOM	
1322893	1322896	DOM	
1323457	1323461	DOM	
1323130	1323145	DOM	
1322866	1322878	DOM	
1323063	1323072	DOM	
1323126	1323130	DOM	
1322893	1323049	DOM	
1323239	1323245	DOM	
1323562	1323575	DOM	
1322999	1323003	DOM	
1323477	1323481	DOM	
1323078	1323083	DOM	
1323116	1323126	DOM	
1322919	1322927	DOM	
1323292	1323301	DOM	
1323310	1323319	DOM	
1322761	1322765	DOM	
1322775	1322792	DOM	
1322775	1322794	DOM	
1322775	1323628	DOM	
1323513	1323518	DOM	
1323461	1323477	DOM	
1323145	1323142	DOM	
1323621	1323624	DOM	
1323077	1323078	DOM	
1323454	1323491	DOM	
1323520	1323533	DOM	
1323328	1323337	DOM	
1322841	1322849	DOM	
1323593	1323616	DOM	
1323083	1323094	DOM	
1323051	1323056	DOM	
1322818	1322822	DOM	
1322950	1322964	DOM	
1323147	1323161	DOM	
1323411	1323422	DOM	
1323498	1323513	DOM	
1323555	1323562	DOM	
1323147	1323181	DOM	
1322893	1323589	DOM	
1323591	1323593	DOM	
1322769	1322775	DOM	
1322907	1322919	DOM	
1323283	1323292	DOM	
1323003	1322999	POST_DOM	
1323589	1323384	POST_DOM	
1322765	1322761	POST_DOM	
1323272	1323261	POST_DOM	
1323491	1323454	POST_DOM	
1323319	1323310	POST_DOM	
1323589	1323409	POST_DOM	
1323589	1323215	POST_DOM	
1323589	1323351	POST_DOM	
1323283	1323272	POST_DOM	
1323533	1323520	POST_DOM	
1322950	1322932	POST_DOM	
1323051	1323040	POST_DOM	
1323040	1323039	POST_DOM	
1323589	1322893	POST_DOM	
1322866	1322857	POST_DOM	
1323628	1323614	POST_DOM	
1323226	1323217	POST_DOM	
1323126	1323116	POST_DOM	
1323116	1323105	POST_DOM	
1323513	1323498	POST_DOM	
1323589	1323197	POST_DOM	
1322849	1322841	POST_DOM	
1323621	1323627	POST_DOM	
1323078	1323077	POST_DOM	
1322878	1322866	POST_DOM	
1323454	1323482	POST_DOM	
1322841	1322833	POST_DOM	
1323589	1323555	POST_DOM	
1323292	1323283	POST_DOM	
1323589	1323451	POST_DOM	
1323039	1323021	POST_DOM	
1323040	1323011	POST_DOM	
1323461	1323457	POST_DOM	
1323589	1323582	POST_DOM	
1322919	1322907	POST_DOM	
1323608	1323596	POST_DOM	
1323555	1323540	POST_DOM	
1323072	1323063	POST_DOM	
1322822	1322818	POST_DOM	
1323181	1323172	POST_DOM	
1323589	1323446	POST_DOM	
1323384	1323379	POST_DOM	
1323624	1323621	POST_DOM	
1323446	1323431	POST_DOM	
1322833	1322826	POST_DOM	
1323245	1323239	POST_DOM	
1323589	1323560	POST_DOM	
1323628	1322803	POST_DOM	
1323337	1323328	POST_DOM	
1323628	1322816	POST_DOM	
1323593	1323591	POST_DOM	
1323181	1323147	POST_DOM	
1323351	1323346	POST_DOM	
1323040	1322972	POST_DOM	
1322775	1322769	POST_DOM	
1323056	1323051	POST_DOM	
1323040	1322989	POST_DOM	
1323422	1323411	POST_DOM	
1323197	1323187	POST_DOM	
1322964	1322950	POST_DOM	
1323239	1323226	POST_DOM	
1323040	1323005	POST_DOM	
1323628	1323608	POST_DOM	
1323589	1323377	POST_DOM	
1322907	1322896	POST_DOM	
1323477	1323461	POST_DOM	
1323142	1323145	POST_DOM	
1322893	1322878	POST_DOM	
1323077	1323072	POST_DOM	
1323589	1323049	POST_DOM	
1323147	1323130	POST_DOM	
1323261	1323245	POST_DOM	
1323582	1323575	POST_DOM	
1322972	1323003	POST_DOM	
1323491	1323481	POST_DOM	
1323130	1323126	POST_DOM	
1323094	1323083	POST_DOM	
1323051	1322927	POST_DOM	
1323328	1323319	POST_DOM	
1323310	1323301	POST_DOM	
1322769	1322765	POST_DOM	
1323628	1322792	POST_DOM	
1322803	1322794	POST_DOM	
1323628	1323628	POST_DOM	
1323589	1323518	POST_DOM	
1323491	1323477	POST_DOM	
1323130	1323142	POST_DOM	
1322761	1323624	POST_DOM	
1323083	1323078	POST_DOM	
1323498	1323491	POST_DOM	
1323540	1323533	POST_DOM	
1323346	1323337	POST_DOM	
1322857	1322849	POST_DOM	
1323628	1323616	POST_DOM	
1323105	1323094	POST_DOM	
1323063	1323056	POST_DOM	
1322826	1322822	POST_DOM	
1322972	1322964	POST_DOM	
1323181	1323161	POST_DOM	
1323431	1323422	POST_DOM	
1323589	1323513	POST_DOM	
1323575	1323562	POST_DOM	
1323591	1323589	POST_DOM	
1323187	1323181	POST_DOM	
1323628	1323593	POST_DOM	
1323628	1322775	POST_DOM	
1322927	1322919	POST_DOM	
1323301	1323292	POST_DOM	
1322758	1322759	IS_FUNCTION_OF_AST	
1322758	1323627	IS_FUNCTION_OF_CFG	
1322430	1322758	IS_FILE_OF	
1323699	1323700	IS_AST_PARENT	
1323699	1323701	IS_AST_PARENT	
1323702	1323703	IS_AST_PARENT	
1323702	1323704	IS_AST_PARENT	
1323699	1323702	IS_AST_PARENT	
1323698	1323699	IS_AST_PARENT	
1323697	1323698	IS_AST_PARENT	
1323706	1323707	IS_AST_PARENT	
1323706	1323708	IS_AST_PARENT	
1323709	1323710	IS_AST_PARENT	
1323709	1323711	IS_AST_PARENT	
1323706	1323709	IS_AST_PARENT	
1323705	1323706	IS_AST_PARENT	
1323697	1323705	IS_AST_PARENT	
1323713	1323714	IS_AST_PARENT	
1323713	1323715	IS_AST_PARENT	
1323713	1323716	IS_AST_PARENT	
1323712	1323713	IS_AST_PARENT	
1323697	1323712	IS_AST_PARENT	
1323718	1323719	IS_AST_PARENT	
1323718	1323720	IS_AST_PARENT	
1323721	1323722	IS_AST_PARENT	
1323723	1323724	IS_AST_PARENT	
1323725	1323726	IS_AST_PARENT	
1323725	1323727	IS_AST_PARENT	
1323723	1323725	IS_AST_PARENT	
1323721	1323723	IS_AST_PARENT	
1323718	1323721	IS_AST_PARENT	
1323717	1323718	IS_AST_PARENT	
1323697	1323717	IS_AST_PARENT	
1323729	1323730	IS_AST_PARENT	
1323729	1323731	IS_AST_PARENT	
1323732	1323733	IS_AST_PARENT	
1323734	1323735	IS_AST_PARENT	
1323734	1323736	IS_AST_PARENT	
1323732	1323734	IS_AST_PARENT	
1323729	1323732	IS_AST_PARENT	
1323728	1323729	IS_AST_PARENT	
1323697	1323728	IS_AST_PARENT	
1323738	1323739	IS_AST_PARENT	
1323738	1323740	IS_AST_PARENT	
1323741	1323742	IS_AST_PARENT	
1323741	1323743	IS_AST_PARENT	
1323738	1323741	IS_AST_PARENT	
1323737	1323738	IS_AST_PARENT	
1323697	1323737	IS_AST_PARENT	
1323745	1323746	IS_AST_PARENT	
1323745	1323747	IS_AST_PARENT	
1323744	1323745	IS_AST_PARENT	
1323697	1323744	IS_AST_PARENT	
1323750	1323751	IS_AST_PARENT	
1323750	1323752	IS_AST_PARENT	
1323749	1323750	IS_AST_PARENT	
1323748	1323749	IS_AST_PARENT	
1323754	1323755	IS_AST_PARENT	
1323754	1323756	IS_AST_PARENT	
1323753	1323754	IS_AST_PARENT	
1323748	1323753	IS_AST_PARENT	
1323757	1323758	IS_AST_PARENT	
1323757	1323759	IS_AST_PARENT	
1323748	1323757	IS_AST_PARENT	
1323762	1323763	IS_AST_PARENT	
1323762	1323764	IS_AST_PARENT	
1323761	1323762	IS_AST_PARENT	
1323765	1323766	IS_AST_PARENT	
1323765	1323767	IS_AST_PARENT	
1323761	1323765	IS_AST_PARENT	
1323760	1323761	IS_AST_PARENT	
1323748	1323760	IS_AST_PARENT	
1323697	1323748	IS_AST_PARENT	
1323771	1323772	IS_AST_PARENT	
1323771	1323773	IS_AST_PARENT	
1323770	1323771	IS_AST_PARENT	
1323774	1323775	IS_AST_PARENT	
1323774	1323776	IS_AST_PARENT	
1323770	1323774	IS_AST_PARENT	
1323769	1323770	IS_AST_PARENT	
1323768	1323769	IS_AST_PARENT	
1323779	1323780	IS_AST_PARENT	
1323779	1323781	IS_AST_PARENT	
1323782	1323783	IS_AST_PARENT	
1323782	1323784	IS_AST_PARENT	
1323779	1323782	IS_AST_PARENT	
1323778	1323779	IS_AST_PARENT	
1323777	1323778	IS_AST_PARENT	
1323786	1323787	IS_AST_PARENT	
1323786	1323788	IS_AST_PARENT	
1323789	1323790	IS_AST_PARENT	
1323789	1323791	IS_AST_PARENT	
1323786	1323789	IS_AST_PARENT	
1323785	1323786	IS_AST_PARENT	
1323777	1323785	IS_AST_PARENT	
1323793	1323794	IS_AST_PARENT	
1323793	1323795	IS_AST_PARENT	
1323796	1323797	IS_AST_PARENT	
1323798	1323799	IS_AST_PARENT	
1323798	1323800	IS_AST_PARENT	
1323796	1323798	IS_AST_PARENT	
1323793	1323796	IS_AST_PARENT	
1323792	1323793	IS_AST_PARENT	
1323777	1323792	IS_AST_PARENT	
1323803	1323804	IS_AST_PARENT	
1323803	1323805	IS_AST_PARENT	
1323802	1323803	IS_AST_PARENT	
1323807	1323808	IS_AST_PARENT	
1323812	1323813	IS_AST_PARENT	
1323816	1323817	IS_AST_PARENT	
1323816	1323818	IS_AST_PARENT	
1323815	1323816	IS_AST_PARENT	
1323815	1323819	IS_AST_PARENT	
1323814	1323815	IS_AST_PARENT	
1323814	1323820	IS_AST_PARENT	
1323812	1323814	IS_AST_PARENT	
1323811	1323812	IS_AST_PARENT	
1323821	1323822	IS_AST_PARENT	
1323821	1323823	IS_AST_PARENT	
1323811	1323821	IS_AST_PARENT	
1323810	1323811	IS_AST_PARENT	
1323810	1323824	IS_AST_PARENT	
1323809	1323810	IS_AST_PARENT	
1323809	1323825	IS_AST_PARENT	
1323807	1323809	IS_AST_PARENT	
1323806	1323807	IS_AST_PARENT	
1323826	1323827	IS_AST_PARENT	
1323828	1323829	IS_AST_PARENT	
1323828	1323830	IS_AST_PARENT	
1323826	1323828	IS_AST_PARENT	
1323806	1323826	IS_AST_PARENT	
1323802	1323806	IS_AST_PARENT	
1323801	1323802	IS_AST_PARENT	
1323777	1323801	IS_AST_PARENT	
1323833	1323834	IS_AST_PARENT	
1323833	1323835	IS_AST_PARENT	
1323832	1323833	IS_AST_PARENT	
1323836	1323837	IS_AST_PARENT	
1323836	1323838	IS_AST_PARENT	
1323832	1323836	IS_AST_PARENT	
1323831	1323832	IS_AST_PARENT	
1323777	1323831	IS_AST_PARENT	
1323839	1323840	IS_AST_PARENT	
1323777	1323839	IS_AST_PARENT	
1323768	1323777	IS_AST_PARENT	
1323844	1323845	IS_AST_PARENT	
1323844	1323846	IS_AST_PARENT	
1323847	1323848	IS_AST_PARENT	
1323849	1323850	IS_AST_PARENT	
1323849	1323851	IS_AST_PARENT	
1323847	1323849	IS_AST_PARENT	
1323844	1323847	IS_AST_PARENT	
1323843	1323844	IS_AST_PARENT	
1323842	1323843	IS_AST_PARENT	
1323854	1323855	IS_AST_PARENT	
1323854	1323856	IS_AST_PARENT	
1323853	1323854	IS_AST_PARENT	
1323853	1323857	IS_AST_PARENT	
1323852	1323853	IS_AST_PARENT	
1323842	1323852	IS_AST_PARENT	
1323860	1323861	IS_AST_PARENT	
1323862	1323863	IS_AST_PARENT	
1323864	1323865	IS_AST_PARENT	
1323864	1323866	IS_AST_PARENT	
1323862	1323864	IS_AST_PARENT	
1323860	1323862	IS_AST_PARENT	
1323859	1323860	IS_AST_PARENT	
1323859	1323867	IS_AST_PARENT	
1323858	1323859	IS_AST_PARENT	
1323842	1323858	IS_AST_PARENT	
1323841	1323842	IS_AST_PARENT	
1323768	1323841	IS_AST_PARENT	
1323697	1323768	IS_AST_PARENT	
1323868	1323869	IS_AST_PARENT	
1323697	1323868	IS_AST_PARENT	
1323696	1323697	IS_AST_PARENT	
1323696	1323870	IS_AST_PARENT	
1323696	1323871	IS_AST_PARENT	
1323696	1323872	IS_AST_PARENT	
1323873	1323698	FLOWS_TO	
1323698	1323705	FLOWS_TO	
1323705	1323712	FLOWS_TO	
1323712	1323717	FLOWS_TO	
1323717	1323728	FLOWS_TO	
1323728	1323737	FLOWS_TO	
1323737	1323744	FLOWS_TO	
1323744	1323749	FLOWS_TO	
1323753	1323760	FLOWS_TO	
1323753	1323769	FLOWS_TO	
1323749	1323753	FLOWS_TO	
1323757	1323753	FLOWS_TO	
1323760	1323757	FLOWS_TO	
1323769	1323778	FLOWS_TO	
1323769	1323843	FLOWS_TO	
1323778	1323785	FLOWS_TO	
1323785	1323792	FLOWS_TO	
1323792	1323801	FLOWS_TO	
1323801	1323831	FLOWS_TO	
1323831	1323839	FLOWS_TO	
1323839	1323874	FLOWS_TO	
1323843	1323852	FLOWS_TO	
1323852	1323858	FLOWS_TO	
1323858	1323868	FLOWS_TO	
1323868	1323874	FLOWS_TO	
1323778	1323875	DEF	
1323779	1323875	DEF	
1323782	1323875	DEF	
1323801	1323875	USE	
1323802	1323875	USE	
1323792	1323876	USE	
1323796	1323876	USE	
1323698	1323877	DEF	
1323699	1323877	DEF	
1323702	1323877	DEF	
1323769	1323877	USE	
1323728	1323878	DEF	
1323732	1323878	DEF	
1323729	1323878	DEF	
1323852	1323878	USE	
1323853	1323878	USE	
1323737	1323879	DEF	
1323741	1323879	DEF	
1323738	1323879	DEF	
1323868	1323879	USE	
1323785	1323880	DEF	
1323786	1323880	DEF	
1323789	1323880	DEF	
1323801	1323881	DEF	
1323802	1323881	DEF	
1323831	1323881	DEF	
1323832	1323881	DEF	
1323831	1323881	USE	
1323832	1323881	USE	
1323744	1323882	DEF	
1323745	1323882	DEF	
1323753	1323882	USE	
1323749	1323882	DEF	
1323750	1323882	DEF	
1323757	1323882	USE	
1323757	1323882	DEF	
1323760	1323882	USE	
1323762	1323882	USE	
1323858	1323883	USE	
1323860	1323883	USE	
1323843	1323884	USE	
1323847	1323884	USE	
1323728	1323885	USE	
1323732	1323885	USE	
1323760	1323886	DEF	
1323761	1323886	DEF	
1323760	1323887	DEF	
1323761	1323887	DEF	
1323843	1323888	DEF	
1323844	1323888	DEF	
1323847	1323888	DEF	
1323852	1323888	USE	
1323854	1323888	USE	
1323858	1323888	USE	
1323864	1323888	USE	
1323852	1323889	DEF	
1323853	1323889	DEF	
1323858	1323889	USE	
1323862	1323889	USE	
1323858	1323890	DEF	
1323859	1323890	DEF	
1323717	1323891	DEF	
1323721	1323891	DEF	
1323718	1323891	DEF	
1323705	1323892	DEF	
1323709	1323892	DEF	
1323706	1323892	DEF	
1323801	1323892	USE	
1323802	1323892	USE	
1323839	1323892	USE	
1323712	1323893	DEF	
1323713	1323893	DEF	
1323717	1323893	USE	
1323725	1323893	USE	
1323721	1323893	USE	
1323760	1323893	USE	
1323762	1323893	USE	
1323792	1323894	DEF	
1323793	1323894	DEF	
1323796	1323894	DEF	
1323801	1323894	USE	
1323803	1323894	USE	
1323831	1323894	USE	
1323836	1323894	USE	
1323833	1323894	USE	
1323778	1323801	REACHES	_ade4453faf91a77ac61a8f733c878340
1323698	1323769	REACHES	_773ca0154508d33413937e0c00d3f987
1323728	1323852	REACHES	_da40226c231d1c26ed592658eb43324f
1323737	1323868	REACHES	_65483f6ea2f6dbea21e5f1699c67f20f
1323801	1323831	REACHES	* _78fb1ab7a5f785ff732ee4595c9d84b3
1323757	1323753	REACHES	i
1323749	1323753	REACHES	i
1323757	1323757	REACHES	i
1323749	1323757	REACHES	i
1323757	1323760	REACHES	i
1323749	1323760	REACHES	i
1323843	1323852	REACHES	_cf47673a52ae49ca4271577217486921
1323843	1323858	REACHES	_cf47673a52ae49ca4271577217486921
1323852	1323858	REACHES	* _cf47673a52ae49ca4271577217486921
1323712	1323717	REACHES	_4322455122a21e6536f495f7a23646ab
1323712	1323760	REACHES	_4322455122a21e6536f495f7a23646ab
1323792	1323801	REACHES	_78fb1ab7a5f785ff732ee4595c9d84b3
1323705	1323801	REACHES	_3cdc3f3dcb69a73474a208016319eed3
1323792	1323831	REACHES	_78fb1ab7a5f785ff732ee4595c9d84b3
1323705	1323839	REACHES	_3cdc3f3dcb69a73474a208016319eed3
1323873	1323698	CONTROLS	
1323873	1323705	CONTROLS	
1323873	1323712	CONTROLS	
1323873	1323717	CONTROLS	
1323873	1323728	CONTROLS	
1323873	1323737	CONTROLS	
1323873	1323744	CONTROLS	
1323873	1323749	CONTROLS	
1323873	1323753	CONTROLS	
1323873	1323769	CONTROLS	
1323753	1323760	CONTROLS	
1323753	1323757	CONTROLS	
1323769	1323778	CONTROLS	
1323769	1323785	CONTROLS	
1323769	1323792	CONTROLS	
1323769	1323801	CONTROLS	
1323769	1323831	CONTROLS	
1323769	1323839	CONTROLS	
1323769	1323843	CONTROLS	
1323769	1323852	CONTROLS	
1323769	1323858	CONTROLS	
1323769	1323868	CONTROLS	
1323843	1323852	DOM	
1323749	1323753	DOM	
1323760	1323757	DOM	
1323831	1323839	DOM	
1323698	1323705	DOM	
1323769	1323778	DOM	
1323792	1323801	DOM	
1323852	1323858	DOM	
1323705	1323712	DOM	
1323769	1323874	DOM	
1323712	1323717	DOM	
1323873	1323698	DOM	
1323873	1323873	DOM	
1323785	1323792	DOM	
1323801	1323831	DOM	
1323728	1323737	DOM	
1323737	1323744	DOM	
1323753	1323769	DOM	
1323778	1323785	DOM	
1323744	1323749	DOM	
1323717	1323728	DOM	
1323769	1323843	DOM	
1323858	1323868	DOM	
1323753	1323760	DOM	
1323858	1323852	POST_DOM	
1323769	1323753	POST_DOM	
1323874	1323839	POST_DOM	
1323753	1323757	POST_DOM	
1323712	1323705	POST_DOM	
1323785	1323778	POST_DOM	
1323831	1323801	POST_DOM	
1323868	1323858	POST_DOM	
1323717	1323712	POST_DOM	
1323874	1323874	POST_DOM	
1323728	1323717	POST_DOM	
1323705	1323698	POST_DOM	
1323801	1323792	POST_DOM	
1323698	1323873	POST_DOM	
1323839	1323831	POST_DOM	
1323744	1323737	POST_DOM	
1323749	1323744	POST_DOM	
1323874	1323769	POST_DOM	
1323792	1323785	POST_DOM	
1323753	1323749	POST_DOM	
1323737	1323728	POST_DOM	
1323874	1323868	POST_DOM	
1323852	1323843	POST_DOM	
1323757	1323760	POST_DOM	
1323695	1323696	IS_FUNCTION_OF_AST	
1323695	1323873	IS_FUNCTION_OF_CFG	
1322430	1323695	IS_FILE_OF	
1323900	1323901	IS_AST_PARENT	
1323900	1323902	IS_AST_PARENT	
1323899	1323900	IS_AST_PARENT	
1323898	1323899	IS_AST_PARENT	
1323898	1323903	IS_AST_PARENT	
1323897	1323898	IS_AST_PARENT	
1323906	1323907	IS_AST_PARENT	
1323905	1323906	IS_AST_PARENT	
1323910	1323911	IS_AST_PARENT	
1323910	1323912	IS_AST_PARENT	
1323909	1323910	IS_AST_PARENT	
1323908	1323909	IS_AST_PARENT	
1323905	1323908	IS_AST_PARENT	
1323904	1323905	IS_AST_PARENT	
1323897	1323904	IS_AST_PARENT	
1323896	1323897	IS_AST_PARENT	
1323896	1323913	IS_AST_PARENT	
1323896	1323914	IS_AST_PARENT	
1323916	1323917	IS_AST_PARENT	
1323916	1323918	IS_AST_PARENT	
1323915	1323916	IS_AST_PARENT	
1323896	1323915	IS_AST_PARENT	
1323919	1323916	FLOWS_TO	
1323916	1323899	FLOWS_TO	
1323899	1323903	FLOWS_TO	
1323899	1323904	FLOWS_TO	
1323903	1323920	FLOWS_TO	
1323904	1323920	FLOWS_TO	
1323916	1323921	DEF	
1323899	1323921	USE	
1323904	1323921	USE	
1323909	1323921	USE	
1323916	1323899	REACHES	_4dd838f3eda9255e2916e0800f3fbd2a
1323916	1323904	REACHES	_4dd838f3eda9255e2916e0800f3fbd2a
1323919	1323916	CONTROLS	
1323919	1323899	CONTROLS	
1323899	1323903	CONTROLS	
1323899	1323904	CONTROLS	
1323919	1323916	DOM	
1323899	1323920	DOM	
1323919	1323919	DOM	
1323916	1323899	DOM	
1323899	1323904	DOM	
1323899	1323903	DOM	
1323899	1323916	POST_DOM	
1323920	1323920	POST_DOM	
1323916	1323919	POST_DOM	
1323920	1323899	POST_DOM	
1323920	1323904	POST_DOM	
1323920	1323903	POST_DOM	
1323895	1323896	IS_FUNCTION_OF_AST	
1323895	1323919	IS_FUNCTION_OF_CFG	
1322430	1323895	IS_FILE_OF	
1323926	1323927	IS_AST_PARENT	
1323926	1323928	IS_AST_PARENT	
1323929	1323930	IS_AST_PARENT	
1323929	1323931	IS_AST_PARENT	
1323926	1323929	IS_AST_PARENT	
1323925	1323926	IS_AST_PARENT	
1323924	1323925	IS_AST_PARENT	
1323933	1323934	IS_AST_PARENT	
1323933	1323935	IS_AST_PARENT	
1323936	1323937	IS_AST_PARENT	
1323936	1323938	IS_AST_PARENT	
1323933	1323936	IS_AST_PARENT	
1323932	1323933	IS_AST_PARENT	
1323924	1323932	IS_AST_PARENT	
1323940	1323941	IS_AST_PARENT	
1323940	1323942	IS_AST_PARENT	
1323943	1323944	IS_AST_PARENT	
1323943	1323945	IS_AST_PARENT	
1323940	1323943	IS_AST_PARENT	
1323939	1323940	IS_AST_PARENT	
1323924	1323939	IS_AST_PARENT	
1323947	1323948	IS_AST_PARENT	
1323946	1323947	IS_AST_PARENT	
1323951	1323952	IS_AST_PARENT	
1323951	1323953	IS_AST_PARENT	
1323950	1323951	IS_AST_PARENT	
1323950	1323954	IS_AST_PARENT	
1323949	1323950	IS_AST_PARENT	
1323946	1323949	IS_AST_PARENT	
1323924	1323946	IS_AST_PARENT	
1323956	1323957	IS_AST_PARENT	
1323955	1323956	IS_AST_PARENT	
1323960	1323961	IS_AST_PARENT	
1323960	1323962	IS_AST_PARENT	
1323959	1323960	IS_AST_PARENT	
1323959	1323963	IS_AST_PARENT	
1323958	1323959	IS_AST_PARENT	
1323955	1323958	IS_AST_PARENT	
1323924	1323955	IS_AST_PARENT	
1323965	1323966	IS_AST_PARENT	
1323968	1323969	IS_AST_PARENT	
1323967	1323968	IS_AST_PARENT	
1323971	1323972	IS_AST_PARENT	
1323970	1323971	IS_AST_PARENT	
1323973	1323974	IS_AST_PARENT	
1323970	1323973	IS_AST_PARENT	
1323975	1323976	IS_AST_PARENT	
1323970	1323975	IS_AST_PARENT	
1323967	1323970	IS_AST_PARENT	
1323965	1323967	IS_AST_PARENT	
1323964	1323965	IS_AST_PARENT	
1323924	1323964	IS_AST_PARENT	
1323979	1323980	IS_AST_PARENT	
1323979	1323981	IS_AST_PARENT	
1323978	1323979	IS_AST_PARENT	
1323977	1323978	IS_AST_PARENT	
1323984	1323985	IS_AST_PARENT	
1323983	1323984	IS_AST_PARENT	
1323983	1323986	IS_AST_PARENT	
1323982	1323983	IS_AST_PARENT	
1323977	1323982	IS_AST_PARENT	
1323924	1323977	IS_AST_PARENT	
1323988	1323989	IS_AST_PARENT	
1323990	1323991	IS_AST_PARENT	
1323993	1323994	IS_AST_PARENT	
1323992	1323993	IS_AST_PARENT	
1323996	1323997	IS_AST_PARENT	
1323995	1323996	IS_AST_PARENT	
1323998	1323999	IS_AST_PARENT	
1323995	1323998	IS_AST_PARENT	
1323992	1323995	IS_AST_PARENT	
1323990	1323992	IS_AST_PARENT	
1323988	1323990	IS_AST_PARENT	
1323987	1323988	IS_AST_PARENT	
1323924	1323987	IS_AST_PARENT	
1324002	1324003	IS_AST_PARENT	
1324002	1324004	IS_AST_PARENT	
1324001	1324002	IS_AST_PARENT	
1324000	1324001	IS_AST_PARENT	
1324008	1324009	IS_AST_PARENT	
1324007	1324008	IS_AST_PARENT	
1324011	1324012	IS_AST_PARENT	
1324010	1324011	IS_AST_PARENT	
1324007	1324010	IS_AST_PARENT	
1324006	1324007	IS_AST_PARENT	
1324005	1324006	IS_AST_PARENT	
1324015	1324016	IS_AST_PARENT	
1324014	1324015	IS_AST_PARENT	
1324014	1324017	IS_AST_PARENT	
1324013	1324014	IS_AST_PARENT	
1324005	1324013	IS_AST_PARENT	
1324000	1324005	IS_AST_PARENT	
1323924	1324000	IS_AST_PARENT	
1324020	1324021	IS_AST_PARENT	
1324023	1324024	IS_AST_PARENT	
1324022	1324023	IS_AST_PARENT	
1324026	1324027	IS_AST_PARENT	
1324025	1324026	IS_AST_PARENT	
1324028	1324029	IS_AST_PARENT	
1324025	1324028	IS_AST_PARENT	
1324031	1324032	IS_AST_PARENT	
1324031	1324033	IS_AST_PARENT	
1324030	1324031	IS_AST_PARENT	
1324025	1324030	IS_AST_PARENT	
1324022	1324025	IS_AST_PARENT	
1324020	1324022	IS_AST_PARENT	
1324019	1324020	IS_AST_PARENT	
1324018	1324019	IS_AST_PARENT	
1324037	1324038	IS_AST_PARENT	
1324036	1324037	IS_AST_PARENT	
1324040	1324041	IS_AST_PARENT	
1324039	1324040	IS_AST_PARENT	
1324036	1324039	IS_AST_PARENT	
1324035	1324036	IS_AST_PARENT	
1324034	1324035	IS_AST_PARENT	
1324042	1324043	IS_AST_PARENT	
1324034	1324042	IS_AST_PARENT	
1324018	1324034	IS_AST_PARENT	
1323924	1324018	IS_AST_PARENT	
1324046	1324047	IS_AST_PARENT	
1324045	1324046	IS_AST_PARENT	
1324049	1324050	IS_AST_PARENT	
1324048	1324049	IS_AST_PARENT	
1324045	1324048	IS_AST_PARENT	
1324044	1324045	IS_AST_PARENT	
1323924	1324044	IS_AST_PARENT	
1324052	1324053	IS_AST_PARENT	
1324055	1324056	IS_AST_PARENT	
1324054	1324055	IS_AST_PARENT	
1324058	1324059	IS_AST_PARENT	
1324057	1324058	IS_AST_PARENT	
1324054	1324057	IS_AST_PARENT	
1324052	1324054	IS_AST_PARENT	
1324051	1324052	IS_AST_PARENT	
1323924	1324051	IS_AST_PARENT	
1324062	1324063	IS_AST_PARENT	
1324062	1324064	IS_AST_PARENT	
1324061	1324062	IS_AST_PARENT	
1324060	1324061	IS_AST_PARENT	
1324068	1324069	IS_AST_PARENT	
1324067	1324068	IS_AST_PARENT	
1324067	1324070	IS_AST_PARENT	
1324066	1324067	IS_AST_PARENT	
1324065	1324066	IS_AST_PARENT	
1324060	1324065	IS_AST_PARENT	
1323924	1324060	IS_AST_PARENT	
1324072	1324073	IS_AST_PARENT	
1324074	1324075	IS_AST_PARENT	
1324077	1324078	IS_AST_PARENT	
1324076	1324077	IS_AST_PARENT	
1324080	1324081	IS_AST_PARENT	
1324079	1324080	IS_AST_PARENT	
1324082	1324083	IS_AST_PARENT	
1324079	1324082	IS_AST_PARENT	
1324076	1324079	IS_AST_PARENT	
1324074	1324076	IS_AST_PARENT	
1324072	1324074	IS_AST_PARENT	
1324071	1324072	IS_AST_PARENT	
1323924	1324071	IS_AST_PARENT	
1324086	1324087	IS_AST_PARENT	
1324086	1324088	IS_AST_PARENT	
1324085	1324086	IS_AST_PARENT	
1324084	1324085	IS_AST_PARENT	
1324092	1324093	IS_AST_PARENT	
1324091	1324092	IS_AST_PARENT	
1324095	1324096	IS_AST_PARENT	
1324094	1324095	IS_AST_PARENT	
1324091	1324094	IS_AST_PARENT	
1324090	1324091	IS_AST_PARENT	
1324089	1324090	IS_AST_PARENT	
1324099	1324100	IS_AST_PARENT	
1324098	1324099	IS_AST_PARENT	
1324098	1324101	IS_AST_PARENT	
1324097	1324098	IS_AST_PARENT	
1324089	1324097	IS_AST_PARENT	
1324084	1324089	IS_AST_PARENT	
1323924	1324084	IS_AST_PARENT	
1324103	1324104	IS_AST_PARENT	
1324102	1324103	IS_AST_PARENT	
1324107	1324108	IS_AST_PARENT	
1324107	1324109	IS_AST_PARENT	
1324106	1324107	IS_AST_PARENT	
1324106	1324110	IS_AST_PARENT	
1324105	1324106	IS_AST_PARENT	
1324102	1324105	IS_AST_PARENT	
1323924	1324102	IS_AST_PARENT	
1324112	1324113	IS_AST_PARENT	
1324111	1324112	IS_AST_PARENT	
1324116	1324117	IS_AST_PARENT	
1324116	1324118	IS_AST_PARENT	
1324115	1324116	IS_AST_PARENT	
1324115	1324119	IS_AST_PARENT	
1324114	1324115	IS_AST_PARENT	
1324111	1324114	IS_AST_PARENT	
1323924	1324111	IS_AST_PARENT	
1324120	1324121	IS_AST_PARENT	
1323924	1324120	IS_AST_PARENT	
1323923	1323924	IS_AST_PARENT	
1323923	1324122	IS_AST_PARENT	
1323923	1324123	IS_AST_PARENT	
1324125	1324126	IS_AST_PARENT	
1324125	1324127	IS_AST_PARENT	
1324124	1324125	IS_AST_PARENT	
1324128	1324129	IS_AST_PARENT	
1324128	1324130	IS_AST_PARENT	
1324124	1324128	IS_AST_PARENT	
1324131	1324132	IS_AST_PARENT	
1324131	1324133	IS_AST_PARENT	
1324124	1324131	IS_AST_PARENT	
1324134	1324135	IS_AST_PARENT	
1324134	1324136	IS_AST_PARENT	
1324124	1324134	IS_AST_PARENT	
1324137	1324138	IS_AST_PARENT	
1324137	1324139	IS_AST_PARENT	
1324124	1324137	IS_AST_PARENT	
1324140	1324141	IS_AST_PARENT	
1324140	1324142	IS_AST_PARENT	
1324124	1324140	IS_AST_PARENT	
1323923	1324124	IS_AST_PARENT	
1324143	1324125	FLOWS_TO	
1324125	1324128	FLOWS_TO	
1324128	1324131	FLOWS_TO	
1324131	1324134	FLOWS_TO	
1324134	1324137	FLOWS_TO	
1324137	1324140	FLOWS_TO	
1324140	1323925	FLOWS_TO	
1323925	1323932	FLOWS_TO	
1323932	1323939	FLOWS_TO	
1323939	1323947	FLOWS_TO	
1323947	1323949	FLOWS_TO	
1323947	1323956	FLOWS_TO	
1323949	1323956	FLOWS_TO	
1323956	1323958	FLOWS_TO	
1323956	1323964	FLOWS_TO	
1323958	1323964	FLOWS_TO	
1323964	1323978	FLOWS_TO	
1323978	1323982	FLOWS_TO	
1323978	1323987	FLOWS_TO	
1323982	1324144	FLOWS_TO	
1323987	1324001	FLOWS_TO	
1324001	1324006	FLOWS_TO	
1324001	1324019	FLOWS_TO	
1324006	1324013	FLOWS_TO	
1324013	1324144	FLOWS_TO	
1324019	1324035	FLOWS_TO	
1324019	1324044	FLOWS_TO	
1324035	1324042	FLOWS_TO	
1324042	1324144	FLOWS_TO	
1324044	1324051	FLOWS_TO	
1324051	1324061	FLOWS_TO	
1324061	1324066	FLOWS_TO	
1324061	1324071	FLOWS_TO	
1324066	1324144	FLOWS_TO	
1324071	1324085	FLOWS_TO	
1324085	1324090	FLOWS_TO	
1324085	1324103	FLOWS_TO	
1324090	1324097	FLOWS_TO	
1324097	1324144	FLOWS_TO	
1324103	1324105	FLOWS_TO	
1324103	1324112	FLOWS_TO	
1324105	1324112	FLOWS_TO	
1324112	1324114	FLOWS_TO	
1324112	1324120	FLOWS_TO	
1324114	1324120	FLOWS_TO	
1324120	1324144	FLOWS_TO	
1323964	1324145	USE	
1323965	1324145	USE	
1323982	1324146	USE	
1324013	1324146	USE	
1324066	1324146	USE	
1324097	1324146	USE	
1324019	1324147	USE	
1324030	1324147	USE	
1323925	1324148	USE	
1323929	1324148	USE	
1323925	1324148	DEF	
1323929	1324148	DEF	
1323932	1324148	DEF	
1323936	1324148	DEF	
1323932	1324148	USE	
1323936	1324148	USE	
1323939	1324148	USE	
1323943	1324148	USE	
1323939	1324148	DEF	
1323943	1324148	DEF	
1323949	1324148	USE	
1323950	1324148	USE	
1323958	1324148	USE	
1323959	1324148	USE	
1323964	1324148	USE	
1323973	1324148	USE	
1324120	1324148	USE	
1323925	1324149	DEF	
1323926	1324149	DEF	
1323964	1324149	DEF	
1323965	1324149	DEF	
1323978	1324149	USE	
1323987	1324149	USE	
1323996	1324149	USE	
1324006	1324149	USE	
1324011	1324149	USE	
1324035	1324149	USE	
1324040	1324149	USE	
1324044	1324149	USE	
1324049	1324149	USE	
1324051	1324149	DEF	
1324052	1324149	DEF	
1324061	1324149	USE	
1324071	1324149	USE	
1324080	1324149	USE	
1324090	1324149	USE	
1324095	1324149	USE	
1324105	1324149	USE	
1324106	1324149	USE	
1323939	1324150	DEF	
1323940	1324150	DEF	
1324042	1324150	USE	
1324128	1324151	DEF	
1323987	1324151	USE	
1323998	1324151	USE	
1324071	1324151	USE	
1324082	1324151	USE	
1324134	1324152	DEF	
1324019	1324152	USE	
1324028	1324152	USE	
1323949	1324153	DEF	
1323950	1324153	DEF	
1324105	1324153	DEF	
1324106	1324153	DEF	
1323958	1324154	DEF	
1323959	1324154	DEF	
1324114	1324154	DEF	
1324115	1324154	DEF	
1323964	1324155	USE	
1323975	1324155	USE	
1324131	1324156	DEF	
1324019	1324156	USE	
1324051	1324157	USE	
1324052	1324157	USE	
1323987	1324158	USE	
1323988	1324158	USE	
1324071	1324158	USE	
1324072	1324158	USE	
1324140	1324159	DEF	
1323956	1324159	USE	
1323958	1324159	USE	
1323960	1324159	USE	
1324112	1324159	USE	
1324114	1324159	USE	
1324116	1324159	USE	
1324137	1324160	DEF	
1323947	1324160	USE	
1323949	1324160	USE	
1323951	1324160	USE	
1324103	1324160	USE	
1324105	1324160	USE	
1324107	1324160	USE	
1324125	1324161	DEF	
1323964	1324161	USE	
1323971	1324161	USE	
1324051	1324161	USE	
1324058	1324161	USE	
1323932	1324162	DEF	
1323933	1324162	DEF	
1323987	1324162	DEF	
1323988	1324162	DEF	
1324001	1324162	USE	
1324019	1324162	USE	
1324026	1324162	USE	
1324071	1324162	DEF	
1324072	1324162	DEF	
1324085	1324162	USE	
1324114	1324162	USE	
1324115	1324162	USE	
1323964	1323987	REACHES	_b9840a173f55c5e8a4903f0bd25dba42
1323964	1323978	REACHES	_b9840a173f55c5e8a4903f0bd25dba42
1323964	1324006	REACHES	_b9840a173f55c5e8a4903f0bd25dba42
1323964	1324035	REACHES	_b9840a173f55c5e8a4903f0bd25dba42
1323964	1324044	REACHES	_b9840a173f55c5e8a4903f0bd25dba42
1324051	1324061	REACHES	_b9840a173f55c5e8a4903f0bd25dba42
1324051	1324071	REACHES	_b9840a173f55c5e8a4903f0bd25dba42
1324051	1324090	REACHES	_b9840a173f55c5e8a4903f0bd25dba42
1324051	1324105	REACHES	_b9840a173f55c5e8a4903f0bd25dba42
1323939	1324042	REACHES	_1932179de61799e3f3955bf4c0e9f5bd
1324128	1323987	REACHES	_dd10ad8e2df847c5052b4432f32f1586
1324128	1324071	REACHES	_dd10ad8e2df847c5052b4432f32f1586
1324114	1324144	REACHES	* _66b3a796fc7a032b7cbb79586660b620
1323958	1324144	REACHES	* _66b3a796fc7a032b7cbb79586660b620
1324131	1324019	REACHES	_179800ed203829580913275b8f0c6f41
1324125	1323964	REACHES	_573faab7dd35a3f927e6f5920db8194b
1324125	1324051	REACHES	_573faab7dd35a3f927e6f5920db8194b
1323987	1324001	REACHES	_e0a02e5945cefa976b74cfc8be3cefc6
1323987	1324019	REACHES	_e0a02e5945cefa976b74cfc8be3cefc6
1324071	1324085	REACHES	_e0a02e5945cefa976b74cfc8be3cefc6
1324071	1324114	REACHES	_e0a02e5945cefa976b74cfc8be3cefc6
1323925	1323932	REACHES	NULL
1323932	1323939	REACHES	NULL
1323939	1323949	REACHES	NULL
1323939	1323958	REACHES	NULL
1323939	1323964	REACHES	NULL
1323939	1324120	REACHES	NULL
1324105	1324144	REACHES	* _4dd838f3eda9255e2916e0800f3fbd2a
1323949	1324144	REACHES	* _4dd838f3eda9255e2916e0800f3fbd2a
1324134	1324019	REACHES	_96bd667d930a48483505a2adc66b625e
1324140	1323956	REACHES	_66b3a796fc7a032b7cbb79586660b620
1324140	1323958	REACHES	_66b3a796fc7a032b7cbb79586660b620
1324140	1324112	REACHES	_66b3a796fc7a032b7cbb79586660b620
1324140	1324114	REACHES	_66b3a796fc7a032b7cbb79586660b620
1324137	1323947	REACHES	_4dd838f3eda9255e2916e0800f3fbd2a
1324137	1323949	REACHES	_4dd838f3eda9255e2916e0800f3fbd2a
1324137	1324103	REACHES	_4dd838f3eda9255e2916e0800f3fbd2a
1324137	1324105	REACHES	_4dd838f3eda9255e2916e0800f3fbd2a
1324143	1324125	CONTROLS	
1324143	1324128	CONTROLS	
1324143	1324131	CONTROLS	
1324143	1324134	CONTROLS	
1324143	1324137	CONTROLS	
1324143	1324140	CONTROLS	
1324143	1323925	CONTROLS	
1324143	1323932	CONTROLS	
1324143	1323939	CONTROLS	
1324143	1323947	CONTROLS	
1324143	1323956	CONTROLS	
1324143	1323964	CONTROLS	
1324143	1323978	CONTROLS	
1323947	1323949	CONTROLS	
1323956	1323958	CONTROLS	
1323978	1323982	CONTROLS	
1323978	1323987	CONTROLS	
1323978	1324001	CONTROLS	
1324001	1324006	CONTROLS	
1324001	1324013	CONTROLS	
1324001	1324019	CONTROLS	
1324019	1324035	CONTROLS	
1324019	1324042	CONTROLS	
1324019	1324044	CONTROLS	
1324019	1324051	CONTROLS	
1324019	1324061	CONTROLS	
1324061	1324066	CONTROLS	
1324061	1324071	CONTROLS	
1324061	1324085	CONTROLS	
1324085	1324090	CONTROLS	
1324085	1324097	CONTROLS	
1324085	1324103	CONTROLS	
1324085	1324112	CONTROLS	
1324085	1324120	CONTROLS	
1324103	1324105	CONTROLS	
1324112	1324114	CONTROLS	
1323925	1323932	DOM	
1323956	1323958	DOM	
1323964	1323978	DOM	
1324085	1324090	DOM	
1324061	1324066	DOM	
1324125	1324128	DOM	
1323956	1323964	DOM	
1323947	1323949	DOM	
1324103	1324105	DOM	
1324001	1324019	DOM	
1324143	1324125	DOM	
1324051	1324061	DOM	
1324035	1324042	DOM	
1324137	1324140	DOM	
1324112	1324114	DOM	
1324140	1323925	DOM	
1324061	1324071	DOM	
1323932	1323939	DOM	
1323978	1323982	DOM	
1324128	1324131	DOM	
1323978	1324144	DOM	
1323939	1323947	DOM	
1323947	1323956	DOM	
1324085	1324103	DOM	
1324044	1324051	DOM	
1324103	1324112	DOM	
1324134	1324137	DOM	
1324143	1324143	DOM	
1324131	1324134	DOM	
1324006	1324013	DOM	
1324019	1324044	DOM	
1324112	1324120	DOM	
1323978	1323987	DOM	
1323987	1324001	DOM	
1324001	1324006	DOM	
1324071	1324085	DOM	
1324090	1324097	DOM	
1324019	1324035	DOM	
1323939	1323932	POST_DOM	
1323964	1323958	POST_DOM	
1324144	1323978	POST_DOM	
1324097	1324090	POST_DOM	
1324144	1324066	POST_DOM	
1324131	1324128	POST_DOM	
1323978	1323964	POST_DOM	
1323956	1323949	POST_DOM	
1324112	1324105	POST_DOM	
1324144	1324019	POST_DOM	
1324128	1324125	POST_DOM	
1324144	1324061	POST_DOM	
1324144	1324042	POST_DOM	
1323925	1324140	POST_DOM	
1324120	1324114	POST_DOM	
1323932	1323925	POST_DOM	
1324085	1324071	POST_DOM	
1323947	1323939	POST_DOM	
1324144	1323982	POST_DOM	
1324134	1324131	POST_DOM	
1324144	1324144	POST_DOM	
1323956	1323947	POST_DOM	
1323964	1323956	POST_DOM	
1324112	1324103	POST_DOM	
1324061	1324051	POST_DOM	
1324120	1324112	POST_DOM	
1324140	1324137	POST_DOM	
1324125	1324143	POST_DOM	
1324137	1324134	POST_DOM	
1324144	1324013	POST_DOM	
1324051	1324044	POST_DOM	
1324144	1324120	POST_DOM	
1324001	1323987	POST_DOM	
1324013	1324006	POST_DOM	
1324144	1324001	POST_DOM	
1324144	1324097	POST_DOM	
1324144	1324085	POST_DOM	
1324042	1324035	POST_DOM	
1323922	1323923	IS_FUNCTION_OF_AST	
1323922	1324143	IS_FUNCTION_OF_CFG	
1322430	1323922	IS_FILE_OF	
