start	end	type	var
942284	942285	IS_AST_PARENT	
942284	942286	IS_AST_PARENT	
942283	942284	IS_AST_PARENT	
942282	942283	IS_AST_PARENT	
942288	942289	IS_AST_PARENT	
942288	942290	IS_AST_PARENT	
942287	942288	IS_AST_PARENT	
942282	942287	IS_AST_PARENT	
942292	942293	IS_AST_PARENT	
942292	942294	IS_AST_PARENT	
942292	942295	IS_AST_PARENT	
942291	942292	IS_AST_PARENT	
942282	942291	IS_AST_PARENT	
942298	942299	IS_AST_PARENT	
942300	942301	IS_AST_PARENT	
942303	942304	IS_AST_PARENT	
942302	942303	IS_AST_PARENT	
942306	942307	IS_AST_PARENT	
942305	942306	IS_AST_PARENT	
942308	942309	IS_AST_PARENT	
942305	942308	IS_AST_PARENT	
942302	942305	IS_AST_PARENT	
942300	942302	IS_AST_PARENT	
942298	942300	IS_AST_PARENT	
942297	942298	IS_AST_PARENT	
942296	942297	IS_AST_PARENT	
942313	942314	IS_AST_PARENT	
942312	942313	IS_AST_PARENT	
942316	942317	IS_AST_PARENT	
942315	942316	IS_AST_PARENT	
942312	942315	IS_AST_PARENT	
942311	942312	IS_AST_PARENT	
942310	942311	IS_AST_PARENT	
942319	942320	IS_AST_PARENT	
942319	942321	IS_AST_PARENT	
942318	942319	IS_AST_PARENT	
942310	942318	IS_AST_PARENT	
942296	942310	IS_AST_PARENT	
942282	942296	IS_AST_PARENT	
942282	942322	IS_AST_PARENT	
942282	942323	IS_AST_PARENT	
942282	942324	IS_AST_PARENT	
942282	942325	IS_AST_PARENT	
942282	942326	IS_AST_PARENT	
942282	942327	IS_AST_PARENT	
942329	942330	IS_AST_PARENT	
942329	942331	IS_AST_PARENT	
942328	942329	IS_AST_PARENT	
942282	942328	IS_AST_PARENT	
942333	942334	IS_AST_PARENT	
942333	942335	IS_AST_PARENT	
942332	942333	IS_AST_PARENT	
942282	942332	IS_AST_PARENT	
942337	942338	IS_AST_PARENT	
942337	942339	IS_AST_PARENT	
942337	942340	IS_AST_PARENT	
942336	942337	IS_AST_PARENT	
942282	942336	IS_AST_PARENT	
942342	942343	IS_AST_PARENT	
942342	942344	IS_AST_PARENT	
942342	942345	IS_AST_PARENT	
942346	942347	IS_AST_PARENT	
942348	942349	IS_AST_PARENT	
942348	942350	IS_AST_PARENT	
942348	942351	IS_AST_PARENT	
942348	942352	IS_AST_PARENT	
942348	942353	IS_AST_PARENT	
942348	942354	IS_AST_PARENT	
942348	942355	IS_AST_PARENT	
942348	942356	IS_AST_PARENT	
942348	942357	IS_AST_PARENT	
942348	942358	IS_AST_PARENT	
942346	942348	IS_AST_PARENT	
942342	942346	IS_AST_PARENT	
942341	942342	IS_AST_PARENT	
942282	942341	IS_AST_PARENT	
942361	942362	IS_AST_PARENT	
942360	942361	IS_AST_PARENT	
942364	942365	IS_AST_PARENT	
942363	942364	IS_AST_PARENT	
942366	942367	IS_AST_PARENT	
942363	942366	IS_AST_PARENT	
942369	942370	IS_AST_PARENT	
942369	942371	IS_AST_PARENT	
942368	942369	IS_AST_PARENT	
942363	942368	IS_AST_PARENT	
942360	942363	IS_AST_PARENT	
942359	942360	IS_AST_PARENT	
942282	942359	IS_AST_PARENT	
942374	942375	IS_AST_PARENT	
942373	942374	IS_AST_PARENT	
942377	942378	IS_AST_PARENT	
942376	942377	IS_AST_PARENT	
942380	942381	IS_AST_PARENT	
942380	942382	IS_AST_PARENT	
942379	942380	IS_AST_PARENT	
942376	942379	IS_AST_PARENT	
942373	942376	IS_AST_PARENT	
942372	942373	IS_AST_PARENT	
942282	942372	IS_AST_PARENT	
942386	942387	IS_AST_PARENT	
942386	942388	IS_AST_PARENT	
942385	942386	IS_AST_PARENT	
942385	942389	IS_AST_PARENT	
942384	942385	IS_AST_PARENT	
942383	942384	IS_AST_PARENT	
942394	942395	IS_AST_PARENT	
942397	942398	IS_AST_PARENT	
942396	942397	IS_AST_PARENT	
942400	942401	IS_AST_PARENT	
942399	942400	IS_AST_PARENT	
942402	942403	IS_AST_PARENT	
942399	942402	IS_AST_PARENT	
942404	942405	IS_AST_PARENT	
942399	942404	IS_AST_PARENT	
942396	942399	IS_AST_PARENT	
942394	942396	IS_AST_PARENT	
942393	942394	IS_AST_PARENT	
942393	942406	IS_AST_PARENT	
942392	942393	IS_AST_PARENT	
942391	942392	IS_AST_PARENT	
942408	942409	IS_AST_PARENT	
942407	942408	IS_AST_PARENT	
942391	942407	IS_AST_PARENT	
942390	942391	IS_AST_PARENT	
942383	942390	IS_AST_PARENT	
942282	942383	IS_AST_PARENT	
942414	942415	IS_AST_PARENT	
942414	942416	IS_AST_PARENT	
942413	942414	IS_AST_PARENT	
942417	942418	IS_AST_PARENT	
942417	942419	IS_AST_PARENT	
942413	942417	IS_AST_PARENT	
942412	942413	IS_AST_PARENT	
942420	942421	IS_AST_PARENT	
942420	942422	IS_AST_PARENT	
942412	942420	IS_AST_PARENT	
942411	942412	IS_AST_PARENT	
942410	942411	IS_AST_PARENT	
942426	942427	IS_AST_PARENT	
942425	942426	IS_AST_PARENT	
942430	942431	IS_AST_PARENT	
942430	942432	IS_AST_PARENT	
942429	942430	IS_AST_PARENT	
942428	942429	IS_AST_PARENT	
942433	942434	IS_AST_PARENT	
942428	942433	IS_AST_PARENT	
942436	942437	IS_AST_PARENT	
942436	942438	IS_AST_PARENT	
942435	942436	IS_AST_PARENT	
942428	942435	IS_AST_PARENT	
942425	942428	IS_AST_PARENT	
942424	942425	IS_AST_PARENT	
942423	942424	IS_AST_PARENT	
942441	942442	IS_AST_PARENT	
942441	942443	IS_AST_PARENT	
942440	942441	IS_AST_PARENT	
942440	942444	IS_AST_PARENT	
942439	942440	IS_AST_PARENT	
942423	942439	IS_AST_PARENT	
942448	942449	IS_AST_PARENT	
942448	942450	IS_AST_PARENT	
942447	942448	IS_AST_PARENT	
942447	942451	IS_AST_PARENT	
942446	942447	IS_AST_PARENT	
942453	942454	IS_AST_PARENT	
942452	942453	IS_AST_PARENT	
942456	942457	IS_AST_PARENT	
942455	942456	IS_AST_PARENT	
942452	942455	IS_AST_PARENT	
942446	942452	IS_AST_PARENT	
942445	942446	IS_AST_PARENT	
942423	942445	IS_AST_PARENT	
942460	942461	IS_AST_PARENT	
942460	942462	IS_AST_PARENT	
942459	942460	IS_AST_PARENT	
942464	942465	IS_AST_PARENT	
942463	942464	IS_AST_PARENT	
942469	942470	IS_AST_PARENT	
942468	942469	IS_AST_PARENT	
942472	942473	IS_AST_PARENT	
942471	942472	IS_AST_PARENT	
942468	942471	IS_AST_PARENT	
942467	942468	IS_AST_PARENT	
942466	942467	IS_AST_PARENT	
942463	942466	IS_AST_PARENT	
942459	942463	IS_AST_PARENT	
942458	942459	IS_AST_PARENT	
942423	942458	IS_AST_PARENT	
942478	942479	IS_AST_PARENT	
942477	942478	IS_AST_PARENT	
942481	942482	IS_AST_PARENT	
942480	942481	IS_AST_PARENT	
942484	942485	IS_AST_PARENT	
942486	942487	IS_AST_PARENT	
942486	942488	IS_AST_PARENT	
942484	942486	IS_AST_PARENT	
942483	942484	IS_AST_PARENT	
942480	942483	IS_AST_PARENT	
942490	942491	IS_AST_PARENT	
942490	942492	IS_AST_PARENT	
942489	942490	IS_AST_PARENT	
942480	942489	IS_AST_PARENT	
942477	942480	IS_AST_PARENT	
942476	942477	IS_AST_PARENT	
942476	942493	IS_AST_PARENT	
942475	942476	IS_AST_PARENT	
942474	942475	IS_AST_PARENT	
942495	942496	IS_AST_PARENT	
942494	942495	IS_AST_PARENT	
942474	942494	IS_AST_PARENT	
942423	942474	IS_AST_PARENT	
942410	942423	IS_AST_PARENT	
942282	942410	IS_AST_PARENT	
942500	942501	IS_AST_PARENT	
942500	942502	IS_AST_PARENT	
942499	942500	IS_AST_PARENT	
942499	942503	IS_AST_PARENT	
942498	942499	IS_AST_PARENT	
942497	942498	IS_AST_PARENT	
942507	942508	IS_AST_PARENT	
942506	942507	IS_AST_PARENT	
942510	942511	IS_AST_PARENT	
942509	942510	IS_AST_PARENT	
942512	942513	IS_AST_PARENT	
942509	942512	IS_AST_PARENT	
942515	942516	IS_AST_PARENT	
942515	942517	IS_AST_PARENT	
942514	942515	IS_AST_PARENT	
942509	942514	IS_AST_PARENT	
942518	942519	IS_AST_PARENT	
942509	942518	IS_AST_PARENT	
942506	942509	IS_AST_PARENT	
942505	942506	IS_AST_PARENT	
942504	942505	IS_AST_PARENT	
942522	942523	IS_AST_PARENT	
942521	942522	IS_AST_PARENT	
942525	942526	IS_AST_PARENT	
942524	942525	IS_AST_PARENT	
942521	942524	IS_AST_PARENT	
942520	942521	IS_AST_PARENT	
942504	942520	IS_AST_PARENT	
942497	942504	IS_AST_PARENT	
942282	942497	IS_AST_PARENT	
942527	942528	IS_AST_PARENT	
942282	942527	IS_AST_PARENT	
942282	942529	IS_AST_PARENT	
942531	942532	IS_AST_PARENT	
942531	942533	IS_AST_PARENT	
942531	942534	IS_AST_PARENT	
942530	942531	IS_AST_PARENT	
942282	942530	IS_AST_PARENT	
942538	942539	IS_AST_PARENT	
942537	942538	IS_AST_PARENT	
942541	942542	IS_AST_PARENT	
942540	942541	IS_AST_PARENT	
942543	942544	IS_AST_PARENT	
942540	942543	IS_AST_PARENT	
942545	942546	IS_AST_PARENT	
942540	942545	IS_AST_PARENT	
942537	942540	IS_AST_PARENT	
942536	942537	IS_AST_PARENT	
942535	942536	IS_AST_PARENT	
942549	942550	IS_AST_PARENT	
942549	942551	IS_AST_PARENT	
942548	942549	IS_AST_PARENT	
942547	942548	IS_AST_PARENT	
942554	942555	IS_AST_PARENT	
942553	942554	IS_AST_PARENT	
942557	942558	IS_AST_PARENT	
942556	942557	IS_AST_PARENT	
942559	942560	IS_AST_PARENT	
942556	942559	IS_AST_PARENT	
942562	942563	IS_AST_PARENT	
942562	942564	IS_AST_PARENT	
942561	942562	IS_AST_PARENT	
942556	942561	IS_AST_PARENT	
942553	942556	IS_AST_PARENT	
942552	942553	IS_AST_PARENT	
942547	942552	IS_AST_PARENT	
942567	942568	IS_AST_PARENT	
942566	942567	IS_AST_PARENT	
942570	942571	IS_AST_PARENT	
942569	942570	IS_AST_PARENT	
942572	942573	IS_AST_PARENT	
942569	942572	IS_AST_PARENT	
942566	942569	IS_AST_PARENT	
942565	942566	IS_AST_PARENT	
942547	942565	IS_AST_PARENT	
942576	942577	IS_AST_PARENT	
942578	942579	IS_AST_PARENT	
942580	942581	IS_AST_PARENT	
942583	942584	IS_AST_PARENT	
942582	942583	IS_AST_PARENT	
942586	942587	IS_AST_PARENT	
942585	942586	IS_AST_PARENT	
942588	942589	IS_AST_PARENT	
942585	942588	IS_AST_PARENT	
942582	942585	IS_AST_PARENT	
942580	942582	IS_AST_PARENT	
942578	942580	IS_AST_PARENT	
942576	942578	IS_AST_PARENT	
942575	942576	IS_AST_PARENT	
942574	942575	IS_AST_PARENT	
942592	942593	IS_AST_PARENT	
942592	942594	IS_AST_PARENT	
942591	942592	IS_AST_PARENT	
942590	942591	IS_AST_PARENT	
942574	942590	IS_AST_PARENT	
942547	942574	IS_AST_PARENT	
942597	942598	IS_AST_PARENT	
942596	942597	IS_AST_PARENT	
942600	942601	IS_AST_PARENT	
942599	942600	IS_AST_PARENT	
942602	942603	IS_AST_PARENT	
942599	942602	IS_AST_PARENT	
942596	942599	IS_AST_PARENT	
942595	942596	IS_AST_PARENT	
942547	942595	IS_AST_PARENT	
942535	942547	IS_AST_PARENT	
942282	942535	IS_AST_PARENT	
942604	942605	IS_AST_PARENT	
942282	942604	IS_AST_PARENT	
942281	942282	IS_AST_PARENT	
942281	942606	IS_AST_PARENT	
942281	942607	IS_AST_PARENT	
942281	942608	IS_AST_PARENT	
942609	942283	FLOWS_TO	
942283	942287	FLOWS_TO	
942287	942291	FLOWS_TO	
942291	942297	FLOWS_TO	
942297	942311	FLOWS_TO	
942297	942322	FLOWS_TO	
942311	942318	FLOWS_TO	
942318	942610	FLOWS_TO	
942322	942323	FLOWS_TO	
942323	942324	FLOWS_TO	
942324	942325	FLOWS_TO	
942325	942326	FLOWS_TO	
942326	942327	FLOWS_TO	
942327	942328	FLOWS_TO	
942328	942332	FLOWS_TO	
942332	942336	FLOWS_TO	
942336	942341	FLOWS_TO	
942341	942359	FLOWS_TO	
942359	942372	FLOWS_TO	
942372	942384	FLOWS_TO	
942384	942392	FLOWS_TO	
942384	942411	FLOWS_TO	
942392	942408	FLOWS_TO	
942392	942411	FLOWS_TO	
942408	942527	FLOWS_TO	
942411	942424	FLOWS_TO	
942411	942498	FLOWS_TO	
942424	942439	FLOWS_TO	
942439	942445	FLOWS_TO	
942445	942458	FLOWS_TO	
942458	942475	FLOWS_TO	
942475	942495	FLOWS_TO	
942475	942498	FLOWS_TO	
942495	942527	FLOWS_TO	
942498	942505	FLOWS_TO	
942498	942527	FLOWS_TO	
942505	942520	FLOWS_TO	
942520	942527	FLOWS_TO	
942527	942529	FLOWS_TO	
942529	942530	FLOWS_TO	
942530	942536	FLOWS_TO	
942536	942548	FLOWS_TO	
942536	942604	FLOWS_TO	
942548	942552	FLOWS_TO	
942552	942565	FLOWS_TO	
942565	942575	FLOWS_TO	
942575	942591	FLOWS_TO	
942575	942595	FLOWS_TO	
942591	942595	FLOWS_TO	
942595	942536	FLOWS_TO	
942604	942610	FLOWS_TO	
942384	942611	USE	
942411	942611	USE	
942498	942611	USE	
942439	942612	DEF	
942440	942612	DEF	
942536	942613	USE	
942545	942613	USE	
942341	942614	DEF	
942346	942614	DEF	
942342	942614	DEF	
942384	942614	USE	
942386	942614	USE	
942411	942614	USE	
942420	942614	USE	
942414	942614	USE	
942417	942614	USE	
942498	942614	USE	
942500	942614	USE	
942458	942615	USE	
942459	942615	USE	
942297	942616	USE	
942300	942616	USE	
942291	942617	DEF	
942292	942617	DEF	
942536	942617	USE	
942541	942617	USE	
942552	942617	USE	
942557	942617	USE	
942536	942618	USE	
942530	942619	DEF	
942531	942619	DEF	
942392	942620	USE	
942402	942620	USE	
942332	942621	DEF	
942333	942621	DEF	
942439	942621	USE	
942441	942621	USE	
942439	942621	DEF	
942440	942621	DEF	
942445	942621	DEF	
942446	942621	DEF	
942445	942621	USE	
942448	942621	USE	
942447	942621	USE	
942458	942621	USE	
942460	942621	USE	
942458	942621	DEF	
942459	942621	DEF	
942392	942622	USE	
942404	942622	USE	
942424	942623	USE	
942429	942623	USE	
942475	942623	USE	
942483	942623	USE	
942575	942624	USE	
942578	942624	USE	
942552	942625	USE	
942561	942625	USE	
942458	942626	DEF	
942459	942626	DEF	
942475	942627	USE	
942445	942628	DEF	
942446	942628	DEF	
942458	942629	USE	
942467	942629	USE	
942297	942630	USE	
942306	942630	USE	
942536	942631	USE	
942543	942631	USE	
942283	942632	DEF	
942284	942632	DEF	
942565	942632	USE	
942572	942632	USE	
942575	942632	USE	
942588	942632	USE	
942445	942633	USE	
942456	942633	USE	
942439	942634	USE	
942440	942634	USE	
942548	942635	DEF	
942549	942635	DEF	
942575	942635	DEF	
942578	942635	DEF	
942591	942635	DEF	
942592	942635	DEF	
942595	942635	USE	
942602	942635	USE	
942287	942636	DEF	
942288	942636	DEF	
942297	942636	DEF	
942300	942636	DEF	
942575	942636	USE	
942586	942636	USE	
942328	942637	DEF	
942329	942637	DEF	
942392	942637	DEF	
942394	942637	DEF	
942475	942637	USE	
942481	942637	USE	
942505	942637	USE	
942510	942637	USE	
942520	942637	USE	
942525	942637	USE	
942336	942638	DEF	
942337	942638	DEF	
942359	942638	USE	
942364	942638	USE	
942372	942638	USE	
942377	942638	USE	
942505	942638	USE	
942512	942638	USE	
942445	942639	USE	
942447	942639	USE	
942445	942639	DEF	
942446	942639	DEF	
942392	942640	USE	
942394	942640	USE	
942458	942641	USE	
942472	942641	USE	
942445	942642	USE	
942446	942642	USE	
942392	942643	USE	
942400	942643	USE	
942341	942384	REACHES	_f59e43b88cd9c184dedf7560fb4e0add
942341	942411	REACHES	_f59e43b88cd9c184dedf7560fb4e0add
942341	942498	REACHES	_f59e43b88cd9c184dedf7560fb4e0add
942291	942536	REACHES	_f65457eb8065511c0353d8836a8da11b
942291	942552	REACHES	_f65457eb8065511c0353d8836a8da11b
942332	942439	REACHES	_bc0d6211b6e8f321d22089336f3d86ba
942439	942445	REACHES	_bc0d6211b6e8f321d22089336f3d86ba
942445	942458	REACHES	_bc0d6211b6e8f321d22089336f3d86ba
942283	942565	REACHES	_21ee2e177289e2eb56eb52756e31d110
942283	942575	REACHES	_21ee2e177289e2eb56eb52756e31d110
942575	942595	REACHES	_7e1a91a0c11e2fc75e66e8555d4dbb40
942591	942595	REACHES	_7e1a91a0c11e2fc75e66e8555d4dbb40
942328	942505	REACHES	_c3ea924f691c7bedb0cb89b3f2ce0bdd
942336	942359	REACHES	_f7899880eaf2f3223fdd8910645367f1
942336	942372	REACHES	_f7899880eaf2f3223fdd8910645367f1
942392	942475	REACHES	_c3ea924f691c7bedb0cb89b3f2ce0bdd
942328	942475	REACHES	_c3ea924f691c7bedb0cb89b3f2ce0bdd
942336	942505	REACHES	_f7899880eaf2f3223fdd8910645367f1
942392	942505	REACHES	_c3ea924f691c7bedb0cb89b3f2ce0bdd
942392	942520	REACHES	_c3ea924f691c7bedb0cb89b3f2ce0bdd
942328	942520	REACHES	_c3ea924f691c7bedb0cb89b3f2ce0bdd
942297	942575	REACHES	_ba3848e62f80a8033b324de94ee2d3ec
942609	942283	CONTROLS	
942609	942287	CONTROLS	
942609	942291	CONTROLS	
942609	942297	CONTROLS	
942297	942311	CONTROLS	
942297	942318	CONTROLS	
942297	942322	CONTROLS	
942297	942323	CONTROLS	
942297	942324	CONTROLS	
942297	942325	CONTROLS	
942297	942326	CONTROLS	
942297	942327	CONTROLS	
942297	942328	CONTROLS	
942297	942332	CONTROLS	
942297	942336	CONTROLS	
942297	942341	CONTROLS	
942297	942359	CONTROLS	
942297	942372	CONTROLS	
942297	942384	CONTROLS	
942297	942527	CONTROLS	
942297	942529	CONTROLS	
942297	942530	CONTROLS	
942297	942536	CONTROLS	
942297	942604	CONTROLS	
942384	942392	CONTROLS	
942384	942411	CONTROLS	
942392	942408	CONTROLS	
942392	942411	CONTROLS	
942411	942424	CONTROLS	
942411	942439	CONTROLS	
942411	942445	CONTROLS	
942411	942458	CONTROLS	
942411	942475	CONTROLS	
942411	942498	CONTROLS	
942475	942495	CONTROLS	
942475	942498	CONTROLS	
942498	942505	CONTROLS	
942498	942520	CONTROLS	
942536	942548	CONTROLS	
942536	942552	CONTROLS	
942536	942565	CONTROLS	
942536	942575	CONTROLS	
942536	942595	CONTROLS	
942575	942591	CONTROLS	
942325	942326	DOM	
942575	942595	DOM	
942341	942359	DOM	
942327	942328	DOM	
942609	942609	DOM	
942530	942536	DOM	
942424	942439	DOM	
942536	942604	DOM	
942505	942520	DOM	
942445	942458	DOM	
942565	942575	DOM	
942322	942323	DOM	
942297	942311	DOM	
942328	942332	DOM	
942326	942327	DOM	
942529	942530	DOM	
942384	942411	DOM	
942498	942505	DOM	
942609	942283	DOM	
942297	942322	DOM	
942323	942324	DOM	
942527	942529	DOM	
942384	942527	DOM	
942392	942408	DOM	
942548	942552	DOM	
942297	942610	DOM	
942536	942548	DOM	
942552	942565	DOM	
942384	942392	DOM	
942575	942591	DOM	
942439	942445	DOM	
942324	942325	DOM	
942283	942287	DOM	
942291	942297	DOM	
942372	942384	DOM	
942336	942341	DOM	
942311	942318	DOM	
942359	942372	DOM	
942458	942475	DOM	
942411	942424	DOM	
942475	942495	DOM	
942287	942291	DOM	
942332	942336	DOM	
942411	942498	DOM	
942327	942326	POST_DOM	
942536	942595	POST_DOM	
942372	942359	POST_DOM	
942332	942328	POST_DOM	
942283	942609	POST_DOM	
942604	942536	POST_DOM	
942445	942439	POST_DOM	
942610	942604	POST_DOM	
942527	942520	POST_DOM	
942475	942458	POST_DOM	
942595	942575	POST_DOM	
942324	942323	POST_DOM	
942318	942311	POST_DOM	
942336	942332	POST_DOM	
942328	942327	POST_DOM	
942536	942530	POST_DOM	
942527	942411	POST_DOM	
942520	942505	POST_DOM	
942287	942283	POST_DOM	
942323	942322	POST_DOM	
942530	942529	POST_DOM	
942325	942324	POST_DOM	
942529	942527	POST_DOM	
942527	942408	POST_DOM	
942565	942552	POST_DOM	
942610	942610	POST_DOM	
942552	942548	POST_DOM	
942575	942565	POST_DOM	
942527	942392	POST_DOM	
942595	942591	POST_DOM	
942458	942445	POST_DOM	
942326	942325	POST_DOM	
942610	942297	POST_DOM	
942291	942287	POST_DOM	
942527	942384	POST_DOM	
942359	942341	POST_DOM	
942610	942318	POST_DOM	
942384	942372	POST_DOM	
942527	942475	POST_DOM	
942439	942424	POST_DOM	
942527	942495	POST_DOM	
942297	942291	POST_DOM	
942341	942336	POST_DOM	
942527	942498	POST_DOM	
942280	942281	IS_FUNCTION_OF_AST	
942280	942609	IS_FUNCTION_OF_CFG	
942279	942280	IS_FILE_OF	
