command	key	type	code	location	functionId	childNum	isCFGNode	operator	baseType	completeType	identifier
ANR	942279	File	/home/lnk/project/python/cxxdetect/joern_slicer/data_src/c2-8789845f90ce4a10de495ea34896a990-85E8A2E644A3CAC701CEBAA2EF4B1AD7/p_021/util/testnum.c								
ANR	942280	Function	main	20:0:298:3217							
ANR	942281	FunctionDef	main ()		942280	0					
ANR	942282	CompoundStatement		21:0:310:3217	942280	0					
ANR	942283	IdentifierDeclStatement	uint32_t _21ee2e177289e2eb56eb52756e31d110 ;	22:4:316:358	942280	0	True				
ANR	942284	IdentifierDecl	_21ee2e177289e2eb56eb52756e31d110		942280	0					
ANR	942285	IdentifierDeclType	uint32_t		942280	0					
ANR	942286	Identifier	_21ee2e177289e2eb56eb52756e31d110		942280	1					
ANR	942287	IdentifierDeclStatement	PWDICT * _ba3848e62f80a8033b324de94ee2d3ec ;	23:4:364:405	942280	1	True				
ANR	942288	IdentifierDecl	* _ba3848e62f80a8033b324de94ee2d3ec		942280	0					
ANR	942289	IdentifierDeclType	PWDICT *		942280	0					
ANR	942290	Identifier	_ba3848e62f80a8033b324de94ee2d3ec		942280	1					
ANR	942291	IdentifierDeclStatement	char _f65457eb8065511c0353d8836a8da11b [ STRINGSIZE ] ;	24:4:411:461	942280	2	True				
ANR	942292	IdentifierDecl	_f65457eb8065511c0353d8836a8da11b [ STRINGSIZE ]		942280	0					
ANR	942293	IdentifierDeclType	char [ STRINGSIZE ]		942280	0					
ANR	942294	Identifier	_f65457eb8065511c0353d8836a8da11b		942280	1					
ANR	942295	Identifier	STRINGSIZE		942280	2					
ANR	942296	IfStatement	"if ( ! ( _ba3848e62f80a8033b324de94ee2d3ec = _54b4acab70838fb1994068134c9d1495 ( NULL , ""r"" ) ) )"		942280	3					
ANR	942297	Condition	"! ( _ba3848e62f80a8033b324de94ee2d3ec = _54b4acab70838fb1994068134c9d1495 ( NULL , ""r"" ) )"	25:8:471:554	942280	0	True				
ANR	942298	UnaryOperationExpression	"! ( _ba3848e62f80a8033b324de94ee2d3ec = _54b4acab70838fb1994068134c9d1495 ( NULL , ""r"" ) )"		942280	0					
ANR	942299	UnaryOperator	!		942280	0					
ANR	942300	AssignmentExpression	"_ba3848e62f80a8033b324de94ee2d3ec = _54b4acab70838fb1994068134c9d1495 ( NULL , ""r"" )"		942280	1		=			
ANR	942301	Identifier	_ba3848e62f80a8033b324de94ee2d3ec		942280	0					
ANR	942302	CallExpression	"_54b4acab70838fb1994068134c9d1495 ( NULL , ""r"" )"		942280	1					
ANR	942303	Callee	_54b4acab70838fb1994068134c9d1495		942280	0					
ANR	942304	Identifier	_54b4acab70838fb1994068134c9d1495		942280	0					
ANR	942305	ArgumentList	NULL		942280	1					
ANR	942306	Argument	NULL		942280	0					
ANR	942307	Identifier	NULL		942280	0					
ANR	942308	Argument	"""r"""		942280	1					
ANR	942309	PrimaryExpression	"""r"""		942280	0					
ANR	942310	CompoundStatement		6:4:250:250	942280	1					
ANR	942311	ExpressionStatement	"perror ( ""PWOpen"" )"	27:8:571:588	942280	0	True				
ANR	942312	CallExpression	"perror ( ""PWOpen"" )"		942280	0					
ANR	942313	Callee	perror		942280	0					
ANR	942314	Identifier	perror		942280	0					
ANR	942315	ArgumentList	"""PWOpen"""		942280	1					
ANR	942316	Argument	"""PWOpen"""		942280	0					
ANR	942317	PrimaryExpression	"""PWOpen"""		942280	0					
ANR	942318	ReturnStatement	return ( - 1 ) ;	28:8:598:609	942280	1	True				
ANR	942319	UnaryOperationExpression	- 1		942280	0					
ANR	942320	UnaryOperator	-		942280	0					
ANR	942321	PrimaryExpression	1		942280	1					
ANR	942322	Statement	define	30:1:618:623	942280	4	True				
ANR	942323	Statement	_cbcaf8e5ffabe7ccc7b5f6ea598940e1	30:8:625:657	942280	5	True				
ANR	942324	Statement	"""\\x38\\x2e\\x38\\x2e\\x38\\x2e\\x38"""	30:42:659:688	942280	6	True				
ANR	942325	Statement	define	31:1:691:696	942280	7	True				
ANR	942326	Statement	_4cac2a605feec9b020206936f909a7ba	31:8:698:730	942280	8	True				
ANR	942327	Statement	"""\\x35\\x33"""	31:42:732:741	942280	9	True				
ANR	942328	IdentifierDeclStatement	int _c3ea924f691c7bedb0cb89b3f2ce0bdd ;	33:4:748:785	942280	10	True				
ANR	942329	IdentifierDecl	_c3ea924f691c7bedb0cb89b3f2ce0bdd		942280	0					
ANR	942330	IdentifierDeclType	int		942280	0					
ANR	942331	Identifier	_c3ea924f691c7bedb0cb89b3f2ce0bdd		942280	1					
ANR	942332	IdentifierDeclStatement	struct sockaddr_in _bc0d6211b6e8f321d22089336f3d86ba ;	34:4:791:843	942280	11	True				
ANR	942333	IdentifierDecl	_bc0d6211b6e8f321d22089336f3d86ba		942280	0					
ANR	942334	IdentifierDeclType	struct sockaddr_in		942280	0					
ANR	942335	Identifier	_bc0d6211b6e8f321d22089336f3d86ba		942280	1					
ANR	942336	IdentifierDeclStatement	char _f7899880eaf2f3223fdd8910645367f1 [ 1024 ] ;	35:4:849:893	942280	12	True				
ANR	942337	IdentifierDecl	_f7899880eaf2f3223fdd8910645367f1 [ 1024 ]		942280	0					
ANR	942338	IdentifierDeclType	char [ 1024 ]		942280	0					
ANR	942339	Identifier	_f7899880eaf2f3223fdd8910645367f1		942280	1					
ANR	942340	PrimaryExpression	1024		942280	2					
ANR	942341	IdentifierDeclStatement	"int _f59e43b88cd9c184dedf7560fb4e0add [ 10 ] = { 0 , 1 , 1 , 0 , 1 , 1 , 0 , 0 , 1 , 0 } ;"	36:4:899:973	942280	13	True				
ANR	942342	IdentifierDecl	"_f59e43b88cd9c184dedf7560fb4e0add [ 10 ] = { 0 , 1 , 1 , 0 , 1 , 1 , 0 , 0 , 1 , 0 }"		942280	0					
ANR	942343	IdentifierDeclType	int [ 10 ]		942280	0					
ANR	942344	Identifier	_f59e43b88cd9c184dedf7560fb4e0add		942280	1					
ANR	942345	PrimaryExpression	10		942280	2					
ANR	942346	AssignmentExpression	"_f59e43b88cd9c184dedf7560fb4e0add [ 10 ] = { 0 , 1 , 1 , 0 , 1 , 1 , 0 , 0 , 1 , 0 }"		942280	3		=			
ANR	942347	Identifier	_f59e43b88cd9c184dedf7560fb4e0add		942280	0					
ANR	942348	InitializerList	0		942280	1					
ANR	942349	PrimaryExpression	0		942280	0					
ANR	942350	PrimaryExpression	1		942280	1					
ANR	942351	PrimaryExpression	1		942280	2					
ANR	942352	PrimaryExpression	0		942280	3					
ANR	942353	PrimaryExpression	1		942280	4					
ANR	942354	PrimaryExpression	1		942280	5					
ANR	942355	PrimaryExpression	0		942280	6					
ANR	942356	PrimaryExpression	0		942280	7					
ANR	942357	PrimaryExpression	1		942280	8					
ANR	942358	PrimaryExpression	0		942280	9					
ANR	942359	ExpressionStatement	"memset ( _f7899880eaf2f3223fdd8910645367f1 , 0 , sizeof ( _f7899880eaf2f3223fdd8910645367f1 ) )"	38:4:980:1067	942280	14	True				
ANR	942360	CallExpression	"memset ( _f7899880eaf2f3223fdd8910645367f1 , 0 , sizeof ( _f7899880eaf2f3223fdd8910645367f1 ) )"		942280	0					
ANR	942361	Callee	memset		942280	0					
ANR	942362	Identifier	memset		942280	0					
ANR	942363	ArgumentList	_f7899880eaf2f3223fdd8910645367f1		942280	1					
ANR	942364	Argument	_f7899880eaf2f3223fdd8910645367f1		942280	0					
ANR	942365	Identifier	_f7899880eaf2f3223fdd8910645367f1		942280	0					
ANR	942366	Argument	0		942280	1					
ANR	942367	PrimaryExpression	0		942280	0					
ANR	942368	Argument	sizeof ( _f7899880eaf2f3223fdd8910645367f1 )		942280	2					
ANR	942369	SizeofExpression	sizeof ( _f7899880eaf2f3223fdd8910645367f1 )		942280	0					
ANR	942370	Sizeof	sizeof		942280	0					
ANR	942371	SizeofOperand	_f7899880eaf2f3223fdd8910645367f1		942280	1					
ANR	942372	ExpressionStatement	"getcwd ( _f7899880eaf2f3223fdd8910645367f1 , sizeof ( _f7899880eaf2f3223fdd8910645367f1 ) )"	39:4:1073:1157	942280	15	True				
ANR	942373	CallExpression	"getcwd ( _f7899880eaf2f3223fdd8910645367f1 , sizeof ( _f7899880eaf2f3223fdd8910645367f1 ) )"		942280	0					
ANR	942374	Callee	getcwd		942280	0					
ANR	942375	Identifier	getcwd		942280	0					
ANR	942376	ArgumentList	_f7899880eaf2f3223fdd8910645367f1		942280	1					
ANR	942377	Argument	_f7899880eaf2f3223fdd8910645367f1		942280	0					
ANR	942378	Identifier	_f7899880eaf2f3223fdd8910645367f1		942280	0					
ANR	942379	Argument	sizeof ( _f7899880eaf2f3223fdd8910645367f1 )		942280	1					
ANR	942380	SizeofExpression	sizeof ( _f7899880eaf2f3223fdd8910645367f1 )		942280	0					
ANR	942381	Sizeof	sizeof		942280	0					
ANR	942382	SizeofOperand	_f7899880eaf2f3223fdd8910645367f1		942280	1					
ANR	942383	IfStatement	if ( _f59e43b88cd9c184dedf7560fb4e0add [ 2 ] > 0 )		942280	16					
ANR	942384	Condition	_f59e43b88cd9c184dedf7560fb4e0add [ 2 ] > 0	41:8:1168:1207	942280	0	True				
ANR	942385	RelationalExpression	_f59e43b88cd9c184dedf7560fb4e0add [ 2 ] > 0		942280	0		>			
ANR	942386	ArrayIndexing	_f59e43b88cd9c184dedf7560fb4e0add [ 2 ]		942280	0					
ANR	942387	Identifier	_f59e43b88cd9c184dedf7560fb4e0add		942280	0					
ANR	942388	PrimaryExpression	2		942280	1					
ANR	942389	PrimaryExpression	0		942280	1					
ANR	942390	CompoundStatement		22:4:903:903	942280	1					
ANR	942391	IfStatement	"if ( ( _c3ea924f691c7bedb0cb89b3f2ce0bdd = socket ( PF_INET , SOCK_STREAM , IPPROTO_TCP ) ) < 0 )"		942280	0					
ANR	942392	Condition	"( _c3ea924f691c7bedb0cb89b3f2ce0bdd = socket ( PF_INET , SOCK_STREAM , IPPROTO_TCP ) ) < 0"	43:12:1228:1310	942280	0	True				
ANR	942393	RelationalExpression	"( _c3ea924f691c7bedb0cb89b3f2ce0bdd = socket ( PF_INET , SOCK_STREAM , IPPROTO_TCP ) ) < 0"		942280	0		<			
ANR	942394	AssignmentExpression	"_c3ea924f691c7bedb0cb89b3f2ce0bdd = socket ( PF_INET , SOCK_STREAM , IPPROTO_TCP )"		942280	0		=			
ANR	942395	Identifier	_c3ea924f691c7bedb0cb89b3f2ce0bdd		942280	0					
ANR	942396	CallExpression	"socket ( PF_INET , SOCK_STREAM , IPPROTO_TCP )"		942280	1					
ANR	942397	Callee	socket		942280	0					
ANR	942398	Identifier	socket		942280	0					
ANR	942399	ArgumentList	PF_INET		942280	1					
ANR	942400	Argument	PF_INET		942280	0					
ANR	942401	Identifier	PF_INET		942280	0					
ANR	942402	Argument	SOCK_STREAM		942280	1					
ANR	942403	Identifier	SOCK_STREAM		942280	0					
ANR	942404	Argument	IPPROTO_TCP		942280	2					
ANR	942405	Identifier	IPPROTO_TCP		942280	0					
ANR	942406	PrimaryExpression	0		942280	1					
ANR	942407	CompoundStatement		24:8:1010:1010	942280	1					
ANR	942408	GotoStatement	goto _ef9be1cf5c7a17b50eaddaa233d839e6 ;	45:12:1335:1373	942280	0	True				
ANR	942409	Identifier	_ef9be1cf5c7a17b50eaddaa233d839e6		942280	0					
ANR	942410	IfStatement	if ( _f59e43b88cd9c184dedf7560fb4e0add [ 1 ] + _f59e43b88cd9c184dedf7560fb4e0add [ 2 ] > _f59e43b88cd9c184dedf7560fb4e0add [ 3 ] )		942280	17					
ANR	942411	Condition	_f59e43b88cd9c184dedf7560fb4e0add [ 1 ] + _f59e43b88cd9c184dedf7560fb4e0add [ 2 ] > _f59e43b88cd9c184dedf7560fb4e0add [ 3 ]	49:8:1400:1513	942280	0	True				
ANR	942412	RelationalExpression	_f59e43b88cd9c184dedf7560fb4e0add [ 1 ] + _f59e43b88cd9c184dedf7560fb4e0add [ 2 ] > _f59e43b88cd9c184dedf7560fb4e0add [ 3 ]		942280	0		>			
ANR	942413	AdditiveExpression	_f59e43b88cd9c184dedf7560fb4e0add [ 1 ] + _f59e43b88cd9c184dedf7560fb4e0add [ 2 ]		942280	0		+			
ANR	942414	ArrayIndexing	_f59e43b88cd9c184dedf7560fb4e0add [ 1 ]		942280	0					
ANR	942415	Identifier	_f59e43b88cd9c184dedf7560fb4e0add		942280	0					
ANR	942416	PrimaryExpression	1		942280	1					
ANR	942417	ArrayIndexing	_f59e43b88cd9c184dedf7560fb4e0add [ 2 ]		942280	1					
ANR	942418	Identifier	_f59e43b88cd9c184dedf7560fb4e0add		942280	0					
ANR	942419	PrimaryExpression	2		942280	1					
ANR	942420	ArrayIndexing	_f59e43b88cd9c184dedf7560fb4e0add [ 3 ]		942280	1					
ANR	942421	Identifier	_f59e43b88cd9c184dedf7560fb4e0add		942280	0					
ANR	942422	PrimaryExpression	3		942280	1					
ANR	942423	CompoundStatement		30:4:1209:1209	942280	1					
ANR	942424	ExpressionStatement	"memset ( & _bc0d6211b6e8f321d22089336f3d86ba , 0 , sizeof ( _bc0d6211b6e8f321d22089336f3d86ba ) )"	51:8:1530:1618	942280	0	True				
ANR	942425	CallExpression	"memset ( & _bc0d6211b6e8f321d22089336f3d86ba , 0 , sizeof ( _bc0d6211b6e8f321d22089336f3d86ba ) )"		942280	0					
ANR	942426	Callee	memset		942280	0					
ANR	942427	Identifier	memset		942280	0					
ANR	942428	ArgumentList	& _bc0d6211b6e8f321d22089336f3d86ba		942280	1					
ANR	942429	Argument	& _bc0d6211b6e8f321d22089336f3d86ba		942280	0					
ANR	942430	UnaryOperationExpression	& _bc0d6211b6e8f321d22089336f3d86ba		942280	0					
ANR	942431	UnaryOperator	&		942280	0					
ANR	942432	Identifier	_bc0d6211b6e8f321d22089336f3d86ba		942280	1					
ANR	942433	Argument	0		942280	1					
ANR	942434	PrimaryExpression	0		942280	0					
ANR	942435	Argument	sizeof ( _bc0d6211b6e8f321d22089336f3d86ba )		942280	2					
ANR	942436	SizeofExpression	sizeof ( _bc0d6211b6e8f321d22089336f3d86ba )		942280	0					
ANR	942437	Sizeof	sizeof		942280	0					
ANR	942438	SizeofOperand	_bc0d6211b6e8f321d22089336f3d86ba		942280	1					
ANR	942439	ExpressionStatement	_bc0d6211b6e8f321d22089336f3d86ba . sin_family = AF_INET	52:8:1628:1682	942280	1	True				
ANR	942440	AssignmentExpression	_bc0d6211b6e8f321d22089336f3d86ba . sin_family = AF_INET		942280	0		=			
ANR	942441	MemberAccess	_bc0d6211b6e8f321d22089336f3d86ba . sin_family		942280	0					
ANR	942442	Identifier	_bc0d6211b6e8f321d22089336f3d86ba		942280	0					
ANR	942443	Identifier	sin_family		942280	1					
ANR	942444	Identifier	AF_INET		942280	1					
ANR	942445	ExpressionStatement	_bc0d6211b6e8f321d22089336f3d86ba . sin_addr . s_addr = inet_addr ( _cbcaf8e5ffabe7ccc7b5f6ea598940e1 )	53:8:1692:1788	942280	2	True				
ANR	942446	AssignmentExpression	_bc0d6211b6e8f321d22089336f3d86ba . sin_addr . s_addr = inet_addr ( _cbcaf8e5ffabe7ccc7b5f6ea598940e1 )		942280	0		=			
ANR	942447	MemberAccess	_bc0d6211b6e8f321d22089336f3d86ba . sin_addr . s_addr		942280	0					
ANR	942448	MemberAccess	_bc0d6211b6e8f321d22089336f3d86ba . sin_addr		942280	0					
ANR	942449	Identifier	_bc0d6211b6e8f321d22089336f3d86ba		942280	0					
ANR	942450	Identifier	sin_addr		942280	1					
ANR	942451	Identifier	s_addr		942280	1					
ANR	942452	CallExpression	inet_addr ( _cbcaf8e5ffabe7ccc7b5f6ea598940e1 )		942280	1					
ANR	942453	Callee	inet_addr		942280	0					
ANR	942454	Identifier	inet_addr		942280	0					
ANR	942455	ArgumentList	_cbcaf8e5ffabe7ccc7b5f6ea598940e1		942280	1					
ANR	942456	Argument	_cbcaf8e5ffabe7ccc7b5f6ea598940e1		942280	0					
ANR	942457	Identifier	_cbcaf8e5ffabe7ccc7b5f6ea598940e1		942280	0					
ANR	942458	ExpressionStatement	_bc0d6211b6e8f321d22089336f3d86ba . sin_port = htons ( atoi ( _4cac2a605feec9b020206936f909a7ba ) )	54:8:1798:1889	942280	3	True				
ANR	942459	AssignmentExpression	_bc0d6211b6e8f321d22089336f3d86ba . sin_port = htons ( atoi ( _4cac2a605feec9b020206936f909a7ba ) )		942280	0		=			
ANR	942460	MemberAccess	_bc0d6211b6e8f321d22089336f3d86ba . sin_port		942280	0					
ANR	942461	Identifier	_bc0d6211b6e8f321d22089336f3d86ba		942280	0					
ANR	942462	Identifier	sin_port		942280	1					
ANR	942463	CallExpression	htons ( atoi ( _4cac2a605feec9b020206936f909a7ba ) )		942280	1					
ANR	942464	Callee	htons		942280	0					
ANR	942465	Identifier	htons		942280	0					
ANR	942466	ArgumentList	atoi ( _4cac2a605feec9b020206936f909a7ba )		942280	1					
ANR	942467	Argument	atoi ( _4cac2a605feec9b020206936f909a7ba )		942280	0					
ANR	942468	CallExpression	atoi ( _4cac2a605feec9b020206936f909a7ba )		942280	0					
ANR	942469	Callee	atoi		942280	0					
ANR	942470	Identifier	atoi		942280	0					
ANR	942471	ArgumentList	_4cac2a605feec9b020206936f909a7ba		942280	1					
ANR	942472	Argument	_4cac2a605feec9b020206936f909a7ba		942280	0					
ANR	942473	Identifier	_4cac2a605feec9b020206936f909a7ba		942280	0					
ANR	942474	IfStatement	"if ( connect ( _c3ea924f691c7bedb0cb89b3f2ce0bdd , ( struct sockaddr * ) & _bc0d6211b6e8f321d22089336f3d86ba , sizeof ( _bc0d6211b6e8f321d22089336f3d86ba ) ) < 0 )"		942280	4					
ANR	942475	Condition	"connect ( _c3ea924f691c7bedb0cb89b3f2ce0bdd , ( struct sockaddr * ) & _bc0d6211b6e8f321d22089336f3d86ba , sizeof ( _bc0d6211b6e8f321d22089336f3d86ba ) ) < 0"	56:12:1904:2088	942280	0	True				
ANR	942476	RelationalExpression	"connect ( _c3ea924f691c7bedb0cb89b3f2ce0bdd , ( struct sockaddr * ) & _bc0d6211b6e8f321d22089336f3d86ba , sizeof ( _bc0d6211b6e8f321d22089336f3d86ba ) ) < 0"		942280	0		<			
ANR	942477	CallExpression	"connect ( _c3ea924f691c7bedb0cb89b3f2ce0bdd , ( struct sockaddr * ) & _bc0d6211b6e8f321d22089336f3d86ba , sizeof ( _bc0d6211b6e8f321d22089336f3d86ba ) )"		942280	0					
ANR	942478	Callee	connect		942280	0					
ANR	942479	Identifier	connect		942280	0					
ANR	942480	ArgumentList	_c3ea924f691c7bedb0cb89b3f2ce0bdd		942280	1					
ANR	942481	Argument	_c3ea924f691c7bedb0cb89b3f2ce0bdd		942280	0					
ANR	942482	Identifier	_c3ea924f691c7bedb0cb89b3f2ce0bdd		942280	0					
ANR	942483	Argument	( struct sockaddr * ) & _bc0d6211b6e8f321d22089336f3d86ba		942280	1					
ANR	942484	CastExpression	( struct sockaddr * ) & _bc0d6211b6e8f321d22089336f3d86ba		942280	0					
ANR	942485	CastTarget	struct sockaddr *		942280	0					
ANR	942486	UnaryOperationExpression	& _bc0d6211b6e8f321d22089336f3d86ba		942280	1					
ANR	942487	UnaryOperator	&		942280	0					
ANR	942488	Identifier	_bc0d6211b6e8f321d22089336f3d86ba		942280	1					
ANR	942489	Argument	sizeof ( _bc0d6211b6e8f321d22089336f3d86ba )		942280	2					
ANR	942490	SizeofExpression	sizeof ( _bc0d6211b6e8f321d22089336f3d86ba )		942280	0					
ANR	942491	Sizeof	sizeof		942280	0					
ANR	942492	SizeofOperand	_bc0d6211b6e8f321d22089336f3d86ba		942280	1					
ANR	942493	PrimaryExpression	0		942280	1					
ANR	942494	CompoundStatement		39:8:1788:1788	942280	1					
ANR	942495	GotoStatement	goto _ef9be1cf5c7a17b50eaddaa233d839e6 ;	60:12:2113:2151	942280	0	True				
ANR	942496	Identifier	_ef9be1cf5c7a17b50eaddaa233d839e6		942280	0					
ANR	942497	IfStatement	if ( _f59e43b88cd9c184dedf7560fb4e0add [ 1 ] < 2 )		942280	18					
ANR	942498	Condition	_f59e43b88cd9c184dedf7560fb4e0add [ 1 ] < 2	64:8:2178:2217	942280	0	True				
ANR	942499	RelationalExpression	_f59e43b88cd9c184dedf7560fb4e0add [ 1 ] < 2		942280	0		<			
ANR	942500	ArrayIndexing	_f59e43b88cd9c184dedf7560fb4e0add [ 1 ]		942280	0					
ANR	942501	Identifier	_f59e43b88cd9c184dedf7560fb4e0add		942280	0					
ANR	942502	PrimaryExpression	1		942280	1					
ANR	942503	PrimaryExpression	2		942280	1					
ANR	942504	CompoundStatement		45:4:1913:1913	942280	1					
ANR	942505	ExpressionStatement	"send ( _c3ea924f691c7bedb0cb89b3f2ce0bdd , _f7899880eaf2f3223fdd8910645367f1 , sizeof ( _f7899880eaf2f3223fdd8910645367f1 ) , 0 )"	66:8:2234:2354	942280	0	True				
ANR	942506	CallExpression	"send ( _c3ea924f691c7bedb0cb89b3f2ce0bdd , _f7899880eaf2f3223fdd8910645367f1 , sizeof ( _f7899880eaf2f3223fdd8910645367f1 ) , 0 )"		942280	0					
ANR	942507	Callee	send		942280	0					
ANR	942508	Identifier	send		942280	0					
ANR	942509	ArgumentList	_c3ea924f691c7bedb0cb89b3f2ce0bdd		942280	1					
ANR	942510	Argument	_c3ea924f691c7bedb0cb89b3f2ce0bdd		942280	0					
ANR	942511	Identifier	_c3ea924f691c7bedb0cb89b3f2ce0bdd		942280	0					
ANR	942512	Argument	_f7899880eaf2f3223fdd8910645367f1		942280	1					
ANR	942513	Identifier	_f7899880eaf2f3223fdd8910645367f1		942280	0					
ANR	942514	Argument	sizeof ( _f7899880eaf2f3223fdd8910645367f1 )		942280	2					
ANR	942515	SizeofExpression	sizeof ( _f7899880eaf2f3223fdd8910645367f1 )		942280	0					
ANR	942516	Sizeof	sizeof		942280	0					
ANR	942517	SizeofOperand	_f7899880eaf2f3223fdd8910645367f1		942280	1					
ANR	942518	Argument	0		942280	3					
ANR	942519	PrimaryExpression	0		942280	0					
ANR	942520	ExpressionStatement	close ( _c3ea924f691c7bedb0cb89b3f2ce0bdd )	67:8:2364:2404	942280	1	True				
ANR	942521	CallExpression	close ( _c3ea924f691c7bedb0cb89b3f2ce0bdd )		942280	0					
ANR	942522	Callee	close		942280	0					
ANR	942523	Identifier	close		942280	0					
ANR	942524	ArgumentList	_c3ea924f691c7bedb0cb89b3f2ce0bdd		942280	1					
ANR	942525	Argument	_c3ea924f691c7bedb0cb89b3f2ce0bdd		942280	0					
ANR	942526	Identifier	_c3ea924f691c7bedb0cb89b3f2ce0bdd		942280	0					
ANR	942527	Label	_ef9be1cf5c7a17b50eaddaa233d839e6 :	70:0:2413:2446	942280	19	True				
ANR	942528	Identifier	_ef9be1cf5c7a17b50eaddaa233d839e6		942280	0					
ANR	942529	ExpressionStatement		71:4:2452:2452	942280	20	True				
ANR	942530	IdentifierDeclStatement	"undef _cbcaf8e5ffabe7ccc7b5f6ea598940e1 undef _4cac2a605feec9b020206936f909a7ba printf ( ""enter dictionary word numbers, one per line...\\n"" ) ;"	73:1:2456:2599	942280	21	True				
ANR	942531	IdentifierDecl	"printf ( ""enter dictionary word numbers, one per line...\\n"" )"		942280	0					
ANR	942532	IdentifierDeclType	undef _cbcaf8e5ffabe7ccc7b5f6ea598940e1 undef _4cac2a605feec9b020206936f909a7ba		942280	0					
ANR	942533	Identifier	printf		942280	1					
ANR	942534	PrimaryExpression	"""enter dictionary word numbers, one per line...\\n"""		942280	2					
ANR	942535	WhileStatement	"while ( fgets ( _f65457eb8065511c0353d8836a8da11b , STRINGSIZE , stdin ) )"		942280	22					
ANR	942536	Condition	"fgets ( _f65457eb8065511c0353d8836a8da11b , STRINGSIZE , stdin )"	76:11:2612:2671	942280	0	True				
ANR	942537	CallExpression	"fgets ( _f65457eb8065511c0353d8836a8da11b , STRINGSIZE , stdin )"		942280	0					
ANR	942538	Callee	fgets		942280	0					
ANR	942539	Identifier	fgets		942280	0					
ANR	942540	ArgumentList	_f65457eb8065511c0353d8836a8da11b		942280	1					
ANR	942541	Argument	_f65457eb8065511c0353d8836a8da11b		942280	0					
ANR	942542	Identifier	_f65457eb8065511c0353d8836a8da11b		942280	0					
ANR	942543	Argument	STRINGSIZE		942280	1					
ANR	942544	Identifier	STRINGSIZE		942280	0					
ANR	942545	Argument	stdin		942280	2					
ANR	942546	Identifier	stdin		942280	0					
ANR	942547	CompoundStatement		58:8:2377:2416	942280	1					
ANR	942548	IdentifierDeclStatement	char * _7e1a91a0c11e2fc75e66e8555d4dbb40 ;	78:8:2688:2727	942280	0	True				
ANR	942549	IdentifierDecl	* _7e1a91a0c11e2fc75e66e8555d4dbb40		942280	0					
ANR	942550	IdentifierDeclType	char *		942280	0					
ANR	942551	Identifier	_7e1a91a0c11e2fc75e66e8555d4dbb40		942280	1					
ANR	942552	ExpressionStatement	"sscanf ( _f65457eb8065511c0353d8836a8da11b , ""%u"" , & _21ee2e177289e2eb56eb52756e31d110 )"	79:8:2737:2821	942280	1	True				
ANR	942553	CallExpression	"sscanf ( _f65457eb8065511c0353d8836a8da11b , ""%u"" , & _21ee2e177289e2eb56eb52756e31d110 )"		942280	0					
ANR	942554	Callee	sscanf		942280	0					
ANR	942555	Identifier	sscanf		942280	0					
ANR	942556	ArgumentList	_f65457eb8065511c0353d8836a8da11b		942280	1					
ANR	942557	Argument	_f65457eb8065511c0353d8836a8da11b		942280	0					
ANR	942558	Identifier	_f65457eb8065511c0353d8836a8da11b		942280	0					
ANR	942559	Argument	"""%u"""		942280	1					
ANR	942560	PrimaryExpression	"""%u"""		942280	0					
ANR	942561	Argument	& _21ee2e177289e2eb56eb52756e31d110		942280	2					
ANR	942562	UnaryOperationExpression	& _21ee2e177289e2eb56eb52756e31d110		942280	0					
ANR	942563	UnaryOperator	&		942280	0					
ANR	942564	Identifier	_21ee2e177289e2eb56eb52756e31d110		942280	1					
ANR	942565	ExpressionStatement	"printf ( ""(word %d) "" , _21ee2e177289e2eb56eb52756e31d110 )"	80:8:2831:2887	942280	2	True				
ANR	942566	CallExpression	"printf ( ""(word %d) "" , _21ee2e177289e2eb56eb52756e31d110 )"		942280	0					
ANR	942567	Callee	printf		942280	0					
ANR	942568	Identifier	printf		942280	0					
ANR	942569	ArgumentList	"""(word %d) """		942280	1					
ANR	942570	Argument	"""(word %d) """		942280	0					
ANR	942571	PrimaryExpression	"""(word %d) """		942280	0					
ANR	942572	Argument	_21ee2e177289e2eb56eb52756e31d110		942280	1					
ANR	942573	Identifier	_21ee2e177289e2eb56eb52756e31d110		942280	0					
ANR	942574	IfStatement	"if ( ! ( _7e1a91a0c11e2fc75e66e8555d4dbb40 = ( char * ) _04519e4eb1382e3875f222cfcf646c78 ( _ba3848e62f80a8033b324de94ee2d3ec , _21ee2e177289e2eb56eb52756e31d110 ) ) )"		942280	3					
ANR	942575	Condition	"! ( _7e1a91a0c11e2fc75e66e8555d4dbb40 = ( char * ) _04519e4eb1382e3875f222cfcf646c78 ( _ba3848e62f80a8033b324de94ee2d3ec , _21ee2e177289e2eb56eb52756e31d110 ) )"	81:12:2901:3052	942280	0	True				
ANR	942576	UnaryOperationExpression	"! ( _7e1a91a0c11e2fc75e66e8555d4dbb40 = ( char * ) _04519e4eb1382e3875f222cfcf646c78 ( _ba3848e62f80a8033b324de94ee2d3ec , _21ee2e177289e2eb56eb52756e31d110 ) )"		942280	0					
ANR	942577	UnaryOperator	!		942280	0					
ANR	942578	AssignmentExpression	"_7e1a91a0c11e2fc75e66e8555d4dbb40 = ( char * ) _04519e4eb1382e3875f222cfcf646c78 ( _ba3848e62f80a8033b324de94ee2d3ec , _21ee2e177289e2eb56eb52756e31d110 )"		942280	1		=			
ANR	942579	Identifier	_7e1a91a0c11e2fc75e66e8555d4dbb40		942280	0					
ANR	942580	CastExpression	"( char * ) _04519e4eb1382e3875f222cfcf646c78 ( _ba3848e62f80a8033b324de94ee2d3ec , _21ee2e177289e2eb56eb52756e31d110 )"		942280	1					
ANR	942581	CastTarget	char *		942280	0					
ANR	942582	CallExpression	"_04519e4eb1382e3875f222cfcf646c78 ( _ba3848e62f80a8033b324de94ee2d3ec , _21ee2e177289e2eb56eb52756e31d110 )"		942280	1					
ANR	942583	Callee	_04519e4eb1382e3875f222cfcf646c78		942280	0					
ANR	942584	Identifier	_04519e4eb1382e3875f222cfcf646c78		942280	0					
ANR	942585	ArgumentList	_ba3848e62f80a8033b324de94ee2d3ec		942280	1					
ANR	942586	Argument	_ba3848e62f80a8033b324de94ee2d3ec		942280	0					
ANR	942587	Identifier	_ba3848e62f80a8033b324de94ee2d3ec		942280	0					
ANR	942588	Argument	_21ee2e177289e2eb56eb52756e31d110		942280	1					
ANR	942589	Identifier	_21ee2e177289e2eb56eb52756e31d110		942280	0					
ANR	942590	CompoundStatement		62:8:2752:2752	942280	1					
ANR	942591	ExpressionStatement	"_7e1a91a0c11e2fc75e66e8555d4dbb40 = ""(null)"""	83:12:3077:3121	942280	0	True				
ANR	942592	AssignmentExpression	"_7e1a91a0c11e2fc75e66e8555d4dbb40 = ""(null)"""		942280	0		=			
ANR	942593	Identifier	_7e1a91a0c11e2fc75e66e8555d4dbb40		942280	0					
ANR	942594	PrimaryExpression	"""(null)"""		942280	1					
ANR	942595	ExpressionStatement	"printf ( ""'%s'\\n"" , _7e1a91a0c11e2fc75e66e8555d4dbb40 )"	85:8:3141:3193	942280	4	True				
ANR	942596	CallExpression	"printf ( ""'%s'\\n"" , _7e1a91a0c11e2fc75e66e8555d4dbb40 )"		942280	0					
ANR	942597	Callee	printf		942280	0					
ANR	942598	Identifier	printf		942280	0					
ANR	942599	ArgumentList	"""'%s'\\n"""		942280	1					
ANR	942600	Argument	"""'%s'\\n"""		942280	0					
ANR	942601	PrimaryExpression	"""'%s'\\n"""		942280	0					
ANR	942602	Argument	_7e1a91a0c11e2fc75e66e8555d4dbb40		942280	1					
ANR	942603	Identifier	_7e1a91a0c11e2fc75e66e8555d4dbb40		942280	0					
ANR	942604	ReturnStatement	return ( 0 ) ;	87:4:3205:3215	942280	23	True				
ANR	942605	PrimaryExpression	0		942280	0					
ANR	942606	ReturnType	int		942280	1					
ANR	942607	Identifier	main		942280	2					
ANR	942608	ParameterList			942280	3					
ANR	942609	CFGEntryNode	ENTRY		942280		True				
ANR	942610	CFGExitNode	EXIT		942280		True				
ANR	942611	Symbol	* _f59e43b88cd9c184dedf7560fb4e0add		942280						
ANR	942612	Symbol	_bc0d6211b6e8f321d22089336f3d86ba . sin_family		942280						
ANR	942613	Symbol	stdin		942280						
ANR	942614	Symbol	_f59e43b88cd9c184dedf7560fb4e0add		942280						
ANR	942615	Symbol	htons		942280						
ANR	942616	Symbol	_54b4acab70838fb1994068134c9d1495		942280						
ANR	942617	Symbol	_f65457eb8065511c0353d8836a8da11b		942280						
ANR	942618	Symbol	fgets		942280						
ANR	942619	Symbol	printf		942280						
ANR	942620	Symbol	SOCK_STREAM		942280						
ANR	942621	Symbol	_bc0d6211b6e8f321d22089336f3d86ba		942280						
ANR	942622	Symbol	IPPROTO_TCP		942280						
ANR	942623	Symbol	& _bc0d6211b6e8f321d22089336f3d86ba		942280						
ANR	942624	Symbol	_04519e4eb1382e3875f222cfcf646c78		942280						
ANR	942625	Symbol	& _21ee2e177289e2eb56eb52756e31d110		942280						
ANR	942626	Symbol	_bc0d6211b6e8f321d22089336f3d86ba . sin_port		942280						
ANR	942627	Symbol	connect		942280						
ANR	942628	Symbol	_bc0d6211b6e8f321d22089336f3d86ba . sin_addr . s_addr		942280						
ANR	942629	Symbol	atoi		942280						
ANR	942630	Symbol	NULL		942280						
ANR	942631	Symbol	STRINGSIZE		942280						
ANR	942632	Symbol	_21ee2e177289e2eb56eb52756e31d110		942280						
ANR	942633	Symbol	_cbcaf8e5ffabe7ccc7b5f6ea598940e1		942280						
ANR	942634	Symbol	AF_INET		942280						
ANR	942635	Symbol	_7e1a91a0c11e2fc75e66e8555d4dbb40		942280						
ANR	942636	Symbol	_ba3848e62f80a8033b324de94ee2d3ec		942280						
ANR	942637	Symbol	_c3ea924f691c7bedb0cb89b3f2ce0bdd		942280						
ANR	942638	Symbol	_f7899880eaf2f3223fdd8910645367f1		942280						
ANR	942639	Symbol	_bc0d6211b6e8f321d22089336f3d86ba . sin_addr		942280						
ANR	942640	Symbol	socket		942280						
ANR	942641	Symbol	_4cac2a605feec9b020206936f909a7ba		942280						
ANR	942642	Symbol	inet_addr		942280						
ANR	942643	Symbol	PF_INET		942280						
