start	end	type	var
1324166	1324167	IS_FILE_OF	
1324168	1324169	DECLARES	
1324167	1324168	IS_CLASS_OF	
1324174	1324175	IS_AST_PARENT	
1324174	1324176	IS_AST_PARENT	
1324173	1324174	IS_AST_PARENT	
1324172	1324173	IS_AST_PARENT	
1324178	1324179	IS_AST_PARENT	
1324181	1324182	IS_AST_PARENT	
1324180	1324181	IS_AST_PARENT	
1324184	1324185	IS_AST_PARENT	
1324183	1324184	IS_AST_PARENT	
1324180	1324183	IS_AST_PARENT	
1324178	1324180	IS_AST_PARENT	
1324177	1324178	IS_AST_PARENT	
1324172	1324177	IS_AST_PARENT	
1324188	1324189	IS_AST_PARENT	
1324187	1324188	IS_AST_PARENT	
1324187	1324190	IS_AST_PARENT	
1324186	1324187	IS_AST_PARENT	
1324172	1324186	IS_AST_PARENT	
1324193	1324194	IS_AST_PARENT	
1324192	1324193	IS_AST_PARENT	
1324196	1324197	IS_AST_PARENT	
1324195	1324196	IS_AST_PARENT	
1324192	1324195	IS_AST_PARENT	
1324191	1324192	IS_AST_PARENT	
1324172	1324191	IS_AST_PARENT	
1324200	1324201	IS_AST_PARENT	
1324200	1324202	IS_AST_PARENT	
1324199	1324200	IS_AST_PARENT	
1324198	1324199	IS_AST_PARENT	
1324206	1324207	IS_AST_PARENT	
1324206	1324208	IS_AST_PARENT	
1324205	1324206	IS_AST_PARENT	
1324204	1324205	IS_AST_PARENT	
1324212	1324213	IS_AST_PARENT	
1324211	1324212	IS_AST_PARENT	
1324215	1324216	IS_AST_PARENT	
1324214	1324215	IS_AST_PARENT	
1324218	1324219	IS_AST_PARENT	
1324220	1324221	IS_AST_PARENT	
1324220	1324222	IS_AST_PARENT	
1324218	1324220	IS_AST_PARENT	
1324217	1324218	IS_AST_PARENT	
1324214	1324217	IS_AST_PARENT	
1324211	1324214	IS_AST_PARENT	
1324210	1324211	IS_AST_PARENT	
1324209	1324210	IS_AST_PARENT	
1324224	1324225	IS_AST_PARENT	
1324226	1324227	IS_AST_PARENT	
1324226	1324228	IS_AST_PARENT	
1324224	1324226	IS_AST_PARENT	
1324223	1324224	IS_AST_PARENT	
1324209	1324223	IS_AST_PARENT	
1324204	1324209	IS_AST_PARENT	
1324203	1324204	IS_AST_PARENT	
1324198	1324203	IS_AST_PARENT	
1324233	1324234	IS_AST_PARENT	
1324232	1324233	IS_AST_PARENT	
1324236	1324237	IS_AST_PARENT	
1324235	1324236	IS_AST_PARENT	
1324232	1324235	IS_AST_PARENT	
1324231	1324232	IS_AST_PARENT	
1324230	1324231	IS_AST_PARENT	
1324229	1324230	IS_AST_PARENT	
1324198	1324229	IS_AST_PARENT	
1324172	1324198	IS_AST_PARENT	
1324240	1324241	IS_AST_PARENT	
1324239	1324240	IS_AST_PARENT	
1324239	1324242	IS_AST_PARENT	
1324238	1324239	IS_AST_PARENT	
1324172	1324238	IS_AST_PARENT	
1324171	1324172	IS_AST_PARENT	
1324171	1324243	IS_AST_PARENT	
1324171	1324244	IS_AST_PARENT	
1324246	1324247	IS_AST_PARENT	
1324246	1324248	IS_AST_PARENT	
1324245	1324246	IS_AST_PARENT	
1324171	1324245	IS_AST_PARENT	
1324249	1324246	FLOWS_TO	
1324246	1324173	FLOWS_TO	
1324173	1324177	FLOWS_TO	
1324177	1324186	FLOWS_TO	
1324186	1324191	FLOWS_TO	
1324191	1324199	FLOWS_TO	
1324199	1324205	FLOWS_TO	
1324199	1324231	FLOWS_TO	
1324205	1324210	FLOWS_TO	
1324205	1324238	FLOWS_TO	
1324210	1324223	FLOWS_TO	
1324223	1324205	FLOWS_TO	
1324231	1324238	FLOWS_TO	
1324238	1324250	FLOWS_TO	
1324223	1324251	USE	
1324224	1324251	USE	
1324210	1324252	USE	
1324217	1324252	USE	
1324199	1324253	USE	
1324205	1324253	USE	
1324177	1324254	USE	
1324178	1324254	USE	
1324210	1324255	USE	
1324217	1324255	USE	
1324223	1324255	USE	
1324224	1324255	USE	
1324246	1324256	DEF	
1324177	1324256	USE	
1324184	1324256	USE	
1324173	1324257	DEF	
1324174	1324257	DEF	
1324177	1324257	DEF	
1324178	1324257	DEF	
1324199	1324257	USE	
1324205	1324257	USE	
1324210	1324257	USE	
1324220	1324257	USE	
1324223	1324257	USE	
1324226	1324257	USE	
1324223	1324257	DEF	
1324224	1324257	DEF	
1324246	1324177	REACHES	_95d53ccd5f17ca9f5e6bd85012d24e1d
1324177	1324199	REACHES	l
1324223	1324205	REACHES	l
1324177	1324205	REACHES	l
1324223	1324210	REACHES	l
1324177	1324210	REACHES	l
1324223	1324223	REACHES	l
1324177	1324223	REACHES	l
1324249	1324246	CONTROLS	
1324249	1324173	CONTROLS	
1324249	1324177	CONTROLS	
1324249	1324186	CONTROLS	
1324249	1324191	CONTROLS	
1324249	1324199	CONTROLS	
1324249	1324238	CONTROLS	
1324199	1324205	CONTROLS	
1324199	1324231	CONTROLS	
1324205	1324210	CONTROLS	
1324205	1324223	CONTROLS	
1324199	1324231	DOM	
1324249	1324249	DOM	
1324199	1324238	DOM	
1324205	1324210	DOM	
1324249	1324246	DOM	
1324199	1324205	DOM	
1324177	1324186	DOM	
1324186	1324191	DOM	
1324173	1324177	DOM	
1324191	1324199	DOM	
1324210	1324223	DOM	
1324238	1324250	DOM	
1324246	1324173	DOM	
1324238	1324231	POST_DOM	
1324246	1324249	POST_DOM	
1324250	1324238	POST_DOM	
1324223	1324210	POST_DOM	
1324238	1324205	POST_DOM	
1324173	1324246	POST_DOM	
1324191	1324186	POST_DOM	
1324199	1324191	POST_DOM	
1324186	1324177	POST_DOM	
1324238	1324199	POST_DOM	
1324205	1324223	POST_DOM	
1324250	1324250	POST_DOM	
1324177	1324173	POST_DOM	
1324170	1324171	IS_FUNCTION_OF_AST	
1324170	1324249	IS_FUNCTION_OF_CFG	
1324166	1324170	IS_FILE_OF	
1324262	1324263	IS_AST_PARENT	
1324262	1324264	IS_AST_PARENT	
1324261	1324262	IS_AST_PARENT	
1324260	1324261	IS_AST_PARENT	
1324267	1324268	IS_AST_PARENT	
1324267	1324269	IS_AST_PARENT	
1324266	1324267	IS_AST_PARENT	
1324265	1324266	IS_AST_PARENT	
1324272	1324273	IS_AST_PARENT	
1324275	1324276	IS_AST_PARENT	
1324274	1324275	IS_AST_PARENT	
1324278	1324279	IS_AST_PARENT	
1324277	1324278	IS_AST_PARENT	
1324280	1324281	IS_AST_PARENT	
1324277	1324280	IS_AST_PARENT	
1324274	1324277	IS_AST_PARENT	
1324272	1324274	IS_AST_PARENT	
1324271	1324272	IS_AST_PARENT	
1324270	1324271	IS_AST_PARENT	
1324284	1324285	IS_AST_PARENT	
1324284	1324286	IS_AST_PARENT	
1324283	1324284	IS_AST_PARENT	
1324283	1324287	IS_AST_PARENT	
1324282	1324283	IS_AST_PARENT	
1324270	1324282	IS_AST_PARENT	
1324265	1324270	IS_AST_PARENT	
1324291	1324292	IS_AST_PARENT	
1324291	1324293	IS_AST_PARENT	
1324290	1324291	IS_AST_PARENT	
1324289	1324290	IS_AST_PARENT	
1324296	1324297	IS_AST_PARENT	
1324295	1324296	IS_AST_PARENT	
1324299	1324300	IS_AST_PARENT	
1324298	1324299	IS_AST_PARENT	
1324295	1324298	IS_AST_PARENT	
1324294	1324295	IS_AST_PARENT	
1324289	1324294	IS_AST_PARENT	
1324288	1324289	IS_AST_PARENT	
1324265	1324288	IS_AST_PARENT	
1324260	1324265	IS_AST_PARENT	
1324301	1324302	IS_AST_PARENT	
1324260	1324301	IS_AST_PARENT	
1324259	1324260	IS_AST_PARENT	
1324259	1324303	IS_AST_PARENT	
1324259	1324304	IS_AST_PARENT	
1324306	1324307	IS_AST_PARENT	
1324306	1324308	IS_AST_PARENT	
1324305	1324306	IS_AST_PARENT	
1324259	1324305	IS_AST_PARENT	
1324309	1324306	FLOWS_TO	
1324306	1324261	FLOWS_TO	
1324261	1324266	FLOWS_TO	
1324266	1324271	FLOWS_TO	
1324266	1324290	FLOWS_TO	
1324271	1324282	FLOWS_TO	
1324282	1324301	FLOWS_TO	
1324290	1324294	FLOWS_TO	
1324294	1324301	FLOWS_TO	
1324301	1324310	FLOWS_TO	
1324266	1324311	USE	
1324290	1324311	USE	
1324291	1324311	USE	
1324306	1324312	DEF	
1324266	1324312	USE	
1324282	1324312	USE	
1324283	1324312	USE	
1324271	1324313	USE	
1324278	1324313	USE	
1324271	1324314	USE	
1324272	1324314	USE	
1324282	1324315	DEF	
1324283	1324315	DEF	
1324261	1324316	DEF	
1324262	1324316	DEF	
1324271	1324316	DEF	
1324272	1324316	DEF	
1324282	1324316	USE	
1324284	1324316	USE	
1324290	1324316	DEF	
1324291	1324316	DEF	
1324301	1324316	USE	
1324282	1324317	DEF	
1324283	1324317	DEF	
1324306	1324266	REACHES	_1be03f7ce7b17c69f87c0c7795798f7f
1324306	1324282	REACHES	_1be03f7ce7b17c69f87c0c7795798f7f
1324271	1324282	REACHES	_95d53ccd5f17ca9f5e6bd85012d24e1d
1324290	1324301	REACHES	_95d53ccd5f17ca9f5e6bd85012d24e1d
1324271	1324301	REACHES	_95d53ccd5f17ca9f5e6bd85012d24e1d
1324309	1324306	CONTROLS	
1324309	1324261	CONTROLS	
1324309	1324266	CONTROLS	
1324309	1324301	CONTROLS	
1324266	1324271	CONTROLS	
1324266	1324282	CONTROLS	
1324266	1324290	CONTROLS	
1324266	1324294	CONTROLS	
1324271	1324282	DOM	
1324309	1324306	DOM	
1324309	1324309	DOM	
1324266	1324271	DOM	
1324290	1324294	DOM	
1324266	1324290	DOM	
1324301	1324310	DOM	
1324261	1324266	DOM	
1324306	1324261	DOM	
1324266	1324301	DOM	
1324301	1324282	POST_DOM	
1324261	1324306	POST_DOM	
1324306	1324309	POST_DOM	
1324282	1324271	POST_DOM	
1324301	1324294	POST_DOM	
1324294	1324290	POST_DOM	
1324310	1324310	POST_DOM	
1324301	1324266	POST_DOM	
1324310	1324301	POST_DOM	
1324266	1324261	POST_DOM	
1324258	1324259	IS_FUNCTION_OF_AST	
1324258	1324309	IS_FUNCTION_OF_CFG	
1324166	1324258	IS_FILE_OF	
1324318	1324319	DECLARES	
1324320	1324321	DECLARES	
1324326	1324327	IS_AST_PARENT	
1324326	1324328	IS_AST_PARENT	
1324329	1324330	IS_AST_PARENT	
1324329	1324331	IS_AST_PARENT	
1324326	1324329	IS_AST_PARENT	
1324325	1324326	IS_AST_PARENT	
1324324	1324325	IS_AST_PARENT	
1324333	1324334	IS_AST_PARENT	
1324333	1324335	IS_AST_PARENT	
1324336	1324337	IS_AST_PARENT	
1324338	1324339	IS_AST_PARENT	
1324338	1324340	IS_AST_PARENT	
1324336	1324338	IS_AST_PARENT	
1324333	1324336	IS_AST_PARENT	
1324332	1324333	IS_AST_PARENT	
1324324	1324332	IS_AST_PARENT	
1324342	1324343	IS_AST_PARENT	
1324342	1324344	IS_AST_PARENT	
1324345	1324346	IS_AST_PARENT	
1324345	1324347	IS_AST_PARENT	
1324342	1324345	IS_AST_PARENT	
1324341	1324342	IS_AST_PARENT	
1324324	1324341	IS_AST_PARENT	
1324349	1324350	IS_AST_PARENT	
1324349	1324351	IS_AST_PARENT	
1324352	1324353	IS_AST_PARENT	
1324354	1324355	IS_AST_PARENT	
1324354	1324356	IS_AST_PARENT	
1324352	1324354	IS_AST_PARENT	
1324349	1324352	IS_AST_PARENT	
1324348	1324349	IS_AST_PARENT	
1324324	1324348	IS_AST_PARENT	
1324324	1324357	IS_AST_PARENT	
1324324	1324358	IS_AST_PARENT	
1324324	1324359	IS_AST_PARENT	
1324324	1324360	IS_AST_PARENT	
1324324	1324361	IS_AST_PARENT	
1324324	1324362	IS_AST_PARENT	
1324324	1324363	IS_AST_PARENT	
1324324	1324364	IS_AST_PARENT	
1324324	1324365	IS_AST_PARENT	
1324367	1324368	IS_AST_PARENT	
1324367	1324369	IS_AST_PARENT	
1324367	1324370	IS_AST_PARENT	
1324367	1324371	IS_AST_PARENT	
1324367	1324372	IS_AST_PARENT	
1324367	1324373	IS_AST_PARENT	
1324367	1324374	IS_AST_PARENT	
1324367	1324375	IS_AST_PARENT	
1324367	1324376	IS_AST_PARENT	
1324366	1324367	IS_AST_PARENT	
1324366	1324377	IS_AST_PARENT	
1324378	1324379	IS_AST_PARENT	
1324378	1324380	IS_AST_PARENT	
1324378	1324381	IS_AST_PARENT	
1324378	1324382	IS_AST_PARENT	
1324378	1324383	IS_AST_PARENT	
1324378	1324384	IS_AST_PARENT	
1324378	1324385	IS_AST_PARENT	
1324378	1324386	IS_AST_PARENT	
1324378	1324387	IS_AST_PARENT	
1324366	1324378	IS_AST_PARENT	
1324324	1324366	IS_AST_PARENT	
1324324	1324388	IS_AST_PARENT	
1324390	1324391	IS_AST_PARENT	
1324390	1324392	IS_AST_PARENT	
1324393	1324394	IS_AST_PARENT	
1324393	1324395	IS_AST_PARENT	
1324390	1324393	IS_AST_PARENT	
1324389	1324390	IS_AST_PARENT	
1324324	1324389	IS_AST_PARENT	
1324397	1324398	IS_AST_PARENT	
1324397	1324399	IS_AST_PARENT	
1324396	1324397	IS_AST_PARENT	
1324400	1324401	IS_AST_PARENT	
1324400	1324402	IS_AST_PARENT	
1324396	1324400	IS_AST_PARENT	
1324324	1324396	IS_AST_PARENT	
1324405	1324406	IS_AST_PARENT	
1324405	1324407	IS_AST_PARENT	
1324404	1324405	IS_AST_PARENT	
1324409	1324410	IS_AST_PARENT	
1324409	1324411	IS_AST_PARENT	
1324408	1324409	IS_AST_PARENT	
1324408	1324412	IS_AST_PARENT	
1324404	1324408	IS_AST_PARENT	
1324403	1324404	IS_AST_PARENT	
1324324	1324403	IS_AST_PARENT	
1324415	1324416	IS_AST_PARENT	
1324415	1324417	IS_AST_PARENT	
1324414	1324415	IS_AST_PARENT	
1324413	1324414	IS_AST_PARENT	
1324419	1324420	IS_AST_PARENT	
1324419	1324421	IS_AST_PARENT	
1324418	1324419	IS_AST_PARENT	
1324413	1324418	IS_AST_PARENT	
1324422	1324423	IS_AST_PARENT	
1324422	1324424	IS_AST_PARENT	
1324413	1324422	IS_AST_PARENT	
1324427	1324428	IS_AST_PARENT	
1324427	1324429	IS_AST_PARENT	
1324430	1324431	IS_AST_PARENT	
1324432	1324433	IS_AST_PARENT	
1324432	1324434	IS_AST_PARENT	
1324430	1324432	IS_AST_PARENT	
1324427	1324430	IS_AST_PARENT	
1324426	1324427	IS_AST_PARENT	
1324425	1324426	IS_AST_PARENT	
1324436	1324437	IS_AST_PARENT	
1324436	1324438	IS_AST_PARENT	
1324439	1324440	IS_AST_PARENT	
1324441	1324442	IS_AST_PARENT	
1324441	1324443	IS_AST_PARENT	
1324439	1324441	IS_AST_PARENT	
1324436	1324439	IS_AST_PARENT	
1324435	1324436	IS_AST_PARENT	
1324425	1324435	IS_AST_PARENT	
1324445	1324446	IS_AST_PARENT	
1324445	1324447	IS_AST_PARENT	
1324448	1324449	IS_AST_PARENT	
1324450	1324451	IS_AST_PARENT	
1324450	1324452	IS_AST_PARENT	
1324448	1324450	IS_AST_PARENT	
1324445	1324448	IS_AST_PARENT	
1324444	1324445	IS_AST_PARENT	
1324425	1324444	IS_AST_PARENT	
1324455	1324456	IS_AST_PARENT	
1324455	1324457	IS_AST_PARENT	
1324454	1324455	IS_AST_PARENT	
1324458	1324459	IS_AST_PARENT	
1324458	1324460	IS_AST_PARENT	
1324454	1324458	IS_AST_PARENT	
1324453	1324454	IS_AST_PARENT	
1324425	1324453	IS_AST_PARENT	
1324463	1324464	IS_AST_PARENT	
1324463	1324465	IS_AST_PARENT	
1324462	1324463	IS_AST_PARENT	
1324466	1324467	IS_AST_PARENT	
1324466	1324468	IS_AST_PARENT	
1324462	1324466	IS_AST_PARENT	
1324461	1324462	IS_AST_PARENT	
1324425	1324461	IS_AST_PARENT	
1324471	1324472	IS_AST_PARENT	
1324471	1324473	IS_AST_PARENT	
1324470	1324471	IS_AST_PARENT	
1324474	1324475	IS_AST_PARENT	
1324474	1324476	IS_AST_PARENT	
1324470	1324474	IS_AST_PARENT	
1324469	1324470	IS_AST_PARENT	
1324425	1324469	IS_AST_PARENT	
1324479	1324480	IS_AST_PARENT	
1324479	1324481	IS_AST_PARENT	
1324478	1324479	IS_AST_PARENT	
1324482	1324483	IS_AST_PARENT	
1324482	1324484	IS_AST_PARENT	
1324478	1324482	IS_AST_PARENT	
1324477	1324478	IS_AST_PARENT	
1324425	1324477	IS_AST_PARENT	
1324413	1324425	IS_AST_PARENT	
1324324	1324413	IS_AST_PARENT	
1324485	1324486	IS_AST_PARENT	
1324324	1324485	IS_AST_PARENT	
1324323	1324324	IS_AST_PARENT	
1324323	1324487	IS_AST_PARENT	
1324323	1324488	IS_AST_PARENT	
1324490	1324491	IS_AST_PARENT	
1324490	1324492	IS_AST_PARENT	
1324489	1324490	IS_AST_PARENT	
1324493	1324494	IS_AST_PARENT	
1324493	1324495	IS_AST_PARENT	
1324489	1324493	IS_AST_PARENT	
1324496	1324497	IS_AST_PARENT	
1324496	1324498	IS_AST_PARENT	
1324489	1324496	IS_AST_PARENT	
1324323	1324489	IS_AST_PARENT	
1324499	1324490	FLOWS_TO	
1324490	1324493	FLOWS_TO	
1324493	1324496	FLOWS_TO	
1324496	1324325	FLOWS_TO	
1324325	1324332	FLOWS_TO	
1324332	1324341	FLOWS_TO	
1324341	1324348	FLOWS_TO	
1324348	1324357	FLOWS_TO	
1324357	1324358	FLOWS_TO	
1324358	1324359	FLOWS_TO	
1324359	1324360	FLOWS_TO	
1324360	1324361	FLOWS_TO	
1324361	1324362	FLOWS_TO	
1324362	1324363	FLOWS_TO	
1324363	1324364	FLOWS_TO	
1324364	1324365	FLOWS_TO	
1324365	1324368	FLOWS_TO	
1324368	1324369	FLOWS_TO	
1324369	1324370	FLOWS_TO	
1324370	1324371	FLOWS_TO	
1324371	1324372	FLOWS_TO	
1324372	1324373	FLOWS_TO	
1324373	1324374	FLOWS_TO	
1324374	1324375	FLOWS_TO	
1324375	1324376	FLOWS_TO	
1324376	1324377	FLOWS_TO	
1324377	1324379	FLOWS_TO	
1324379	1324380	FLOWS_TO	
1324380	1324381	FLOWS_TO	
1324381	1324382	FLOWS_TO	
1324382	1324383	FLOWS_TO	
1324383	1324384	FLOWS_TO	
1324384	1324385	FLOWS_TO	
1324385	1324386	FLOWS_TO	
1324386	1324387	FLOWS_TO	
1324387	1324388	FLOWS_TO	
1324388	1324389	FLOWS_TO	
1324389	1324396	FLOWS_TO	
1324396	1324403	FLOWS_TO	
1324403	1324414	FLOWS_TO	
1324418	1324426	FLOWS_TO	
1324418	1324485	FLOWS_TO	
1324414	1324418	FLOWS_TO	
1324422	1324418	FLOWS_TO	
1324426	1324435	FLOWS_TO	
1324435	1324444	FLOWS_TO	
1324444	1324453	FLOWS_TO	
1324453	1324461	FLOWS_TO	
1324461	1324469	FLOWS_TO	
1324469	1324477	FLOWS_TO	
1324477	1324422	FLOWS_TO	
1324485	1324500	FLOWS_TO	
1324444	1324501	USE	
1324448	1324501	USE	
1324403	1324502	DEF	
1324404	1324502	DEF	
1324389	1324503	DEF	
1324390	1324503	DEF	
1324393	1324503	DEF	
1324485	1324503	USE	
1324435	1324504	DEF	
1324439	1324504	DEF	
1324436	1324504	DEF	
1324477	1324505	DEF	
1324478	1324505	DEF	
1324325	1324506	DEF	
1324329	1324506	DEF	
1324326	1324506	DEF	
1324403	1324506	USE	
1324404	1324506	USE	
1324396	1324507	DEF	
1324397	1324507	DEF	
1324396	1324508	DEF	
1324400	1324508	DEF	
1324332	1324509	DEF	
1324333	1324509	DEF	
1324336	1324509	DEF	
1324348	1324510	DEF	
1324352	1324510	DEF	
1324349	1324510	DEF	
1324403	1324510	USE	
1324405	1324510	USE	
1324453	1324511	DEF	
1324454	1324511	DEF	
1324461	1324511	USE	
1324462	1324511	USE	
1324461	1324511	DEF	
1324462	1324511	DEF	
1324469	1324511	USE	
1324470	1324511	USE	
1324469	1324511	DEF	
1324470	1324511	DEF	
1324435	1324512	USE	
1324439	1324512	USE	
1324477	1324512	USE	
1324478	1324512	USE	
1324493	1324513	DEF	
1324341	1324514	DEF	
1324345	1324514	DEF	
1324342	1324514	DEF	
1324426	1324515	USE	
1324430	1324515	USE	
1324348	1324516	USE	
1324352	1324516	USE	
1324490	1324517	DEF	
1324496	1324518	DEF	
1324418	1324518	USE	
1324414	1324518	DEF	
1324415	1324518	DEF	
1324422	1324518	DEF	
1324422	1324518	USE	
1324426	1324519	DEF	
1324427	1324519	DEF	
1324430	1324519	DEF	
1324453	1324519	USE	
1324455	1324519	USE	
1324461	1324519	USE	
1324466	1324519	USE	
1324463	1324519	USE	
1324469	1324519	USE	
1324474	1324519	USE	
1324471	1324519	USE	
1324444	1324520	DEF	
1324448	1324520	DEF	
1324445	1324520	DEF	
1324477	1324520	USE	
1324479	1324520	USE	
1324389	1324485	REACHES	_da40226c231d1c26ed592658eb43324f
1324325	1324403	REACHES	_85c617d839e55b93eba7f24b7ac7b50f
1324348	1324403	REACHES	_fe31011262a867130273705589dc7971
1324453	1324461	REACHES	* _3cdc3f3dcb69a73474a208016319eed3
1324461	1324469	REACHES	* _3cdc3f3dcb69a73474a208016319eed3
1324414	1324418	REACHES	_44259ca6a490a7efae613b0cea29f280
1324422	1324418	REACHES	_44259ca6a490a7efae613b0cea29f280
1324414	1324422	REACHES	_44259ca6a490a7efae613b0cea29f280
1324422	1324422	REACHES	_44259ca6a490a7efae613b0cea29f280
1324426	1324453	REACHES	_3cdc3f3dcb69a73474a208016319eed3
1324426	1324461	REACHES	_3cdc3f3dcb69a73474a208016319eed3
1324426	1324469	REACHES	_3cdc3f3dcb69a73474a208016319eed3
1324444	1324477	REACHES	_78fb1ab7a5f785ff732ee4595c9d84b3
1324499	1324490	CONTROLS	
1324499	1324493	CONTROLS	
1324499	1324496	CONTROLS	
1324499	1324325	CONTROLS	
1324499	1324332	CONTROLS	
1324499	1324341	CONTROLS	
1324499	1324348	CONTROLS	
1324499	1324357	CONTROLS	
1324499	1324358	CONTROLS	
1324499	1324359	CONTROLS	
1324499	1324360	CONTROLS	
1324499	1324361	CONTROLS	
1324499	1324362	CONTROLS	
1324499	1324363	CONTROLS	
1324499	1324364	CONTROLS	
1324499	1324365	CONTROLS	
1324499	1324368	CONTROLS	
1324499	1324369	CONTROLS	
1324499	1324370	CONTROLS	
1324499	1324371	CONTROLS	
1324499	1324372	CONTROLS	
1324499	1324373	CONTROLS	
1324499	1324374	CONTROLS	
1324499	1324375	CONTROLS	
1324499	1324376	CONTROLS	
1324499	1324377	CONTROLS	
1324499	1324379	CONTROLS	
1324499	1324380	CONTROLS	
1324499	1324381	CONTROLS	
1324499	1324382	CONTROLS	
1324499	1324383	CONTROLS	
1324499	1324384	CONTROLS	
1324499	1324385	CONTROLS	
1324499	1324386	CONTROLS	
1324499	1324387	CONTROLS	
1324499	1324388	CONTROLS	
1324499	1324389	CONTROLS	
1324499	1324396	CONTROLS	
1324499	1324403	CONTROLS	
1324499	1324414	CONTROLS	
1324499	1324418	CONTROLS	
1324499	1324485	CONTROLS	
1324418	1324426	CONTROLS	
1324418	1324435	CONTROLS	
1324418	1324444	CONTROLS	
1324418	1324453	CONTROLS	
1324418	1324461	CONTROLS	
1324418	1324469	CONTROLS	
1324418	1324477	CONTROLS	
1324418	1324422	CONTROLS	
1324357	1324358	DOM	
1324360	1324361	DOM	
1324387	1324388	DOM	
1324379	1324380	DOM	
1324362	1324363	DOM	
1324372	1324373	DOM	
1324358	1324359	DOM	
1324493	1324496	DOM	
1324386	1324387	DOM	
1324361	1324362	DOM	
1324418	1324426	DOM	
1324341	1324348	DOM	
1324499	1324499	DOM	
1324485	1324500	DOM	
1324414	1324418	DOM	
1324382	1324383	DOM	
1324384	1324385	DOM	
1324385	1324386	DOM	
1324371	1324372	DOM	
1324376	1324377	DOM	
1324435	1324444	DOM	
1324380	1324381	DOM	
1324418	1324485	DOM	
1324444	1324453	DOM	
1324363	1324364	DOM	
1324377	1324379	DOM	
1324388	1324389	DOM	
1324383	1324384	DOM	
1324499	1324490	DOM	
1324368	1324369	DOM	
1324381	1324382	DOM	
1324370	1324371	DOM	
1324375	1324376	DOM	
1324359	1324360	DOM	
1324389	1324396	DOM	
1324453	1324461	DOM	
1324396	1324403	DOM	
1324403	1324414	DOM	
1324469	1324477	DOM	
1324496	1324325	DOM	
1324374	1324375	DOM	
1324325	1324332	DOM	
1324364	1324365	DOM	
1324365	1324368	DOM	
1324426	1324435	DOM	
1324348	1324357	DOM	
1324461	1324469	DOM	
1324332	1324341	DOM	
1324373	1324374	DOM	
1324490	1324493	DOM	
1324369	1324370	DOM	
1324477	1324422	DOM	
1324359	1324358	POST_DOM	
1324389	1324388	POST_DOM	
1324362	1324361	POST_DOM	
1324381	1324380	POST_DOM	
1324374	1324373	POST_DOM	
1324364	1324363	POST_DOM	
1324360	1324359	POST_DOM	
1324388	1324387	POST_DOM	
1324325	1324496	POST_DOM	
1324363	1324362	POST_DOM	
1324435	1324426	POST_DOM	
1324357	1324348	POST_DOM	
1324490	1324499	POST_DOM	
1324500	1324500	POST_DOM	
1324485	1324418	POST_DOM	
1324386	1324385	POST_DOM	
1324384	1324383	POST_DOM	
1324387	1324386	POST_DOM	
1324373	1324372	POST_DOM	
1324379	1324377	POST_DOM	
1324453	1324444	POST_DOM	
1324382	1324381	POST_DOM	
1324500	1324485	POST_DOM	
1324461	1324453	POST_DOM	
1324365	1324364	POST_DOM	
1324380	1324379	POST_DOM	
1324396	1324389	POST_DOM	
1324385	1324384	POST_DOM	
1324493	1324490	POST_DOM	
1324383	1324382	POST_DOM	
1324370	1324369	POST_DOM	
1324372	1324371	POST_DOM	
1324377	1324376	POST_DOM	
1324361	1324360	POST_DOM	
1324403	1324396	POST_DOM	
1324469	1324461	POST_DOM	
1324414	1324403	POST_DOM	
1324418	1324414	POST_DOM	
1324422	1324477	POST_DOM	
1324376	1324375	POST_DOM	
1324332	1324325	POST_DOM	
1324368	1324365	POST_DOM	
1324341	1324332	POST_DOM	
1324369	1324368	POST_DOM	
1324444	1324435	POST_DOM	
1324358	1324357	POST_DOM	
1324477	1324469	POST_DOM	
1324348	1324341	POST_DOM	
1324375	1324374	POST_DOM	
1324496	1324493	POST_DOM	
1324371	1324370	POST_DOM	
1324418	1324422	POST_DOM	
1324322	1324323	IS_FUNCTION_OF_AST	
1324322	1324499	IS_FUNCTION_OF_CFG	
1324166	1324322	IS_FILE_OF	
1324527	1324528	IS_AST_PARENT	
1324527	1324529	IS_AST_PARENT	
1324526	1324527	IS_AST_PARENT	
1324526	1324530	IS_AST_PARENT	
1324525	1324526	IS_AST_PARENT	
1324524	1324525	IS_AST_PARENT	
1324534	1324535	IS_AST_PARENT	
1324533	1324534	IS_AST_PARENT	
1324538	1324539	IS_AST_PARENT	
1324538	1324540	IS_AST_PARENT	
1324537	1324538	IS_AST_PARENT	
1324536	1324537	IS_AST_PARENT	
1324541	1324542	IS_AST_PARENT	
1324536	1324541	IS_AST_PARENT	
1324533	1324536	IS_AST_PARENT	
1324532	1324533	IS_AST_PARENT	
1324531	1324532	IS_AST_PARENT	
1324545	1324546	IS_AST_PARENT	
1324544	1324545	IS_AST_PARENT	
1324548	1324549	IS_AST_PARENT	
1324547	1324548	IS_AST_PARENT	
1324550	1324551	IS_AST_PARENT	
1324547	1324550	IS_AST_PARENT	
1324544	1324547	IS_AST_PARENT	
1324543	1324544	IS_AST_PARENT	
1324531	1324543	IS_AST_PARENT	
1324524	1324531	IS_AST_PARENT	
1324523	1324524	IS_AST_PARENT	
1324522	1324523	IS_AST_PARENT	
1324522	1324552	IS_AST_PARENT	
1324522	1324553	IS_AST_PARENT	
1324555	1324556	IS_AST_PARENT	
1324555	1324557	IS_AST_PARENT	
1324554	1324555	IS_AST_PARENT	
1324558	1324559	IS_AST_PARENT	
1324558	1324560	IS_AST_PARENT	
1324554	1324558	IS_AST_PARENT	
1324522	1324554	IS_AST_PARENT	
1324561	1324555	FLOWS_TO	
1324555	1324558	FLOWS_TO	
1324558	1324525	FLOWS_TO	
1324525	1324532	FLOWS_TO	
1324525	1324562	FLOWS_TO	
1324532	1324543	FLOWS_TO	
1324543	1324562	FLOWS_TO	
1324525	1324563	USE	
1324558	1324564	DEF	
1324532	1324564	USE	
1324541	1324564	USE	
1324543	1324564	USE	
1324550	1324564	USE	
1324525	1324565	USE	
1324532	1324565	USE	
1324537	1324565	USE	
1324555	1324566	DEF	
1324525	1324566	USE	
1324527	1324566	USE	
1324532	1324566	USE	
1324538	1324566	USE	
1324525	1324567	USE	
1324532	1324567	USE	
1324537	1324567	USE	
1324558	1324532	REACHES	_a407327cdb675a164fb7d8a327e2eb03
1324558	1324543	REACHES	_a407327cdb675a164fb7d8a327e2eb03
1324555	1324525	REACHES	_95d53ccd5f17ca9f5e6bd85012d24e1d
1324555	1324532	REACHES	_95d53ccd5f17ca9f5e6bd85012d24e1d
1324561	1324555	CONTROLS	
1324561	1324558	CONTROLS	
1324561	1324525	CONTROLS	
1324525	1324532	CONTROLS	
1324525	1324543	CONTROLS	
1324555	1324558	DOM	
1324561	1324561	DOM	
1324558	1324525	DOM	
1324525	1324562	DOM	
1324525	1324532	DOM	
1324532	1324543	DOM	
1324561	1324555	DOM	
1324525	1324558	POST_DOM	
1324555	1324561	POST_DOM	
1324562	1324562	POST_DOM	
1324562	1324525	POST_DOM	
1324543	1324532	POST_DOM	
1324562	1324543	POST_DOM	
1324558	1324555	POST_DOM	
1324521	1324522	IS_FUNCTION_OF_AST	
1324521	1324561	IS_FUNCTION_OF_CFG	
1324166	1324521	IS_FILE_OF	
1324573	1324574	IS_AST_PARENT	
1324572	1324573	IS_AST_PARENT	
1324576	1324577	IS_AST_PARENT	
1324575	1324576	IS_AST_PARENT	
1324572	1324575	IS_AST_PARENT	
1324571	1324572	IS_AST_PARENT	
1324570	1324571	IS_AST_PARENT	
1324569	1324570	IS_AST_PARENT	
1324569	1324578	IS_AST_PARENT	
1324569	1324579	IS_AST_PARENT	
1324581	1324582	IS_AST_PARENT	
1324581	1324583	IS_AST_PARENT	
1324580	1324581	IS_AST_PARENT	
1324569	1324580	IS_AST_PARENT	
1324584	1324581	FLOWS_TO	
1324581	1324571	FLOWS_TO	
1324571	1324585	FLOWS_TO	
1324581	1324586	DEF	
1324571	1324586	USE	
1324576	1324586	USE	
1324581	1324571	REACHES	_95d53ccd5f17ca9f5e6bd85012d24e1d
1324584	1324581	CONTROLS	
1324584	1324571	CONTROLS	
1324571	1324585	DOM	
1324584	1324581	DOM	
1324581	1324571	DOM	
1324584	1324584	DOM	
1324585	1324585	POST_DOM	
1324585	1324571	POST_DOM	
1324571	1324581	POST_DOM	
1324581	1324584	POST_DOM	
1324568	1324569	IS_FUNCTION_OF_AST	
1324568	1324584	IS_FUNCTION_OF_CFG	
1324166	1324568	IS_FILE_OF	
1324591	1324592	IS_AST_PARENT	
1324591	1324593	IS_AST_PARENT	
1324590	1324591	IS_AST_PARENT	
1324589	1324590	IS_AST_PARENT	
1324595	1324596	IS_AST_PARENT	
1324595	1324597	IS_AST_PARENT	
1324594	1324595	IS_AST_PARENT	
1324589	1324594	IS_AST_PARENT	
1324600	1324601	IS_AST_PARENT	
1324599	1324600	IS_AST_PARENT	
1324603	1324604	IS_AST_PARENT	
1324602	1324603	IS_AST_PARENT	
1324599	1324602	IS_AST_PARENT	
1324598	1324599	IS_AST_PARENT	
1324589	1324598	IS_AST_PARENT	
1324608	1324609	IS_AST_PARENT	
1324608	1324610	IS_AST_PARENT	
1324607	1324608	IS_AST_PARENT	
1324612	1324613	IS_AST_PARENT	
1324612	1324614	IS_AST_PARENT	
1324611	1324612	IS_AST_PARENT	
1324611	1324615	IS_AST_PARENT	
1324607	1324611	IS_AST_PARENT	
1324606	1324607	IS_AST_PARENT	
1324605	1324606	IS_AST_PARENT	
1324618	1324619	IS_AST_PARENT	
1324621	1324622	IS_AST_PARENT	
1324620	1324621	IS_AST_PARENT	
1324625	1324626	IS_AST_PARENT	
1324625	1324627	IS_AST_PARENT	
1324624	1324625	IS_AST_PARENT	
1324623	1324624	IS_AST_PARENT	
1324628	1324629	IS_AST_PARENT	
1324623	1324628	IS_AST_PARENT	
1324620	1324623	IS_AST_PARENT	
1324618	1324620	IS_AST_PARENT	
1324617	1324618	IS_AST_PARENT	
1324616	1324617	IS_AST_PARENT	
1324633	1324634	IS_AST_PARENT	
1324632	1324633	IS_AST_PARENT	
1324637	1324638	IS_AST_PARENT	
1324637	1324639	IS_AST_PARENT	
1324636	1324637	IS_AST_PARENT	
1324635	1324636	IS_AST_PARENT	
1324640	1324641	IS_AST_PARENT	
1324635	1324640	IS_AST_PARENT	
1324643	1324644	IS_AST_PARENT	
1324643	1324645	IS_AST_PARENT	
1324642	1324643	IS_AST_PARENT	
1324635	1324642	IS_AST_PARENT	
1324632	1324635	IS_AST_PARENT	
1324631	1324632	IS_AST_PARENT	
1324630	1324631	IS_AST_PARENT	
1324647	1324648	IS_AST_PARENT	
1324650	1324651	IS_AST_PARENT	
1324649	1324650	IS_AST_PARENT	
1324654	1324655	IS_AST_PARENT	
1324654	1324656	IS_AST_PARENT	
1324653	1324654	IS_AST_PARENT	
1324652	1324653	IS_AST_PARENT	
1324657	1324658	IS_AST_PARENT	
1324652	1324657	IS_AST_PARENT	
1324649	1324652	IS_AST_PARENT	
1324647	1324649	IS_AST_PARENT	
1324646	1324647	IS_AST_PARENT	
1324630	1324646	IS_AST_PARENT	
1324616	1324630	IS_AST_PARENT	
1324661	1324662	IS_AST_PARENT	
1324660	1324661	IS_AST_PARENT	
1324665	1324666	IS_AST_PARENT	
1324665	1324667	IS_AST_PARENT	
1324664	1324665	IS_AST_PARENT	
1324663	1324664	IS_AST_PARENT	
1324660	1324663	IS_AST_PARENT	
1324659	1324660	IS_AST_PARENT	
1324616	1324659	IS_AST_PARENT	
1324605	1324616	IS_AST_PARENT	
1324589	1324605	IS_AST_PARENT	
1324669	1324670	IS_AST_PARENT	
1324669	1324671	IS_AST_PARENT	
1324672	1324673	IS_AST_PARENT	
1324672	1324674	IS_AST_PARENT	
1324669	1324672	IS_AST_PARENT	
1324668	1324669	IS_AST_PARENT	
1324589	1324668	IS_AST_PARENT	
1324676	1324677	IS_AST_PARENT	
1324676	1324678	IS_AST_PARENT	
1324675	1324676	IS_AST_PARENT	
1324589	1324675	IS_AST_PARENT	
1324680	1324681	IS_AST_PARENT	
1324680	1324682	IS_AST_PARENT	
1324679	1324680	IS_AST_PARENT	
1324589	1324679	IS_AST_PARENT	
1324684	1324685	IS_AST_PARENT	
1324684	1324686	IS_AST_PARENT	
1324687	1324688	IS_AST_PARENT	
1324687	1324689	IS_AST_PARENT	
1324684	1324687	IS_AST_PARENT	
1324683	1324684	IS_AST_PARENT	
1324589	1324683	IS_AST_PARENT	
1324691	1324692	IS_AST_PARENT	
1324691	1324693	IS_AST_PARENT	
1324694	1324695	IS_AST_PARENT	
1324696	1324697	IS_AST_PARENT	
1324696	1324698	IS_AST_PARENT	
1324694	1324696	IS_AST_PARENT	
1324691	1324694	IS_AST_PARENT	
1324690	1324691	IS_AST_PARENT	
1324589	1324690	IS_AST_PARENT	
1324701	1324702	IS_AST_PARENT	
1324700	1324701	IS_AST_PARENT	
1324705	1324706	IS_AST_PARENT	
1324705	1324707	IS_AST_PARENT	
1324704	1324705	IS_AST_PARENT	
1324703	1324704	IS_AST_PARENT	
1324708	1324709	IS_AST_PARENT	
1324703	1324708	IS_AST_PARENT	
1324700	1324703	IS_AST_PARENT	
1324699	1324700	IS_AST_PARENT	
1324589	1324699	IS_AST_PARENT	
1324713	1324714	IS_AST_PARENT	
1324716	1324717	IS_AST_PARENT	
1324715	1324716	IS_AST_PARENT	
1324719	1324720	IS_AST_PARENT	
1324718	1324719	IS_AST_PARENT	
1324721	1324722	IS_AST_PARENT	
1324718	1324721	IS_AST_PARENT	
1324723	1324724	IS_AST_PARENT	
1324718	1324723	IS_AST_PARENT	
1324715	1324718	IS_AST_PARENT	
1324713	1324715	IS_AST_PARENT	
1324712	1324713	IS_AST_PARENT	
1324712	1324725	IS_AST_PARENT	
1324711	1324712	IS_AST_PARENT	
1324710	1324711	IS_AST_PARENT	
1324727	1324728	IS_AST_PARENT	
1324726	1324727	IS_AST_PARENT	
1324710	1324726	IS_AST_PARENT	
1324589	1324710	IS_AST_PARENT	
1324730	1324731	IS_AST_PARENT	
1324732	1324733	IS_AST_PARENT	
1324734	1324735	IS_AST_PARENT	
1324736	1324737	IS_AST_PARENT	
1324736	1324738	IS_AST_PARENT	
1324734	1324736	IS_AST_PARENT	
1324732	1324734	IS_AST_PARENT	
1324730	1324732	IS_AST_PARENT	
1324729	1324730	IS_AST_PARENT	
1324589	1324729	IS_AST_PARENT	
1324741	1324742	IS_AST_PARENT	
1324741	1324743	IS_AST_PARENT	
1324740	1324741	IS_AST_PARENT	
1324740	1324744	IS_AST_PARENT	
1324739	1324740	IS_AST_PARENT	
1324589	1324739	IS_AST_PARENT	
1324748	1324749	IS_AST_PARENT	
1324748	1324750	IS_AST_PARENT	
1324747	1324748	IS_AST_PARENT	
1324747	1324751	IS_AST_PARENT	
1324746	1324747	IS_AST_PARENT	
1324753	1324754	IS_AST_PARENT	
1324752	1324753	IS_AST_PARENT	
1324756	1324757	IS_AST_PARENT	
1324755	1324756	IS_AST_PARENT	
1324752	1324755	IS_AST_PARENT	
1324746	1324752	IS_AST_PARENT	
1324745	1324746	IS_AST_PARENT	
1324589	1324745	IS_AST_PARENT	
1324759	1324760	IS_AST_PARENT	
1324762	1324763	IS_AST_PARENT	
1324761	1324762	IS_AST_PARENT	
1324765	1324766	IS_AST_PARENT	
1324764	1324765	IS_AST_PARENT	
1324767	1324768	IS_AST_PARENT	
1324764	1324767	IS_AST_PARENT	
1324770	1324771	IS_AST_PARENT	
1324770	1324772	IS_AST_PARENT	
1324769	1324770	IS_AST_PARENT	
1324764	1324769	IS_AST_PARENT	
1324761	1324764	IS_AST_PARENT	
1324759	1324761	IS_AST_PARENT	
1324758	1324759	IS_AST_PARENT	
1324589	1324758	IS_AST_PARENT	
1324775	1324776	IS_AST_PARENT	
1324774	1324775	IS_AST_PARENT	
1324778	1324779	IS_AST_PARENT	
1324777	1324778	IS_AST_PARENT	
1324774	1324777	IS_AST_PARENT	
1324773	1324774	IS_AST_PARENT	
1324589	1324773	IS_AST_PARENT	
1324782	1324783	IS_AST_PARENT	
1324782	1324784	IS_AST_PARENT	
1324781	1324782	IS_AST_PARENT	
1324780	1324781	IS_AST_PARENT	
1324785	1324786	IS_AST_PARENT	
1324780	1324785	IS_AST_PARENT	
1324589	1324780	IS_AST_PARENT	
1324787	1324788	IS_AST_PARENT	
1324589	1324787	IS_AST_PARENT	
1324589	1324789	IS_AST_PARENT	
1324792	1324793	IS_AST_PARENT	
1324791	1324792	IS_AST_PARENT	
1324795	1324796	IS_AST_PARENT	
1324794	1324795	IS_AST_PARENT	
1324791	1324794	IS_AST_PARENT	
1324790	1324791	IS_AST_PARENT	
1324589	1324790	IS_AST_PARENT	
1324588	1324589	IS_AST_PARENT	
1324588	1324797	IS_AST_PARENT	
1324588	1324798	IS_AST_PARENT	
1324800	1324801	IS_AST_PARENT	
1324800	1324802	IS_AST_PARENT	
1324799	1324800	IS_AST_PARENT	
1324803	1324804	IS_AST_PARENT	
1324803	1324805	IS_AST_PARENT	
1324799	1324803	IS_AST_PARENT	
1324588	1324799	IS_AST_PARENT	
1324806	1324800	FLOWS_TO	
1324800	1324803	FLOWS_TO	
1324803	1324590	FLOWS_TO	
1324590	1324594	FLOWS_TO	
1324594	1324598	FLOWS_TO	
1324598	1324606	FLOWS_TO	
1324606	1324617	FLOWS_TO	
1324606	1324668	FLOWS_TO	
1324617	1324631	FLOWS_TO	
1324631	1324646	FLOWS_TO	
1324631	1324659	FLOWS_TO	
1324646	1324631	FLOWS_TO	
1324659	1324668	FLOWS_TO	
1324668	1324675	FLOWS_TO	
1324675	1324679	FLOWS_TO	
1324679	1324683	FLOWS_TO	
1324683	1324690	FLOWS_TO	
1324690	1324699	FLOWS_TO	
1324699	1324711	FLOWS_TO	
1324711	1324727	FLOWS_TO	
1324711	1324729	FLOWS_TO	
1324727	1324787	FLOWS_TO	
1324729	1324739	FLOWS_TO	
1324739	1324745	FLOWS_TO	
1324745	1324758	FLOWS_TO	
1324758	1324773	FLOWS_TO	
1324773	1324781	FLOWS_TO	
1324781	1324785	FLOWS_TO	
1324781	1324787	FLOWS_TO	
1324785	1324787	FLOWS_TO	
1324787	1324789	FLOWS_TO	
1324789	1324790	FLOWS_TO	
1324790	1324807	FLOWS_TO	
1324683	1324808	DEF	
1324687	1324808	DEF	
1324684	1324808	DEF	
1324711	1324808	DEF	
1324713	1324808	DEF	
1324758	1324808	USE	
1324765	1324808	USE	
1324773	1324808	USE	
1324778	1324808	USE	
1324699	1324809	USE	
1324704	1324809	USE	
1324803	1324810	DEF	
1324606	1324810	USE	
1324617	1324810	USE	
1324628	1324810	USE	
1324800	1324811	DEF	
1324606	1324811	USE	
1324612	1324811	USE	
1324646	1324811	USE	
1324654	1324811	USE	
1324659	1324811	USE	
1324665	1324811	USE	
1324606	1324812	USE	
1324646	1324812	USE	
1324653	1324812	USE	
1324659	1324812	USE	
1324664	1324812	USE	
1324758	1324813	USE	
1324759	1324813	USE	
1324739	1324814	DEF	
1324740	1324814	DEF	
1324711	1324815	USE	
1324721	1324815	USE	
1324668	1324816	DEF	
1324669	1324816	DEF	
1324672	1324816	DEF	
1324745	1324816	USE	
1324756	1324816	USE	
1324729	1324817	USE	
1324730	1324817	USE	
1324758	1324817	USE	
1324769	1324817	USE	
1324631	1324818	USE	
1324606	1324819	USE	
1324758	1324820	USE	
1324767	1324820	USE	
1324690	1324821	DEF	
1324694	1324821	DEF	
1324691	1324821	DEF	
1324758	1324821	DEF	
1324759	1324821	DEF	
1324781	1324821	USE	
1324675	1324822	DEF	
1324676	1324822	DEF	
1324699	1324822	USE	
1324704	1324822	USE	
1324705	1324822	USE	
1324729	1324822	USE	
1324736	1324822	USE	
1324745	1324823	DEF	
1324746	1324823	DEF	
1324711	1324824	USE	
1324719	1324824	USE	
1324739	1324824	USE	
1324740	1324824	USE	
1324594	1324825	DEF	
1324595	1324825	DEF	
1324646	1324825	USE	
1324657	1324825	USE	
1324617	1324826	USE	
1324624	1324826	USE	
1324631	1324826	USE	
1324636	1324826	USE	
1324739	1324827	DEF	
1324740	1324827	DEF	
1324745	1324827	DEF	
1324746	1324827	DEF	
1324745	1324827	USE	
1324747	1324827	USE	
1324729	1324828	USE	
1324730	1324828	USE	
1324590	1324829	DEF	
1324591	1324829	DEF	
1324679	1324830	DEF	
1324680	1324830	DEF	
1324729	1324830	DEF	
1324730	1324830	DEF	
1324739	1324830	USE	
1324741	1324830	USE	
1324745	1324830	USE	
1324748	1324830	USE	
1324606	1324831	USE	
1324646	1324831	USE	
1324653	1324831	USE	
1324659	1324831	USE	
1324664	1324831	USE	
1324711	1324832	USE	
1324713	1324832	USE	
1324631	1324833	USE	
1324642	1324833	USE	
1324745	1324834	USE	
1324747	1324834	USE	
1324745	1324834	DEF	
1324746	1324834	DEF	
1324745	1324835	USE	
1324746	1324835	USE	
1324711	1324758	REACHES	_ebba18af2454b48faf7ecf639c7e0fd8
1324711	1324773	REACHES	_ebba18af2454b48faf7ecf639c7e0fd8
1324803	1324606	REACHES	_e81ed19de1c355bc0062fc6776df9c1c
1324803	1324617	REACHES	_e81ed19de1c355bc0062fc6776df9c1c
1324758	1324781	REACHES	_bd39d0e1024cc17bc07b4a51810456f7
1324675	1324699	REACHES	_e244395ef0e8ba7707ae90466213e4f8
1324675	1324729	REACHES	_e244395ef0e8ba7707ae90466213e4f8
1324800	1324606	REACHES	_95d53ccd5f17ca9f5e6bd85012d24e1d
1324800	1324646	REACHES	_95d53ccd5f17ca9f5e6bd85012d24e1d
1324800	1324659	REACHES	_95d53ccd5f17ca9f5e6bd85012d24e1d
1324594	1324646	REACHES	_84bf23d0c21f42b31b47f09a2169f650
1324739	1324745	REACHES	* _dfeead8128733ab81e786c8e986fde11
1324668	1324745	REACHES	_ff3d65dbf0ffe2ab97919f98c5a6ef43
1324729	1324739	REACHES	_dfeead8128733ab81e786c8e986fde11
1324729	1324745	REACHES	_dfeead8128733ab81e786c8e986fde11
1324806	1324800	CONTROLS	
1324806	1324803	CONTROLS	
1324806	1324590	CONTROLS	
1324806	1324594	CONTROLS	
1324806	1324598	CONTROLS	
1324806	1324606	CONTROLS	
1324806	1324668	CONTROLS	
1324806	1324675	CONTROLS	
1324806	1324679	CONTROLS	
1324806	1324683	CONTROLS	
1324806	1324690	CONTROLS	
1324806	1324699	CONTROLS	
1324806	1324711	CONTROLS	
1324806	1324787	CONTROLS	
1324806	1324789	CONTROLS	
1324806	1324790	CONTROLS	
1324606	1324617	CONTROLS	
1324606	1324631	CONTROLS	
1324606	1324659	CONTROLS	
1324631	1324646	CONTROLS	
1324711	1324727	CONTROLS	
1324711	1324729	CONTROLS	
1324711	1324739	CONTROLS	
1324711	1324745	CONTROLS	
1324711	1324758	CONTROLS	
1324711	1324773	CONTROLS	
1324711	1324781	CONTROLS	
1324781	1324785	CONTROLS	
1324773	1324781	DOM	
1324594	1324598	DOM	
1324781	1324785	DOM	
1324711	1324729	DOM	
1324699	1324711	DOM	
1324675	1324679	DOM	
1324631	1324646	DOM	
1324729	1324739	DOM	
1324631	1324659	DOM	
1324590	1324594	DOM	
1324790	1324807	DOM	
1324787	1324789	DOM	
1324739	1324745	DOM	
1324617	1324631	DOM	
1324679	1324683	DOM	
1324758	1324773	DOM	
1324683	1324690	DOM	
1324789	1324790	DOM	
1324598	1324606	DOM	
1324668	1324675	DOM	
1324690	1324699	DOM	
1324711	1324787	DOM	
1324606	1324668	DOM	
1324711	1324727	DOM	
1324806	1324800	DOM	
1324803	1324590	DOM	
1324606	1324617	DOM	
1324806	1324806	DOM	
1324800	1324803	DOM	
1324745	1324758	DOM	
1324787	1324781	POST_DOM	
1324606	1324598	POST_DOM	
1324787	1324785	POST_DOM	
1324739	1324729	POST_DOM	
1324787	1324711	POST_DOM	
1324683	1324679	POST_DOM	
1324631	1324646	POST_DOM	
1324745	1324739	POST_DOM	
1324668	1324659	POST_DOM	
1324598	1324594	POST_DOM	
1324807	1324807	POST_DOM	
1324790	1324789	POST_DOM	
1324758	1324745	POST_DOM	
1324659	1324631	POST_DOM	
1324690	1324683	POST_DOM	
1324781	1324773	POST_DOM	
1324699	1324690	POST_DOM	
1324807	1324790	POST_DOM	
1324668	1324606	POST_DOM	
1324679	1324675	POST_DOM	
1324711	1324699	POST_DOM	
1324789	1324787	POST_DOM	
1324787	1324727	POST_DOM	
1324675	1324668	POST_DOM	
1324594	1324590	POST_DOM	
1324803	1324800	POST_DOM	
1324631	1324617	POST_DOM	
1324590	1324803	POST_DOM	
1324800	1324806	POST_DOM	
1324773	1324758	POST_DOM	
1324587	1324588	IS_FUNCTION_OF_AST	
1324587	1324806	IS_FUNCTION_OF_CFG	
1324166	1324587	IS_FILE_OF	
1324840	1324841	IS_AST_PARENT	
1324840	1324842	IS_AST_PARENT	
1324839	1324840	IS_AST_PARENT	
1324838	1324839	IS_AST_PARENT	
1324844	1324845	IS_AST_PARENT	
1324844	1324846	IS_AST_PARENT	
1324843	1324844	IS_AST_PARENT	
1324838	1324843	IS_AST_PARENT	
1324850	1324851	IS_AST_PARENT	
1324850	1324852	IS_AST_PARENT	
1324849	1324850	IS_AST_PARENT	
1324854	1324855	IS_AST_PARENT	
1324854	1324856	IS_AST_PARENT	
1324853	1324854	IS_AST_PARENT	
1324853	1324857	IS_AST_PARENT	
1324849	1324853	IS_AST_PARENT	
1324848	1324849	IS_AST_PARENT	
1324847	1324848	IS_AST_PARENT	
1324860	1324861	IS_AST_PARENT	
1324863	1324864	IS_AST_PARENT	
1324862	1324863	IS_AST_PARENT	
1324867	1324868	IS_AST_PARENT	
1324867	1324869	IS_AST_PARENT	
1324866	1324867	IS_AST_PARENT	
1324865	1324866	IS_AST_PARENT	
1324870	1324871	IS_AST_PARENT	
1324865	1324870	IS_AST_PARENT	
1324862	1324865	IS_AST_PARENT	
1324860	1324862	IS_AST_PARENT	
1324859	1324860	IS_AST_PARENT	
1324858	1324859	IS_AST_PARENT	
1324875	1324876	IS_AST_PARENT	
1324874	1324875	IS_AST_PARENT	
1324879	1324880	IS_AST_PARENT	
1324879	1324881	IS_AST_PARENT	
1324878	1324879	IS_AST_PARENT	
1324877	1324878	IS_AST_PARENT	
1324882	1324883	IS_AST_PARENT	
1324877	1324882	IS_AST_PARENT	
1324885	1324886	IS_AST_PARENT	
1324885	1324887	IS_AST_PARENT	
1324884	1324885	IS_AST_PARENT	
1324877	1324884	IS_AST_PARENT	
1324874	1324877	IS_AST_PARENT	
1324873	1324874	IS_AST_PARENT	
1324872	1324873	IS_AST_PARENT	
1324889	1324890	IS_AST_PARENT	
1324892	1324893	IS_AST_PARENT	
1324891	1324892	IS_AST_PARENT	
1324896	1324897	IS_AST_PARENT	
1324896	1324898	IS_AST_PARENT	
1324895	1324896	IS_AST_PARENT	
1324894	1324895	IS_AST_PARENT	
1324899	1324900	IS_AST_PARENT	
1324894	1324899	IS_AST_PARENT	
1324891	1324894	IS_AST_PARENT	
1324889	1324891	IS_AST_PARENT	
1324888	1324889	IS_AST_PARENT	
1324872	1324888	IS_AST_PARENT	
1324858	1324872	IS_AST_PARENT	
1324903	1324904	IS_AST_PARENT	
1324902	1324903	IS_AST_PARENT	
1324907	1324908	IS_AST_PARENT	
1324907	1324909	IS_AST_PARENT	
1324906	1324907	IS_AST_PARENT	
1324905	1324906	IS_AST_PARENT	
1324902	1324905	IS_AST_PARENT	
1324901	1324902	IS_AST_PARENT	
1324858	1324901	IS_AST_PARENT	
1324847	1324858	IS_AST_PARENT	
1324838	1324847	IS_AST_PARENT	
1324837	1324838	IS_AST_PARENT	
1324837	1324910	IS_AST_PARENT	
1324837	1324911	IS_AST_PARENT	
1324913	1324914	IS_AST_PARENT	
1324913	1324915	IS_AST_PARENT	
1324912	1324913	IS_AST_PARENT	
1324916	1324917	IS_AST_PARENT	
1324916	1324918	IS_AST_PARENT	
1324912	1324916	IS_AST_PARENT	
1324837	1324912	IS_AST_PARENT	
1324919	1324913	FLOWS_TO	
1324913	1324916	FLOWS_TO	
1324916	1324839	FLOWS_TO	
1324839	1324843	FLOWS_TO	
1324843	1324848	FLOWS_TO	
1324848	1324859	FLOWS_TO	
1324848	1324920	FLOWS_TO	
1324859	1324873	FLOWS_TO	
1324873	1324888	FLOWS_TO	
1324873	1324901	FLOWS_TO	
1324888	1324873	FLOWS_TO	
1324901	1324920	FLOWS_TO	
1324848	1324921	USE	
1324839	1324922	DEF	
1324840	1324922	DEF	
1324916	1324923	DEF	
1324848	1324923	USE	
1324859	1324923	USE	
1324870	1324923	USE	
1324848	1324924	USE	
1324888	1324924	USE	
1324895	1324924	USE	
1324901	1324924	USE	
1324906	1324924	USE	
1324873	1324925	USE	
1324913	1324926	DEF	
1324848	1324926	USE	
1324854	1324926	USE	
1324888	1324926	USE	
1324896	1324926	USE	
1324901	1324926	USE	
1324907	1324926	USE	
1324873	1324927	USE	
1324884	1324927	USE	
1324843	1324928	DEF	
1324844	1324928	DEF	
1324888	1324928	USE	
1324899	1324928	USE	
1324848	1324929	USE	
1324888	1324929	USE	
1324895	1324929	USE	
1324901	1324929	USE	
1324906	1324929	USE	
1324859	1324930	USE	
1324866	1324930	USE	
1324873	1324930	USE	
1324878	1324930	USE	
1324916	1324848	REACHES	_e81ed19de1c355bc0062fc6776df9c1c
1324916	1324859	REACHES	_e81ed19de1c355bc0062fc6776df9c1c
1324913	1324848	REACHES	_95d53ccd5f17ca9f5e6bd85012d24e1d
1324913	1324888	REACHES	_95d53ccd5f17ca9f5e6bd85012d24e1d
1324913	1324901	REACHES	_95d53ccd5f17ca9f5e6bd85012d24e1d
1324843	1324888	REACHES	_84bf23d0c21f42b31b47f09a2169f650
1324919	1324913	CONTROLS	
1324919	1324916	CONTROLS	
1324919	1324839	CONTROLS	
1324919	1324843	CONTROLS	
1324919	1324848	CONTROLS	
1324848	1324859	CONTROLS	
1324848	1324873	CONTROLS	
1324848	1324901	CONTROLS	
1324873	1324888	CONTROLS	
1324859	1324873	DOM	
1324873	1324901	DOM	
1324848	1324920	DOM	
1324919	1324913	DOM	
1324919	1324919	DOM	
1324916	1324839	DOM	
1324843	1324848	DOM	
1324873	1324888	DOM	
1324913	1324916	DOM	
1324848	1324859	DOM	
1324839	1324843	DOM	
1324901	1324873	POST_DOM	
1324920	1324901	POST_DOM	
1324920	1324920	POST_DOM	
1324916	1324913	POST_DOM	
1324843	1324839	POST_DOM	
1324913	1324919	POST_DOM	
1324920	1324848	POST_DOM	
1324873	1324888	POST_DOM	
1324839	1324916	POST_DOM	
1324873	1324859	POST_DOM	
1324848	1324843	POST_DOM	
1324836	1324837	IS_FUNCTION_OF_AST	
1324836	1324919	IS_FUNCTION_OF_CFG	
1324166	1324836	IS_FILE_OF	
1324937	1324938	IS_AST_PARENT	
1324937	1324939	IS_AST_PARENT	
1324936	1324937	IS_AST_PARENT	
1324936	1324940	IS_AST_PARENT	
1324935	1324936	IS_AST_PARENT	
1324934	1324935	IS_AST_PARENT	
1324944	1324945	IS_AST_PARENT	
1324943	1324944	IS_AST_PARENT	
1324947	1324948	IS_AST_PARENT	
1324946	1324947	IS_AST_PARENT	
1324943	1324946	IS_AST_PARENT	
1324942	1324943	IS_AST_PARENT	
1324941	1324942	IS_AST_PARENT	
1324951	1324952	IS_AST_PARENT	
1324950	1324951	IS_AST_PARENT	
1324955	1324956	IS_AST_PARENT	
1324955	1324957	IS_AST_PARENT	
1324954	1324955	IS_AST_PARENT	
1324953	1324954	IS_AST_PARENT	
1324950	1324953	IS_AST_PARENT	
1324949	1324950	IS_AST_PARENT	
1324941	1324949	IS_AST_PARENT	
1324960	1324961	IS_AST_PARENT	
1324959	1324960	IS_AST_PARENT	
1324964	1324965	IS_AST_PARENT	
1324964	1324966	IS_AST_PARENT	
1324963	1324964	IS_AST_PARENT	
1324962	1324963	IS_AST_PARENT	
1324959	1324962	IS_AST_PARENT	
1324958	1324959	IS_AST_PARENT	
1324941	1324958	IS_AST_PARENT	
1324934	1324941	IS_AST_PARENT	
1324933	1324934	IS_AST_PARENT	
1324932	1324933	IS_AST_PARENT	
1324932	1324967	IS_AST_PARENT	
1324932	1324968	IS_AST_PARENT	
1324970	1324971	IS_AST_PARENT	
1324970	1324972	IS_AST_PARENT	
1324969	1324970	IS_AST_PARENT	
1324932	1324969	IS_AST_PARENT	
1324973	1324970	FLOWS_TO	
1324970	1324935	FLOWS_TO	
1324935	1324942	FLOWS_TO	
1324935	1324974	FLOWS_TO	
1324942	1324949	FLOWS_TO	
1324949	1324958	FLOWS_TO	
1324958	1324974	FLOWS_TO	
1324935	1324975	USE	
1324935	1324976	USE	
1324949	1324976	USE	
1324954	1324976	USE	
1324958	1324976	USE	
1324963	1324976	USE	
1324970	1324977	DEF	
1324935	1324977	USE	
1324937	1324977	USE	
1324949	1324977	USE	
1324955	1324977	USE	
1324958	1324977	USE	
1324964	1324977	USE	
1324935	1324978	USE	
1324949	1324978	USE	
1324954	1324978	USE	
1324958	1324978	USE	
1324963	1324978	USE	
1324970	1324935	REACHES	_95d53ccd5f17ca9f5e6bd85012d24e1d
1324970	1324949	REACHES	_95d53ccd5f17ca9f5e6bd85012d24e1d
1324970	1324958	REACHES	_95d53ccd5f17ca9f5e6bd85012d24e1d
1324973	1324970	CONTROLS	
1324973	1324935	CONTROLS	
1324935	1324942	CONTROLS	
1324935	1324949	CONTROLS	
1324935	1324958	CONTROLS	
1324949	1324958	DOM	
1324973	1324973	DOM	
1324973	1324970	DOM	
1324935	1324974	DOM	
1324935	1324942	DOM	
1324970	1324935	DOM	
1324942	1324949	DOM	
1324974	1324958	POST_DOM	
1324970	1324973	POST_DOM	
1324935	1324970	POST_DOM	
1324974	1324974	POST_DOM	
1324949	1324942	POST_DOM	
1324974	1324935	POST_DOM	
1324958	1324949	POST_DOM	
1324931	1324932	IS_FUNCTION_OF_AST	
1324931	1324973	IS_FUNCTION_OF_CFG	
1324166	1324931	IS_FILE_OF	
