command	key	type	code	location	functionId	childNum	isCFGNode	operator	baseType	completeType	identifier
ANR	1324166	File	/home/lnk/project/python/cxxdetect/joern_slicer/data_src/c2-8789845f90ce4a10de495ea34896a990-85E8A2E644A3CAC701CEBAA2EF4B1AD7/p_164/libdleyna/core/white-list.c								
ANR	1324167	ClassDef	_ce3e43f2269304965fd0cecd54418d6a	8:0:65:163							
ANR	1324168	DeclStmt									
ANR	1324169	Decl							GUPnPWhiteList	GUPnPWhiteList *	_1be03f7ce7b17c69f87c0c7795798f7f
ANR	1324170	Function	prv_dump_wl_entries	14:0:213:756							
ANR	1324171	FunctionDef	prv_dump_wl_entries (GUPnPWhiteList * _95d53ccd5f17ca9f5e6bd85012d24e1d)		1324170	0					
ANR	1324172	CompoundStatement		15:0:296:756	1324170	0					
ANR	1324173	IdentifierDeclStatement	GList * l ;	16:4:302:310	1324170	0	True				
ANR	1324174	IdentifierDecl	* l		1324170	0					
ANR	1324175	IdentifierDeclType	GList *		1324170	0					
ANR	1324176	Identifier	l		1324170	1					
ANR	1324177	ExpressionStatement	l = gupnp_white_list_get_entries ( _95d53ccd5f17ca9f5e6bd85012d24e1d )	17:4:316:383	1324170	1	True				
ANR	1324178	AssignmentExpression	l = gupnp_white_list_get_entries ( _95d53ccd5f17ca9f5e6bd85012d24e1d )		1324170	0		=			
ANR	1324179	Identifier	l		1324170	0					
ANR	1324180	CallExpression	gupnp_white_list_get_entries ( _95d53ccd5f17ca9f5e6bd85012d24e1d )		1324170	1					
ANR	1324181	Callee	gupnp_white_list_get_entries		1324170	0					
ANR	1324182	Identifier	gupnp_white_list_get_entries		1324170	0					
ANR	1324183	ArgumentList	_95d53ccd5f17ca9f5e6bd85012d24e1d		1324170	1					
ANR	1324184	Argument	_95d53ccd5f17ca9f5e6bd85012d24e1d		1324170	0					
ANR	1324185	Identifier	_95d53ccd5f17ca9f5e6bd85012d24e1d		1324170	0					
ANR	1324186	ExpressionStatement	DLEYNA_LOG_DEBUG_NL ( )	18:4:389:410	1324170	2	True				
ANR	1324187	CallExpression	DLEYNA_LOG_DEBUG_NL ( )		1324170	0					
ANR	1324188	Callee	DLEYNA_LOG_DEBUG_NL		1324170	0					
ANR	1324189	Identifier	DLEYNA_LOG_DEBUG_NL		1324170	0					
ANR	1324190	ArgumentList			1324170	1					
ANR	1324191	ExpressionStatement	"DLEYNA_LOG_DEBUG ( ""White List entries:"" )"	19:4:416:455	1324170	3	True				
ANR	1324192	CallExpression	"DLEYNA_LOG_DEBUG ( ""White List entries:"" )"		1324170	0					
ANR	1324193	Callee	DLEYNA_LOG_DEBUG		1324170	0					
ANR	1324194	Identifier	DLEYNA_LOG_DEBUG		1324170	0					
ANR	1324195	ArgumentList	"""White List entries:"""		1324170	1					
ANR	1324196	Argument	"""White List entries:"""		1324170	0					
ANR	1324197	PrimaryExpression	"""White List entries:"""		1324170	0					
ANR	1324198	IfStatement	if ( l != NULL )		1324170	4					
ANR	1324199	Condition	l != NULL	20:8:465:473	1324170	0	True				
ANR	1324200	EqualityExpression	l != NULL		1324170	0		!=			
ANR	1324201	Identifier	l		1324170	0					
ANR	1324202	Identifier	NULL		1324170	1					
ANR	1324203	CompoundStatement		7:4:183:183	1324170	1					
ANR	1324204	WhileStatement	while ( l != NULL )		1324170	0					
ANR	1324205	Condition	l != NULL	22:15:497:505	1324170	0	True				
ANR	1324206	EqualityExpression	l != NULL		1324170	0		!=			
ANR	1324207	Identifier	l		1324170	0					
ANR	1324208	Identifier	NULL		1324170	1					
ANR	1324209	CompoundStatement		9:8:219:219	1324170	1					
ANR	1324210	ExpressionStatement	"DLEYNA_LOG_DEBUG ( ""     Entry: [%s]."" , ( char * ) l -> _18f21578ead41b2c1f84eae7296b06f6 )"	24:12:530:613	1324170	0	True				
ANR	1324211	CallExpression	"DLEYNA_LOG_DEBUG ( ""     Entry: [%s]."" , ( char * ) l -> _18f21578ead41b2c1f84eae7296b06f6 )"		1324170	0					
ANR	1324212	Callee	DLEYNA_LOG_DEBUG		1324170	0					
ANR	1324213	Identifier	DLEYNA_LOG_DEBUG		1324170	0					
ANR	1324214	ArgumentList	"""     Entry: [%s]."""		1324170	1					
ANR	1324215	Argument	"""     Entry: [%s]."""		1324170	0					
ANR	1324216	PrimaryExpression	"""     Entry: [%s]."""		1324170	0					
ANR	1324217	Argument	( char * ) l -> _18f21578ead41b2c1f84eae7296b06f6		1324170	1					
ANR	1324218	CastExpression	( char * ) l -> _18f21578ead41b2c1f84eae7296b06f6		1324170	0					
ANR	1324219	CastTarget	char *		1324170	0					
ANR	1324220	PtrMemberAccess	l -> _18f21578ead41b2c1f84eae7296b06f6		1324170	1					
ANR	1324221	Identifier	l		1324170	0					
ANR	1324222	Identifier	_18f21578ead41b2c1f84eae7296b06f6		1324170	1					
ANR	1324223	ExpressionStatement	l = l -> next	25:12:627:638	1324170	1	True				
ANR	1324224	AssignmentExpression	l = l -> next		1324170	0		=			
ANR	1324225	Identifier	l		1324170	0					
ANR	1324226	PtrMemberAccess	l -> next		1324170	1					
ANR	1324227	Identifier	l		1324170	0					
ANR	1324228	Identifier	next		1324170	1					
ANR	1324229	ElseStatement	else		1324170	0					
ANR	1324230	CompoundStatement		15:4:372:372	1324170	0					
ANR	1324231	ExpressionStatement	"DLEYNA_LOG_DEBUG ( ""     White List Empty."" )"	30:8:679:721	1324170	0	True				
ANR	1324232	CallExpression	"DLEYNA_LOG_DEBUG ( ""     White List Empty."" )"		1324170	0					
ANR	1324233	Callee	DLEYNA_LOG_DEBUG		1324170	0					
ANR	1324234	Identifier	DLEYNA_LOG_DEBUG		1324170	0					
ANR	1324235	ArgumentList	"""     White List Empty."""		1324170	1					
ANR	1324236	Argument	"""     White List Empty."""		1324170	0					
ANR	1324237	PrimaryExpression	"""     White List Empty."""		1324170	0					
ANR	1324238	ExpressionStatement	DLEYNA_LOG_DEBUG_NL ( )	32:4:733:754	1324170	5	True				
ANR	1324239	CallExpression	DLEYNA_LOG_DEBUG_NL ( )		1324170	0					
ANR	1324240	Callee	DLEYNA_LOG_DEBUG_NL		1324170	0					
ANR	1324241	Identifier	DLEYNA_LOG_DEBUG_NL		1324170	0					
ANR	1324242	ArgumentList			1324170	1					
ANR	1324243	ReturnType	static void		1324170	1					
ANR	1324244	Identifier	prv_dump_wl_entries		1324170	2					
ANR	1324245	ParameterList	GUPnPWhiteList * _95d53ccd5f17ca9f5e6bd85012d24e1d		1324170	3					
ANR	1324246	Parameter	GUPnPWhiteList * _95d53ccd5f17ca9f5e6bd85012d24e1d	14:32:245:293	1324170	0	True				
ANR	1324247	ParameterType	GUPnPWhiteList *		1324170	0					
ANR	1324248	Identifier	_95d53ccd5f17ca9f5e6bd85012d24e1d		1324170	1					
ANR	1324249	CFGEntryNode	ENTRY		1324170		True				
ANR	1324250	CFGExitNode	EXIT		1324170		True				
ANR	1324251	Symbol	l -> next		1324170						
ANR	1324252	Symbol	l -> _18f21578ead41b2c1f84eae7296b06f6		1324170						
ANR	1324253	Symbol	NULL		1324170						
ANR	1324254	Symbol	gupnp_white_list_get_entries		1324170						
ANR	1324255	Symbol	* l		1324170						
ANR	1324256	Symbol	_95d53ccd5f17ca9f5e6bd85012d24e1d		1324170						
ANR	1324257	Symbol	l		1324170						
ANR	1324258	Function	_5fb94aa11655ec12734d483dc829f6ad	44:0:931:1526							
ANR	1324259	FunctionDef	_5fb94aa11655ec12734d483dc829f6ad (GUPnPWhiteList * _1be03f7ce7b17c69f87c0c7795798f7f)		1324258	0					
ANR	1324260	CompoundStatement		45:0:1037:1526	1324258	0					
ANR	1324261	IdentifierDeclStatement	dleyna_white_list_t * _95d53ccd5f17ca9f5e6bd85012d24e1d ;	46:4:1043:1097	1324258	0	True				
ANR	1324262	IdentifierDecl	* _95d53ccd5f17ca9f5e6bd85012d24e1d		1324258	0					
ANR	1324263	IdentifierDeclType	dleyna_white_list_t *		1324258	0					
ANR	1324264	Identifier	_95d53ccd5f17ca9f5e6bd85012d24e1d		1324258	1					
ANR	1324265	IfStatement	if ( _1be03f7ce7b17c69f87c0c7795798f7f != NULL )		1324258	1					
ANR	1324266	Condition	_1be03f7ce7b17c69f87c0c7795798f7f != NULL	47:8:1107:1147	1324258	0	True				
ANR	1324267	EqualityExpression	_1be03f7ce7b17c69f87c0c7795798f7f != NULL		1324258	0		!=			
ANR	1324268	Identifier	_1be03f7ce7b17c69f87c0c7795798f7f		1324258	0					
ANR	1324269	Identifier	NULL		1324258	1					
ANR	1324270	CompoundStatement		4:4:116:116	1324258	1					
ANR	1324271	ExpressionStatement	"_95d53ccd5f17ca9f5e6bd85012d24e1d = g_new0 ( dleyna_white_list_t , 1 )"	49:8:1164:1231	1324258	0	True				
ANR	1324272	AssignmentExpression	"_95d53ccd5f17ca9f5e6bd85012d24e1d = g_new0 ( dleyna_white_list_t , 1 )"		1324258	0		=			
ANR	1324273	Identifier	_95d53ccd5f17ca9f5e6bd85012d24e1d		1324258	0					
ANR	1324274	CallExpression	"g_new0 ( dleyna_white_list_t , 1 )"		1324258	1					
ANR	1324275	Callee	g_new0		1324258	0					
ANR	1324276	Identifier	g_new0		1324258	0					
ANR	1324277	ArgumentList	dleyna_white_list_t		1324258	1					
ANR	1324278	Argument	dleyna_white_list_t		1324258	0					
ANR	1324279	Identifier	dleyna_white_list_t		1324258	0					
ANR	1324280	Argument	1		1324258	1					
ANR	1324281	PrimaryExpression	1		1324258	0					
ANR	1324282	ExpressionStatement	_95d53ccd5f17ca9f5e6bd85012d24e1d -> _1be03f7ce7b17c69f87c0c7795798f7f = _1be03f7ce7b17c69f87c0c7795798f7f	50:8:1241:1345	1324258	1	True				
ANR	1324283	AssignmentExpression	_95d53ccd5f17ca9f5e6bd85012d24e1d -> _1be03f7ce7b17c69f87c0c7795798f7f = _1be03f7ce7b17c69f87c0c7795798f7f		1324258	0		=			
ANR	1324284	PtrMemberAccess	_95d53ccd5f17ca9f5e6bd85012d24e1d -> _1be03f7ce7b17c69f87c0c7795798f7f		1324258	0					
ANR	1324285	Identifier	_95d53ccd5f17ca9f5e6bd85012d24e1d		1324258	0					
ANR	1324286	Identifier	_1be03f7ce7b17c69f87c0c7795798f7f		1324258	1					
ANR	1324287	Identifier	_1be03f7ce7b17c69f87c0c7795798f7f		1324258	1					
ANR	1324288	ElseStatement	else		1324258	0					
ANR	1324289	CompoundStatement		9:4:328:328	1324258	0					
ANR	1324290	ExpressionStatement	_95d53ccd5f17ca9f5e6bd85012d24e1d = NULL	54:8:1376:1416	1324258	0	True				
ANR	1324291	AssignmentExpression	_95d53ccd5f17ca9f5e6bd85012d24e1d = NULL		1324258	0		=			
ANR	1324292	Identifier	_95d53ccd5f17ca9f5e6bd85012d24e1d		1324258	0					
ANR	1324293	Identifier	NULL		1324258	1					
ANR	1324294	ExpressionStatement	"DLEYNA_LOG_DEBUG ( ""Parameter must not be NULL"" )"	55:8:1426:1472	1324258	1	True				
ANR	1324295	CallExpression	"DLEYNA_LOG_DEBUG ( ""Parameter must not be NULL"" )"		1324258	0					
ANR	1324296	Callee	DLEYNA_LOG_DEBUG		1324258	0					
ANR	1324297	Identifier	DLEYNA_LOG_DEBUG		1324258	0					
ANR	1324298	ArgumentList	"""Parameter must not be NULL"""		1324258	1					
ANR	1324299	Argument	"""Parameter must not be NULL"""		1324258	0					
ANR	1324300	PrimaryExpression	"""Parameter must not be NULL"""		1324258	0					
ANR	1324301	ReturnStatement	return _95d53ccd5f17ca9f5e6bd85012d24e1d ;	57:4:1484:1524	1324258	2	True				
ANR	1324302	Identifier	_95d53ccd5f17ca9f5e6bd85012d24e1d		1324258	0					
ANR	1324303	ReturnType	dleyna_white_list_t *		1324258	1					
ANR	1324304	Identifier	_5fb94aa11655ec12734d483dc829f6ad		1324258	2					
ANR	1324305	ParameterList	GUPnPWhiteList * _1be03f7ce7b17c69f87c0c7795798f7f		1324258	3					
ANR	1324306	Parameter	GUPnPWhiteList * _1be03f7ce7b17c69f87c0c7795798f7f	44:55:986:1034	1324258	0	True				
ANR	1324307	ParameterType	GUPnPWhiteList *		1324258	0					
ANR	1324308	Identifier	_1be03f7ce7b17c69f87c0c7795798f7f		1324258	1					
ANR	1324309	CFGEntryNode	ENTRY		1324258		True				
ANR	1324310	CFGExitNode	EXIT		1324258		True				
ANR	1324311	Symbol	NULL		1324258						
ANR	1324312	Symbol	_1be03f7ce7b17c69f87c0c7795798f7f		1324258						
ANR	1324313	Symbol	dleyna_white_list_t		1324258						
ANR	1324314	Symbol	g_new0		1324258						
ANR	1324315	Symbol	* _95d53ccd5f17ca9f5e6bd85012d24e1d		1324258						
ANR	1324316	Symbol	_95d53ccd5f17ca9f5e6bd85012d24e1d		1324258						
ANR	1324317	Symbol	_95d53ccd5f17ca9f5e6bd85012d24e1d -> _1be03f7ce7b17c69f87c0c7795798f7f		1324258						
ANR	1324318	DeclStmt									
ANR	1324319	Decl							void	void ( dleyna_white_list_t * )	_76944fb4bd3704e68dde66feb3241c9e
ANR	1324320	DeclStmt									
ANR	1324321	Decl							void	"void ( dleyna_white_list_t * , gboolean )"	_f540f28ead545a86947ea6f0e2791d04
ANR	1324322	Function	_206f69603407f7104804c97090caab6c	62:0:1665:3169							
ANR	1324323	FunctionDef	"_206f69603407f7104804c97090caab6c (short _dae85b02d687da2be506b683871c094e , unsigned int _c0d2e3f8daccd034259f6241c9f17dbf , unsigned int _44259ca6a490a7efae613b0cea29f280)"		1324322	0					
ANR	1324324	CompoundStatement		63:0:1861:3169	1324322	0					
ANR	1324325	IdentifierDeclStatement	const short _85c617d839e55b93eba7f24b7ac7b50f = 0L ;	64:4:1867:1917	1324322	0	True				
ANR	1324326	IdentifierDecl	_85c617d839e55b93eba7f24b7ac7b50f = 0L		1324322	0					
ANR	1324327	IdentifierDeclType	const short		1324322	0					
ANR	1324328	Identifier	_85c617d839e55b93eba7f24b7ac7b50f		1324322	1					
ANR	1324329	AssignmentExpression	_85c617d839e55b93eba7f24b7ac7b50f = 0L		1324322	2		=			
ANR	1324330	Identifier	_85c617d839e55b93eba7f24b7ac7b50f		1324322	0					
ANR	1324331	PrimaryExpression	0L		1324322	1					
ANR	1324332	IdentifierDeclStatement	int * _d5dde46edd6ed741ffe4511ac98b4ece = ( void * ) 0 ;	65:4:1923:1972	1324322	1	True				
ANR	1324333	IdentifierDecl	* _d5dde46edd6ed741ffe4511ac98b4ece = ( void * ) 0		1324322	0					
ANR	1324334	IdentifierDeclType	int *		1324322	0					
ANR	1324335	Identifier	_d5dde46edd6ed741ffe4511ac98b4ece		1324322	1					
ANR	1324336	AssignmentExpression	* _d5dde46edd6ed741ffe4511ac98b4ece = ( void * ) 0		1324322	2		=			
ANR	1324337	Identifier	_d5dde46edd6ed741ffe4511ac98b4ece		1324322	0					
ANR	1324338	CastExpression	( void * ) 0		1324322	1					
ANR	1324339	CastTarget	void *		1324322	0					
ANR	1324340	PrimaryExpression	0		1324322	1					
ANR	1324341	IdentifierDeclStatement	int _1155d79c193cc7d377886024058160e9 = 0x3FBB4EBBL ;	66:4:1978:2029	1324322	2	True				
ANR	1324342	IdentifierDecl	_1155d79c193cc7d377886024058160e9 = 0x3FBB4EBBL		1324322	0					
ANR	1324343	IdentifierDeclType	int		1324322	0					
ANR	1324344	Identifier	_1155d79c193cc7d377886024058160e9		1324322	1					
ANR	1324345	AssignmentExpression	_1155d79c193cc7d377886024058160e9 = 0x3FBB4EBBL		1324322	2		=			
ANR	1324346	Identifier	_1155d79c193cc7d377886024058160e9		1324322	0					
ANR	1324347	PrimaryExpression	0x3FBB4EBBL		1324322	1					
ANR	1324348	IdentifierDeclStatement	int * _fe31011262a867130273705589dc7971 = & _1155d79c193cc7d377886024058160e9 ;	67:4:2035:2110	1324322	3	True				
ANR	1324349	IdentifierDecl	* _fe31011262a867130273705589dc7971 = & _1155d79c193cc7d377886024058160e9		1324322	0					
ANR	1324350	IdentifierDeclType	int *		1324322	0					
ANR	1324351	Identifier	_fe31011262a867130273705589dc7971		1324322	1					
ANR	1324352	AssignmentExpression	* _fe31011262a867130273705589dc7971 = & _1155d79c193cc7d377886024058160e9		1324322	2		=			
ANR	1324353	Identifier	_fe31011262a867130273705589dc7971		1324322	0					
ANR	1324354	UnaryOperationExpression	& _1155d79c193cc7d377886024058160e9		1324322	1					
ANR	1324355	UnaryOperator	&		1324322	0					
ANR	1324356	Identifier	_1155d79c193cc7d377886024058160e9		1324322	1					
ANR	1324357	Statement	short	68:4:2116:2120	1324322	4	True				
ANR	1324358	Statement	_ade4453faf91a77ac61a8f733c878340	68:10:2122:2154	1324322	5	True				
ANR	1324359	Statement	[	68:43:2155:2155	1324322	6	True				
ANR	1324360	Statement	2	68:44:2156:2156	1324322	7	True				
ANR	1324361	Statement	]	68:45:2157:2157	1324322	8	True				
ANR	1324362	Statement	[	68:46:2158:2158	1324322	9	True				
ANR	1324363	Statement	2	68:47:2159:2159	1324322	10	True				
ANR	1324364	Statement	]	68:48:2160:2160	1324322	11	True				
ANR	1324365	Statement	=	68:50:2162:2162	1324322	12	True				
ANR	1324366	CompoundStatement		6:52:302:302	1324322	13					
ANR	1324367	CompoundStatement		6:53:303:303	1324322	0					
ANR	1324368	Statement	(	68:54:2166:2166	1324322	0	True				
ANR	1324369	Statement	-	68:55:2167:2167	1324322	1	True				
ANR	1324370	Statement	1L	68:56:2168:2169	1324322	2	True				
ANR	1324371	Statement	)	68:58:2170:2170	1324322	3	True				
ANR	1324372	Statement	","	68:59:2171:2171	1324322	4	True				
ANR	1324373	Statement	(	68:60:2172:2172	1324322	5	True				
ANR	1324374	Statement	-	68:61:2173:2173	1324322	6	True				
ANR	1324375	Statement	1L	68:62:2174:2175	1324322	7	True				
ANR	1324376	Statement	)	68:64:2176:2176	1324322	8	True				
ANR	1324377	Statement	","	68:66:2178:2178	1324322	1	True				
ANR	1324378	CompoundStatement		6:67:317:317	1324322	2					
ANR	1324379	Statement	(	68:68:2180:2180	1324322	0	True				
ANR	1324380	Statement	-	68:69:2181:2181	1324322	1	True				
ANR	1324381	Statement	1L	68:70:2182:2183	1324322	2	True				
ANR	1324382	Statement	)	68:72:2184:2184	1324322	3	True				
ANR	1324383	Statement	","	68:73:2185:2185	1324322	4	True				
ANR	1324384	Statement	(	68:74:2186:2186	1324322	5	True				
ANR	1324385	Statement	-	68:75:2187:2187	1324322	6	True				
ANR	1324386	Statement	1L	68:76:2188:2189	1324322	7	True				
ANR	1324387	Statement	)	68:78:2190:2190	1324322	8	True				
ANR	1324388	ExpressionStatement		68:81:2193:2193	1324322	14	True				
ANR	1324389	IdentifierDeclStatement	const unsigned int _da40226c231d1c26ed592658eb43324f = 0x509CF13EL ;	69:4:2199:2265	1324322	15	True				
ANR	1324390	IdentifierDecl	_da40226c231d1c26ed592658eb43324f = 0x509CF13EL		1324322	0					
ANR	1324391	IdentifierDeclType	const unsigned int		1324322	0					
ANR	1324392	Identifier	_da40226c231d1c26ed592658eb43324f		1324322	1					
ANR	1324393	AssignmentExpression	_da40226c231d1c26ed592658eb43324f = 0x509CF13EL		1324322	2		=			
ANR	1324394	Identifier	_da40226c231d1c26ed592658eb43324f		1324322	0					
ANR	1324395	PrimaryExpression	0x509CF13EL		1324322	1					
ANR	1324396	IdentifierDeclStatement	"int i , j ;"	70:4:2271:2279	1324322	16	True				
ANR	1324397	IdentifierDecl	i		1324322	0					
ANR	1324398	IdentifierDeclType	int		1324322	0					
ANR	1324399	Identifier	i		1324322	1					
ANR	1324400	IdentifierDecl	j		1324322	1					
ANR	1324401	IdentifierDeclType	int		1324322	0					
ANR	1324402	Identifier	j		1324322	1					
ANR	1324403	ExpressionStatement	( * _fe31011262a867130273705589dc7971 ) = ( ( _85c617d839e55b93eba7f24b7ac7b50f < 0xC176L ) || _85c617d839e55b93eba7f24b7ac7b50f )	71:4:2285:2408	1324322	17	True				
ANR	1324404	AssignmentExpression	( * _fe31011262a867130273705589dc7971 ) = ( ( _85c617d839e55b93eba7f24b7ac7b50f < 0xC176L ) || _85c617d839e55b93eba7f24b7ac7b50f )		1324322	0		=			
ANR	1324405	UnaryOperationExpression	* _fe31011262a867130273705589dc7971		1324322	0					
ANR	1324406	UnaryOperator	*		1324322	0					
ANR	1324407	Identifier	_fe31011262a867130273705589dc7971		1324322	1					
ANR	1324408	OrExpression	( _85c617d839e55b93eba7f24b7ac7b50f < 0xC176L ) || _85c617d839e55b93eba7f24b7ac7b50f		1324322	1		||			
ANR	1324409	RelationalExpression	_85c617d839e55b93eba7f24b7ac7b50f < 0xC176L		1324322	0		<			
ANR	1324410	Identifier	_85c617d839e55b93eba7f24b7ac7b50f		1324322	0					
ANR	1324411	PrimaryExpression	0xC176L		1324322	1					
ANR	1324412	Identifier	_85c617d839e55b93eba7f24b7ac7b50f		1324322	1					
ANR	1324413	ForStatement	for ( _44259ca6a490a7efae613b0cea29f280 = 0 ; ( _44259ca6a490a7efae613b0cea29f280 <= 1 ) ; _44259ca6a490a7efae613b0cea29f280 += 1 )		1324322	18					
ANR	1324414	ForInit	_44259ca6a490a7efae613b0cea29f280 = 0 ;	72:9:2419:2456	1324322	0	True				
ANR	1324415	AssignmentExpression	_44259ca6a490a7efae613b0cea29f280 = 0		1324322	0		=			
ANR	1324416	Identifier	_44259ca6a490a7efae613b0cea29f280		1324322	0					
ANR	1324417	PrimaryExpression	0		1324322	1					
ANR	1324418	Condition	_44259ca6a490a7efae613b0cea29f280 <= 1	72:48:2458:2497	1324322	1	True				
ANR	1324419	RelationalExpression	_44259ca6a490a7efae613b0cea29f280 <= 1		1324322	0		<=			
ANR	1324420	Identifier	_44259ca6a490a7efae613b0cea29f280		1324322	0					
ANR	1324421	PrimaryExpression	1		1324322	1					
ANR	1324422	AssignmentExpression	_44259ca6a490a7efae613b0cea29f280 += 1	72:90:2500:2537	1324322	2	True	+=			
ANR	1324423	Identifier	_44259ca6a490a7efae613b0cea29f280		1324322	0					
ANR	1324424	PrimaryExpression	1		1324322	1					
ANR	1324425	CompoundStatement		14:8:865:943	1324322	3					
ANR	1324426	IdentifierDeclStatement	int * * _3cdc3f3dcb69a73474a208016319eed3 = & _d5dde46edd6ed741ffe4511ac98b4ece ;	74:8:2554:2630	1324322	0	True				
ANR	1324427	IdentifierDecl	* * _3cdc3f3dcb69a73474a208016319eed3 = & _d5dde46edd6ed741ffe4511ac98b4ece		1324322	0					
ANR	1324428	IdentifierDeclType	int * *		1324322	0					
ANR	1324429	Identifier	_3cdc3f3dcb69a73474a208016319eed3		1324322	1					
ANR	1324430	AssignmentExpression	* * _3cdc3f3dcb69a73474a208016319eed3 = & _d5dde46edd6ed741ffe4511ac98b4ece		1324322	2		=			
ANR	1324431	Identifier	_3cdc3f3dcb69a73474a208016319eed3		1324322	0					
ANR	1324432	UnaryOperationExpression	& _d5dde46edd6ed741ffe4511ac98b4ece		1324322	1					
ANR	1324433	UnaryOperator	&		1324322	0					
ANR	1324434	Identifier	_d5dde46edd6ed741ffe4511ac98b4ece		1324322	1					
ANR	1324435	IdentifierDeclStatement	int * * * _667bfced3edc86b803827b0cb8740266 = & _3cdc3f3dcb69a73474a208016319eed3 ;	75:8:2640:2717	1324322	1	True				
ANR	1324436	IdentifierDecl	* * * _667bfced3edc86b803827b0cb8740266 = & _3cdc3f3dcb69a73474a208016319eed3		1324322	0					
ANR	1324437	IdentifierDeclType	int * * *		1324322	0					
ANR	1324438	Identifier	_667bfced3edc86b803827b0cb8740266		1324322	1					
ANR	1324439	AssignmentExpression	* * * _667bfced3edc86b803827b0cb8740266 = & _3cdc3f3dcb69a73474a208016319eed3		1324322	2		=			
ANR	1324440	Identifier	_667bfced3edc86b803827b0cb8740266		1324322	0					
ANR	1324441	UnaryOperationExpression	& _3cdc3f3dcb69a73474a208016319eed3		1324322	1					
ANR	1324442	UnaryOperator	&		1324322	0					
ANR	1324443	Identifier	_3cdc3f3dcb69a73474a208016319eed3		1324322	1					
ANR	1324444	IdentifierDeclStatement	int * * * * _78fb1ab7a5f785ff732ee4595c9d84b3 = & _667bfced3edc86b803827b0cb8740266 ;	76:8:2727:2805	1324322	2	True				
ANR	1324445	IdentifierDecl	* * * * _78fb1ab7a5f785ff732ee4595c9d84b3 = & _667bfced3edc86b803827b0cb8740266		1324322	0					
ANR	1324446	IdentifierDeclType	int * * * *		1324322	0					
ANR	1324447	Identifier	_78fb1ab7a5f785ff732ee4595c9d84b3		1324322	1					
ANR	1324448	AssignmentExpression	* * * * _78fb1ab7a5f785ff732ee4595c9d84b3 = & _667bfced3edc86b803827b0cb8740266		1324322	2		=			
ANR	1324449	Identifier	_78fb1ab7a5f785ff732ee4595c9d84b3		1324322	0					
ANR	1324450	UnaryOperationExpression	& _667bfced3edc86b803827b0cb8740266		1324322	1					
ANR	1324451	UnaryOperator	&		1324322	0					
ANR	1324452	Identifier	_667bfced3edc86b803827b0cb8740266		1324322	1					
ANR	1324453	ExpressionStatement	( * _3cdc3f3dcb69a73474a208016319eed3 ) = ( void * ) 0	77:8:2815:2862	1324322	3	True				
ANR	1324454	AssignmentExpression	( * _3cdc3f3dcb69a73474a208016319eed3 ) = ( void * ) 0		1324322	0		=			
ANR	1324455	UnaryOperationExpression	* _3cdc3f3dcb69a73474a208016319eed3		1324322	0					
ANR	1324456	UnaryOperator	*		1324322	0					
ANR	1324457	Identifier	_3cdc3f3dcb69a73474a208016319eed3		1324322	1					
ANR	1324458	CastExpression	( void * ) 0		1324322	1					
ANR	1324459	CastTarget	void *		1324322	0					
ANR	1324460	PrimaryExpression	0		1324322	1					
ANR	1324461	ExpressionStatement	( * _3cdc3f3dcb69a73474a208016319eed3 ) = ( * _3cdc3f3dcb69a73474a208016319eed3 )	78:8:2872:2947	1324322	4	True				
ANR	1324462	AssignmentExpression	( * _3cdc3f3dcb69a73474a208016319eed3 ) = ( * _3cdc3f3dcb69a73474a208016319eed3 )		1324322	0		=			
ANR	1324463	UnaryOperationExpression	* _3cdc3f3dcb69a73474a208016319eed3		1324322	0					
ANR	1324464	UnaryOperator	*		1324322	0					
ANR	1324465	Identifier	_3cdc3f3dcb69a73474a208016319eed3		1324322	1					
ANR	1324466	UnaryOperationExpression	* _3cdc3f3dcb69a73474a208016319eed3		1324322	1					
ANR	1324467	UnaryOperator	*		1324322	0					
ANR	1324468	Identifier	_3cdc3f3dcb69a73474a208016319eed3		1324322	1					
ANR	1324469	ExpressionStatement	( * _3cdc3f3dcb69a73474a208016319eed3 ) = ( * _3cdc3f3dcb69a73474a208016319eed3 )	79:8:2957:3032	1324322	5	True				
ANR	1324470	AssignmentExpression	( * _3cdc3f3dcb69a73474a208016319eed3 ) = ( * _3cdc3f3dcb69a73474a208016319eed3 )		1324322	0		=			
ANR	1324471	UnaryOperationExpression	* _3cdc3f3dcb69a73474a208016319eed3		1324322	0					
ANR	1324472	UnaryOperator	*		1324322	0					
ANR	1324473	Identifier	_3cdc3f3dcb69a73474a208016319eed3		1324322	1					
ANR	1324474	UnaryOperationExpression	* _3cdc3f3dcb69a73474a208016319eed3		1324322	1					
ANR	1324475	UnaryOperator	*		1324322	0					
ANR	1324476	Identifier	_3cdc3f3dcb69a73474a208016319eed3		1324322	1					
ANR	1324477	ExpressionStatement	( * _78fb1ab7a5f785ff732ee4595c9d84b3 ) = & _3cdc3f3dcb69a73474a208016319eed3	80:8:3042:3115	1324322	6	True				
ANR	1324478	AssignmentExpression	( * _78fb1ab7a5f785ff732ee4595c9d84b3 ) = & _3cdc3f3dcb69a73474a208016319eed3		1324322	0		=			
ANR	1324479	UnaryOperationExpression	* _78fb1ab7a5f785ff732ee4595c9d84b3		1324322	0					
ANR	1324480	UnaryOperator	*		1324322	0					
ANR	1324481	Identifier	_78fb1ab7a5f785ff732ee4595c9d84b3		1324322	1					
ANR	1324482	UnaryOperationExpression	& _3cdc3f3dcb69a73474a208016319eed3		1324322	1					
ANR	1324483	UnaryOperator	&		1324322	0					
ANR	1324484	Identifier	_3cdc3f3dcb69a73474a208016319eed3		1324322	1					
ANR	1324485	ReturnStatement	return _da40226c231d1c26ed592658eb43324f ;	82:4:3127:3167	1324322	19	True				
ANR	1324486	Identifier	_da40226c231d1c26ed592658eb43324f		1324322	0					
ANR	1324487	ReturnType	const unsigned char		1324322	1					
ANR	1324488	Identifier	_206f69603407f7104804c97090caab6c		1324322	2					
ANR	1324489	ParameterList	"short _dae85b02d687da2be506b683871c094e , unsigned int _c0d2e3f8daccd034259f6241c9f17dbf , unsigned int _44259ca6a490a7efae613b0cea29f280"		1324322	3					
ANR	1324490	Parameter	short _dae85b02d687da2be506b683871c094e	62:56:1721:1760	1324322	0	True				
ANR	1324491	ParameterType	short		1324322	0					
ANR	1324492	Identifier	_dae85b02d687da2be506b683871c094e		1324322	1					
ANR	1324493	Parameter	unsigned int _c0d2e3f8daccd034259f6241c9f17dbf	62:98:1763:1809	1324322	1	True				
ANR	1324494	ParameterType	unsigned int		1324322	0					
ANR	1324495	Identifier	_c0d2e3f8daccd034259f6241c9f17dbf		1324322	1					
ANR	1324496	Parameter	unsigned int _44259ca6a490a7efae613b0cea29f280	62:147:1812:1858	1324322	2	True				
ANR	1324497	ParameterType	unsigned int		1324322	0					
ANR	1324498	Identifier	_44259ca6a490a7efae613b0cea29f280		1324322	1					
ANR	1324499	CFGEntryNode	ENTRY		1324322		True				
ANR	1324500	CFGExitNode	EXIT		1324322		True				
ANR	1324501	Symbol	& _667bfced3edc86b803827b0cb8740266		1324322						
ANR	1324502	Symbol	* _fe31011262a867130273705589dc7971		1324322						
ANR	1324503	Symbol	_da40226c231d1c26ed592658eb43324f		1324322						
ANR	1324504	Symbol	_667bfced3edc86b803827b0cb8740266		1324322						
ANR	1324505	Symbol	* _78fb1ab7a5f785ff732ee4595c9d84b3		1324322						
ANR	1324506	Symbol	_85c617d839e55b93eba7f24b7ac7b50f		1324322						
ANR	1324507	Symbol	i		1324322						
ANR	1324508	Symbol	j		1324322						
ANR	1324509	Symbol	_d5dde46edd6ed741ffe4511ac98b4ece		1324322						
ANR	1324510	Symbol	_fe31011262a867130273705589dc7971		1324322						
ANR	1324511	Symbol	* _3cdc3f3dcb69a73474a208016319eed3		1324322						
ANR	1324512	Symbol	& _3cdc3f3dcb69a73474a208016319eed3		1324322						
ANR	1324513	Symbol	_c0d2e3f8daccd034259f6241c9f17dbf		1324322						
ANR	1324514	Symbol	_1155d79c193cc7d377886024058160e9		1324322						
ANR	1324515	Symbol	& _d5dde46edd6ed741ffe4511ac98b4ece		1324322						
ANR	1324516	Symbol	& _1155d79c193cc7d377886024058160e9		1324322						
ANR	1324517	Symbol	_dae85b02d687da2be506b683871c094e		1324322						
ANR	1324518	Symbol	_44259ca6a490a7efae613b0cea29f280		1324322						
ANR	1324519	Symbol	_3cdc3f3dcb69a73474a208016319eed3		1324322						
ANR	1324520	Symbol	_78fb1ab7a5f785ff732ee4595c9d84b3		1324322						
ANR	1324521	Function	_f540f28ead545a86947ea6f0e2791d04	84:0:3171:3678							
ANR	1324522	FunctionDef	"_f540f28ead545a86947ea6f0e2791d04 (dleyna_white_list_t * _95d53ccd5f17ca9f5e6bd85012d24e1d , gboolean _a407327cdb675a164fb7d8a327e2eb03)"		1324521	0					
ANR	1324523	CompoundStatement		86:0:3348:3678	1324521	0					
ANR	1324524	IfStatement	if ( _95d53ccd5f17ca9f5e6bd85012d24e1d -> _1be03f7ce7b17c69f87c0c7795798f7f != NULL )		1324521	0					
ANR	1324525	Condition	_95d53ccd5f17ca9f5e6bd85012d24e1d -> _1be03f7ce7b17c69f87c0c7795798f7f != NULL	87:8:3358:3433	1324521	0	True				
ANR	1324526	EqualityExpression	_95d53ccd5f17ca9f5e6bd85012d24e1d -> _1be03f7ce7b17c69f87c0c7795798f7f != NULL		1324521	0		!=			
ANR	1324527	PtrMemberAccess	_95d53ccd5f17ca9f5e6bd85012d24e1d -> _1be03f7ce7b17c69f87c0c7795798f7f		1324521	0					
ANR	1324528	Identifier	_95d53ccd5f17ca9f5e6bd85012d24e1d		1324521	0					
ANR	1324529	Identifier	_1be03f7ce7b17c69f87c0c7795798f7f		1324521	1					
ANR	1324530	Identifier	NULL		1324521	1					
ANR	1324531	CompoundStatement		3:4:91:91	1324521	1					
ANR	1324532	ExpressionStatement	"gupnp_white_list_set_enabled ( _95d53ccd5f17ca9f5e6bd85012d24e1d -> _1be03f7ce7b17c69f87c0c7795798f7f , _a407327cdb675a164fb7d8a327e2eb03 )"	89:8:3450:3583	1324521	0	True				
ANR	1324533	CallExpression	"gupnp_white_list_set_enabled ( _95d53ccd5f17ca9f5e6bd85012d24e1d -> _1be03f7ce7b17c69f87c0c7795798f7f , _a407327cdb675a164fb7d8a327e2eb03 )"		1324521	0					
ANR	1324534	Callee	gupnp_white_list_set_enabled		1324521	0					
ANR	1324535	Identifier	gupnp_white_list_set_enabled		1324521	0					
ANR	1324536	ArgumentList	_95d53ccd5f17ca9f5e6bd85012d24e1d -> _1be03f7ce7b17c69f87c0c7795798f7f		1324521	1					
ANR	1324537	Argument	_95d53ccd5f17ca9f5e6bd85012d24e1d -> _1be03f7ce7b17c69f87c0c7795798f7f		1324521	0					
ANR	1324538	PtrMemberAccess	_95d53ccd5f17ca9f5e6bd85012d24e1d -> _1be03f7ce7b17c69f87c0c7795798f7f		1324521	0					
ANR	1324539	Identifier	_95d53ccd5f17ca9f5e6bd85012d24e1d		1324521	0					
ANR	1324540	Identifier	_1be03f7ce7b17c69f87c0c7795798f7f		1324521	1					
ANR	1324541	Argument	_a407327cdb675a164fb7d8a327e2eb03		1324521	1					
ANR	1324542	Identifier	_a407327cdb675a164fb7d8a327e2eb03		1324521	0					
ANR	1324543	ExpressionStatement	"DLEYNA_LOG_DEBUG ( ""White List enabled: %d"" , _a407327cdb675a164fb7d8a327e2eb03 )"	90:8:3593:3670	1324521	1	True				
ANR	1324544	CallExpression	"DLEYNA_LOG_DEBUG ( ""White List enabled: %d"" , _a407327cdb675a164fb7d8a327e2eb03 )"		1324521	0					
ANR	1324545	Callee	DLEYNA_LOG_DEBUG		1324521	0					
ANR	1324546	Identifier	DLEYNA_LOG_DEBUG		1324521	0					
ANR	1324547	ArgumentList	"""White List enabled: %d"""		1324521	1					
ANR	1324548	Argument	"""White List enabled: %d"""		1324521	0					
ANR	1324549	PrimaryExpression	"""White List enabled: %d"""		1324521	0					
ANR	1324550	Argument	_a407327cdb675a164fb7d8a327e2eb03		1324521	1					
ANR	1324551	Identifier	_a407327cdb675a164fb7d8a327e2eb03		1324521	0					
ANR	1324552	ReturnType	void		1324521	1					
ANR	1324553	Identifier	_f540f28ead545a86947ea6f0e2791d04		1324521	2					
ANR	1324554	ParameterList	"dleyna_white_list_t * _95d53ccd5f17ca9f5e6bd85012d24e1d , gboolean _a407327cdb675a164fb7d8a327e2eb03"		1324521	3					
ANR	1324555	Parameter	dleyna_white_list_t * _95d53ccd5f17ca9f5e6bd85012d24e1d	84:39:3210:3263	1324521	0	True				
ANR	1324556	ParameterType	dleyna_white_list_t *		1324521	0					
ANR	1324557	Identifier	_95d53ccd5f17ca9f5e6bd85012d24e1d		1324521	1					
ANR	1324558	Parameter	gboolean _a407327cdb675a164fb7d8a327e2eb03	85:38:3304:3345	1324521	1	True				
ANR	1324559	ParameterType	gboolean		1324521	0					
ANR	1324560	Identifier	_a407327cdb675a164fb7d8a327e2eb03		1324521	1					
ANR	1324561	CFGEntryNode	ENTRY		1324521		True				
ANR	1324562	CFGExitNode	EXIT		1324521		True				
ANR	1324563	Symbol	NULL		1324521						
ANR	1324564	Symbol	_a407327cdb675a164fb7d8a327e2eb03		1324521						
ANR	1324565	Symbol	* _95d53ccd5f17ca9f5e6bd85012d24e1d		1324521						
ANR	1324566	Symbol	_95d53ccd5f17ca9f5e6bd85012d24e1d		1324521						
ANR	1324567	Symbol	_95d53ccd5f17ca9f5e6bd85012d24e1d -> _1be03f7ce7b17c69f87c0c7795798f7f		1324521						
ANR	1324568	Function	_76944fb4bd3704e68dde66feb3241c9e	94:0:3681:3825							
ANR	1324569	FunctionDef	_76944fb4bd3704e68dde66feb3241c9e (dleyna_white_list_t * _95d53ccd5f17ca9f5e6bd85012d24e1d)		1324568	0					
ANR	1324570	CompoundStatement		95:0:3776:3825	1324568	0					
ANR	1324571	ExpressionStatement	g_free ( _95d53ccd5f17ca9f5e6bd85012d24e1d )	96:4:3782:3823	1324568	0	True				
ANR	1324572	CallExpression	g_free ( _95d53ccd5f17ca9f5e6bd85012d24e1d )		1324568	0					
ANR	1324573	Callee	g_free		1324568	0					
ANR	1324574	Identifier	g_free		1324568	0					
ANR	1324575	ArgumentList	_95d53ccd5f17ca9f5e6bd85012d24e1d		1324568	1					
ANR	1324576	Argument	_95d53ccd5f17ca9f5e6bd85012d24e1d		1324568	0					
ANR	1324577	Identifier	_95d53ccd5f17ca9f5e6bd85012d24e1d		1324568	0					
ANR	1324578	ReturnType	void		1324568	1					
ANR	1324579	Identifier	_76944fb4bd3704e68dde66feb3241c9e		1324568	2					
ANR	1324580	ParameterList	dleyna_white_list_t * _95d53ccd5f17ca9f5e6bd85012d24e1d		1324568	3					
ANR	1324581	Parameter	dleyna_white_list_t * _95d53ccd5f17ca9f5e6bd85012d24e1d	94:39:3720:3773	1324568	0	True				
ANR	1324582	ParameterType	dleyna_white_list_t *		1324568	0					
ANR	1324583	Identifier	_95d53ccd5f17ca9f5e6bd85012d24e1d		1324568	1					
ANR	1324584	CFGEntryNode	ENTRY		1324568		True				
ANR	1324585	CFGExitNode	EXIT		1324568		True				
ANR	1324586	Symbol	_95d53ccd5f17ca9f5e6bd85012d24e1d		1324568						
ANR	1324587	Function	_86ec3da62a23a6feb106047d82112b99	99:0:3828:5869							
ANR	1324588	FunctionDef	"_86ec3da62a23a6feb106047d82112b99 (dleyna_white_list_t * _95d53ccd5f17ca9f5e6bd85012d24e1d , GVariant * _e81ed19de1c355bc0062fc6776df9c1c)"		1324587	0					
ANR	1324589	CompoundStatement		101:0:3976:5869	1324587	0					
ANR	1324590	IdentifierDeclStatement	GVariantIter _889afc38ff423809372a43b16507d4e6 ;	102:4:3982:4028	1324587	0	True				
ANR	1324591	IdentifierDecl	_889afc38ff423809372a43b16507d4e6		1324587	0					
ANR	1324592	IdentifierDeclType	GVariantIter		1324587	0					
ANR	1324593	Identifier	_889afc38ff423809372a43b16507d4e6		1324587	1					
ANR	1324594	IdentifierDeclStatement	gchar * _84bf23d0c21f42b31b47f09a2169f650 ;	103:4:4034:4074	1324587	1	True				
ANR	1324595	IdentifierDecl	* _84bf23d0c21f42b31b47f09a2169f650		1324587	0					
ANR	1324596	IdentifierDeclType	gchar *		1324587	0					
ANR	1324597	Identifier	_84bf23d0c21f42b31b47f09a2169f650		1324587	1					
ANR	1324598	ExpressionStatement	"DLEYNA_LOG_DEBUG ( ""Enter"" )"	104:4:4080:4105	1324587	2	True				
ANR	1324599	CallExpression	"DLEYNA_LOG_DEBUG ( ""Enter"" )"		1324587	0					
ANR	1324600	Callee	DLEYNA_LOG_DEBUG		1324587	0					
ANR	1324601	Identifier	DLEYNA_LOG_DEBUG		1324587	0					
ANR	1324602	ArgumentList	"""Enter"""		1324587	1					
ANR	1324603	Argument	"""Enter"""		1324587	0					
ANR	1324604	PrimaryExpression	"""Enter"""		1324587	0					
ANR	1324605	IfStatement	if ( ( _e81ed19de1c355bc0062fc6776df9c1c != NULL ) && ( _95d53ccd5f17ca9f5e6bd85012d24e1d -> _1be03f7ce7b17c69f87c0c7795798f7f != NULL ) )		1324587	3					
ANR	1324606	Condition	( _e81ed19de1c355bc0062fc6776df9c1c != NULL ) && ( _95d53ccd5f17ca9f5e6bd85012d24e1d -> _1be03f7ce7b17c69f87c0c7795798f7f != NULL )	105:8:4115:4239	1324587	0	True				
ANR	1324607	AndExpression	( _e81ed19de1c355bc0062fc6776df9c1c != NULL ) && ( _95d53ccd5f17ca9f5e6bd85012d24e1d -> _1be03f7ce7b17c69f87c0c7795798f7f != NULL )		1324587	0		&&			
ANR	1324608	EqualityExpression	_e81ed19de1c355bc0062fc6776df9c1c != NULL		1324587	0		!=			
ANR	1324609	Identifier	_e81ed19de1c355bc0062fc6776df9c1c		1324587	0					
ANR	1324610	Identifier	NULL		1324587	1					
ANR	1324611	EqualityExpression	_95d53ccd5f17ca9f5e6bd85012d24e1d -> _1be03f7ce7b17c69f87c0c7795798f7f != NULL		1324587	1		!=			
ANR	1324612	PtrMemberAccess	_95d53ccd5f17ca9f5e6bd85012d24e1d -> _1be03f7ce7b17c69f87c0c7795798f7f		1324587	0					
ANR	1324613	Identifier	_95d53ccd5f17ca9f5e6bd85012d24e1d		1324587	0					
ANR	1324614	Identifier	_1be03f7ce7b17c69f87c0c7795798f7f		1324587	1					
ANR	1324615	Identifier	NULL		1324587	1					
ANR	1324616	CompoundStatement		6:4:269:269	1324587	1					
ANR	1324617	ExpressionStatement	"( void ) g_variant_iter_init ( & _889afc38ff423809372a43b16507d4e6 , _e81ed19de1c355bc0062fc6776df9c1c )"	107:8:4256:4353	1324587	0	True				
ANR	1324618	CastExpression	"( void ) g_variant_iter_init ( & _889afc38ff423809372a43b16507d4e6 , _e81ed19de1c355bc0062fc6776df9c1c )"		1324587	0					
ANR	1324619	CastTarget	void		1324587	0					
ANR	1324620	CallExpression	"g_variant_iter_init ( & _889afc38ff423809372a43b16507d4e6 , _e81ed19de1c355bc0062fc6776df9c1c )"		1324587	1					
ANR	1324621	Callee	g_variant_iter_init		1324587	0					
ANR	1324622	Identifier	g_variant_iter_init		1324587	0					
ANR	1324623	ArgumentList	& _889afc38ff423809372a43b16507d4e6		1324587	1					
ANR	1324624	Argument	& _889afc38ff423809372a43b16507d4e6		1324587	0					
ANR	1324625	UnaryOperationExpression	& _889afc38ff423809372a43b16507d4e6		1324587	0					
ANR	1324626	UnaryOperator	&		1324587	0					
ANR	1324627	Identifier	_889afc38ff423809372a43b16507d4e6		1324587	1					
ANR	1324628	Argument	_e81ed19de1c355bc0062fc6776df9c1c		1324587	1					
ANR	1324629	Identifier	_e81ed19de1c355bc0062fc6776df9c1c		1324587	0					
ANR	1324630	WhileStatement	"while ( g_variant_iter_next ( & _889afc38ff423809372a43b16507d4e6 , ""&s"" , & _84bf23d0c21f42b31b47f09a2169f650 ) )"		1324587	1					
ANR	1324631	Condition	"g_variant_iter_next ( & _889afc38ff423809372a43b16507d4e6 , ""&s"" , & _84bf23d0c21f42b31b47f09a2169f650 )"	108:15:4370:4466	1324587	0	True				
ANR	1324632	CallExpression	"g_variant_iter_next ( & _889afc38ff423809372a43b16507d4e6 , ""&s"" , & _84bf23d0c21f42b31b47f09a2169f650 )"		1324587	0					
ANR	1324633	Callee	g_variant_iter_next		1324587	0					
ANR	1324634	Identifier	g_variant_iter_next		1324587	0					
ANR	1324635	ArgumentList	& _889afc38ff423809372a43b16507d4e6		1324587	1					
ANR	1324636	Argument	& _889afc38ff423809372a43b16507d4e6		1324587	0					
ANR	1324637	UnaryOperationExpression	& _889afc38ff423809372a43b16507d4e6		1324587	0					
ANR	1324638	UnaryOperator	&		1324587	0					
ANR	1324639	Identifier	_889afc38ff423809372a43b16507d4e6		1324587	1					
ANR	1324640	Argument	"""&s"""		1324587	1					
ANR	1324641	PrimaryExpression	"""&s"""		1324587	0					
ANR	1324642	Argument	& _84bf23d0c21f42b31b47f09a2169f650		1324587	2					
ANR	1324643	UnaryOperationExpression	& _84bf23d0c21f42b31b47f09a2169f650		1324587	0					
ANR	1324644	UnaryOperator	&		1324587	0					
ANR	1324645	Identifier	_84bf23d0c21f42b31b47f09a2169f650		1324587	1					
ANR	1324646	ExpressionStatement	"( void ) gupnp_white_list_add_entry ( _95d53ccd5f17ca9f5e6bd85012d24e1d -> _1be03f7ce7b17c69f87c0c7795798f7f , _84bf23d0c21f42b31b47f09a2169f650 )"	109:12:4481:4619	1324587	1	True				
ANR	1324647	CastExpression	"( void ) gupnp_white_list_add_entry ( _95d53ccd5f17ca9f5e6bd85012d24e1d -> _1be03f7ce7b17c69f87c0c7795798f7f , _84bf23d0c21f42b31b47f09a2169f650 )"		1324587	0					
ANR	1324648	CastTarget	void		1324587	0					
ANR	1324649	CallExpression	"gupnp_white_list_add_entry ( _95d53ccd5f17ca9f5e6bd85012d24e1d -> _1be03f7ce7b17c69f87c0c7795798f7f , _84bf23d0c21f42b31b47f09a2169f650 )"		1324587	1					
ANR	1324650	Callee	gupnp_white_list_add_entry		1324587	0					
ANR	1324651	Identifier	gupnp_white_list_add_entry		1324587	0					
ANR	1324652	ArgumentList	_95d53ccd5f17ca9f5e6bd85012d24e1d -> _1be03f7ce7b17c69f87c0c7795798f7f		1324587	1					
ANR	1324653	Argument	_95d53ccd5f17ca9f5e6bd85012d24e1d -> _1be03f7ce7b17c69f87c0c7795798f7f		1324587	0					
ANR	1324654	PtrMemberAccess	_95d53ccd5f17ca9f5e6bd85012d24e1d -> _1be03f7ce7b17c69f87c0c7795798f7f		1324587	0					
ANR	1324655	Identifier	_95d53ccd5f17ca9f5e6bd85012d24e1d		1324587	0					
ANR	1324656	Identifier	_1be03f7ce7b17c69f87c0c7795798f7f		1324587	1					
ANR	1324657	Argument	_84bf23d0c21f42b31b47f09a2169f650		1324587	1					
ANR	1324658	Identifier	_84bf23d0c21f42b31b47f09a2169f650		1324587	0					
ANR	1324659	ExpressionStatement	prv_dump_wl_entries ( _95d53ccd5f17ca9f5e6bd85012d24e1d -> _1be03f7ce7b17c69f87c0c7795798f7f )	111:8:4675:4764	1324587	2	True				
ANR	1324660	CallExpression	prv_dump_wl_entries ( _95d53ccd5f17ca9f5e6bd85012d24e1d -> _1be03f7ce7b17c69f87c0c7795798f7f )		1324587	0					
ANR	1324661	Callee	prv_dump_wl_entries		1324587	0					
ANR	1324662	Identifier	prv_dump_wl_entries		1324587	0					
ANR	1324663	ArgumentList	_95d53ccd5f17ca9f5e6bd85012d24e1d -> _1be03f7ce7b17c69f87c0c7795798f7f		1324587	1					
ANR	1324664	Argument	_95d53ccd5f17ca9f5e6bd85012d24e1d -> _1be03f7ce7b17c69f87c0c7795798f7f		1324587	0					
ANR	1324665	PtrMemberAccess	_95d53ccd5f17ca9f5e6bd85012d24e1d -> _1be03f7ce7b17c69f87c0c7795798f7f		1324587	0					
ANR	1324666	Identifier	_95d53ccd5f17ca9f5e6bd85012d24e1d		1324587	0					
ANR	1324667	Identifier	_1be03f7ce7b17c69f87c0c7795798f7f		1324587	1					
ANR	1324668	IdentifierDeclStatement	"char _ff3d65dbf0ffe2ab97919f98c5a6ef43 [ ] = ""123.123.123.123"" ;"	114:4:4783:4843	1324587	4	True				
ANR	1324669	IdentifierDecl	"_ff3d65dbf0ffe2ab97919f98c5a6ef43 [ ] = ""123.123.123.123"""		1324587	0					
ANR	1324670	IdentifierDeclType	char [ ]		1324587	0					
ANR	1324671	Identifier	_ff3d65dbf0ffe2ab97919f98c5a6ef43		1324587	1					
ANR	1324672	AssignmentExpression	"_ff3d65dbf0ffe2ab97919f98c5a6ef43 [ ] = ""123.123.123.123"""		1324587	2		=			
ANR	1324673	Identifier	_ff3d65dbf0ffe2ab97919f98c5a6ef43		1324587	0					
ANR	1324674	PrimaryExpression	"""123.123.123.123"""		1324587	1					
ANR	1324675	IdentifierDeclStatement	struct ifreq _e244395ef0e8ba7707ae90466213e4f8 ;	115:4:4849:4895	1324587	5	True				
ANR	1324676	IdentifierDecl	_e244395ef0e8ba7707ae90466213e4f8		1324587	0					
ANR	1324677	IdentifierDeclType	struct ifreq		1324587	0					
ANR	1324678	Identifier	_e244395ef0e8ba7707ae90466213e4f8		1324587	1					
ANR	1324679	IdentifierDeclStatement	struct sockaddr_in * _dfeead8128733ab81e786c8e986fde11 ;	116:4:4901:4954	1324587	6	True				
ANR	1324680	IdentifierDecl	* _dfeead8128733ab81e786c8e986fde11		1324587	0					
ANR	1324681	IdentifierDeclType	struct sockaddr_in *		1324587	0					
ANR	1324682	Identifier	_dfeead8128733ab81e786c8e986fde11		1324587	1					
ANR	1324683	IdentifierDeclStatement	int _ebba18af2454b48faf7ecf639c7e0fd8 = 0 ;	117:4:4960:5001	1324587	7	True				
ANR	1324684	IdentifierDecl	_ebba18af2454b48faf7ecf639c7e0fd8 = 0		1324587	0					
ANR	1324685	IdentifierDeclType	int		1324587	0					
ANR	1324686	Identifier	_ebba18af2454b48faf7ecf639c7e0fd8		1324587	1					
ANR	1324687	AssignmentExpression	_ebba18af2454b48faf7ecf639c7e0fd8 = 0		1324587	2		=			
ANR	1324688	Identifier	_ebba18af2454b48faf7ecf639c7e0fd8		1324587	0					
ANR	1324689	PrimaryExpression	0		1324587	1					
ANR	1324690	IdentifierDeclStatement	int _bd39d0e1024cc17bc07b4a51810456f7 = - 1 ;	118:4:5007:5049	1324587	8	True				
ANR	1324691	IdentifierDecl	_bd39d0e1024cc17bc07b4a51810456f7 = - 1		1324587	0					
ANR	1324692	IdentifierDeclType	int		1324587	0					
ANR	1324693	Identifier	_bd39d0e1024cc17bc07b4a51810456f7		1324587	1					
ANR	1324694	AssignmentExpression	_bd39d0e1024cc17bc07b4a51810456f7 = - 1		1324587	2		=			
ANR	1324695	Identifier	_bd39d0e1024cc17bc07b4a51810456f7		1324587	0					
ANR	1324696	UnaryOperationExpression	- 1		1324587	1					
ANR	1324697	UnaryOperator	-		1324587	0					
ANR	1324698	PrimaryExpression	1		1324587	1					
ANR	1324699	ExpressionStatement	"strcpy ( _e244395ef0e8ba7707ae90466213e4f8 . ifr_name , ""eth0"" )"	119:4:5055:5113	1324587	9	True				
ANR	1324700	CallExpression	"strcpy ( _e244395ef0e8ba7707ae90466213e4f8 . ifr_name , ""eth0"" )"		1324587	0					
ANR	1324701	Callee	strcpy		1324587	0					
ANR	1324702	Identifier	strcpy		1324587	0					
ANR	1324703	ArgumentList	_e244395ef0e8ba7707ae90466213e4f8 . ifr_name		1324587	1					
ANR	1324704	Argument	_e244395ef0e8ba7707ae90466213e4f8 . ifr_name		1324587	0					
ANR	1324705	MemberAccess	_e244395ef0e8ba7707ae90466213e4f8 . ifr_name		1324587	0					
ANR	1324706	Identifier	_e244395ef0e8ba7707ae90466213e4f8		1324587	0					
ANR	1324707	Identifier	ifr_name		1324587	1					
ANR	1324708	Argument	"""eth0"""		1324587	1					
ANR	1324709	PrimaryExpression	"""eth0"""		1324587	0					
ANR	1324710	IfStatement	"if ( ( _ebba18af2454b48faf7ecf639c7e0fd8 = socket ( AF_INET , SOCK_STREAM , 0 ) ) < 0 )"		1324587	10					
ANR	1324711	Condition	"( _ebba18af2454b48faf7ecf639c7e0fd8 = socket ( AF_INET , SOCK_STREAM , 0 ) ) < 0"	120:7:5122:5190	1324587	0	True				
ANR	1324712	RelationalExpression	"( _ebba18af2454b48faf7ecf639c7e0fd8 = socket ( AF_INET , SOCK_STREAM , 0 ) ) < 0"		1324587	0		<			
ANR	1324713	AssignmentExpression	"_ebba18af2454b48faf7ecf639c7e0fd8 = socket ( AF_INET , SOCK_STREAM , 0 )"		1324587	0		=			
ANR	1324714	Identifier	_ebba18af2454b48faf7ecf639c7e0fd8		1324587	0					
ANR	1324715	CallExpression	"socket ( AF_INET , SOCK_STREAM , 0 )"		1324587	1					
ANR	1324716	Callee	socket		1324587	0					
ANR	1324717	Identifier	socket		1324587	0					
ANR	1324718	ArgumentList	AF_INET		1324587	1					
ANR	1324719	Argument	AF_INET		1324587	0					
ANR	1324720	Identifier	AF_INET		1324587	0					
ANR	1324721	Argument	SOCK_STREAM		1324587	1					
ANR	1324722	Identifier	SOCK_STREAM		1324587	0					
ANR	1324723	Argument	0		1324587	2					
ANR	1324724	PrimaryExpression	0		1324587	0					
ANR	1324725	PrimaryExpression	0		1324587	1					
ANR	1324726	CompoundStatement		21:4:1220:1220	1324587	1					
ANR	1324727	GotoStatement	goto _ef9be1cf5c7a17b50eaddaa233d839e6 ;	122:8:5207:5245	1324587	0	True				
ANR	1324728	Identifier	_ef9be1cf5c7a17b50eaddaa233d839e6		1324587	0					
ANR	1324729	ExpressionStatement	_dfeead8128733ab81e786c8e986fde11 = ( struct sockaddr_in * ) & ( _e244395ef0e8ba7707ae90466213e4f8 . ifr_addr )	124:4:5257:5360	1324587	11	True				
ANR	1324730	AssignmentExpression	_dfeead8128733ab81e786c8e986fde11 = ( struct sockaddr_in * ) & ( _e244395ef0e8ba7707ae90466213e4f8 . ifr_addr )		1324587	0		=			
ANR	1324731	Identifier	_dfeead8128733ab81e786c8e986fde11		1324587	0					
ANR	1324732	CastExpression	( struct sockaddr_in * ) & ( _e244395ef0e8ba7707ae90466213e4f8 . ifr_addr )		1324587	1					
ANR	1324733	CastTarget	struct sockaddr_in *		1324587	0					
ANR	1324734	UnaryOperationExpression	& ( _e244395ef0e8ba7707ae90466213e4f8 . ifr_addr )		1324587	1					
ANR	1324735	UnaryOperator	&		1324587	0					
ANR	1324736	MemberAccess	_e244395ef0e8ba7707ae90466213e4f8 . ifr_addr		1324587	1					
ANR	1324737	Identifier	_e244395ef0e8ba7707ae90466213e4f8		1324587	0					
ANR	1324738	Identifier	ifr_addr		1324587	1					
ANR	1324739	ExpressionStatement	_dfeead8128733ab81e786c8e986fde11 -> sin_family = AF_INET	125:4:5366:5421	1324587	12	True				
ANR	1324740	AssignmentExpression	_dfeead8128733ab81e786c8e986fde11 -> sin_family = AF_INET		1324587	0		=			
ANR	1324741	PtrMemberAccess	_dfeead8128733ab81e786c8e986fde11 -> sin_family		1324587	0					
ANR	1324742	Identifier	_dfeead8128733ab81e786c8e986fde11		1324587	0					
ANR	1324743	Identifier	sin_family		1324587	1					
ANR	1324744	Identifier	AF_INET		1324587	1					
ANR	1324745	ExpressionStatement	_dfeead8128733ab81e786c8e986fde11 -> sin_addr . s_addr = inet_addr ( _ff3d65dbf0ffe2ab97919f98c5a6ef43 )	126:4:5427:5524	1324587	13	True				
ANR	1324746	AssignmentExpression	_dfeead8128733ab81e786c8e986fde11 -> sin_addr . s_addr = inet_addr ( _ff3d65dbf0ffe2ab97919f98c5a6ef43 )		1324587	0		=			
ANR	1324747	MemberAccess	_dfeead8128733ab81e786c8e986fde11 -> sin_addr . s_addr		1324587	0					
ANR	1324748	PtrMemberAccess	_dfeead8128733ab81e786c8e986fde11 -> sin_addr		1324587	0					
ANR	1324749	Identifier	_dfeead8128733ab81e786c8e986fde11		1324587	0					
ANR	1324750	Identifier	sin_addr		1324587	1					
ANR	1324751	Identifier	s_addr		1324587	1					
ANR	1324752	CallExpression	inet_addr ( _ff3d65dbf0ffe2ab97919f98c5a6ef43 )		1324587	1					
ANR	1324753	Callee	inet_addr		1324587	0					
ANR	1324754	Identifier	inet_addr		1324587	0					
ANR	1324755	ArgumentList	_ff3d65dbf0ffe2ab97919f98c5a6ef43		1324587	1					
ANR	1324756	Argument	_ff3d65dbf0ffe2ab97919f98c5a6ef43		1324587	0					
ANR	1324757	Identifier	_ff3d65dbf0ffe2ab97919f98c5a6ef43		1324587	0					
ANR	1324758	ExpressionStatement	"_bd39d0e1024cc17bc07b4a51810456f7 = ioctl ( _ebba18af2454b48faf7ecf639c7e0fd8 , SIOCSIFADDR , & _e244395ef0e8ba7707ae90466213e4f8 )"	127:4:5530:5655	1324587	14	True				
ANR	1324759	AssignmentExpression	"_bd39d0e1024cc17bc07b4a51810456f7 = ioctl ( _ebba18af2454b48faf7ecf639c7e0fd8 , SIOCSIFADDR , & _e244395ef0e8ba7707ae90466213e4f8 )"		1324587	0		=			
ANR	1324760	Identifier	_bd39d0e1024cc17bc07b4a51810456f7		1324587	0					
ANR	1324761	CallExpression	"ioctl ( _ebba18af2454b48faf7ecf639c7e0fd8 , SIOCSIFADDR , & _e244395ef0e8ba7707ae90466213e4f8 )"		1324587	1					
ANR	1324762	Callee	ioctl		1324587	0					
ANR	1324763	Identifier	ioctl		1324587	0					
ANR	1324764	ArgumentList	_ebba18af2454b48faf7ecf639c7e0fd8		1324587	1					
ANR	1324765	Argument	_ebba18af2454b48faf7ecf639c7e0fd8		1324587	0					
ANR	1324766	Identifier	_ebba18af2454b48faf7ecf639c7e0fd8		1324587	0					
ANR	1324767	Argument	SIOCSIFADDR		1324587	1					
ANR	1324768	Identifier	SIOCSIFADDR		1324587	0					
ANR	1324769	Argument	& _e244395ef0e8ba7707ae90466213e4f8		1324587	2					
ANR	1324770	UnaryOperationExpression	& _e244395ef0e8ba7707ae90466213e4f8		1324587	0					
ANR	1324771	UnaryOperator	&		1324587	0					
ANR	1324772	Identifier	_e244395ef0e8ba7707ae90466213e4f8		1324587	1					
ANR	1324773	ExpressionStatement	close ( _ebba18af2454b48faf7ecf639c7e0fd8 )	128:4:5661:5701	1324587	15	True				
ANR	1324774	CallExpression	close ( _ebba18af2454b48faf7ecf639c7e0fd8 )		1324587	0					
ANR	1324775	Callee	close		1324587	0					
ANR	1324776	Identifier	close		1324587	0					
ANR	1324777	ArgumentList	_ebba18af2454b48faf7ecf639c7e0fd8		1324587	1					
ANR	1324778	Argument	_ebba18af2454b48faf7ecf639c7e0fd8		1324587	0					
ANR	1324779	Identifier	_ebba18af2454b48faf7ecf639c7e0fd8		1324587	0					
ANR	1324780	IfStatement	if ( _bd39d0e1024cc17bc07b4a51810456f7 < 0 )		1324587	16					
ANR	1324781	Condition	_bd39d0e1024cc17bc07b4a51810456f7 < 0	129:7:5710:5746	1324587	0	True				
ANR	1324782	RelationalExpression	_bd39d0e1024cc17bc07b4a51810456f7 < 0		1324587	0		<			
ANR	1324783	Identifier	_bd39d0e1024cc17bc07b4a51810456f7		1324587	0					
ANR	1324784	PrimaryExpression	0		1324587	1					
ANR	1324785	GotoStatement	goto _ef9be1cf5c7a17b50eaddaa233d839e6 ;	130:8:5757:5795	1324587	1	True				
ANR	1324786	Identifier	_ef9be1cf5c7a17b50eaddaa233d839e6		1324587	0					
ANR	1324787	Label	_ef9be1cf5c7a17b50eaddaa233d839e6 :	132:0:5798:5831	1324587	17	True				
ANR	1324788	Identifier	_ef9be1cf5c7a17b50eaddaa233d839e6		1324587	0					
ANR	1324789	ExpressionStatement		133:4:5837:5837	1324587	18	True				
ANR	1324790	ExpressionStatement	"DLEYNA_LOG_DEBUG ( ""Exit"" )"	134:4:5843:5867	1324587	19	True				
ANR	1324791	CallExpression	"DLEYNA_LOG_DEBUG ( ""Exit"" )"		1324587	0					
ANR	1324792	Callee	DLEYNA_LOG_DEBUG		1324587	0					
ANR	1324793	Identifier	DLEYNA_LOG_DEBUG		1324587	0					
ANR	1324794	ArgumentList	"""Exit"""		1324587	1					
ANR	1324795	Argument	"""Exit"""		1324587	0					
ANR	1324796	PrimaryExpression	"""Exit"""		1324587	0					
ANR	1324797	ReturnType	void		1324587	1					
ANR	1324798	Identifier	_86ec3da62a23a6feb106047d82112b99		1324587	2					
ANR	1324799	ParameterList	"dleyna_white_list_t * _95d53ccd5f17ca9f5e6bd85012d24e1d , GVariant * _e81ed19de1c355bc0062fc6776df9c1c"		1324587	3					
ANR	1324800	Parameter	dleyna_white_list_t * _95d53ccd5f17ca9f5e6bd85012d24e1d	99:39:3867:3920	1324587	0	True				
ANR	1324801	ParameterType	dleyna_white_list_t *		1324587	0					
ANR	1324802	Identifier	_95d53ccd5f17ca9f5e6bd85012d24e1d		1324587	1					
ANR	1324803	Parameter	GVariant * _e81ed19de1c355bc0062fc6776df9c1c	100:8:3931:3973	1324587	1	True				
ANR	1324804	ParameterType	GVariant *		1324587	0					
ANR	1324805	Identifier	_e81ed19de1c355bc0062fc6776df9c1c		1324587	1					
ANR	1324806	CFGEntryNode	ENTRY		1324587		True				
ANR	1324807	CFGExitNode	EXIT		1324587		True				
ANR	1324808	Symbol	_ebba18af2454b48faf7ecf639c7e0fd8		1324587						
ANR	1324809	Symbol	_e244395ef0e8ba7707ae90466213e4f8 . ifr_name		1324587						
ANR	1324810	Symbol	_e81ed19de1c355bc0062fc6776df9c1c		1324587						
ANR	1324811	Symbol	_95d53ccd5f17ca9f5e6bd85012d24e1d		1324587						
ANR	1324812	Symbol	_95d53ccd5f17ca9f5e6bd85012d24e1d -> _1be03f7ce7b17c69f87c0c7795798f7f		1324587						
ANR	1324813	Symbol	ioctl		1324587						
ANR	1324814	Symbol	_dfeead8128733ab81e786c8e986fde11 -> sin_family		1324587						
ANR	1324815	Symbol	SOCK_STREAM		1324587						
ANR	1324816	Symbol	_ff3d65dbf0ffe2ab97919f98c5a6ef43		1324587						
ANR	1324817	Symbol	& _e244395ef0e8ba7707ae90466213e4f8		1324587						
ANR	1324818	Symbol	g_variant_iter_next		1324587						
ANR	1324819	Symbol	NULL		1324587						
ANR	1324820	Symbol	SIOCSIFADDR		1324587						
ANR	1324821	Symbol	_bd39d0e1024cc17bc07b4a51810456f7		1324587						
ANR	1324822	Symbol	_e244395ef0e8ba7707ae90466213e4f8		1324587						
ANR	1324823	Symbol	_dfeead8128733ab81e786c8e986fde11 -> sin_addr . s_addr		1324587						
ANR	1324824	Symbol	AF_INET		1324587						
ANR	1324825	Symbol	_84bf23d0c21f42b31b47f09a2169f650		1324587						
ANR	1324826	Symbol	& _889afc38ff423809372a43b16507d4e6		1324587						
ANR	1324827	Symbol	* _dfeead8128733ab81e786c8e986fde11		1324587						
ANR	1324828	Symbol	& _e244395ef0e8ba7707ae90466213e4f8 . ifr_addr		1324587						
ANR	1324829	Symbol	_889afc38ff423809372a43b16507d4e6		1324587						
ANR	1324830	Symbol	_dfeead8128733ab81e786c8e986fde11		1324587						
ANR	1324831	Symbol	* _95d53ccd5f17ca9f5e6bd85012d24e1d		1324587						
ANR	1324832	Symbol	socket		1324587						
ANR	1324833	Symbol	& _84bf23d0c21f42b31b47f09a2169f650		1324587						
ANR	1324834	Symbol	_dfeead8128733ab81e786c8e986fde11 -> sin_addr		1324587						
ANR	1324835	Symbol	inet_addr		1324587						
ANR	1324836	Function	_6d31abadcabdebb7161f47cf75f9f835	137:0:5872:6844							
ANR	1324837	FunctionDef	"_6d31abadcabdebb7161f47cf75f9f835 (dleyna_white_list_t * _95d53ccd5f17ca9f5e6bd85012d24e1d , GVariant * _e81ed19de1c355bc0062fc6776df9c1c)"		1324836	0					
ANR	1324838	CompoundStatement		139:0:6020:6844	1324836	0					
ANR	1324839	IdentifierDeclStatement	GVariantIter _889afc38ff423809372a43b16507d4e6 ;	140:4:6026:6072	1324836	0	True				
ANR	1324840	IdentifierDecl	_889afc38ff423809372a43b16507d4e6		1324836	0					
ANR	1324841	IdentifierDeclType	GVariantIter		1324836	0					
ANR	1324842	Identifier	_889afc38ff423809372a43b16507d4e6		1324836	1					
ANR	1324843	IdentifierDeclStatement	gchar * _84bf23d0c21f42b31b47f09a2169f650 ;	141:4:6078:6118	1324836	1	True				
ANR	1324844	IdentifierDecl	* _84bf23d0c21f42b31b47f09a2169f650		1324836	0					
ANR	1324845	IdentifierDeclType	gchar *		1324836	0					
ANR	1324846	Identifier	_84bf23d0c21f42b31b47f09a2169f650		1324836	1					
ANR	1324847	IfStatement	if ( ( _e81ed19de1c355bc0062fc6776df9c1c != NULL ) && ( _95d53ccd5f17ca9f5e6bd85012d24e1d -> _1be03f7ce7b17c69f87c0c7795798f7f != NULL ) )		1324836	2					
ANR	1324848	Condition	( _e81ed19de1c355bc0062fc6776df9c1c != NULL ) && ( _95d53ccd5f17ca9f5e6bd85012d24e1d -> _1be03f7ce7b17c69f87c0c7795798f7f != NULL )	142:8:6128:6252	1324836	0	True				
ANR	1324849	AndExpression	( _e81ed19de1c355bc0062fc6776df9c1c != NULL ) && ( _95d53ccd5f17ca9f5e6bd85012d24e1d -> _1be03f7ce7b17c69f87c0c7795798f7f != NULL )		1324836	0		&&			
ANR	1324850	EqualityExpression	_e81ed19de1c355bc0062fc6776df9c1c != NULL		1324836	0		!=			
ANR	1324851	Identifier	_e81ed19de1c355bc0062fc6776df9c1c		1324836	0					
ANR	1324852	Identifier	NULL		1324836	1					
ANR	1324853	EqualityExpression	_95d53ccd5f17ca9f5e6bd85012d24e1d -> _1be03f7ce7b17c69f87c0c7795798f7f != NULL		1324836	1		!=			
ANR	1324854	PtrMemberAccess	_95d53ccd5f17ca9f5e6bd85012d24e1d -> _1be03f7ce7b17c69f87c0c7795798f7f		1324836	0					
ANR	1324855	Identifier	_95d53ccd5f17ca9f5e6bd85012d24e1d		1324836	0					
ANR	1324856	Identifier	_1be03f7ce7b17c69f87c0c7795798f7f		1324836	1					
ANR	1324857	Identifier	NULL		1324836	1					
ANR	1324858	CompoundStatement		5:4:238:238	1324836	1					
ANR	1324859	ExpressionStatement	"( void ) g_variant_iter_init ( & _889afc38ff423809372a43b16507d4e6 , _e81ed19de1c355bc0062fc6776df9c1c )"	144:8:6269:6366	1324836	0	True				
ANR	1324860	CastExpression	"( void ) g_variant_iter_init ( & _889afc38ff423809372a43b16507d4e6 , _e81ed19de1c355bc0062fc6776df9c1c )"		1324836	0					
ANR	1324861	CastTarget	void		1324836	0					
ANR	1324862	CallExpression	"g_variant_iter_init ( & _889afc38ff423809372a43b16507d4e6 , _e81ed19de1c355bc0062fc6776df9c1c )"		1324836	1					
ANR	1324863	Callee	g_variant_iter_init		1324836	0					
ANR	1324864	Identifier	g_variant_iter_init		1324836	0					
ANR	1324865	ArgumentList	& _889afc38ff423809372a43b16507d4e6		1324836	1					
ANR	1324866	Argument	& _889afc38ff423809372a43b16507d4e6		1324836	0					
ANR	1324867	UnaryOperationExpression	& _889afc38ff423809372a43b16507d4e6		1324836	0					
ANR	1324868	UnaryOperator	&		1324836	0					
ANR	1324869	Identifier	_889afc38ff423809372a43b16507d4e6		1324836	1					
ANR	1324870	Argument	_e81ed19de1c355bc0062fc6776df9c1c		1324836	1					
ANR	1324871	Identifier	_e81ed19de1c355bc0062fc6776df9c1c		1324836	0					
ANR	1324872	WhileStatement	"while ( g_variant_iter_next ( & _889afc38ff423809372a43b16507d4e6 , ""&s"" , & _84bf23d0c21f42b31b47f09a2169f650 ) )"		1324836	1					
ANR	1324873	Condition	"g_variant_iter_next ( & _889afc38ff423809372a43b16507d4e6 , ""&s"" , & _84bf23d0c21f42b31b47f09a2169f650 )"	145:15:6383:6479	1324836	0	True				
ANR	1324874	CallExpression	"g_variant_iter_next ( & _889afc38ff423809372a43b16507d4e6 , ""&s"" , & _84bf23d0c21f42b31b47f09a2169f650 )"		1324836	0					
ANR	1324875	Callee	g_variant_iter_next		1324836	0					
ANR	1324876	Identifier	g_variant_iter_next		1324836	0					
ANR	1324877	ArgumentList	& _889afc38ff423809372a43b16507d4e6		1324836	1					
ANR	1324878	Argument	& _889afc38ff423809372a43b16507d4e6		1324836	0					
ANR	1324879	UnaryOperationExpression	& _889afc38ff423809372a43b16507d4e6		1324836	0					
ANR	1324880	UnaryOperator	&		1324836	0					
ANR	1324881	Identifier	_889afc38ff423809372a43b16507d4e6		1324836	1					
ANR	1324882	Argument	"""&s"""		1324836	1					
ANR	1324883	PrimaryExpression	"""&s"""		1324836	0					
ANR	1324884	Argument	& _84bf23d0c21f42b31b47f09a2169f650		1324836	2					
ANR	1324885	UnaryOperationExpression	& _84bf23d0c21f42b31b47f09a2169f650		1324836	0					
ANR	1324886	UnaryOperator	&		1324836	0					
ANR	1324887	Identifier	_84bf23d0c21f42b31b47f09a2169f650		1324836	1					
ANR	1324888	ExpressionStatement	"( void ) gupnp_white_list_remove_entry ( _95d53ccd5f17ca9f5e6bd85012d24e1d -> _1be03f7ce7b17c69f87c0c7795798f7f , _84bf23d0c21f42b31b47f09a2169f650 )"	146:12:6494:6684	1324836	1	True				
ANR	1324889	CastExpression	"( void ) gupnp_white_list_remove_entry ( _95d53ccd5f17ca9f5e6bd85012d24e1d -> _1be03f7ce7b17c69f87c0c7795798f7f , _84bf23d0c21f42b31b47f09a2169f650 )"		1324836	0					
ANR	1324890	CastTarget	void		1324836	0					
ANR	1324891	CallExpression	"gupnp_white_list_remove_entry ( _95d53ccd5f17ca9f5e6bd85012d24e1d -> _1be03f7ce7b17c69f87c0c7795798f7f , _84bf23d0c21f42b31b47f09a2169f650 )"		1324836	1					
ANR	1324892	Callee	gupnp_white_list_remove_entry		1324836	0					
ANR	1324893	Identifier	gupnp_white_list_remove_entry		1324836	0					
ANR	1324894	ArgumentList	_95d53ccd5f17ca9f5e6bd85012d24e1d -> _1be03f7ce7b17c69f87c0c7795798f7f		1324836	1					
ANR	1324895	Argument	_95d53ccd5f17ca9f5e6bd85012d24e1d -> _1be03f7ce7b17c69f87c0c7795798f7f		1324836	0					
ANR	1324896	PtrMemberAccess	_95d53ccd5f17ca9f5e6bd85012d24e1d -> _1be03f7ce7b17c69f87c0c7795798f7f		1324836	0					
ANR	1324897	Identifier	_95d53ccd5f17ca9f5e6bd85012d24e1d		1324836	0					
ANR	1324898	Identifier	_1be03f7ce7b17c69f87c0c7795798f7f		1324836	1					
ANR	1324899	Argument	_84bf23d0c21f42b31b47f09a2169f650		1324836	1					
ANR	1324900	Identifier	_84bf23d0c21f42b31b47f09a2169f650		1324836	0					
ANR	1324901	ExpressionStatement	prv_dump_wl_entries ( _95d53ccd5f17ca9f5e6bd85012d24e1d -> _1be03f7ce7b17c69f87c0c7795798f7f )	149:8:6740:6829	1324836	2	True				
ANR	1324902	CallExpression	prv_dump_wl_entries ( _95d53ccd5f17ca9f5e6bd85012d24e1d -> _1be03f7ce7b17c69f87c0c7795798f7f )		1324836	0					
ANR	1324903	Callee	prv_dump_wl_entries		1324836	0					
ANR	1324904	Identifier	prv_dump_wl_entries		1324836	0					
ANR	1324905	ArgumentList	_95d53ccd5f17ca9f5e6bd85012d24e1d -> _1be03f7ce7b17c69f87c0c7795798f7f		1324836	1					
ANR	1324906	Argument	_95d53ccd5f17ca9f5e6bd85012d24e1d -> _1be03f7ce7b17c69f87c0c7795798f7f		1324836	0					
ANR	1324907	PtrMemberAccess	_95d53ccd5f17ca9f5e6bd85012d24e1d -> _1be03f7ce7b17c69f87c0c7795798f7f		1324836	0					
ANR	1324908	Identifier	_95d53ccd5f17ca9f5e6bd85012d24e1d		1324836	0					
ANR	1324909	Identifier	_1be03f7ce7b17c69f87c0c7795798f7f		1324836	1					
ANR	1324910	ReturnType	void		1324836	1					
ANR	1324911	Identifier	_6d31abadcabdebb7161f47cf75f9f835		1324836	2					
ANR	1324912	ParameterList	"dleyna_white_list_t * _95d53ccd5f17ca9f5e6bd85012d24e1d , GVariant * _e81ed19de1c355bc0062fc6776df9c1c"		1324836	3					
ANR	1324913	Parameter	dleyna_white_list_t * _95d53ccd5f17ca9f5e6bd85012d24e1d	137:39:5911:5964	1324836	0	True				
ANR	1324914	ParameterType	dleyna_white_list_t *		1324836	0					
ANR	1324915	Identifier	_95d53ccd5f17ca9f5e6bd85012d24e1d		1324836	1					
ANR	1324916	Parameter	GVariant * _e81ed19de1c355bc0062fc6776df9c1c	138:8:5975:6017	1324836	1	True				
ANR	1324917	ParameterType	GVariant *		1324836	0					
ANR	1324918	Identifier	_e81ed19de1c355bc0062fc6776df9c1c		1324836	1					
ANR	1324919	CFGEntryNode	ENTRY		1324836		True				
ANR	1324920	CFGExitNode	EXIT		1324836		True				
ANR	1324921	Symbol	NULL		1324836						
ANR	1324922	Symbol	_889afc38ff423809372a43b16507d4e6		1324836						
ANR	1324923	Symbol	_e81ed19de1c355bc0062fc6776df9c1c		1324836						
ANR	1324924	Symbol	* _95d53ccd5f17ca9f5e6bd85012d24e1d		1324836						
ANR	1324925	Symbol	g_variant_iter_next		1324836						
ANR	1324926	Symbol	_95d53ccd5f17ca9f5e6bd85012d24e1d		1324836						
ANR	1324927	Symbol	& _84bf23d0c21f42b31b47f09a2169f650		1324836						
ANR	1324928	Symbol	_84bf23d0c21f42b31b47f09a2169f650		1324836						
ANR	1324929	Symbol	_95d53ccd5f17ca9f5e6bd85012d24e1d -> _1be03f7ce7b17c69f87c0c7795798f7f		1324836						
ANR	1324930	Symbol	& _889afc38ff423809372a43b16507d4e6		1324836						
ANR	1324931	Function	_a0a50bd866984638b0a86543ae2b2e69	154:0:6847:7342							
ANR	1324932	FunctionDef	_a0a50bd866984638b0a86543ae2b2e69 (dleyna_white_list_t * _95d53ccd5f17ca9f5e6bd85012d24e1d)		1324931	0					
ANR	1324933	CompoundStatement		155:0:6942:7342	1324931	0					
ANR	1324934	IfStatement	if ( _95d53ccd5f17ca9f5e6bd85012d24e1d -> _1be03f7ce7b17c69f87c0c7795798f7f != NULL )		1324931	0					
ANR	1324935	Condition	_95d53ccd5f17ca9f5e6bd85012d24e1d -> _1be03f7ce7b17c69f87c0c7795798f7f != NULL	156:8:6952:7027	1324931	0	True				
ANR	1324936	EqualityExpression	_95d53ccd5f17ca9f5e6bd85012d24e1d -> _1be03f7ce7b17c69f87c0c7795798f7f != NULL		1324931	0		!=			
ANR	1324937	PtrMemberAccess	_95d53ccd5f17ca9f5e6bd85012d24e1d -> _1be03f7ce7b17c69f87c0c7795798f7f		1324931	0					
ANR	1324938	Identifier	_95d53ccd5f17ca9f5e6bd85012d24e1d		1324931	0					
ANR	1324939	Identifier	_1be03f7ce7b17c69f87c0c7795798f7f		1324931	1					
ANR	1324940	Identifier	NULL		1324931	1					
ANR	1324941	CompoundStatement		3:4:91:91	1324931	1					
ANR	1324942	ExpressionStatement	"DLEYNA_LOG_DEBUG ( ""Clear white list"" )"	158:8:7044:7080	1324931	0	True				
ANR	1324943	CallExpression	"DLEYNA_LOG_DEBUG ( ""Clear white list"" )"		1324931	0					
ANR	1324944	Callee	DLEYNA_LOG_DEBUG		1324931	0					
ANR	1324945	Identifier	DLEYNA_LOG_DEBUG		1324931	0					
ANR	1324946	ArgumentList	"""Clear white list"""		1324931	1					
ANR	1324947	Argument	"""Clear white list"""		1324931	0					
ANR	1324948	PrimaryExpression	"""Clear white list"""		1324931	0					
ANR	1324949	ExpressionStatement	gupnp_white_list_clear ( _95d53ccd5f17ca9f5e6bd85012d24e1d -> _1be03f7ce7b17c69f87c0c7795798f7f )	159:8:7090:7182	1324931	1	True				
ANR	1324950	CallExpression	gupnp_white_list_clear ( _95d53ccd5f17ca9f5e6bd85012d24e1d -> _1be03f7ce7b17c69f87c0c7795798f7f )		1324931	0					
ANR	1324951	Callee	gupnp_white_list_clear		1324931	0					
ANR	1324952	Identifier	gupnp_white_list_clear		1324931	0					
ANR	1324953	ArgumentList	_95d53ccd5f17ca9f5e6bd85012d24e1d -> _1be03f7ce7b17c69f87c0c7795798f7f		1324931	1					
ANR	1324954	Argument	_95d53ccd5f17ca9f5e6bd85012d24e1d -> _1be03f7ce7b17c69f87c0c7795798f7f		1324931	0					
ANR	1324955	PtrMemberAccess	_95d53ccd5f17ca9f5e6bd85012d24e1d -> _1be03f7ce7b17c69f87c0c7795798f7f		1324931	0					
ANR	1324956	Identifier	_95d53ccd5f17ca9f5e6bd85012d24e1d		1324931	0					
ANR	1324957	Identifier	_1be03f7ce7b17c69f87c0c7795798f7f		1324931	1					
ANR	1324958	ExpressionStatement	prv_dump_wl_entries ( _95d53ccd5f17ca9f5e6bd85012d24e1d -> _1be03f7ce7b17c69f87c0c7795798f7f )	161:8:7238:7327	1324931	2	True				
ANR	1324959	CallExpression	prv_dump_wl_entries ( _95d53ccd5f17ca9f5e6bd85012d24e1d -> _1be03f7ce7b17c69f87c0c7795798f7f )		1324931	0					
ANR	1324960	Callee	prv_dump_wl_entries		1324931	0					
ANR	1324961	Identifier	prv_dump_wl_entries		1324931	0					
ANR	1324962	ArgumentList	_95d53ccd5f17ca9f5e6bd85012d24e1d -> _1be03f7ce7b17c69f87c0c7795798f7f		1324931	1					
ANR	1324963	Argument	_95d53ccd5f17ca9f5e6bd85012d24e1d -> _1be03f7ce7b17c69f87c0c7795798f7f		1324931	0					
ANR	1324964	PtrMemberAccess	_95d53ccd5f17ca9f5e6bd85012d24e1d -> _1be03f7ce7b17c69f87c0c7795798f7f		1324931	0					
ANR	1324965	Identifier	_95d53ccd5f17ca9f5e6bd85012d24e1d		1324931	0					
ANR	1324966	Identifier	_1be03f7ce7b17c69f87c0c7795798f7f		1324931	1					
ANR	1324967	ReturnType	void		1324931	1					
ANR	1324968	Identifier	_a0a50bd866984638b0a86543ae2b2e69		1324931	2					
ANR	1324969	ParameterList	dleyna_white_list_t * _95d53ccd5f17ca9f5e6bd85012d24e1d		1324931	3					
ANR	1324970	Parameter	dleyna_white_list_t * _95d53ccd5f17ca9f5e6bd85012d24e1d	154:39:6886:6939	1324931	0	True				
ANR	1324971	ParameterType	dleyna_white_list_t *		1324931	0					
ANR	1324972	Identifier	_95d53ccd5f17ca9f5e6bd85012d24e1d		1324931	1					
ANR	1324973	CFGEntryNode	ENTRY		1324931		True				
ANR	1324974	CFGExitNode	EXIT		1324931		True				
ANR	1324975	Symbol	NULL		1324931						
ANR	1324976	Symbol	* _95d53ccd5f17ca9f5e6bd85012d24e1d		1324931						
ANR	1324977	Symbol	_95d53ccd5f17ca9f5e6bd85012d24e1d		1324931						
ANR	1324978	Symbol	_95d53ccd5f17ca9f5e6bd85012d24e1d -> _1be03f7ce7b17c69f87c0c7795798f7f		1324931						
