start	end	type	var
1402155	1402156	IS_FILE_OF	
1402157	1402158	DECLARES	
1402156	1402157	IS_CLASS_OF	
1402159	1402160	DECLARES	
1402156	1402159	IS_CLASS_OF	
1402161	1402162	DECLARES	
1402163	1402164	DECLARES	
1402165	1402166	DECLARES	
1402167	1402168	DECLARES	
1402169	1402170	DECLARES	
1402171	1402172	DECLARES	
1402173	1402174	DECLARES	
1402175	1402176	DECLARES	
1402175	1402177	DECLARES	
1402178	1402179	DECLARES	
1402180	1402181	DECLARES	
1402182	1402183	DECLARES	
1402184	1402185	DECLARES	
1402186	1402187	DECLARES	
1402188	1402189	DECLARES	
1402190	1402191	DECLARES	
1402192	1402193	DECLARES	
1402194	1402195	DECLARES	
1402196	1402197	DECLARES	
1402198	1402199	DECLARES	
1402200	1402201	DECLARES	
1402202	1402203	DECLARES	
1402202	1402204	DECLARES	
1402205	1402206	DECLARES	
1402207	1402208	DECLARES	
1402209	1402210	DECLARES	
1402211	1402212	DECLARES	
1402215	1402216	IS_AST_PARENT	
1402215	1402217	IS_AST_PARENT	
1402215	1402218	IS_AST_PARENT	
1402215	1402219	IS_AST_PARENT	
1402215	1402220	IS_AST_PARENT	
1402215	1402221	IS_AST_PARENT	
1402215	1402222	IS_AST_PARENT	
1402215	1402223	IS_AST_PARENT	
1402215	1402224	IS_AST_PARENT	
1402226	1402227	IS_AST_PARENT	
1402226	1402228	IS_AST_PARENT	
1402226	1402229	IS_AST_PARENT	
1402226	1402230	IS_AST_PARENT	
1402226	1402231	IS_AST_PARENT	
1402226	1402232	IS_AST_PARENT	
1402226	1402233	IS_AST_PARENT	
1402226	1402234	IS_AST_PARENT	
1402225	1402226	IS_AST_PARENT	
1402225	1402235	IS_AST_PARENT	
1402236	1402237	IS_AST_PARENT	
1402236	1402238	IS_AST_PARENT	
1402236	1402239	IS_AST_PARENT	
1402236	1402240	IS_AST_PARENT	
1402236	1402241	IS_AST_PARENT	
1402225	1402236	IS_AST_PARENT	
1402225	1402242	IS_AST_PARENT	
1402243	1402244	IS_AST_PARENT	
1402243	1402245	IS_AST_PARENT	
1402243	1402246	IS_AST_PARENT	
1402243	1402247	IS_AST_PARENT	
1402243	1402248	IS_AST_PARENT	
1402243	1402249	IS_AST_PARENT	
1402243	1402250	IS_AST_PARENT	
1402243	1402251	IS_AST_PARENT	
1402225	1402243	IS_AST_PARENT	
1402225	1402252	IS_AST_PARENT	
1402253	1402254	IS_AST_PARENT	
1402253	1402255	IS_AST_PARENT	
1402253	1402256	IS_AST_PARENT	
1402253	1402257	IS_AST_PARENT	
1402253	1402258	IS_AST_PARENT	
1402225	1402253	IS_AST_PARENT	
1402225	1402259	IS_AST_PARENT	
1402260	1402261	IS_AST_PARENT	
1402260	1402262	IS_AST_PARENT	
1402260	1402263	IS_AST_PARENT	
1402260	1402264	IS_AST_PARENT	
1402260	1402265	IS_AST_PARENT	
1402260	1402266	IS_AST_PARENT	
1402260	1402267	IS_AST_PARENT	
1402260	1402268	IS_AST_PARENT	
1402225	1402260	IS_AST_PARENT	
1402215	1402225	IS_AST_PARENT	
1402215	1402269	IS_AST_PARENT	
1402271	1402272	IS_AST_PARENT	
1402271	1402273	IS_AST_PARENT	
1402274	1402275	IS_AST_PARENT	
1402276	1402277	IS_AST_PARENT	
1402276	1402278	IS_AST_PARENT	
1402274	1402276	IS_AST_PARENT	
1402271	1402274	IS_AST_PARENT	
1402270	1402271	IS_AST_PARENT	
1402215	1402270	IS_AST_PARENT	
1402280	1402281	IS_AST_PARENT	
1402280	1402282	IS_AST_PARENT	
1402279	1402280	IS_AST_PARENT	
1402283	1402284	IS_AST_PARENT	
1402283	1402285	IS_AST_PARENT	
1402279	1402283	IS_AST_PARENT	
1402215	1402279	IS_AST_PARENT	
1402288	1402289	IS_AST_PARENT	
1402288	1402290	IS_AST_PARENT	
1402287	1402288	IS_AST_PARENT	
1402286	1402287	IS_AST_PARENT	
1402292	1402293	IS_AST_PARENT	
1402292	1402294	IS_AST_PARENT	
1402291	1402292	IS_AST_PARENT	
1402286	1402291	IS_AST_PARENT	
1402295	1402296	IS_AST_PARENT	
1402295	1402297	IS_AST_PARENT	
1402286	1402295	IS_AST_PARENT	
1402300	1402301	IS_AST_PARENT	
1402300	1402302	IS_AST_PARENT	
1402303	1402304	IS_AST_PARENT	
1402305	1402306	IS_AST_PARENT	
1402305	1402307	IS_AST_PARENT	
1402303	1402305	IS_AST_PARENT	
1402300	1402303	IS_AST_PARENT	
1402299	1402300	IS_AST_PARENT	
1402298	1402299	IS_AST_PARENT	
1402309	1402310	IS_AST_PARENT	
1402309	1402311	IS_AST_PARENT	
1402312	1402313	IS_AST_PARENT	
1402312	1402314	IS_AST_PARENT	
1402309	1402312	IS_AST_PARENT	
1402308	1402309	IS_AST_PARENT	
1402298	1402308	IS_AST_PARENT	
1402316	1402317	IS_AST_PARENT	
1402316	1402318	IS_AST_PARENT	
1402319	1402320	IS_AST_PARENT	
1402321	1402322	IS_AST_PARENT	
1402321	1402323	IS_AST_PARENT	
1402319	1402321	IS_AST_PARENT	
1402316	1402319	IS_AST_PARENT	
1402315	1402316	IS_AST_PARENT	
1402298	1402315	IS_AST_PARENT	
1402326	1402327	IS_AST_PARENT	
1402326	1402328	IS_AST_PARENT	
1402325	1402326	IS_AST_PARENT	
1402325	1402329	IS_AST_PARENT	
1402324	1402325	IS_AST_PARENT	
1402298	1402324	IS_AST_PARENT	
1402332	1402333	IS_AST_PARENT	
1402332	1402334	IS_AST_PARENT	
1402331	1402332	IS_AST_PARENT	
1402336	1402337	IS_AST_PARENT	
1402340	1402341	IS_AST_PARENT	
1402345	1402346	IS_AST_PARENT	
1402345	1402347	IS_AST_PARENT	
1402344	1402345	IS_AST_PARENT	
1402344	1402348	IS_AST_PARENT	
1402343	1402344	IS_AST_PARENT	
1402343	1402349	IS_AST_PARENT	
1402342	1402343	IS_AST_PARENT	
1402342	1402350	IS_AST_PARENT	
1402340	1402342	IS_AST_PARENT	
1402339	1402340	IS_AST_PARENT	
1402351	1402352	IS_AST_PARENT	
1402351	1402353	IS_AST_PARENT	
1402339	1402351	IS_AST_PARENT	
1402338	1402339	IS_AST_PARENT	
1402338	1402354	IS_AST_PARENT	
1402336	1402338	IS_AST_PARENT	
1402335	1402336	IS_AST_PARENT	
1402355	1402356	IS_AST_PARENT	
1402355	1402357	IS_AST_PARENT	
1402335	1402355	IS_AST_PARENT	
1402331	1402335	IS_AST_PARENT	
1402330	1402331	IS_AST_PARENT	
1402298	1402330	IS_AST_PARENT	
1402361	1402362	IS_AST_PARENT	
1402361	1402363	IS_AST_PARENT	
1402360	1402361	IS_AST_PARENT	
1402360	1402364	IS_AST_PARENT	
1402359	1402360	IS_AST_PARENT	
1402358	1402359	IS_AST_PARENT	
1402358	1402365	IS_AST_PARENT	
1402298	1402358	IS_AST_PARENT	
1402286	1402298	IS_AST_PARENT	
1402215	1402286	IS_AST_PARENT	
1402369	1402370	IS_AST_PARENT	
1402372	1402373	IS_AST_PARENT	
1402376	1402377	IS_AST_PARENT	
1402378	1402379	IS_AST_PARENT	
1402380	1402381	IS_AST_PARENT	
1402380	1402382	IS_AST_PARENT	
1402378	1402380	IS_AST_PARENT	
1402376	1402378	IS_AST_PARENT	
1402375	1402376	IS_AST_PARENT	
1402383	1402384	IS_AST_PARENT	
1402383	1402385	IS_AST_PARENT	
1402375	1402383	IS_AST_PARENT	
1402374	1402375	IS_AST_PARENT	
1402374	1402386	IS_AST_PARENT	
1402372	1402374	IS_AST_PARENT	
1402371	1402372	IS_AST_PARENT	
1402387	1402388	IS_AST_PARENT	
1402389	1402390	IS_AST_PARENT	
1402389	1402391	IS_AST_PARENT	
1402387	1402389	IS_AST_PARENT	
1402371	1402387	IS_AST_PARENT	
1402369	1402371	IS_AST_PARENT	
1402368	1402369	IS_AST_PARENT	
1402392	1402393	IS_AST_PARENT	
1402392	1402394	IS_AST_PARENT	
1402368	1402392	IS_AST_PARENT	
1402367	1402368	IS_AST_PARENT	
1402366	1402367	IS_AST_PARENT	
1402397	1402398	IS_AST_PARENT	
1402397	1402399	IS_AST_PARENT	
1402400	1402401	IS_AST_PARENT	
1402400	1402402	IS_AST_PARENT	
1402397	1402400	IS_AST_PARENT	
1402396	1402397	IS_AST_PARENT	
1402395	1402396	IS_AST_PARENT	
1402404	1402405	IS_AST_PARENT	
1402404	1402406	IS_AST_PARENT	
1402407	1402408	IS_AST_PARENT	
1402409	1402410	IS_AST_PARENT	
1402409	1402411	IS_AST_PARENT	
1402407	1402409	IS_AST_PARENT	
1402404	1402407	IS_AST_PARENT	
1402403	1402404	IS_AST_PARENT	
1402395	1402403	IS_AST_PARENT	
1402395	1402412	IS_AST_PARENT	
1402395	1402413	IS_AST_PARENT	
1402395	1402414	IS_AST_PARENT	
1402395	1402415	IS_AST_PARENT	
1402395	1402416	IS_AST_PARENT	
1402395	1402417	IS_AST_PARENT	
1402395	1402418	IS_AST_PARENT	
1402395	1402419	IS_AST_PARENT	
1402395	1402420	IS_AST_PARENT	
1402395	1402421	IS_AST_PARENT	
1402395	1402422	IS_AST_PARENT	
1402424	1402425	IS_AST_PARENT	
1402424	1402426	IS_AST_PARENT	
1402424	1402427	IS_AST_PARENT	
1402424	1402428	IS_AST_PARENT	
1402424	1402429	IS_AST_PARENT	
1402424	1402430	IS_AST_PARENT	
1402424	1402431	IS_AST_PARENT	
1402424	1402432	IS_AST_PARENT	
1402424	1402433	IS_AST_PARENT	
1402424	1402434	IS_AST_PARENT	
1402424	1402435	IS_AST_PARENT	
1402424	1402436	IS_AST_PARENT	
1402424	1402437	IS_AST_PARENT	
1402424	1402438	IS_AST_PARENT	
1402424	1402439	IS_AST_PARENT	
1402424	1402440	IS_AST_PARENT	
1402424	1402441	IS_AST_PARENT	
1402423	1402424	IS_AST_PARENT	
1402423	1402442	IS_AST_PARENT	
1402443	1402444	IS_AST_PARENT	
1402443	1402445	IS_AST_PARENT	
1402443	1402446	IS_AST_PARENT	
1402443	1402447	IS_AST_PARENT	
1402443	1402448	IS_AST_PARENT	
1402443	1402449	IS_AST_PARENT	
1402443	1402450	IS_AST_PARENT	
1402443	1402451	IS_AST_PARENT	
1402423	1402443	IS_AST_PARENT	
1402423	1402452	IS_AST_PARENT	
1402453	1402454	IS_AST_PARENT	
1402453	1402455	IS_AST_PARENT	
1402453	1402456	IS_AST_PARENT	
1402453	1402457	IS_AST_PARENT	
1402453	1402458	IS_AST_PARENT	
1402453	1402459	IS_AST_PARENT	
1402453	1402460	IS_AST_PARENT	
1402453	1402461	IS_AST_PARENT	
1402453	1402462	IS_AST_PARENT	
1402453	1402463	IS_AST_PARENT	
1402453	1402464	IS_AST_PARENT	
1402453	1402465	IS_AST_PARENT	
1402453	1402466	IS_AST_PARENT	
1402453	1402467	IS_AST_PARENT	
1402453	1402468	IS_AST_PARENT	
1402453	1402469	IS_AST_PARENT	
1402453	1402470	IS_AST_PARENT	
1402423	1402453	IS_AST_PARENT	
1402423	1402471	IS_AST_PARENT	
1402472	1402473	IS_AST_PARENT	
1402472	1402474	IS_AST_PARENT	
1402472	1402475	IS_AST_PARENT	
1402472	1402476	IS_AST_PARENT	
1402472	1402477	IS_AST_PARENT	
1402472	1402478	IS_AST_PARENT	
1402472	1402479	IS_AST_PARENT	
1402472	1402480	IS_AST_PARENT	
1402423	1402472	IS_AST_PARENT	
1402423	1402481	IS_AST_PARENT	
1402482	1402483	IS_AST_PARENT	
1402482	1402484	IS_AST_PARENT	
1402482	1402485	IS_AST_PARENT	
1402482	1402486	IS_AST_PARENT	
1402482	1402487	IS_AST_PARENT	
1402482	1402488	IS_AST_PARENT	
1402482	1402489	IS_AST_PARENT	
1402482	1402490	IS_AST_PARENT	
1402482	1402491	IS_AST_PARENT	
1402482	1402492	IS_AST_PARENT	
1402482	1402493	IS_AST_PARENT	
1402482	1402494	IS_AST_PARENT	
1402482	1402495	IS_AST_PARENT	
1402482	1402496	IS_AST_PARENT	
1402482	1402497	IS_AST_PARENT	
1402482	1402498	IS_AST_PARENT	
1402482	1402499	IS_AST_PARENT	
1402423	1402482	IS_AST_PARENT	
1402395	1402423	IS_AST_PARENT	
1402395	1402500	IS_AST_PARENT	
1402502	1402503	IS_AST_PARENT	
1402502	1402504	IS_AST_PARENT	
1402501	1402502	IS_AST_PARENT	
1402505	1402506	IS_AST_PARENT	
1402505	1402507	IS_AST_PARENT	
1402501	1402505	IS_AST_PARENT	
1402395	1402501	IS_AST_PARENT	
1402509	1402510	IS_AST_PARENT	
1402509	1402511	IS_AST_PARENT	
1402508	1402509	IS_AST_PARENT	
1402395	1402508	IS_AST_PARENT	
1402513	1402514	IS_AST_PARENT	
1402513	1402515	IS_AST_PARENT	
1402512	1402513	IS_AST_PARENT	
1402395	1402512	IS_AST_PARENT	
1402518	1402519	IS_AST_PARENT	
1402518	1402520	IS_AST_PARENT	
1402517	1402518	IS_AST_PARENT	
1402522	1402523	IS_AST_PARENT	
1402522	1402524	IS_AST_PARENT	
1402521	1402522	IS_AST_PARENT	
1402525	1402526	IS_AST_PARENT	
1402525	1402527	IS_AST_PARENT	
1402521	1402525	IS_AST_PARENT	
1402517	1402521	IS_AST_PARENT	
1402516	1402517	IS_AST_PARENT	
1402395	1402516	IS_AST_PARENT	
1402528	1402529	IS_AST_PARENT	
1402395	1402528	IS_AST_PARENT	
1402366	1402395	IS_AST_PARENT	
1402533	1402534	IS_AST_PARENT	
1402533	1402535	IS_AST_PARENT	
1402536	1402537	IS_AST_PARENT	
1402538	1402539	IS_AST_PARENT	
1402538	1402540	IS_AST_PARENT	
1402536	1402538	IS_AST_PARENT	
1402533	1402536	IS_AST_PARENT	
1402532	1402533	IS_AST_PARENT	
1402531	1402532	IS_AST_PARENT	
1402542	1402543	IS_AST_PARENT	
1402542	1402544	IS_AST_PARENT	
1402545	1402546	IS_AST_PARENT	
1402547	1402548	IS_AST_PARENT	
1402547	1402549	IS_AST_PARENT	
1402545	1402547	IS_AST_PARENT	
1402542	1402545	IS_AST_PARENT	
1402541	1402542	IS_AST_PARENT	
1402531	1402541	IS_AST_PARENT	
1402551	1402552	IS_AST_PARENT	
1402551	1402553	IS_AST_PARENT	
1402554	1402555	IS_AST_PARENT	
1402556	1402557	IS_AST_PARENT	
1402556	1402558	IS_AST_PARENT	
1402554	1402556	IS_AST_PARENT	
1402551	1402554	IS_AST_PARENT	
1402550	1402551	IS_AST_PARENT	
1402531	1402550	IS_AST_PARENT	
1402560	1402561	IS_AST_PARENT	
1402560	1402562	IS_AST_PARENT	
1402563	1402564	IS_AST_PARENT	
1402563	1402565	IS_AST_PARENT	
1402560	1402563	IS_AST_PARENT	
1402559	1402560	IS_AST_PARENT	
1402531	1402559	IS_AST_PARENT	
1402567	1402568	IS_AST_PARENT	
1402567	1402569	IS_AST_PARENT	
1402570	1402571	IS_AST_PARENT	
1402572	1402573	IS_AST_PARENT	
1402572	1402574	IS_AST_PARENT	
1402570	1402572	IS_AST_PARENT	
1402567	1402570	IS_AST_PARENT	
1402566	1402567	IS_AST_PARENT	
1402531	1402566	IS_AST_PARENT	
1402577	1402578	IS_AST_PARENT	
1402577	1402579	IS_AST_PARENT	
1402576	1402577	IS_AST_PARENT	
1402576	1402580	IS_AST_PARENT	
1402575	1402576	IS_AST_PARENT	
1402531	1402575	IS_AST_PARENT	
1402583	1402584	IS_AST_PARENT	
1402583	1402585	IS_AST_PARENT	
1402582	1402583	IS_AST_PARENT	
1402586	1402587	IS_AST_PARENT	
1402586	1402588	IS_AST_PARENT	
1402582	1402586	IS_AST_PARENT	
1402581	1402582	IS_AST_PARENT	
1402531	1402581	IS_AST_PARENT	
1402590	1402591	IS_AST_PARENT	
1402590	1402592	IS_AST_PARENT	
1402589	1402590	IS_AST_PARENT	
1402531	1402589	IS_AST_PARENT	
1402530	1402531	IS_AST_PARENT	
1402366	1402530	IS_AST_PARENT	
1402215	1402366	IS_AST_PARENT	
1402593	1402594	IS_AST_PARENT	
1402215	1402593	IS_AST_PARENT	
1402214	1402215	IS_AST_PARENT	
1402214	1402595	IS_AST_PARENT	
1402214	1402596	IS_AST_PARENT	
1402598	1402599	IS_AST_PARENT	
1402598	1402600	IS_AST_PARENT	
1402597	1402598	IS_AST_PARENT	
1402601	1402602	IS_AST_PARENT	
1402601	1402603	IS_AST_PARENT	
1402597	1402601	IS_AST_PARENT	
1402604	1402605	IS_AST_PARENT	
1402604	1402606	IS_AST_PARENT	
1402597	1402604	IS_AST_PARENT	
1402214	1402597	IS_AST_PARENT	
1402607	1402598	FLOWS_TO	
1402598	1402601	FLOWS_TO	
1402601	1402604	FLOWS_TO	
1402604	1402216	FLOWS_TO	
1402216	1402217	FLOWS_TO	
1402217	1402218	FLOWS_TO	
1402218	1402219	FLOWS_TO	
1402219	1402220	FLOWS_TO	
1402220	1402221	FLOWS_TO	
1402221	1402222	FLOWS_TO	
1402222	1402223	FLOWS_TO	
1402223	1402224	FLOWS_TO	
1402224	1402227	FLOWS_TO	
1402227	1402228	FLOWS_TO	
1402228	1402229	FLOWS_TO	
1402229	1402230	FLOWS_TO	
1402230	1402231	FLOWS_TO	
1402231	1402232	FLOWS_TO	
1402232	1402233	FLOWS_TO	
1402233	1402234	FLOWS_TO	
1402234	1402235	FLOWS_TO	
1402235	1402237	FLOWS_TO	
1402237	1402238	FLOWS_TO	
1402238	1402239	FLOWS_TO	
1402239	1402240	FLOWS_TO	
1402240	1402241	FLOWS_TO	
1402241	1402242	FLOWS_TO	
1402242	1402244	FLOWS_TO	
1402244	1402245	FLOWS_TO	
1402245	1402246	FLOWS_TO	
1402246	1402247	FLOWS_TO	
1402247	1402248	FLOWS_TO	
1402248	1402249	FLOWS_TO	
1402249	1402250	FLOWS_TO	
1402250	1402251	FLOWS_TO	
1402251	1402252	FLOWS_TO	
1402252	1402254	FLOWS_TO	
1402254	1402255	FLOWS_TO	
1402255	1402256	FLOWS_TO	
1402256	1402257	FLOWS_TO	
1402257	1402258	FLOWS_TO	
1402258	1402259	FLOWS_TO	
1402259	1402261	FLOWS_TO	
1402261	1402262	FLOWS_TO	
1402262	1402263	FLOWS_TO	
1402263	1402264	FLOWS_TO	
1402264	1402265	FLOWS_TO	
1402265	1402266	FLOWS_TO	
1402266	1402267	FLOWS_TO	
1402267	1402268	FLOWS_TO	
1402268	1402269	FLOWS_TO	
1402269	1402270	FLOWS_TO	
1402270	1402279	FLOWS_TO	
1402279	1402287	FLOWS_TO	
1402291	1402299	FLOWS_TO	
1402291	1402367	FLOWS_TO	
1402287	1402291	FLOWS_TO	
1402295	1402291	FLOWS_TO	
1402299	1402308	FLOWS_TO	
1402308	1402315	FLOWS_TO	
1402315	1402324	FLOWS_TO	
1402324	1402330	FLOWS_TO	
1402330	1402359	FLOWS_TO	
1402359	1402365	FLOWS_TO	
1402359	1402295	FLOWS_TO	
1402365	1402291	FLOWS_TO	
1402367	1402396	FLOWS_TO	
1402367	1402532	FLOWS_TO	
1402396	1402403	FLOWS_TO	
1402403	1402412	FLOWS_TO	
1402412	1402413	FLOWS_TO	
1402413	1402414	FLOWS_TO	
1402414	1402415	FLOWS_TO	
1402415	1402416	FLOWS_TO	
1402416	1402417	FLOWS_TO	
1402417	1402418	FLOWS_TO	
1402418	1402419	FLOWS_TO	
1402419	1402420	FLOWS_TO	
1402420	1402421	FLOWS_TO	
1402421	1402422	FLOWS_TO	
1402422	1402425	FLOWS_TO	
1402425	1402426	FLOWS_TO	
1402426	1402427	FLOWS_TO	
1402427	1402428	FLOWS_TO	
1402428	1402429	FLOWS_TO	
1402429	1402430	FLOWS_TO	
1402430	1402431	FLOWS_TO	
1402431	1402432	FLOWS_TO	
1402432	1402433	FLOWS_TO	
1402433	1402434	FLOWS_TO	
1402434	1402435	FLOWS_TO	
1402435	1402436	FLOWS_TO	
1402436	1402437	FLOWS_TO	
1402437	1402438	FLOWS_TO	
1402438	1402439	FLOWS_TO	
1402439	1402440	FLOWS_TO	
1402440	1402441	FLOWS_TO	
1402441	1402442	FLOWS_TO	
1402442	1402444	FLOWS_TO	
1402444	1402445	FLOWS_TO	
1402445	1402446	FLOWS_TO	
1402446	1402447	FLOWS_TO	
1402447	1402448	FLOWS_TO	
1402448	1402449	FLOWS_TO	
1402449	1402450	FLOWS_TO	
1402450	1402451	FLOWS_TO	
1402451	1402452	FLOWS_TO	
1402452	1402454	FLOWS_TO	
1402454	1402455	FLOWS_TO	
1402455	1402456	FLOWS_TO	
1402456	1402457	FLOWS_TO	
1402457	1402458	FLOWS_TO	
1402458	1402459	FLOWS_TO	
1402459	1402460	FLOWS_TO	
1402460	1402461	FLOWS_TO	
1402461	1402462	FLOWS_TO	
1402462	1402463	FLOWS_TO	
1402463	1402464	FLOWS_TO	
1402464	1402465	FLOWS_TO	
1402465	1402466	FLOWS_TO	
1402466	1402467	FLOWS_TO	
1402467	1402468	FLOWS_TO	
1402468	1402469	FLOWS_TO	
1402469	1402470	FLOWS_TO	
1402470	1402471	FLOWS_TO	
1402471	1402473	FLOWS_TO	
1402473	1402474	FLOWS_TO	
1402474	1402475	FLOWS_TO	
1402475	1402476	FLOWS_TO	
1402476	1402477	FLOWS_TO	
1402477	1402478	FLOWS_TO	
1402478	1402479	FLOWS_TO	
1402479	1402480	FLOWS_TO	
1402480	1402481	FLOWS_TO	
1402481	1402483	FLOWS_TO	
1402483	1402484	FLOWS_TO	
1402484	1402485	FLOWS_TO	
1402485	1402486	FLOWS_TO	
1402486	1402487	FLOWS_TO	
1402487	1402488	FLOWS_TO	
1402488	1402489	FLOWS_TO	
1402489	1402490	FLOWS_TO	
1402490	1402491	FLOWS_TO	
1402491	1402492	FLOWS_TO	
1402492	1402493	FLOWS_TO	
1402493	1402494	FLOWS_TO	
1402494	1402495	FLOWS_TO	
1402495	1402496	FLOWS_TO	
1402496	1402497	FLOWS_TO	
1402497	1402498	FLOWS_TO	
1402498	1402499	FLOWS_TO	
1402499	1402500	FLOWS_TO	
1402500	1402501	FLOWS_TO	
1402501	1402508	FLOWS_TO	
1402508	1402512	FLOWS_TO	
1402512	1402516	FLOWS_TO	
1402516	1402528	FLOWS_TO	
1402528	1402608	FLOWS_TO	
1402532	1402541	FLOWS_TO	
1402541	1402550	FLOWS_TO	
1402550	1402559	FLOWS_TO	
1402559	1402566	FLOWS_TO	
1402566	1402575	FLOWS_TO	
1402575	1402581	FLOWS_TO	
1402581	1402589	FLOWS_TO	
1402589	1402593	FLOWS_TO	
1402593	1402608	FLOWS_TO	
1402330	1402609	DEF	
1402331	1402609	DEF	
1402403	1402610	DEF	
1402404	1402610	DEF	
1402407	1402610	DEF	
1402508	1402610	USE	
1402509	1402610	USE	
1402324	1402611	DEF	
1402325	1402611	DEF	
1402403	1402612	USE	
1402407	1402612	USE	
1402359	1402613	USE	
1402315	1402614	DEF	
1402316	1402614	DEF	
1402319	1402614	DEF	
1402330	1402614	USE	
1402332	1402614	USE	
1402566	1402615	DEF	
1402570	1402615	DEF	
1402567	1402615	DEF	
1402589	1402615	DEF	
1402590	1402615	DEF	
1402315	1402616	USE	
1402319	1402616	USE	
1402299	1402617	DEF	
1402303	1402617	DEF	
1402300	1402617	DEF	
1402324	1402617	USE	
1402326	1402617	USE	
1402550	1402618	USE	
1402554	1402618	USE	
1402581	1402619	DEF	
1402582	1402619	DEF	
1402516	1402620	DEF	
1402517	1402620	DEF	
1402598	1402621	DEF	
1402593	1402621	USE	
1402359	1402622	USE	
1402360	1402622	USE	
1402396	1402623	DEF	
1402400	1402623	DEF	
1402397	1402623	DEF	
1402308	1402624	DEF	
1402309	1402624	DEF	
1402312	1402624	DEF	
1402279	1402625	DEF	
1402280	1402625	DEF	
1402501	1402625	DEF	
1402502	1402625	DEF	
1402359	1402626	USE	
1402361	1402626	USE	
1402279	1402627	DEF	
1402283	1402627	DEF	
1402501	1402627	DEF	
1402505	1402627	DEF	
1402270	1402628	DEF	
1402271	1402628	DEF	
1402274	1402628	DEF	
1402324	1402628	USE	
1402325	1402628	USE	
1402330	1402628	USE	
1402331	1402628	USE	
1402367	1402628	USE	
1402508	1402628	DEF	
1402509	1402628	DEF	
1402512	1402628	USE	
1402513	1402628	USE	
1402512	1402628	DEF	
1402513	1402628	DEF	
1402516	1402628	USE	
1402518	1402628	USE	
1402575	1402628	USE	
1402576	1402628	USE	
1402589	1402628	USE	
1402590	1402628	USE	
1402550	1402629	DEF	
1402554	1402629	DEF	
1402551	1402629	DEF	
1402581	1402629	USE	
1402583	1402629	USE	
1402575	1402630	DEF	
1402576	1402630	DEF	
1402559	1402631	DEF	
1402560	1402631	DEF	
1402563	1402631	DEF	
1402601	1402632	DEF	
1402291	1402632	USE	
1402287	1402632	DEF	
1402288	1402632	DEF	
1402295	1402632	DEF	
1402295	1402632	USE	
1402330	1402632	USE	
1402331	1402632	USE	
1402367	1402632	USE	
1402528	1402632	USE	
1402532	1402633	DEF	
1402536	1402633	DEF	
1402533	1402633	DEF	
1402575	1402633	USE	
1402577	1402633	USE	
1402299	1402634	USE	
1402303	1402634	USE	
1402532	1402634	USE	
1402536	1402634	USE	
1402566	1402635	USE	
1402570	1402635	USE	
1402541	1402636	DEF	
1402545	1402636	DEF	
1402542	1402636	DEF	
1402604	1402637	DEF	
1402330	1402637	USE	
1402331	1402637	USE	
1402367	1402637	USE	
1402403	1402508	REACHES	_f25180727ac3b7a88029d470b9bbdff0
1402315	1402330	REACHES	_667bfced3edc86b803827b0cb8740266
1402299	1402324	REACHES	_fe31011262a867130273705589dc7971
1402598	1402593	REACHES	_dae85b02d687da2be506b683871c094e
1402270	1402324	REACHES	_d5dde46edd6ed741ffe4511ac98b4ece
1402270	1402330	REACHES	_d5dde46edd6ed741ffe4511ac98b4ece
1402270	1402367	REACHES	_d5dde46edd6ed741ffe4511ac98b4ece
1402508	1402512	REACHES	_d5dde46edd6ed741ffe4511ac98b4ece
1402512	1402516	REACHES	_d5dde46edd6ed741ffe4511ac98b4ece
1402270	1402575	REACHES	_d5dde46edd6ed741ffe4511ac98b4ece
1402270	1402589	REACHES	_d5dde46edd6ed741ffe4511ac98b4ece
1402550	1402581	REACHES	_527d3a093c05c5b342a57e18eadf7c5d
1402287	1402291	REACHES	_c0d2e3f8daccd034259f6241c9f17dbf
1402295	1402291	REACHES	_c0d2e3f8daccd034259f6241c9f17dbf
1402295	1402295	REACHES	_c0d2e3f8daccd034259f6241c9f17dbf
1402532	1402575	REACHES	_c09115b46b3f7bdcb470b7e3b50d21e2
1402287	1402295	REACHES	_c0d2e3f8daccd034259f6241c9f17dbf
1402295	1402330	REACHES	_c0d2e3f8daccd034259f6241c9f17dbf
1402287	1402330	REACHES	_c0d2e3f8daccd034259f6241c9f17dbf
1402295	1402367	REACHES	_c0d2e3f8daccd034259f6241c9f17dbf
1402287	1402367	REACHES	_c0d2e3f8daccd034259f6241c9f17dbf
1402287	1402528	REACHES	_c0d2e3f8daccd034259f6241c9f17dbf
1402295	1402528	REACHES	_c0d2e3f8daccd034259f6241c9f17dbf
1402604	1402330	REACHES	_44259ca6a490a7efae613b0cea29f280
1402604	1402367	REACHES	_44259ca6a490a7efae613b0cea29f280
1402607	1402598	CONTROLS	
1402607	1402601	CONTROLS	
1402607	1402604	CONTROLS	
1402607	1402216	CONTROLS	
1402607	1402217	CONTROLS	
1402607	1402218	CONTROLS	
1402607	1402219	CONTROLS	
1402607	1402220	CONTROLS	
1402607	1402221	CONTROLS	
1402607	1402222	CONTROLS	
1402607	1402223	CONTROLS	
1402607	1402224	CONTROLS	
1402607	1402227	CONTROLS	
1402607	1402228	CONTROLS	
1402607	1402229	CONTROLS	
1402607	1402230	CONTROLS	
1402607	1402231	CONTROLS	
1402607	1402232	CONTROLS	
1402607	1402233	CONTROLS	
1402607	1402234	CONTROLS	
1402607	1402235	CONTROLS	
1402607	1402237	CONTROLS	
1402607	1402238	CONTROLS	
1402607	1402239	CONTROLS	
1402607	1402240	CONTROLS	
1402607	1402241	CONTROLS	
1402607	1402242	CONTROLS	
1402607	1402244	CONTROLS	
1402607	1402245	CONTROLS	
1402607	1402246	CONTROLS	
1402607	1402247	CONTROLS	
1402607	1402248	CONTROLS	
1402607	1402249	CONTROLS	
1402607	1402250	CONTROLS	
1402607	1402251	CONTROLS	
1402607	1402252	CONTROLS	
1402607	1402254	CONTROLS	
1402607	1402255	CONTROLS	
1402607	1402256	CONTROLS	
1402607	1402257	CONTROLS	
1402607	1402258	CONTROLS	
1402607	1402259	CONTROLS	
1402607	1402261	CONTROLS	
1402607	1402262	CONTROLS	
1402607	1402263	CONTROLS	
1402607	1402264	CONTROLS	
1402607	1402265	CONTROLS	
1402607	1402266	CONTROLS	
1402607	1402267	CONTROLS	
1402607	1402268	CONTROLS	
1402607	1402269	CONTROLS	
1402607	1402270	CONTROLS	
1402607	1402279	CONTROLS	
1402607	1402287	CONTROLS	
1402607	1402291	CONTROLS	
1402607	1402367	CONTROLS	
1402291	1402299	CONTROLS	
1402291	1402308	CONTROLS	
1402291	1402315	CONTROLS	
1402291	1402324	CONTROLS	
1402291	1402330	CONTROLS	
1402291	1402359	CONTROLS	
1402359	1402365	CONTROLS	
1402359	1402295	CONTROLS	
1402367	1402396	CONTROLS	
1402367	1402403	CONTROLS	
1402367	1402412	CONTROLS	
1402367	1402413	CONTROLS	
1402367	1402414	CONTROLS	
1402367	1402415	CONTROLS	
1402367	1402416	CONTROLS	
1402367	1402417	CONTROLS	
1402367	1402418	CONTROLS	
1402367	1402419	CONTROLS	
1402367	1402420	CONTROLS	
1402367	1402421	CONTROLS	
1402367	1402422	CONTROLS	
1402367	1402425	CONTROLS	
1402367	1402426	CONTROLS	
1402367	1402427	CONTROLS	
1402367	1402428	CONTROLS	
1402367	1402429	CONTROLS	
1402367	1402430	CONTROLS	
1402367	1402431	CONTROLS	
1402367	1402432	CONTROLS	
1402367	1402433	CONTROLS	
1402367	1402434	CONTROLS	
1402367	1402435	CONTROLS	
1402367	1402436	CONTROLS	
1402367	1402437	CONTROLS	
1402367	1402438	CONTROLS	
1402367	1402439	CONTROLS	
1402367	1402440	CONTROLS	
1402367	1402441	CONTROLS	
1402367	1402442	CONTROLS	
1402367	1402444	CONTROLS	
1402367	1402445	CONTROLS	
1402367	1402446	CONTROLS	
1402367	1402447	CONTROLS	
1402367	1402448	CONTROLS	
1402367	1402449	CONTROLS	
1402367	1402450	CONTROLS	
1402367	1402451	CONTROLS	
1402367	1402452	CONTROLS	
1402367	1402454	CONTROLS	
1402367	1402455	CONTROLS	
1402367	1402456	CONTROLS	
1402367	1402457	CONTROLS	
1402367	1402458	CONTROLS	
1402367	1402459	CONTROLS	
1402367	1402460	CONTROLS	
1402367	1402461	CONTROLS	
1402367	1402462	CONTROLS	
1402367	1402463	CONTROLS	
1402367	1402464	CONTROLS	
1402367	1402465	CONTROLS	
1402367	1402466	CONTROLS	
1402367	1402467	CONTROLS	
1402367	1402468	CONTROLS	
1402367	1402469	CONTROLS	
1402367	1402470	CONTROLS	
1402367	1402471	CONTROLS	
1402367	1402473	CONTROLS	
1402367	1402474	CONTROLS	
1402367	1402475	CONTROLS	
1402367	1402476	CONTROLS	
1402367	1402477	CONTROLS	
1402367	1402478	CONTROLS	
1402367	1402479	CONTROLS	
1402367	1402480	CONTROLS	
1402367	1402481	CONTROLS	
1402367	1402483	CONTROLS	
1402367	1402484	CONTROLS	
1402367	1402485	CONTROLS	
1402367	1402486	CONTROLS	
1402367	1402487	CONTROLS	
1402367	1402488	CONTROLS	
1402367	1402489	CONTROLS	
1402367	1402490	CONTROLS	
1402367	1402491	CONTROLS	
1402367	1402492	CONTROLS	
1402367	1402493	CONTROLS	
1402367	1402494	CONTROLS	
1402367	1402495	CONTROLS	
1402367	1402496	CONTROLS	
1402367	1402497	CONTROLS	
1402367	1402498	CONTROLS	
1402367	1402499	CONTROLS	
1402367	1402500	CONTROLS	
1402367	1402501	CONTROLS	
1402367	1402508	CONTROLS	
1402367	1402512	CONTROLS	
1402367	1402516	CONTROLS	
1402367	1402528	CONTROLS	
1402367	1402532	CONTROLS	
1402367	1402541	CONTROLS	
1402367	1402550	CONTROLS	
1402367	1402559	CONTROLS	
1402367	1402566	CONTROLS	
1402367	1402575	CONTROLS	
1402367	1402581	CONTROLS	
1402367	1402589	CONTROLS	
1402367	1402593	CONTROLS	
1402471	1402473	DOM	
1402238	1402239	DOM	
1402462	1402463	DOM	
1402396	1402403	DOM	
1402263	1402264	DOM	
1402422	1402425	DOM	
1402575	1402581	DOM	
1402598	1402601	DOM	
1402259	1402261	DOM	
1402262	1402263	DOM	
1402221	1402222	DOM	
1402222	1402223	DOM	
1402223	1402224	DOM	
1402330	1402359	DOM	
1402269	1402270	DOM	
1402249	1402250	DOM	
1402419	1402420	DOM	
1402229	1402230	DOM	
1402500	1402501	DOM	
1402414	1402415	DOM	
1402441	1402442	DOM	
1402315	1402324	DOM	
1402460	1402461	DOM	
1402220	1402221	DOM	
1402470	1402471	DOM	
1402490	1402491	DOM	
1402255	1402256	DOM	
1402483	1402484	DOM	
1402532	1402541	DOM	
1402242	1402244	DOM	
1402429	1402430	DOM	
1402436	1402437	DOM	
1402469	1402470	DOM	
1402454	1402455	DOM	
1402227	1402228	DOM	
1402455	1402456	DOM	
1402268	1402269	DOM	
1402476	1402477	DOM	
1402287	1402291	DOM	
1402467	1402468	DOM	
1402217	1402218	DOM	
1402246	1402247	DOM	
1402258	1402259	DOM	
1402299	1402308	DOM	
1402403	1402412	DOM	
1402477	1402478	DOM	
1402479	1402480	DOM	
1402491	1402492	DOM	
1402466	1402467	DOM	
1402233	1402234	DOM	
1402244	1402245	DOM	
1402438	1402439	DOM	
1402216	1402217	DOM	
1402434	1402435	DOM	
1402241	1402242	DOM	
1402420	1402421	DOM	
1402497	1402498	DOM	
1402250	1402251	DOM	
1402566	1402575	DOM	
1402432	1402433	DOM	
1402230	1402231	DOM	
1402265	1402266	DOM	
1402257	1402258	DOM	
1402270	1402279	DOM	
1402359	1402295	DOM	
1402267	1402268	DOM	
1402451	1402452	DOM	
1402473	1402474	DOM	
1402550	1402559	DOM	
1402516	1402528	DOM	
1402367	1402608	DOM	
1402256	1402257	DOM	
1402480	1402481	DOM	
1402449	1402450	DOM	
1402245	1402246	DOM	
1402448	1402449	DOM	
1402279	1402287	DOM	
1402463	1402464	DOM	
1402475	1402476	DOM	
1402413	1402414	DOM	
1402459	1402460	DOM	
1402237	1402238	DOM	
1402418	1402419	DOM	
1402478	1402479	DOM	
1402324	1402330	DOM	
1402444	1402445	DOM	
1402487	1402488	DOM	
1402433	1402434	DOM	
1402425	1402426	DOM	
1402435	1402436	DOM	
1402457	1402458	DOM	
1402589	1402593	DOM	
1402251	1402252	DOM	
1402247	1402248	DOM	
1402248	1402249	DOM	
1402452	1402454	DOM	
1402440	1402441	DOM	
1402465	1402466	DOM	
1402430	1402431	DOM	
1402431	1402432	DOM	
1402461	1402462	DOM	
1402234	1402235	DOM	
1402412	1402413	DOM	
1402426	1402427	DOM	
1402252	1402254	DOM	
1402261	1402262	DOM	
1402218	1402219	DOM	
1402421	1402422	DOM	
1402485	1402486	DOM	
1402266	1402267	DOM	
1402367	1402396	DOM	
1402442	1402444	DOM	
1402417	1402418	DOM	
1402427	1402428	DOM	
1402607	1402598	DOM	
1402219	1402220	DOM	
1402232	1402233	DOM	
1402499	1402500	DOM	
1402493	1402494	DOM	
1402240	1402241	DOM	
1402495	1402496	DOM	
1402231	1402232	DOM	
1402254	1402255	DOM	
1402501	1402508	DOM	
1402512	1402516	DOM	
1402291	1402367	DOM	
1402492	1402493	DOM	
1402601	1402604	DOM	
1402489	1402490	DOM	
1402496	1402497	DOM	
1402498	1402499	DOM	
1402486	1402487	DOM	
1402450	1402451	DOM	
1402415	1402416	DOM	
1402445	1402446	DOM	
1402437	1402438	DOM	
1402308	1402315	DOM	
1402359	1402365	DOM	
1402508	1402512	DOM	
1402458	1402459	DOM	
1402481	1402483	DOM	
1402239	1402240	DOM	
1402416	1402417	DOM	
1402541	1402550	DOM	
1402447	1402448	DOM	
1402446	1402447	DOM	
1402468	1402469	DOM	
1402456	1402457	DOM	
1402607	1402607	DOM	
1402559	1402566	DOM	
1402464	1402465	DOM	
1402224	1402227	DOM	
1402581	1402589	DOM	
1402439	1402440	DOM	
1402367	1402532	DOM	
1402228	1402229	DOM	
1402235	1402237	DOM	
1402264	1402265	DOM	
1402494	1402495	DOM	
1402291	1402299	DOM	
1402488	1402489	DOM	
1402428	1402429	DOM	
1402484	1402485	DOM	
1402604	1402216	DOM	
1402474	1402475	DOM	
1402474	1402473	POST_DOM	
1402464	1402463	POST_DOM	
1402240	1402239	POST_DOM	
1402412	1402403	POST_DOM	
1402265	1402264	POST_DOM	
1402426	1402425	POST_DOM	
1402589	1402581	POST_DOM	
1402264	1402263	POST_DOM	
1402262	1402261	POST_DOM	
1402604	1402601	POST_DOM	
1402227	1402224	POST_DOM	
1402224	1402223	POST_DOM	
1402223	1402222	POST_DOM	
1402291	1402359	POST_DOM	
1402279	1402270	POST_DOM	
1402251	1402250	POST_DOM	
1402421	1402420	POST_DOM	
1402231	1402230	POST_DOM	
1402508	1402501	POST_DOM	
1402416	1402415	POST_DOM	
1402444	1402442	POST_DOM	
1402462	1402461	POST_DOM	
1402330	1402324	POST_DOM	
1402492	1402491	POST_DOM	
1402473	1402471	POST_DOM	
1402222	1402221	POST_DOM	
1402257	1402256	POST_DOM	
1402485	1402484	POST_DOM	
1402550	1402541	POST_DOM	
1402438	1402437	POST_DOM	
1402431	1402430	POST_DOM	
1402245	1402244	POST_DOM	
1402471	1402470	POST_DOM	
1402456	1402455	POST_DOM	
1402229	1402228	POST_DOM	
1402457	1402456	POST_DOM	
1402270	1402269	POST_DOM	
1402478	1402477	POST_DOM	
1402367	1402291	POST_DOM	
1402469	1402468	POST_DOM	
1402481	1402480	POST_DOM	
1402479	1402478	POST_DOM	
1402413	1402412	POST_DOM	
1402261	1402259	POST_DOM	
1402248	1402247	POST_DOM	
1402219	1402218	POST_DOM	
1402315	1402308	POST_DOM	
1402493	1402492	POST_DOM	
1402468	1402467	POST_DOM	
1402440	1402439	POST_DOM	
1402246	1402245	POST_DOM	
1402235	1402234	POST_DOM	
1402218	1402217	POST_DOM	
1402436	1402435	POST_DOM	
1402244	1402242	POST_DOM	
1402422	1402421	POST_DOM	
1402499	1402498	POST_DOM	
1402252	1402251	POST_DOM	
1402581	1402575	POST_DOM	
1402434	1402433	POST_DOM	
1402267	1402266	POST_DOM	
1402232	1402231	POST_DOM	
1402287	1402279	POST_DOM	
1402259	1402258	POST_DOM	
1402291	1402295	POST_DOM	
1402269	1402268	POST_DOM	
1402454	1402452	POST_DOM	
1402475	1402474	POST_DOM	
1402566	1402559	POST_DOM	
1402608	1402608	POST_DOM	
1402608	1402528	POST_DOM	
1402483	1402481	POST_DOM	
1402258	1402257	POST_DOM	
1402451	1402450	POST_DOM	
1402247	1402246	POST_DOM	
1402450	1402449	POST_DOM	
1402291	1402287	POST_DOM	
1402465	1402464	POST_DOM	
1402477	1402476	POST_DOM	
1402415	1402414	POST_DOM	
1402461	1402460	POST_DOM	
1402420	1402419	POST_DOM	
1402239	1402238	POST_DOM	
1402480	1402479	POST_DOM	
1402359	1402330	POST_DOM	
1402489	1402488	POST_DOM	
1402446	1402445	POST_DOM	
1402435	1402434	POST_DOM	
1402427	1402426	POST_DOM	
1402459	1402458	POST_DOM	
1402437	1402436	POST_DOM	
1402608	1402593	POST_DOM	
1402254	1402252	POST_DOM	
1402249	1402248	POST_DOM	
1402250	1402249	POST_DOM	
1402455	1402454	POST_DOM	
1402467	1402466	POST_DOM	
1402442	1402441	POST_DOM	
1402433	1402432	POST_DOM	
1402432	1402431	POST_DOM	
1402463	1402462	POST_DOM	
1402237	1402235	POST_DOM	
1402414	1402413	POST_DOM	
1402428	1402427	POST_DOM	
1402255	1402254	POST_DOM	
1402263	1402262	POST_DOM	
1402220	1402219	POST_DOM	
1402425	1402422	POST_DOM	
1402487	1402486	POST_DOM	
1402268	1402267	POST_DOM	
1402403	1402396	POST_DOM	
1402445	1402444	POST_DOM	
1402429	1402428	POST_DOM	
1402419	1402418	POST_DOM	
1402601	1402598	POST_DOM	
1402234	1402233	POST_DOM	
1402221	1402220	POST_DOM	
1402501	1402500	POST_DOM	
1402495	1402494	POST_DOM	
1402242	1402241	POST_DOM	
1402497	1402496	POST_DOM	
1402528	1402516	POST_DOM	
1402512	1402508	POST_DOM	
1402256	1402255	POST_DOM	
1402233	1402232	POST_DOM	
1402608	1402367	POST_DOM	
1402494	1402493	POST_DOM	
1402491	1402490	POST_DOM	
1402216	1402604	POST_DOM	
1402500	1402499	POST_DOM	
1402498	1402497	POST_DOM	
1402488	1402487	POST_DOM	
1402452	1402451	POST_DOM	
1402447	1402446	POST_DOM	
1402417	1402416	POST_DOM	
1402439	1402438	POST_DOM	
1402324	1402315	POST_DOM	
1402516	1402512	POST_DOM	
1402291	1402365	POST_DOM	
1402460	1402459	POST_DOM	
1402484	1402483	POST_DOM	
1402418	1402417	POST_DOM	
1402241	1402240	POST_DOM	
1402559	1402550	POST_DOM	
1402449	1402448	POST_DOM	
1402448	1402447	POST_DOM	
1402470	1402469	POST_DOM	
1402458	1402457	POST_DOM	
1402598	1402607	POST_DOM	
1402575	1402566	POST_DOM	
1402466	1402465	POST_DOM	
1402228	1402227	POST_DOM	
1402593	1402589	POST_DOM	
1402441	1402440	POST_DOM	
1402541	1402532	POST_DOM	
1402230	1402229	POST_DOM	
1402238	1402237	POST_DOM	
1402266	1402265	POST_DOM	
1402496	1402495	POST_DOM	
1402308	1402299	POST_DOM	
1402490	1402489	POST_DOM	
1402486	1402485	POST_DOM	
1402430	1402429	POST_DOM	
1402217	1402216	POST_DOM	
1402476	1402475	POST_DOM	
1402213	1402214	IS_FUNCTION_OF_AST	
1402213	1402607	IS_FUNCTION_OF_CFG	
1402155	1402213	IS_FILE_OF	
1402638	1402639	DECLARES	
1402640	1402641	DECLARES	
1402642	1402643	DECLARES	
1402644	1402645	DECLARES	
1402646	1402647	DECLARES	
1402648	1402649	DECLARES	
1402650	1402651	DECLARES	
1402652	1402653	DECLARES	
1402654	1402655	DECLARES	
1402656	1402657	DECLARES	
1402658	1402659	DECLARES	
1402660	1402661	DECLARES	
1402662	1402663	DECLARES	
1402664	1402665	DECLARES	
1402666	1402667	DECLARES	
1402668	1402669	DECLARES	
1402670	1402671	DECLARES	
1402672	1402673	DECLARES	
1402674	1402675	DECLARES	
1402676	1402677	DECLARES	
1402678	1402679	DECLARES	
1402680	1402681	DECLARES	
