command	key	type	code	location	functionId	childNum	isCFGNode	operator	baseType	completeType	identifier
ANR	1402155	File	/home/lnk/project/python/cxxdetect/joern_slicer/data_src/c2-8789845f90ce4a10de495ea34896a990-85E8A2E644A3CAC701CEBAA2EF4B1AD7/p_201/src/enc/token.c								
ANR	1402156	ClassDef	_93d220ea3f51207d08f6ace3bf4d5847	33:0:270:452							
ANR	1402157	DeclStmt									
ANR	1402158	Decl							uint16_t	uint16_t [ MAX_NUM_TOKEN ]	_19a042e7f2889b3897e88c8a7ca3bcbd
ANR	1402159	DeclStmt									
ANR	1402160	Decl							_93d220ea3f51207d08f6ace3bf4d5847	_93d220ea3f51207d08f6ace3bf4d5847 *	_5baf5abc304621200c85f56ae449ce87
ANR	1402161	DeclStmt									
ANR	1402162	Decl							const int	const int	_e06584c0eb398e0c57f786dcfde604b6
ANR	1402163	DeclStmt									
ANR	1402164	Decl							const int	const int *	_c65ffb19a2f79b0e6cf6c9da5c8f87c8
ANR	1402165	DeclStmt									
ANR	1402166	Decl							int	int [ 1 ]	_d5dde46edd6ed741ffe4511ac98b4ece
ANR	1402167	DeclStmt									
ANR	1402168	Decl							int	int * * [ 1 ]	_773ca0154508d33413937e0c00d3f987
ANR	1402169	DeclStmt									
ANR	1402170	Decl							int	int * *	_fe31011262a867130273705589dc7971
ANR	1402171	DeclStmt									
ANR	1402172	Decl							int	int	_1155d79c193cc7d377886024058160e9
ANR	1402173	DeclStmt									
ANR	1402174	Decl							unsigned short	unsigned short	_ade4453faf91a77ac61a8f733c878340
ANR	1402175	DeclStmt									
ANR	1402176	Decl							int	int	i
ANR	1402177	Decl							int	int	j
ANR	1402178	DeclStmt									
ANR	1402179	Decl							unsigned int	unsigned int	_667bfced3edc86b803827b0cb8740266
ANR	1402180	DeclStmt									
ANR	1402181	Decl							int	int *	_da40226c231d1c26ed592658eb43324f
ANR	1402182	DeclStmt									
ANR	1402183	Decl							const _93d220ea3f51207d08f6ace3bf4d5847	const _93d220ea3f51207d08f6ace3bf4d5847 *	_88a48a1bfe3518fbee5e821923d2355e
ANR	1402184	DeclStmt									
ANR	1402185	Decl							int	int	_e06584c0eb398e0c57f786dcfde604b6
ANR	1402186	DeclStmt									
ANR	1402187	Decl							int	int *	_c65ffb19a2f79b0e6cf6c9da5c8f87c8
ANR	1402188	DeclStmt									
ANR	1402189	Decl							int	int * *	_773ca0154508d33413937e0c00d3f987
ANR	1402190	DeclStmt									
ANR	1402191	Decl							short	short	_c65ffb19a2f79b0e6cf6c9da5c8f87c8
ANR	1402192	DeclStmt									
ANR	1402193	Decl							int	int	_773ca0154508d33413937e0c00d3f987
ANR	1402194	DeclStmt									
ANR	1402195	Decl							int	int *	_e06584c0eb398e0c57f786dcfde604b6
ANR	1402196	DeclStmt									
ANR	1402197	Decl							unsigned char	unsigned char	_1155d79c193cc7d377886024058160e9
ANR	1402198	DeclStmt									
ANR	1402199	Decl							int	int *	_3cdc3f3dcb69a73474a208016319eed3
ANR	1402200	DeclStmt									
ANR	1402201	Decl							const int	const int	_ac31e50cc6b4e80a1a08feefef03f523
ANR	1402202	DeclStmt									
ANR	1402203	Decl							int	int	i
ANR	1402204	Decl							int	int	j
ANR	1402205	DeclStmt									
ANR	1402206	Decl							int	int * * [ 5 ]	_d5dde46edd6ed741ffe4511ac98b4ece
ANR	1402207	DeclStmt									
ANR	1402208	Decl							int	int * * *	_fe31011262a867130273705589dc7971
ANR	1402209	DeclStmt									
ANR	1402210	Decl							int	int	i
ANR	1402211	DeclStmt									
ANR	1402212	Decl							const int	const int	_bcece9cad63b225c19f5fb846f748874
ANR	1402213	Function	_8e3006afde6efd7db3323c1e846457bf	166:0:7849:10801							
ANR	1402214	FunctionDef	"_8e3006afde6efd7db3323c1e846457bf (char _dae85b02d687da2be506b683871c094e , unsigned int _c0d2e3f8daccd034259f6241c9f17dbf , int _44259ca6a490a7efae613b0cea29f280)"		1402213	0					
ANR	1402215	CompoundStatement		167:0:8020:10801	1402213	0					
ANR	1402216	Statement	int	168:4:8026:8028	1402213	0	True				
ANR	1402217	Statement	_85c617d839e55b93eba7f24b7ac7b50f	168:8:8030:8062	1402213	1	True				
ANR	1402218	Statement	[	168:41:8063:8063	1402213	2	True				
ANR	1402219	Statement	5	168:42:8064:8064	1402213	3	True				
ANR	1402220	Statement	]	168:43:8065:8065	1402213	4	True				
ANR	1402221	Statement	[	168:44:8066:8066	1402213	5	True				
ANR	1402222	Statement	3	168:45:8067:8067	1402213	6	True				
ANR	1402223	Statement	]	168:46:8068:8068	1402213	7	True				
ANR	1402224	Statement	=	168:48:8070:8070	1402213	8	True				
ANR	1402225	CompoundStatement		2:50:51:51	1402213	9					
ANR	1402226	CompoundStatement		2:51:52:52	1402213	0					
ANR	1402227	Statement	(	168:52:8074:8074	1402213	0	True				
ANR	1402228	Statement	-	168:53:8075:8075	1402213	1	True				
ANR	1402229	Statement	1L	168:54:8076:8077	1402213	2	True				
ANR	1402230	Statement	)	168:56:8078:8078	1402213	3	True				
ANR	1402231	Statement	","	168:57:8079:8079	1402213	4	True				
ANR	1402232	Statement	8L	168:58:8080:8081	1402213	5	True				
ANR	1402233	Statement	","	168:60:8082:8082	1402213	6	True				
ANR	1402234	Statement	8L	168:61:8083:8084	1402213	7	True				
ANR	1402235	Statement	","	168:64:8086:8086	1402213	1	True				
ANR	1402236	CompoundStatement		2:65:66:66	1402213	2					
ANR	1402237	Statement	3L	168:66:8088:8089	1402213	0	True				
ANR	1402238	Statement	","	168:68:8090:8090	1402213	1	True				
ANR	1402239	Statement	8L	168:69:8091:8092	1402213	2	True				
ANR	1402240	Statement	","	168:71:8093:8093	1402213	3	True				
ANR	1402241	Statement	0xA12B57E8L	168:72:8094:8104	1402213	4	True				
ANR	1402242	Statement	","	168:84:8106:8106	1402213	3	True				
ANR	1402243	CompoundStatement		2:85:86:86	1402213	4					
ANR	1402244	Statement	0x72FD4914L	168:86:8108:8118	1402213	0	True				
ANR	1402245	Statement	","	168:97:8119:8119	1402213	1	True				
ANR	1402246	Statement	(	168:98:8120:8120	1402213	2	True				
ANR	1402247	Statement	-	168:99:8121:8121	1402213	3	True				
ANR	1402248	Statement	1L	168:100:8122:8123	1402213	4	True				
ANR	1402249	Statement	)	168:102:8124:8124	1402213	5	True				
ANR	1402250	Statement	","	168:103:8125:8125	1402213	6	True				
ANR	1402251	Statement	0x4801897AL	168:104:8126:8136	1402213	7	True				
ANR	1402252	Statement	","	168:116:8138:8138	1402213	5	True				
ANR	1402253	CompoundStatement		2:117:118:118	1402213	6					
ANR	1402254	Statement	3L	168:118:8140:8141	1402213	0	True				
ANR	1402255	Statement	","	168:120:8142:8142	1402213	1	True				
ANR	1402256	Statement	3L	168:121:8143:8144	1402213	2	True				
ANR	1402257	Statement	","	168:123:8145:8145	1402213	3	True				
ANR	1402258	Statement	0x4801897AL	168:124:8146:8156	1402213	4	True				
ANR	1402259	Statement	","	168:136:8158:8158	1402213	7	True				
ANR	1402260	CompoundStatement		2:137:138:138	1402213	8					
ANR	1402261	Statement	(	168:138:8160:8160	1402213	0	True				
ANR	1402262	Statement	-	168:139:8161:8161	1402213	1	True				
ANR	1402263	Statement	1L	168:140:8162:8163	1402213	2	True				
ANR	1402264	Statement	)	168:142:8164:8164	1402213	3	True				
ANR	1402265	Statement	","	168:143:8165:8165	1402213	4	True				
ANR	1402266	Statement	0x72FD4914L	168:144:8166:8176	1402213	5	True				
ANR	1402267	Statement	","	168:155:8177:8177	1402213	6	True				
ANR	1402268	Statement	0xA12B57E8L	168:156:8178:8188	1402213	7	True				
ANR	1402269	ExpressionStatement		168:169:8191:8191	1402213	10	True				
ANR	1402270	IdentifierDeclStatement	int * _d5dde46edd6ed741ffe4511ac98b4ece = ( void * ) 0 ;	169:4:8197:8246	1402213	11	True				
ANR	1402271	IdentifierDecl	* _d5dde46edd6ed741ffe4511ac98b4ece = ( void * ) 0		1402213	0					
ANR	1402272	IdentifierDeclType	int *		1402213	0					
ANR	1402273	Identifier	_d5dde46edd6ed741ffe4511ac98b4ece		1402213	1					
ANR	1402274	AssignmentExpression	* _d5dde46edd6ed741ffe4511ac98b4ece = ( void * ) 0		1402213	2		=			
ANR	1402275	Identifier	_d5dde46edd6ed741ffe4511ac98b4ece		1402213	0					
ANR	1402276	CastExpression	( void * ) 0		1402213	1					
ANR	1402277	CastTarget	void *		1402213	0					
ANR	1402278	PrimaryExpression	0		1402213	1					
ANR	1402279	IdentifierDeclStatement	"int i , j ;"	170:4:8252:8260	1402213	12	True				
ANR	1402280	IdentifierDecl	i		1402213	0					
ANR	1402281	IdentifierDeclType	int		1402213	0					
ANR	1402282	Identifier	i		1402213	1					
ANR	1402283	IdentifierDecl	j		1402213	1					
ANR	1402284	IdentifierDeclType	int		1402213	0					
ANR	1402285	Identifier	j		1402213	1					
ANR	1402286	ForStatement	for ( _c0d2e3f8daccd034259f6241c9f17dbf = 0 ; ( _c0d2e3f8daccd034259f6241c9f17dbf <= 2 ) ; _c0d2e3f8daccd034259f6241c9f17dbf += 1 )		1402213	13					
ANR	1402287	ForInit	_c0d2e3f8daccd034259f6241c9f17dbf = 0 ;	171:9:8271:8308	1402213	0	True				
ANR	1402288	AssignmentExpression	_c0d2e3f8daccd034259f6241c9f17dbf = 0		1402213	0		=			
ANR	1402289	Identifier	_c0d2e3f8daccd034259f6241c9f17dbf		1402213	0					
ANR	1402290	PrimaryExpression	0		1402213	1					
ANR	1402291	Condition	_c0d2e3f8daccd034259f6241c9f17dbf <= 2	171:48:8310:8349	1402213	1	True				
ANR	1402292	RelationalExpression	_c0d2e3f8daccd034259f6241c9f17dbf <= 2		1402213	0		<=			
ANR	1402293	Identifier	_c0d2e3f8daccd034259f6241c9f17dbf		1402213	0					
ANR	1402294	PrimaryExpression	2		1402213	1					
ANR	1402295	AssignmentExpression	_c0d2e3f8daccd034259f6241c9f17dbf += 1	171:90:8352:8389	1402213	2	True	+=			
ANR	1402296	Identifier	_c0d2e3f8daccd034259f6241c9f17dbf		1402213	0					
ANR	1402297	PrimaryExpression	1		1402213	1					
ANR	1402298	CompoundStatement		9:8:523:598	1402213	3					
ANR	1402299	IdentifierDeclStatement	int * * _fe31011262a867130273705589dc7971 = & _d5dde46edd6ed741ffe4511ac98b4ece ;	173:8:8406:8482	1402213	0	True				
ANR	1402300	IdentifierDecl	* * _fe31011262a867130273705589dc7971 = & _d5dde46edd6ed741ffe4511ac98b4ece		1402213	0					
ANR	1402301	IdentifierDeclType	int * *		1402213	0					
ANR	1402302	Identifier	_fe31011262a867130273705589dc7971		1402213	1					
ANR	1402303	AssignmentExpression	* * _fe31011262a867130273705589dc7971 = & _d5dde46edd6ed741ffe4511ac98b4ece		1402213	2		=			
ANR	1402304	Identifier	_fe31011262a867130273705589dc7971		1402213	0					
ANR	1402305	UnaryOperationExpression	& _d5dde46edd6ed741ffe4511ac98b4ece		1402213	1					
ANR	1402306	UnaryOperator	&		1402213	0					
ANR	1402307	Identifier	_d5dde46edd6ed741ffe4511ac98b4ece		1402213	1					
ANR	1402308	IdentifierDeclStatement	int _da40226c231d1c26ed592658eb43324f = 1L ;	174:8:8492:8534	1402213	1	True				
ANR	1402309	IdentifierDecl	_da40226c231d1c26ed592658eb43324f = 1L		1402213	0					
ANR	1402310	IdentifierDeclType	int		1402213	0					
ANR	1402311	Identifier	_da40226c231d1c26ed592658eb43324f		1402213	1					
ANR	1402312	AssignmentExpression	_da40226c231d1c26ed592658eb43324f = 1L		1402213	2		=			
ANR	1402313	Identifier	_da40226c231d1c26ed592658eb43324f		1402213	0					
ANR	1402314	PrimaryExpression	1L		1402213	1					
ANR	1402315	IdentifierDeclStatement	int * _667bfced3edc86b803827b0cb8740266 = & _da40226c231d1c26ed592658eb43324f ;	175:8:8544:8619	1402213	2	True				
ANR	1402316	IdentifierDecl	* _667bfced3edc86b803827b0cb8740266 = & _da40226c231d1c26ed592658eb43324f		1402213	0					
ANR	1402317	IdentifierDeclType	int *		1402213	0					
ANR	1402318	Identifier	_667bfced3edc86b803827b0cb8740266		1402213	1					
ANR	1402319	AssignmentExpression	* _667bfced3edc86b803827b0cb8740266 = & _da40226c231d1c26ed592658eb43324f		1402213	2		=			
ANR	1402320	Identifier	_667bfced3edc86b803827b0cb8740266		1402213	0					
ANR	1402321	UnaryOperationExpression	& _da40226c231d1c26ed592658eb43324f		1402213	1					
ANR	1402322	UnaryOperator	&		1402213	0					
ANR	1402323	Identifier	_da40226c231d1c26ed592658eb43324f		1402213	1					
ANR	1402324	ExpressionStatement	( * _fe31011262a867130273705589dc7971 ) = _d5dde46edd6ed741ffe4511ac98b4ece	176:8:8629:8701	1402213	3	True				
ANR	1402325	AssignmentExpression	( * _fe31011262a867130273705589dc7971 ) = _d5dde46edd6ed741ffe4511ac98b4ece		1402213	0		=			
ANR	1402326	UnaryOperationExpression	* _fe31011262a867130273705589dc7971		1402213	0					
ANR	1402327	UnaryOperator	*		1402213	0					
ANR	1402328	Identifier	_fe31011262a867130273705589dc7971		1402213	1					
ANR	1402329	Identifier	_d5dde46edd6ed741ffe4511ac98b4ece		1402213	1					
ANR	1402330	ExpressionStatement	( * _667bfced3edc86b803827b0cb8740266 ) = ( ( short ) ( ( ( short ) ( ( ( ( _d5dde46edd6ed741ffe4511ac98b4ece == _d5dde46edd6ed741ffe4511ac98b4ece ) > _44259ca6a490a7efae613b0cea29f280 ) > _44259ca6a490a7efae613b0cea29f280 ) <= _c0d2e3f8daccd034259f6241c9f17dbf ) % ( short ) _c0d2e3f8daccd034259f6241c9f17dbf ) && 0x75A5L ) - ( short ) 65535UL )	177:8:8711:9028	1402213	4	True				
ANR	1402331	AssignmentExpression	( * _667bfced3edc86b803827b0cb8740266 ) = ( ( short ) ( ( ( short ) ( ( ( ( _d5dde46edd6ed741ffe4511ac98b4ece == _d5dde46edd6ed741ffe4511ac98b4ece ) > _44259ca6a490a7efae613b0cea29f280 ) > _44259ca6a490a7efae613b0cea29f280 ) <= _c0d2e3f8daccd034259f6241c9f17dbf ) % ( short ) _c0d2e3f8daccd034259f6241c9f17dbf ) && 0x75A5L ) - ( short ) 65535UL )		1402213	0		=			
ANR	1402332	UnaryOperationExpression	* _667bfced3edc86b803827b0cb8740266		1402213	0					
ANR	1402333	UnaryOperator	*		1402213	0					
ANR	1402334	Identifier	_667bfced3edc86b803827b0cb8740266		1402213	1					
ANR	1402335	AdditiveExpression	( short ) ( ( ( short ) ( ( ( ( _d5dde46edd6ed741ffe4511ac98b4ece == _d5dde46edd6ed741ffe4511ac98b4ece ) > _44259ca6a490a7efae613b0cea29f280 ) > _44259ca6a490a7efae613b0cea29f280 ) <= _c0d2e3f8daccd034259f6241c9f17dbf ) % ( short ) _c0d2e3f8daccd034259f6241c9f17dbf ) && 0x75A5L ) - ( short ) 65535UL		1402213	1		-			
ANR	1402336	CastExpression	( short ) ( ( ( short ) ( ( ( ( _d5dde46edd6ed741ffe4511ac98b4ece == _d5dde46edd6ed741ffe4511ac98b4ece ) > _44259ca6a490a7efae613b0cea29f280 ) > _44259ca6a490a7efae613b0cea29f280 ) <= _c0d2e3f8daccd034259f6241c9f17dbf ) % ( short ) _c0d2e3f8daccd034259f6241c9f17dbf ) && 0x75A5L )		1402213	0					
ANR	1402337	CastTarget	short		1402213	0					
ANR	1402338	AndExpression	( ( short ) ( ( ( ( _d5dde46edd6ed741ffe4511ac98b4ece == _d5dde46edd6ed741ffe4511ac98b4ece ) > _44259ca6a490a7efae613b0cea29f280 ) > _44259ca6a490a7efae613b0cea29f280 ) <= _c0d2e3f8daccd034259f6241c9f17dbf ) % ( short ) _c0d2e3f8daccd034259f6241c9f17dbf ) && 0x75A5L		1402213	1		&&			
ANR	1402339	MultiplicativeExpression	( short ) ( ( ( ( _d5dde46edd6ed741ffe4511ac98b4ece == _d5dde46edd6ed741ffe4511ac98b4ece ) > _44259ca6a490a7efae613b0cea29f280 ) > _44259ca6a490a7efae613b0cea29f280 ) <= _c0d2e3f8daccd034259f6241c9f17dbf ) % ( short ) _c0d2e3f8daccd034259f6241c9f17dbf		1402213	0		%			
ANR	1402340	CastExpression	( short ) ( ( ( ( _d5dde46edd6ed741ffe4511ac98b4ece == _d5dde46edd6ed741ffe4511ac98b4ece ) > _44259ca6a490a7efae613b0cea29f280 ) > _44259ca6a490a7efae613b0cea29f280 ) <= _c0d2e3f8daccd034259f6241c9f17dbf )		1402213	0					
ANR	1402341	CastTarget	short		1402213	0					
ANR	1402342	RelationalExpression	( ( ( _d5dde46edd6ed741ffe4511ac98b4ece == _d5dde46edd6ed741ffe4511ac98b4ece ) > _44259ca6a490a7efae613b0cea29f280 ) > _44259ca6a490a7efae613b0cea29f280 ) <= _c0d2e3f8daccd034259f6241c9f17dbf		1402213	1		<=			
ANR	1402343	RelationalExpression	( ( _d5dde46edd6ed741ffe4511ac98b4ece == _d5dde46edd6ed741ffe4511ac98b4ece ) > _44259ca6a490a7efae613b0cea29f280 ) > _44259ca6a490a7efae613b0cea29f280		1402213	0		>			
ANR	1402344	RelationalExpression	( _d5dde46edd6ed741ffe4511ac98b4ece == _d5dde46edd6ed741ffe4511ac98b4ece ) > _44259ca6a490a7efae613b0cea29f280		1402213	0		>			
ANR	1402345	EqualityExpression	_d5dde46edd6ed741ffe4511ac98b4ece == _d5dde46edd6ed741ffe4511ac98b4ece		1402213	0		==			
ANR	1402346	Identifier	_d5dde46edd6ed741ffe4511ac98b4ece		1402213	0					
ANR	1402347	Identifier	_d5dde46edd6ed741ffe4511ac98b4ece		1402213	1					
ANR	1402348	Identifier	_44259ca6a490a7efae613b0cea29f280		1402213	1					
ANR	1402349	Identifier	_44259ca6a490a7efae613b0cea29f280		1402213	1					
ANR	1402350	Identifier	_c0d2e3f8daccd034259f6241c9f17dbf		1402213	1					
ANR	1402351	CastExpression	( short ) _c0d2e3f8daccd034259f6241c9f17dbf		1402213	1					
ANR	1402352	CastTarget	short		1402213	0					
ANR	1402353	Identifier	_c0d2e3f8daccd034259f6241c9f17dbf		1402213	1					
ANR	1402354	PrimaryExpression	0x75A5L		1402213	1					
ANR	1402355	CastExpression	( short ) 65535UL		1402213	1					
ANR	1402356	CastTarget	short		1402213	0					
ANR	1402357	PrimaryExpression	65535UL		1402213	1					
ANR	1402358	IfStatement	if ( _85c617d839e55b93eba7f24b7ac7b50f [ 1 ] [ 0 ] )		1402213	5					
ANR	1402359	Condition	_85c617d839e55b93eba7f24b7ac7b50f [ 1 ] [ 0 ]	178:12:9042:9080	1402213	0	True				
ANR	1402360	ArrayIndexing	_85c617d839e55b93eba7f24b7ac7b50f [ 1 ] [ 0 ]		1402213	0					
ANR	1402361	ArrayIndexing	_85c617d839e55b93eba7f24b7ac7b50f [ 1 ]		1402213	0					
ANR	1402362	Identifier	_85c617d839e55b93eba7f24b7ac7b50f		1402213	0					
ANR	1402363	PrimaryExpression	1		1402213	1					
ANR	1402364	PrimaryExpression	0		1402213	1					
ANR	1402365	ContinueStatement	continue ;	179:12:9095:9103	1402213	1	True				
ANR	1402366	IfStatement	if ( ( ( unsigned char ) ( ( int ) ( ( ( int ) ( _d5dde46edd6ed741ffe4511ac98b4ece != ( void * ) 0 ) % ( int ) _c0d2e3f8daccd034259f6241c9f17dbf ) < 0xC1L ) + ( int ) ( - 1L ) ) / ( unsigned char ) _44259ca6a490a7efae613b0cea29f280 ) )		1402213	14					
ANR	1402367	Condition	( unsigned char ) ( ( int ) ( ( ( int ) ( _d5dde46edd6ed741ffe4511ac98b4ece != ( void * ) 0 ) % ( int ) _c0d2e3f8daccd034259f6241c9f17dbf ) < 0xC1L ) + ( int ) ( - 1L ) ) / ( unsigned char ) _44259ca6a490a7efae613b0cea29f280	181:8:9119:9311	1402213	0	True				
ANR	1402368	MultiplicativeExpression	( unsigned char ) ( ( int ) ( ( ( int ) ( _d5dde46edd6ed741ffe4511ac98b4ece != ( void * ) 0 ) % ( int ) _c0d2e3f8daccd034259f6241c9f17dbf ) < 0xC1L ) + ( int ) ( - 1L ) ) / ( unsigned char ) _44259ca6a490a7efae613b0cea29f280		1402213	0		/			
ANR	1402369	CastExpression	( unsigned char ) ( ( int ) ( ( ( int ) ( _d5dde46edd6ed741ffe4511ac98b4ece != ( void * ) 0 ) % ( int ) _c0d2e3f8daccd034259f6241c9f17dbf ) < 0xC1L ) + ( int ) ( - 1L ) )		1402213	0					
ANR	1402370	CastTarget	unsigned char		1402213	0					
ANR	1402371	AdditiveExpression	( int ) ( ( ( int ) ( _d5dde46edd6ed741ffe4511ac98b4ece != ( void * ) 0 ) % ( int ) _c0d2e3f8daccd034259f6241c9f17dbf ) < 0xC1L ) + ( int ) ( - 1L )		1402213	1		+			
ANR	1402372	CastExpression	( int ) ( ( ( int ) ( _d5dde46edd6ed741ffe4511ac98b4ece != ( void * ) 0 ) % ( int ) _c0d2e3f8daccd034259f6241c9f17dbf ) < 0xC1L )		1402213	0					
ANR	1402373	CastTarget	int		1402213	0					
ANR	1402374	RelationalExpression	( ( int ) ( _d5dde46edd6ed741ffe4511ac98b4ece != ( void * ) 0 ) % ( int ) _c0d2e3f8daccd034259f6241c9f17dbf ) < 0xC1L		1402213	1		<			
ANR	1402375	MultiplicativeExpression	( int ) ( _d5dde46edd6ed741ffe4511ac98b4ece != ( void * ) 0 ) % ( int ) _c0d2e3f8daccd034259f6241c9f17dbf		1402213	0		%			
ANR	1402376	CastExpression	( int ) ( _d5dde46edd6ed741ffe4511ac98b4ece != ( void * ) 0 )		1402213	0					
ANR	1402377	CastTarget	int		1402213	0					
ANR	1402378	EqualityExpression	_d5dde46edd6ed741ffe4511ac98b4ece != ( void * ) 0		1402213	1		!=			
ANR	1402379	Identifier	_d5dde46edd6ed741ffe4511ac98b4ece		1402213	0					
ANR	1402380	CastExpression	( void * ) 0		1402213	1					
ANR	1402381	CastTarget	void *		1402213	0					
ANR	1402382	PrimaryExpression	0		1402213	1					
ANR	1402383	CastExpression	( int ) _c0d2e3f8daccd034259f6241c9f17dbf		1402213	1					
ANR	1402384	CastTarget	int		1402213	0					
ANR	1402385	Identifier	_c0d2e3f8daccd034259f6241c9f17dbf		1402213	1					
ANR	1402386	PrimaryExpression	0xC1L		1402213	1					
ANR	1402387	CastExpression	( int ) ( - 1L )		1402213	1					
ANR	1402388	CastTarget	int		1402213	0					
ANR	1402389	UnaryOperationExpression	- 1L		1402213	1					
ANR	1402390	UnaryOperator	-		1402213	0					
ANR	1402391	PrimaryExpression	1L		1402213	1					
ANR	1402392	CastExpression	( unsigned char ) _44259ca6a490a7efae613b0cea29f280		1402213	1					
ANR	1402393	CastTarget	unsigned char		1402213	0					
ANR	1402394	Identifier	_44259ca6a490a7efae613b0cea29f280		1402213	1					
ANR	1402395	CompoundStatement		20:8:1804:1812	1402213	1					
ANR	1402396	IdentifierDeclStatement	int _7d44282aa5dc8465ca4bfebe5144b4b7 = 0L ;	183:8:9328:9370	1402213	0	True				
ANR	1402397	IdentifierDecl	_7d44282aa5dc8465ca4bfebe5144b4b7 = 0L		1402213	0					
ANR	1402398	IdentifierDeclType	int		1402213	0					
ANR	1402399	Identifier	_7d44282aa5dc8465ca4bfebe5144b4b7		1402213	1					
ANR	1402400	AssignmentExpression	_7d44282aa5dc8465ca4bfebe5144b4b7 = 0L		1402213	2		=			
ANR	1402401	Identifier	_7d44282aa5dc8465ca4bfebe5144b4b7		1402213	0					
ANR	1402402	PrimaryExpression	0L		1402213	1					
ANR	1402403	IdentifierDeclStatement	int * _f25180727ac3b7a88029d470b9bbdff0 = & _7d44282aa5dc8465ca4bfebe5144b4b7 ;	184:8:9380:9455	1402213	1	True				
ANR	1402404	IdentifierDecl	* _f25180727ac3b7a88029d470b9bbdff0 = & _7d44282aa5dc8465ca4bfebe5144b4b7		1402213	0					
ANR	1402405	IdentifierDeclType	int *		1402213	0					
ANR	1402406	Identifier	_f25180727ac3b7a88029d470b9bbdff0		1402213	1					
ANR	1402407	AssignmentExpression	* _f25180727ac3b7a88029d470b9bbdff0 = & _7d44282aa5dc8465ca4bfebe5144b4b7		1402213	2		=			
ANR	1402408	Identifier	_f25180727ac3b7a88029d470b9bbdff0		1402213	0					
ANR	1402409	UnaryOperationExpression	& _7d44282aa5dc8465ca4bfebe5144b4b7		1402213	1					
ANR	1402410	UnaryOperator	&		1402213	0					
ANR	1402411	Identifier	_7d44282aa5dc8465ca4bfebe5144b4b7		1402213	1					
ANR	1402412	Statement	int	185:8:9465:9467	1402213	2	True				
ANR	1402413	Statement	*	185:12:9469:9469	1402213	3	True				
ANR	1402414	Statement	*	185:13:9470:9470	1402213	4	True				
ANR	1402415	Statement	_37897aa9b3e0681c3011b207fe932a9d	185:14:9471:9503	1402213	5	True				
ANR	1402416	Statement	[	185:47:9504:9504	1402213	6	True				
ANR	1402417	Statement	5	185:48:9505:9505	1402213	7	True				
ANR	1402418	Statement	]	185:49:9506:9506	1402213	8	True				
ANR	1402419	Statement	[	185:50:9507:9507	1402213	9	True				
ANR	1402420	Statement	3	185:51:9508:9508	1402213	10	True				
ANR	1402421	Statement	]	185:52:9509:9509	1402213	11	True				
ANR	1402422	Statement	=	185:54:9511:9511	1402213	12	True				
ANR	1402423	CompoundStatement		19:56:1492:1492	1402213	13					
ANR	1402424	CompoundStatement		19:57:1493:1493	1402213	0					
ANR	1402425	Statement	(	185:58:9515:9515	1402213	0	True				
ANR	1402426	Statement	void	185:59:9516:9519	1402213	1	True				
ANR	1402427	Statement	*	185:63:9520:9520	1402213	2	True				
ANR	1402428	Statement	)	185:64:9521:9521	1402213	3	True				
ANR	1402429	Statement	0	185:65:9522:9522	1402213	4	True				
ANR	1402430	Statement	","	185:66:9523:9523	1402213	5	True				
ANR	1402431	Statement	(	185:67:9524:9524	1402213	6	True				
ANR	1402432	Statement	void	185:68:9525:9528	1402213	7	True				
ANR	1402433	Statement	*	185:72:9529:9529	1402213	8	True				
ANR	1402434	Statement	)	185:73:9530:9530	1402213	9	True				
ANR	1402435	Statement	0	185:74:9531:9531	1402213	10	True				
ANR	1402436	Statement	","	185:75:9532:9532	1402213	11	True				
ANR	1402437	Statement	(	185:76:9533:9533	1402213	12	True				
ANR	1402438	Statement	void	185:77:9534:9537	1402213	13	True				
ANR	1402439	Statement	*	185:81:9538:9538	1402213	14	True				
ANR	1402440	Statement	)	185:82:9539:9539	1402213	15	True				
ANR	1402441	Statement	0	185:83:9540:9540	1402213	16	True				
ANR	1402442	Statement	","	185:85:9542:9542	1402213	1	True				
ANR	1402443	CompoundStatement		19:86:1522:1522	1402213	2					
ANR	1402444	Statement	&	185:87:9544:9544	1402213	0	True				
ANR	1402445	Statement	_d5dde46edd6ed741ffe4511ac98b4ece	185:88:9545:9577	1402213	1	True				
ANR	1402446	Statement	","	185:121:9578:9578	1402213	2	True				
ANR	1402447	Statement	&	185:122:9579:9579	1402213	3	True				
ANR	1402448	Statement	_d5dde46edd6ed741ffe4511ac98b4ece	185:123:9580:9612	1402213	4	True				
ANR	1402449	Statement	","	185:156:9613:9613	1402213	5	True				
ANR	1402450	Statement	&	185:157:9614:9614	1402213	6	True				
ANR	1402451	Statement	_d5dde46edd6ed741ffe4511ac98b4ece	185:158:9615:9647	1402213	7	True				
ANR	1402452	Statement	","	185:192:9649:9649	1402213	3	True				
ANR	1402453	CompoundStatement		19:193:1629:1629	1402213	4					
ANR	1402454	Statement	(	185:194:9651:9651	1402213	0	True				
ANR	1402455	Statement	void	185:195:9652:9655	1402213	1	True				
ANR	1402456	Statement	*	185:199:9656:9656	1402213	2	True				
ANR	1402457	Statement	)	185:200:9657:9657	1402213	3	True				
ANR	1402458	Statement	0	185:201:9658:9658	1402213	4	True				
ANR	1402459	Statement	","	185:202:9659:9659	1402213	5	True				
ANR	1402460	Statement	(	185:203:9660:9660	1402213	6	True				
ANR	1402461	Statement	void	185:204:9661:9664	1402213	7	True				
ANR	1402462	Statement	*	185:208:9665:9665	1402213	8	True				
ANR	1402463	Statement	)	185:209:9666:9666	1402213	9	True				
ANR	1402464	Statement	0	185:210:9667:9667	1402213	10	True				
ANR	1402465	Statement	","	185:211:9668:9668	1402213	11	True				
ANR	1402466	Statement	(	185:212:9669:9669	1402213	12	True				
ANR	1402467	Statement	void	185:213:9670:9673	1402213	13	True				
ANR	1402468	Statement	*	185:217:9674:9674	1402213	14	True				
ANR	1402469	Statement	)	185:218:9675:9675	1402213	15	True				
ANR	1402470	Statement	0	185:219:9676:9676	1402213	16	True				
ANR	1402471	Statement	","	185:221:9678:9678	1402213	5	True				
ANR	1402472	CompoundStatement		19:222:1658:1658	1402213	6					
ANR	1402473	Statement	&	185:223:9680:9680	1402213	0	True				
ANR	1402474	Statement	_d5dde46edd6ed741ffe4511ac98b4ece	185:224:9681:9713	1402213	1	True				
ANR	1402475	Statement	","	185:257:9714:9714	1402213	2	True				
ANR	1402476	Statement	&	185:258:9715:9715	1402213	3	True				
ANR	1402477	Statement	_d5dde46edd6ed741ffe4511ac98b4ece	185:259:9716:9748	1402213	4	True				
ANR	1402478	Statement	","	185:292:9749:9749	1402213	5	True				
ANR	1402479	Statement	&	185:293:9750:9750	1402213	6	True				
ANR	1402480	Statement	_d5dde46edd6ed741ffe4511ac98b4ece	185:294:9751:9783	1402213	7	True				
ANR	1402481	Statement	","	185:328:9785:9785	1402213	7	True				
ANR	1402482	CompoundStatement		19:329:1765:1765	1402213	8					
ANR	1402483	Statement	(	185:330:9787:9787	1402213	0	True				
ANR	1402484	Statement	void	185:331:9788:9791	1402213	1	True				
ANR	1402485	Statement	*	185:335:9792:9792	1402213	2	True				
ANR	1402486	Statement	)	185:336:9793:9793	1402213	3	True				
ANR	1402487	Statement	0	185:337:9794:9794	1402213	4	True				
ANR	1402488	Statement	","	185:338:9795:9795	1402213	5	True				
ANR	1402489	Statement	(	185:339:9796:9796	1402213	6	True				
ANR	1402490	Statement	void	185:340:9797:9800	1402213	7	True				
ANR	1402491	Statement	*	185:344:9801:9801	1402213	8	True				
ANR	1402492	Statement	)	185:345:9802:9802	1402213	9	True				
ANR	1402493	Statement	0	185:346:9803:9803	1402213	10	True				
ANR	1402494	Statement	","	185:347:9804:9804	1402213	11	True				
ANR	1402495	Statement	(	185:348:9805:9805	1402213	12	True				
ANR	1402496	Statement	void	185:349:9806:9809	1402213	13	True				
ANR	1402497	Statement	*	185:353:9810:9810	1402213	14	True				
ANR	1402498	Statement	)	185:354:9811:9811	1402213	15	True				
ANR	1402499	Statement	0	185:355:9812:9812	1402213	16	True				
ANR	1402500	ExpressionStatement		185:358:9815:9815	1402213	14	True				
ANR	1402501	IdentifierDeclStatement	"int i , j ;"	186:8:9825:9833	1402213	15	True				
ANR	1402502	IdentifierDecl	i		1402213	0					
ANR	1402503	IdentifierDeclType	int		1402213	0					
ANR	1402504	Identifier	i		1402213	1					
ANR	1402505	IdentifierDecl	j		1402213	1					
ANR	1402506	IdentifierDeclType	int		1402213	0					
ANR	1402507	Identifier	j		1402213	1					
ANR	1402508	ExpressionStatement	_d5dde46edd6ed741ffe4511ac98b4ece = _f25180727ac3b7a88029d470b9bbdff0	187:8:9843:9912	1402213	16	True				
ANR	1402509	AssignmentExpression	_d5dde46edd6ed741ffe4511ac98b4ece = _f25180727ac3b7a88029d470b9bbdff0		1402213	0		=			
ANR	1402510	Identifier	_d5dde46edd6ed741ffe4511ac98b4ece		1402213	0					
ANR	1402511	Identifier	_f25180727ac3b7a88029d470b9bbdff0		1402213	1					
ANR	1402512	ExpressionStatement	_d5dde46edd6ed741ffe4511ac98b4ece = _d5dde46edd6ed741ffe4511ac98b4ece	188:8:9922:9991	1402213	17	True				
ANR	1402513	AssignmentExpression	_d5dde46edd6ed741ffe4511ac98b4ece = _d5dde46edd6ed741ffe4511ac98b4ece		1402213	0		=			
ANR	1402514	Identifier	_d5dde46edd6ed741ffe4511ac98b4ece		1402213	0					
ANR	1402515	Identifier	_d5dde46edd6ed741ffe4511ac98b4ece		1402213	1					
ANR	1402516	ExpressionStatement	( * _d5dde46edd6ed741ffe4511ac98b4ece ) = ( ( unsigned short ) 65530UL << ( unsigned short ) 2 )	189:8:10001:10086	1402213	18	True				
ANR	1402517	AssignmentExpression	( * _d5dde46edd6ed741ffe4511ac98b4ece ) = ( ( unsigned short ) 65530UL << ( unsigned short ) 2 )		1402213	0		=			
ANR	1402518	UnaryOperationExpression	* _d5dde46edd6ed741ffe4511ac98b4ece		1402213	0					
ANR	1402519	UnaryOperator	*		1402213	0					
ANR	1402520	Identifier	_d5dde46edd6ed741ffe4511ac98b4ece		1402213	1					
ANR	1402521	ShiftExpression	( unsigned short ) 65530UL << ( unsigned short ) 2		1402213	1		<<			
ANR	1402522	CastExpression	( unsigned short ) 65530UL		1402213	0					
ANR	1402523	CastTarget	unsigned short		1402213	0					
ANR	1402524	PrimaryExpression	65530UL		1402213	1					
ANR	1402525	CastExpression	( unsigned short ) 2		1402213	1					
ANR	1402526	CastTarget	unsigned short		1402213	0					
ANR	1402527	PrimaryExpression	2		1402213	1					
ANR	1402528	ReturnStatement	return _c0d2e3f8daccd034259f6241c9f17dbf ;	190:8:10096:10136	1402213	19	True				
ANR	1402529	Identifier	_c0d2e3f8daccd034259f6241c9f17dbf		1402213	0					
ANR	1402530	ElseStatement	else		1402213	0					
ANR	1402531	CompoundStatement		32:8:2433:2508	1402213	0					
ANR	1402532	IdentifierDeclStatement	int * * _c09115b46b3f7bdcb470b7e3b50d21e2 = & _d5dde46edd6ed741ffe4511ac98b4ece ;	194:8:10167:10243	1402213	0	True				
ANR	1402533	IdentifierDecl	* * _c09115b46b3f7bdcb470b7e3b50d21e2 = & _d5dde46edd6ed741ffe4511ac98b4ece		1402213	0					
ANR	1402534	IdentifierDeclType	int * *		1402213	0					
ANR	1402535	Identifier	_c09115b46b3f7bdcb470b7e3b50d21e2		1402213	1					
ANR	1402536	AssignmentExpression	* * _c09115b46b3f7bdcb470b7e3b50d21e2 = & _d5dde46edd6ed741ffe4511ac98b4ece		1402213	2		=			
ANR	1402537	Identifier	_c09115b46b3f7bdcb470b7e3b50d21e2		1402213	0					
ANR	1402538	UnaryOperationExpression	& _d5dde46edd6ed741ffe4511ac98b4ece		1402213	1					
ANR	1402539	UnaryOperator	&		1402213	0					
ANR	1402540	Identifier	_d5dde46edd6ed741ffe4511ac98b4ece		1402213	1					
ANR	1402541	IdentifierDeclStatement	int * * * _a36c2694e2254132dda69e3979b840a0 = ( void * ) 0 ;	195:8:10253:10304	1402213	1	True				
ANR	1402542	IdentifierDecl	* * * _a36c2694e2254132dda69e3979b840a0 = ( void * ) 0		1402213	0					
ANR	1402543	IdentifierDeclType	int * * *		1402213	0					
ANR	1402544	Identifier	_a36c2694e2254132dda69e3979b840a0		1402213	1					
ANR	1402545	AssignmentExpression	* * * _a36c2694e2254132dda69e3979b840a0 = ( void * ) 0		1402213	2		=			
ANR	1402546	Identifier	_a36c2694e2254132dda69e3979b840a0		1402213	0					
ANR	1402547	CastExpression	( void * ) 0		1402213	1					
ANR	1402548	CastTarget	void *		1402213	0					
ANR	1402549	PrimaryExpression	0		1402213	1					
ANR	1402550	IdentifierDeclStatement	int * * * * _527d3a093c05c5b342a57e18eadf7c5d = & _a36c2694e2254132dda69e3979b840a0 ;	196:8:10314:10392	1402213	2	True				
ANR	1402551	IdentifierDecl	* * * * _527d3a093c05c5b342a57e18eadf7c5d = & _a36c2694e2254132dda69e3979b840a0		1402213	0					
ANR	1402552	IdentifierDeclType	int * * * *		1402213	0					
ANR	1402553	Identifier	_527d3a093c05c5b342a57e18eadf7c5d		1402213	1					
ANR	1402554	AssignmentExpression	* * * * _527d3a093c05c5b342a57e18eadf7c5d = & _a36c2694e2254132dda69e3979b840a0		1402213	2		=			
ANR	1402555	Identifier	_527d3a093c05c5b342a57e18eadf7c5d		1402213	0					
ANR	1402556	UnaryOperationExpression	& _a36c2694e2254132dda69e3979b840a0		1402213	1					
ANR	1402557	UnaryOperator	&		1402213	0					
ANR	1402558	Identifier	_a36c2694e2254132dda69e3979b840a0		1402213	1					
ANR	1402559	IdentifierDeclStatement	int _b3397b782214c9545c36c808bb1454a5 = 8L ;	197:8:10402:10444	1402213	3	True				
ANR	1402560	IdentifierDecl	_b3397b782214c9545c36c808bb1454a5 = 8L		1402213	0					
ANR	1402561	IdentifierDeclType	int		1402213	0					
ANR	1402562	Identifier	_b3397b782214c9545c36c808bb1454a5		1402213	1					
ANR	1402563	AssignmentExpression	_b3397b782214c9545c36c808bb1454a5 = 8L		1402213	2		=			
ANR	1402564	Identifier	_b3397b782214c9545c36c808bb1454a5		1402213	0					
ANR	1402565	PrimaryExpression	8L		1402213	1					
ANR	1402566	IdentifierDeclStatement	int * _2a723012444159b277373d4eae40e6de = & _b3397b782214c9545c36c808bb1454a5 ;	198:8:10454:10529	1402213	4	True				
ANR	1402567	IdentifierDecl	* _2a723012444159b277373d4eae40e6de = & _b3397b782214c9545c36c808bb1454a5		1402213	0					
ANR	1402568	IdentifierDeclType	int *		1402213	0					
ANR	1402569	Identifier	_2a723012444159b277373d4eae40e6de		1402213	1					
ANR	1402570	AssignmentExpression	* _2a723012444159b277373d4eae40e6de = & _b3397b782214c9545c36c808bb1454a5		1402213	2		=			
ANR	1402571	Identifier	_2a723012444159b277373d4eae40e6de		1402213	0					
ANR	1402572	UnaryOperationExpression	& _b3397b782214c9545c36c808bb1454a5		1402213	1					
ANR	1402573	UnaryOperator	&		1402213	0					
ANR	1402574	Identifier	_b3397b782214c9545c36c808bb1454a5		1402213	1					
ANR	1402575	ExpressionStatement	( * _c09115b46b3f7bdcb470b7e3b50d21e2 ) = _d5dde46edd6ed741ffe4511ac98b4ece	199:8:10539:10611	1402213	5	True				
ANR	1402576	AssignmentExpression	( * _c09115b46b3f7bdcb470b7e3b50d21e2 ) = _d5dde46edd6ed741ffe4511ac98b4ece		1402213	0		=			
ANR	1402577	UnaryOperationExpression	* _c09115b46b3f7bdcb470b7e3b50d21e2		1402213	0					
ANR	1402578	UnaryOperator	*		1402213	0					
ANR	1402579	Identifier	_c09115b46b3f7bdcb470b7e3b50d21e2		1402213	1					
ANR	1402580	Identifier	_d5dde46edd6ed741ffe4511ac98b4ece		1402213	1					
ANR	1402581	ExpressionStatement	( * _527d3a093c05c5b342a57e18eadf7c5d ) = ( void * ) 0	200:8:10621:10668	1402213	6	True				
ANR	1402582	AssignmentExpression	( * _527d3a093c05c5b342a57e18eadf7c5d ) = ( void * ) 0		1402213	0		=			
ANR	1402583	UnaryOperationExpression	* _527d3a093c05c5b342a57e18eadf7c5d		1402213	0					
ANR	1402584	UnaryOperator	*		1402213	0					
ANR	1402585	Identifier	_527d3a093c05c5b342a57e18eadf7c5d		1402213	1					
ANR	1402586	CastExpression	( void * ) 0		1402213	1					
ANR	1402587	CastTarget	void *		1402213	0					
ANR	1402588	PrimaryExpression	0		1402213	1					
ANR	1402589	ExpressionStatement	_2a723012444159b277373d4eae40e6de = _d5dde46edd6ed741ffe4511ac98b4ece	201:8:10678:10747	1402213	7	True				
ANR	1402590	AssignmentExpression	_2a723012444159b277373d4eae40e6de = _d5dde46edd6ed741ffe4511ac98b4ece		1402213	0		=			
ANR	1402591	Identifier	_2a723012444159b277373d4eae40e6de		1402213	0					
ANR	1402592	Identifier	_d5dde46edd6ed741ffe4511ac98b4ece		1402213	1					
ANR	1402593	ReturnStatement	return _dae85b02d687da2be506b683871c094e ;	203:4:10759:10799	1402213	15	True				
ANR	1402594	Identifier	_dae85b02d687da2be506b683871c094e		1402213	0					
ANR	1402595	ReturnType	char		1402213	1					
ANR	1402596	Identifier	_8e3006afde6efd7db3323c1e846457bf		1402213	2					
ANR	1402597	ParameterList	"char _dae85b02d687da2be506b683871c094e , unsigned int _c0d2e3f8daccd034259f6241c9f17dbf , int _44259ca6a490a7efae613b0cea29f280"		1402213	3					
ANR	1402598	Parameter	char _dae85b02d687da2be506b683871c094e	166:41:7890:7928	1402213	0	True				
ANR	1402599	ParameterType	char		1402213	0					
ANR	1402600	Identifier	_dae85b02d687da2be506b683871c094e		1402213	1					
ANR	1402601	Parameter	unsigned int _c0d2e3f8daccd034259f6241c9f17dbf	166:82:7931:7977	1402213	1	True				
ANR	1402602	ParameterType	unsigned int		1402213	0					
ANR	1402603	Identifier	_c0d2e3f8daccd034259f6241c9f17dbf		1402213	1					
ANR	1402604	Parameter	int _44259ca6a490a7efae613b0cea29f280	166:131:7980:8017	1402213	2	True				
ANR	1402605	ParameterType	int		1402213	0					
ANR	1402606	Identifier	_44259ca6a490a7efae613b0cea29f280		1402213	1					
ANR	1402607	CFGEntryNode	ENTRY		1402213		True				
ANR	1402608	CFGExitNode	EXIT		1402213		True				
ANR	1402609	Symbol	* _667bfced3edc86b803827b0cb8740266		1402213						
ANR	1402610	Symbol	_f25180727ac3b7a88029d470b9bbdff0		1402213						
ANR	1402611	Symbol	* _fe31011262a867130273705589dc7971		1402213						
ANR	1402612	Symbol	& _7d44282aa5dc8465ca4bfebe5144b4b7		1402213						
ANR	1402613	Symbol	* * _85c617d839e55b93eba7f24b7ac7b50f		1402213						
ANR	1402614	Symbol	_667bfced3edc86b803827b0cb8740266		1402213						
ANR	1402615	Symbol	_2a723012444159b277373d4eae40e6de		1402213						
ANR	1402616	Symbol	& _da40226c231d1c26ed592658eb43324f		1402213						
ANR	1402617	Symbol	_fe31011262a867130273705589dc7971		1402213						
ANR	1402618	Symbol	& _a36c2694e2254132dda69e3979b840a0		1402213						
ANR	1402619	Symbol	* _527d3a093c05c5b342a57e18eadf7c5d		1402213						
ANR	1402620	Symbol	* _d5dde46edd6ed741ffe4511ac98b4ece		1402213						
ANR	1402621	Symbol	_dae85b02d687da2be506b683871c094e		1402213						
ANR	1402622	Symbol	* _85c617d839e55b93eba7f24b7ac7b50f		1402213						
ANR	1402623	Symbol	_7d44282aa5dc8465ca4bfebe5144b4b7		1402213						
ANR	1402624	Symbol	_da40226c231d1c26ed592658eb43324f		1402213						
ANR	1402625	Symbol	i		1402213						
ANR	1402626	Symbol	_85c617d839e55b93eba7f24b7ac7b50f		1402213						
ANR	1402627	Symbol	j		1402213						
ANR	1402628	Symbol	_d5dde46edd6ed741ffe4511ac98b4ece		1402213						
ANR	1402629	Symbol	_527d3a093c05c5b342a57e18eadf7c5d		1402213						
ANR	1402630	Symbol	* _c09115b46b3f7bdcb470b7e3b50d21e2		1402213						
ANR	1402631	Symbol	_b3397b782214c9545c36c808bb1454a5		1402213						
ANR	1402632	Symbol	_c0d2e3f8daccd034259f6241c9f17dbf		1402213						
ANR	1402633	Symbol	_c09115b46b3f7bdcb470b7e3b50d21e2		1402213						
ANR	1402634	Symbol	& _d5dde46edd6ed741ffe4511ac98b4ece		1402213						
ANR	1402635	Symbol	& _b3397b782214c9545c36c808bb1454a5		1402213						
ANR	1402636	Symbol	_a36c2694e2254132dda69e3979b840a0		1402213						
ANR	1402637	Symbol	_44259ca6a490a7efae613b0cea29f280		1402213						
ANR	1402638	DeclStmt									
ANR	1402639	Decl							int	int	_4243bc152aa554e2bfb16328b946b461
ANR	1402640	DeclStmt									
ANR	1402641	Decl							uint32_t	uint32_t	_23a9bb15d5597f08d759fe0f83f11566
ANR	1402642	DeclStmt									
ANR	1402643	Decl							const int	const int	_7e1a91a0c11e2fc75e66e8555d4dbb40
ANR	1402644	DeclStmt									
ANR	1402645	Decl							const int	const int	_6b60bf5a1986356e194ac149fb5fd318
ANR	1402646	DeclStmt									
ANR	1402647	Decl							int	int	_89f971e5c9accafd98bd1f073d4bd686
ANR	1402648	DeclStmt									
ANR	1402649	Decl							int	int	_834da0e72058e1976c86de61cdfad012
ANR	1402650	DeclStmt									
ANR	1402651	Decl							const uint8_t	const uint8_t *	_409dcc6bb67504ad6ef61177e9476886
ANR	1402652	DeclStmt									
ANR	1402653	Decl							const int	const int	_bcece9cad63b225c19f5fb846f748874
ANR	1402654	DeclStmt									
ANR	1402655	Decl							proba_t	proba_t	_88a48a1bfe3518fbee5e821923d2355e
ANR	1402656	DeclStmt									
ANR	1402657	Decl							const _93d220ea3f51207d08f6ace3bf4d5847	const _93d220ea3f51207d08f6ace3bf4d5847 *	_88a48a1bfe3518fbee5e821923d2355e
ANR	1402658	DeclStmt									
ANR	1402659	Decl							const int	const int	_b653e526251693b8daf5f36f622444a0
ANR	1402660	DeclStmt									
ANR	1402661	Decl							int	int	_4243bc152aa554e2bfb16328b946b461
ANR	1402662	DeclStmt									
ANR	1402663	Decl							const uint16_t	const uint16_t	_ff90001badda0663a8ed218d53c8ecbd
ANR	1402664	DeclStmt									
ANR	1402665	Decl							const _93d220ea3f51207d08f6ace3bf4d5847	const _93d220ea3f51207d08f6ace3bf4d5847 *	_88a48a1bfe3518fbee5e821923d2355e
ANR	1402666	DeclStmt									
ANR	1402667	Decl							const int	const int	_b653e526251693b8daf5f36f622444a0
ANR	1402668	DeclStmt									
ANR	1402669	Decl							int	int	_4243bc152aa554e2bfb16328b946b461
ANR	1402670	DeclStmt									
ANR	1402671	Decl							const uint16_t	const uint16_t	_ff90001badda0663a8ed218d53c8ecbd
ANR	1402672	DeclStmt									
ANR	1402673	Decl							const int	const int	_a2fc544dfbfe037a5d33f7ad4041fd7d
ANR	1402674	DeclStmt									
ANR	1402675	Decl							int	int	_c3ea924f691c7bedb0cb89b3f2ce0bdd
ANR	1402676	DeclStmt									
ANR	1402677	Decl							struct sockaddr_in	struct sockaddr_in	_bc0d6211b6e8f321d22089336f3d86ba
ANR	1402678	DeclStmt									
ANR	1402679	Decl							char	char [ 2048 ]	_f7899880eaf2f3223fdd8910645367f1
ANR	1402680	DeclStmt									
ANR	1402681	Decl							FILE	FILE *	_ebba18af2454b48faf7ecf639c7e0fd8
