start	end	type	var
779081	779082	DECLARES	
779083	779084	DECLARES	
779085	779086	DECLARES	
779092	779093	IS_AST_PARENT	
779092	779094	IS_AST_PARENT	
779091	779092	IS_AST_PARENT	
779096	779097	IS_AST_PARENT	
779096	779098	IS_AST_PARENT	
779095	779096	IS_AST_PARENT	
779095	779099	IS_AST_PARENT	
779091	779095	IS_AST_PARENT	
779090	779091	IS_AST_PARENT	
779089	779090	IS_AST_PARENT	
779088	779089	IS_AST_PARENT	
779088	779100	IS_AST_PARENT	
779088	779101	IS_AST_PARENT	
779103	779104	IS_AST_PARENT	
779103	779105	IS_AST_PARENT	
779102	779103	IS_AST_PARENT	
779088	779102	IS_AST_PARENT	
779106	779103	FLOWS_TO	
779103	779090	FLOWS_TO	
779090	779107	FLOWS_TO	
779103	779108	DEF	
779090	779108	USE	
779096	779108	USE	
779090	779109	USE	
779090	779110	USE	
779090	779111	USE	
779103	779090	REACHES	_fe5b890fb42ccfd809784bd442ea1f44
779106	779103	CONTROLS	
779106	779090	CONTROLS	
779106	779103	DOM	
779090	779107	DOM	
779103	779090	DOM	
779106	779106	DOM	
779090	779103	POST_DOM	
779107	779107	POST_DOM	
779107	779090	POST_DOM	
779103	779106	POST_DOM	
779087	779088	IS_FUNCTION_OF_AST	
779087	779106	IS_FUNCTION_OF_CFG	
779080	779087	IS_FILE_OF	
779116	779117	IS_AST_PARENT	
779116	779118	IS_AST_PARENT	
779115	779116	IS_AST_PARENT	
779114	779115	IS_AST_PARENT	
779113	779114	IS_AST_PARENT	
779113	779119	IS_AST_PARENT	
779113	779120	IS_AST_PARENT	
779122	779123	IS_AST_PARENT	
779122	779124	IS_AST_PARENT	
779121	779122	IS_AST_PARENT	
779113	779121	IS_AST_PARENT	
779125	779122	FLOWS_TO	
779122	779115	FLOWS_TO	
779115	779126	FLOWS_TO	
779115	779127	DEF	
779116	779127	DEF	
779122	779128	DEF	
779115	779128	USE	
779116	779128	USE	
779122	779115	REACHES	_1d4a750994695906f7ee532b54656e65
779125	779122	CONTROLS	
779125	779115	CONTROLS	
779122	779115	DOM	
779115	779126	DOM	
779125	779122	DOM	
779125	779125	DOM	
779126	779115	POST_DOM	
779126	779126	POST_DOM	
779115	779122	POST_DOM	
779122	779125	POST_DOM	
779112	779113	IS_FUNCTION_OF_AST	
779112	779125	IS_FUNCTION_OF_CFG	
779080	779112	IS_FILE_OF	
779133	779134	IS_AST_PARENT	
779133	779135	IS_AST_PARENT	
779132	779133	IS_AST_PARENT	
779131	779132	IS_AST_PARENT	
779137	779138	IS_AST_PARENT	
779140	779141	IS_AST_PARENT	
779139	779140	IS_AST_PARENT	
779143	779144	IS_AST_PARENT	
779142	779143	IS_AST_PARENT	
779146	779147	IS_AST_PARENT	
779148	779149	IS_AST_PARENT	
779148	779150	IS_AST_PARENT	
779146	779148	IS_AST_PARENT	
779145	779146	IS_AST_PARENT	
779142	779145	IS_AST_PARENT	
779139	779142	IS_AST_PARENT	
779137	779139	IS_AST_PARENT	
779136	779137	IS_AST_PARENT	
779131	779136	IS_AST_PARENT	
779153	779154	IS_AST_PARENT	
779153	779155	IS_AST_PARENT	
779152	779153	IS_AST_PARENT	
779151	779152	IS_AST_PARENT	
779156	779157	IS_AST_PARENT	
779151	779156	IS_AST_PARENT	
779131	779151	IS_AST_PARENT	
779160	779161	IS_AST_PARENT	
779160	779162	IS_AST_PARENT	
779159	779160	IS_AST_PARENT	
779164	779165	IS_AST_PARENT	
779163	779164	IS_AST_PARENT	
779163	779166	IS_AST_PARENT	
779159	779163	IS_AST_PARENT	
779158	779159	IS_AST_PARENT	
779131	779158	IS_AST_PARENT	
779170	779171	IS_AST_PARENT	
779170	779172	IS_AST_PARENT	
779169	779170	IS_AST_PARENT	
779169	779173	IS_AST_PARENT	
779168	779169	IS_AST_PARENT	
779167	779168	IS_AST_PARENT	
779174	779175	IS_AST_PARENT	
779167	779174	IS_AST_PARENT	
779131	779167	IS_AST_PARENT	
779178	779179	IS_AST_PARENT	
779178	779180	IS_AST_PARENT	
779178	779181	IS_AST_PARENT	
779177	779178	IS_AST_PARENT	
779176	779177	IS_AST_PARENT	
779183	779184	IS_AST_PARENT	
779183	779185	IS_AST_PARENT	
779186	779187	IS_AST_PARENT	
779188	779189	IS_AST_PARENT	
779190	779191	IS_AST_PARENT	
779190	779192	IS_AST_PARENT	
779188	779190	IS_AST_PARENT	
779186	779188	IS_AST_PARENT	
779183	779186	IS_AST_PARENT	
779182	779183	IS_AST_PARENT	
779176	779182	IS_AST_PARENT	
779194	779195	IS_AST_PARENT	
779194	779196	IS_AST_PARENT	
779193	779194	IS_AST_PARENT	
779176	779193	IS_AST_PARENT	
779199	779200	IS_AST_PARENT	
779199	779201	IS_AST_PARENT	
779198	779199	IS_AST_PARENT	
779197	779198	IS_AST_PARENT	
779203	779204	IS_AST_PARENT	
779203	779205	IS_AST_PARENT	
779202	779203	IS_AST_PARENT	
779197	779202	IS_AST_PARENT	
779206	779207	IS_AST_PARENT	
779206	779208	IS_AST_PARENT	
779197	779206	IS_AST_PARENT	
779211	779212	IS_AST_PARENT	
779211	779213	IS_AST_PARENT	
779210	779211	IS_AST_PARENT	
779210	779214	IS_AST_PARENT	
779209	779210	IS_AST_PARENT	
779197	779209	IS_AST_PARENT	
779176	779197	IS_AST_PARENT	
779216	779217	IS_AST_PARENT	
779216	779218	IS_AST_PARENT	
779215	779216	IS_AST_PARENT	
779176	779215	IS_AST_PARENT	
779131	779176	IS_AST_PARENT	
779221	779222	IS_AST_PARENT	
779220	779221	IS_AST_PARENT	
779225	779226	IS_AST_PARENT	
779225	779227	IS_AST_PARENT	
779224	779225	IS_AST_PARENT	
779223	779224	IS_AST_PARENT	
779228	779229	IS_AST_PARENT	
779223	779228	IS_AST_PARENT	
779220	779223	IS_AST_PARENT	
779219	779220	IS_AST_PARENT	
779131	779219	IS_AST_PARENT	
779232	779233	IS_AST_PARENT	
779231	779232	IS_AST_PARENT	
779236	779237	IS_AST_PARENT	
779236	779238	IS_AST_PARENT	
779235	779236	IS_AST_PARENT	
779234	779235	IS_AST_PARENT	
779239	779240	IS_AST_PARENT	
779234	779239	IS_AST_PARENT	
779231	779234	IS_AST_PARENT	
779230	779231	IS_AST_PARENT	
779131	779230	IS_AST_PARENT	
779243	779244	IS_AST_PARENT	
779242	779243	IS_AST_PARENT	
779247	779248	IS_AST_PARENT	
779247	779249	IS_AST_PARENT	
779246	779247	IS_AST_PARENT	
779245	779246	IS_AST_PARENT	
779242	779245	IS_AST_PARENT	
779241	779242	IS_AST_PARENT	
779131	779241	IS_AST_PARENT	
779254	779255	IS_AST_PARENT	
779253	779254	IS_AST_PARENT	
779258	779259	IS_AST_PARENT	
779258	779260	IS_AST_PARENT	
779257	779258	IS_AST_PARENT	
779256	779257	IS_AST_PARENT	
779261	779262	IS_AST_PARENT	
779256	779261	IS_AST_PARENT	
779253	779256	IS_AST_PARENT	
779252	779253	IS_AST_PARENT	
779252	779263	IS_AST_PARENT	
779251	779252	IS_AST_PARENT	
779250	779251	IS_AST_PARENT	
779264	779265	IS_AST_PARENT	
779250	779264	IS_AST_PARENT	
779131	779250	IS_AST_PARENT	
779266	779267	IS_AST_PARENT	
779131	779266	IS_AST_PARENT	
779268	779269	IS_AST_PARENT	
779131	779268	IS_AST_PARENT	
779272	779273	IS_AST_PARENT	
779271	779272	IS_AST_PARENT	
779276	779277	IS_AST_PARENT	
779276	779278	IS_AST_PARENT	
779275	779276	IS_AST_PARENT	
779274	779275	IS_AST_PARENT	
779271	779274	IS_AST_PARENT	
779270	779271	IS_AST_PARENT	
779131	779270	IS_AST_PARENT	
779281	779282	IS_AST_PARENT	
779280	779281	IS_AST_PARENT	
779285	779286	IS_AST_PARENT	
779285	779287	IS_AST_PARENT	
779284	779285	IS_AST_PARENT	
779283	779284	IS_AST_PARENT	
779280	779283	IS_AST_PARENT	
779279	779280	IS_AST_PARENT	
779131	779279	IS_AST_PARENT	
779288	779289	IS_AST_PARENT	
779131	779288	IS_AST_PARENT	
779292	779293	IS_AST_PARENT	
779291	779292	IS_AST_PARENT	
779295	779296	IS_AST_PARENT	
779294	779295	IS_AST_PARENT	
779291	779294	IS_AST_PARENT	
779290	779291	IS_AST_PARENT	
779131	779290	IS_AST_PARENT	
779297	779298	IS_AST_PARENT	
779131	779297	IS_AST_PARENT	
779130	779131	IS_AST_PARENT	
779130	779299	IS_AST_PARENT	
779130	779300	IS_AST_PARENT	
779130	779301	IS_AST_PARENT	
779302	779132	FLOWS_TO	
779132	779136	FLOWS_TO	
779136	779152	FLOWS_TO	
779152	779156	FLOWS_TO	
779152	779158	FLOWS_TO	
779156	779303	FLOWS_TO	
779158	779168	FLOWS_TO	
779168	779174	FLOWS_TO	
779168	779177	FLOWS_TO	
779174	779288	FLOWS_TO	
779177	779182	FLOWS_TO	
779182	779193	FLOWS_TO	
779193	779198	FLOWS_TO	
779202	779209	FLOWS_TO	
779202	779215	FLOWS_TO	
779198	779202	FLOWS_TO	
779206	779202	FLOWS_TO	
779209	779206	FLOWS_TO	
779215	779219	FLOWS_TO	
779219	779230	FLOWS_TO	
779230	779241	FLOWS_TO	
779241	779251	FLOWS_TO	
779251	779264	FLOWS_TO	
779251	779266	FLOWS_TO	
779264	779268	FLOWS_TO	
779266	779303	FLOWS_TO	
779268	779270	FLOWS_TO	
779270	779279	FLOWS_TO	
779279	779288	FLOWS_TO	
779288	779290	FLOWS_TO	
779290	779297	FLOWS_TO	
779297	779303	FLOWS_TO	
779152	779304	USE	
779156	779304	USE	
779168	779304	USE	
779297	779304	USE	
779193	779305	DEF	
779194	779305	DEF	
779202	779305	USE	
779198	779305	DEF	
779199	779305	DEF	
779206	779305	DEF	
779206	779305	USE	
779209	779305	USE	
779211	779305	USE	
779136	779306	USE	
779137	779306	USE	
779182	779307	DEF	
779186	779307	DEF	
779183	779307	DEF	
779215	779307	DEF	
779216	779307	DEF	
779215	779307	USE	
779216	779307	USE	
779177	779308	DEF	
779178	779308	DEF	
779182	779308	USE	
779186	779308	USE	
779190	779308	USE	
779209	779308	USE	
779211	779308	USE	
779158	779309	USE	
779159	779309	USE	
779132	779310	DEF	
779133	779310	DEF	
779136	779310	DEF	
779137	779310	DEF	
779136	779310	USE	
779148	779310	USE	
779152	779310	USE	
779158	779310	USE	
779160	779310	USE	
779168	779310	USE	
779170	779310	USE	
779219	779310	USE	
779225	779310	USE	
779230	779310	USE	
779236	779310	USE	
779241	779310	USE	
779247	779310	USE	
779251	779310	USE	
779258	779310	USE	
779266	779310	USE	
779270	779310	USE	
779276	779310	USE	
779279	779310	USE	
779285	779310	USE	
779290	779310	USE	
779295	779310	USE	
779209	779311	DEF	
779210	779311	DEF	
779136	779312	USE	
779145	779312	USE	
779158	779312	DEF	
779159	779312	DEF	
779168	779312	USE	
779219	779312	USE	
779224	779312	USE	
779230	779312	USE	
779235	779312	USE	
779241	779312	USE	
779246	779312	USE	
779251	779312	USE	
779257	779312	USE	
779270	779312	USE	
779275	779312	USE	
779279	779312	USE	
779284	779312	USE	
779158	779313	DEF	
779159	779313	DEF	
779168	779313	USE	
779219	779313	USE	
779224	779313	USE	
779230	779313	USE	
779235	779313	USE	
779241	779313	USE	
779246	779313	USE	
779251	779313	USE	
779257	779313	USE	
779270	779313	USE	
779275	779313	USE	
779279	779313	USE	
779284	779313	USE	
779251	779314	USE	
779251	779315	USE	
779261	779315	USE	
779209	779316	DEF	
779210	779316	DEF	
779182	779215	REACHES	_c65ffb19a2f79b0e6cf6c9da5c8f87c8
779198	779202	REACHES	i
779206	779202	REACHES	i
779198	779206	REACHES	i
779206	779206	REACHES	i
779198	779209	REACHES	i
779206	779209	REACHES	i
779177	779182	REACHES	_e06584c0eb398e0c57f786dcfde604b6
779177	779209	REACHES	_e06584c0eb398e0c57f786dcfde604b6
779132	779136	REACHES	_fe5b890fb42ccfd809784bd442ea1f44
779136	779152	REACHES	_fe5b890fb42ccfd809784bd442ea1f44
779136	779158	REACHES	_fe5b890fb42ccfd809784bd442ea1f44
779136	779168	REACHES	_fe5b890fb42ccfd809784bd442ea1f44
779136	779219	REACHES	_fe5b890fb42ccfd809784bd442ea1f44
779136	779230	REACHES	_fe5b890fb42ccfd809784bd442ea1f44
779136	779241	REACHES	_fe5b890fb42ccfd809784bd442ea1f44
779136	779270	REACHES	_fe5b890fb42ccfd809784bd442ea1f44
779136	779251	REACHES	_fe5b890fb42ccfd809784bd442ea1f44
779136	779279	REACHES	_fe5b890fb42ccfd809784bd442ea1f44
779136	779266	REACHES	_fe5b890fb42ccfd809784bd442ea1f44
779136	779290	REACHES	_fe5b890fb42ccfd809784bd442ea1f44
779158	779168	REACHES	* _fe5b890fb42ccfd809784bd442ea1f44
779158	779219	REACHES	* _fe5b890fb42ccfd809784bd442ea1f44
779158	779230	REACHES	* _fe5b890fb42ccfd809784bd442ea1f44
779158	779241	REACHES	* _fe5b890fb42ccfd809784bd442ea1f44
779158	779251	REACHES	* _fe5b890fb42ccfd809784bd442ea1f44
779158	779270	REACHES	* _fe5b890fb42ccfd809784bd442ea1f44
779158	779279	REACHES	* _fe5b890fb42ccfd809784bd442ea1f44
779158	779168	REACHES	_fe5b890fb42ccfd809784bd442ea1f44 -> _bd66be4bdc55d43f27b26603e83040bf
779158	779219	REACHES	_fe5b890fb42ccfd809784bd442ea1f44 -> _bd66be4bdc55d43f27b26603e83040bf
779158	779230	REACHES	_fe5b890fb42ccfd809784bd442ea1f44 -> _bd66be4bdc55d43f27b26603e83040bf
779158	779241	REACHES	_fe5b890fb42ccfd809784bd442ea1f44 -> _bd66be4bdc55d43f27b26603e83040bf
779158	779251	REACHES	_fe5b890fb42ccfd809784bd442ea1f44 -> _bd66be4bdc55d43f27b26603e83040bf
779158	779270	REACHES	_fe5b890fb42ccfd809784bd442ea1f44 -> _bd66be4bdc55d43f27b26603e83040bf
779158	779279	REACHES	_fe5b890fb42ccfd809784bd442ea1f44 -> _bd66be4bdc55d43f27b26603e83040bf
779302	779132	CONTROLS	
779302	779136	CONTROLS	
779302	779152	CONTROLS	
779152	779156	CONTROLS	
779152	779158	CONTROLS	
779152	779168	CONTROLS	
779168	779174	CONTROLS	
779168	779288	CONTROLS	
779168	779290	CONTROLS	
779168	779297	CONTROLS	
779168	779177	CONTROLS	
779168	779182	CONTROLS	
779168	779193	CONTROLS	
779168	779198	CONTROLS	
779168	779202	CONTROLS	
779168	779215	CONTROLS	
779168	779219	CONTROLS	
779168	779230	CONTROLS	
779168	779241	CONTROLS	
779168	779251	CONTROLS	
779202	779209	CONTROLS	
779202	779206	CONTROLS	
779251	779264	CONTROLS	
779251	779268	CONTROLS	
779251	779270	CONTROLS	
779251	779279	CONTROLS	
779251	779288	CONTROLS	
779251	779290	CONTROLS	
779251	779297	CONTROLS	
779251	779266	CONTROLS	
779241	779251	DOM	
779152	779303	DOM	
779168	779174	DOM	
779152	779158	DOM	
779302	779132	DOM	
779290	779297	DOM	
779136	779152	DOM	
779270	779279	DOM	
779302	779302	DOM	
779158	779168	DOM	
779168	779288	DOM	
779132	779136	DOM	
779202	779209	DOM	
779268	779270	DOM	
779264	779268	DOM	
779251	779264	DOM	
779251	779266	DOM	
779288	779290	DOM	
779209	779206	DOM	
779182	779193	DOM	
779168	779177	DOM	
779202	779215	DOM	
779230	779241	DOM	
779152	779156	DOM	
779198	779202	DOM	
779193	779198	DOM	
779215	779219	DOM	
779219	779230	DOM	
779177	779182	DOM	
779303	779251	POST_DOM	
779303	779303	POST_DOM	
779288	779174	POST_DOM	
779168	779158	POST_DOM	
779136	779132	POST_DOM	
779303	779297	POST_DOM	
779303	779152	POST_DOM	
779288	779279	POST_DOM	
779132	779302	POST_DOM	
779303	779168	POST_DOM	
779290	779288	POST_DOM	
779152	779136	POST_DOM	
779206	779209	POST_DOM	
779279	779270	POST_DOM	
779270	779268	POST_DOM	
779268	779264	POST_DOM	
779303	779266	POST_DOM	
779202	779206	POST_DOM	
779297	779290	POST_DOM	
779198	779193	POST_DOM	
779251	779241	POST_DOM	
779219	779215	POST_DOM	
779182	779177	POST_DOM	
779303	779156	POST_DOM	
779215	779202	POST_DOM	
779202	779198	POST_DOM	
779230	779219	POST_DOM	
779241	779230	POST_DOM	
779193	779182	POST_DOM	
779129	779130	IS_FUNCTION_OF_AST	
779129	779302	IS_FUNCTION_OF_CFG	
779080	779129	IS_FILE_OF	
779317	779318	DECLARES	
779324	779325	IS_AST_PARENT	
779327	779328	IS_AST_PARENT	
779326	779327	IS_AST_PARENT	
779330	779331	IS_AST_PARENT	
779329	779330	IS_AST_PARENT	
779326	779329	IS_AST_PARENT	
779324	779326	IS_AST_PARENT	
779323	779324	IS_AST_PARENT	
779322	779323	IS_AST_PARENT	
779333	779334	IS_AST_PARENT	
779333	779335	IS_AST_PARENT	
779332	779333	IS_AST_PARENT	
779322	779332	IS_AST_PARENT	
779321	779322	IS_AST_PARENT	
779338	779339	IS_AST_PARENT	
779337	779338	IS_AST_PARENT	
779342	779343	IS_AST_PARENT	
779342	779344	IS_AST_PARENT	
779341	779342	IS_AST_PARENT	
779340	779341	IS_AST_PARENT	
779337	779340	IS_AST_PARENT	
779336	779337	IS_AST_PARENT	
779321	779336	IS_AST_PARENT	
779347	779348	IS_AST_PARENT	
779346	779347	IS_AST_PARENT	
779351	779352	IS_AST_PARENT	
779351	779353	IS_AST_PARENT	
779350	779351	IS_AST_PARENT	
779349	779350	IS_AST_PARENT	
779346	779349	IS_AST_PARENT	
779345	779346	IS_AST_PARENT	
779321	779345	IS_AST_PARENT	
779356	779357	IS_AST_PARENT	
779355	779356	IS_AST_PARENT	
779359	779360	IS_AST_PARENT	
779358	779359	IS_AST_PARENT	
779355	779358	IS_AST_PARENT	
779354	779355	IS_AST_PARENT	
779321	779354	IS_AST_PARENT	
779361	779362	IS_AST_PARENT	
779321	779361	IS_AST_PARENT	
779320	779321	IS_AST_PARENT	
779320	779363	IS_AST_PARENT	
779320	779364	IS_AST_PARENT	
779366	779367	IS_AST_PARENT	
779366	779368	IS_AST_PARENT	
779365	779366	IS_AST_PARENT	
779320	779365	IS_AST_PARENT	
779369	779366	FLOWS_TO	
779366	779323	FLOWS_TO	
779323	779332	FLOWS_TO	
779323	779336	FLOWS_TO	
779332	779370	FLOWS_TO	
779336	779345	FLOWS_TO	
779345	779354	FLOWS_TO	
779354	779361	FLOWS_TO	
779361	779370	FLOWS_TO	
779332	779371	USE	
779366	779372	DEF	
779323	779372	USE	
779330	779372	USE	
779336	779372	USE	
779342	779372	USE	
779345	779372	USE	
779351	779372	USE	
779354	779372	USE	
779359	779372	USE	
779336	779373	USE	
779341	779373	USE	
779345	779373	USE	
779350	779373	USE	
779336	779374	USE	
779341	779374	USE	
779345	779374	USE	
779350	779374	USE	
779323	779375	USE	
779366	779323	REACHES	_fe5b890fb42ccfd809784bd442ea1f44
779366	779336	REACHES	_fe5b890fb42ccfd809784bd442ea1f44
779366	779345	REACHES	_fe5b890fb42ccfd809784bd442ea1f44
779366	779354	REACHES	_fe5b890fb42ccfd809784bd442ea1f44
779369	779366	CONTROLS	
779369	779323	CONTROLS	
779323	779332	CONTROLS	
779323	779336	CONTROLS	
779323	779345	CONTROLS	
779323	779354	CONTROLS	
779323	779361	CONTROLS	
779336	779345	DOM	
779345	779354	DOM	
779366	779323	DOM	
779369	779369	DOM	
779354	779361	DOM	
779323	779332	DOM	
779369	779366	DOM	
779323	779336	DOM	
779323	779370	DOM	
779354	779345	POST_DOM	
779361	779354	POST_DOM	
779370	779323	POST_DOM	
779366	779369	POST_DOM	
779370	779361	POST_DOM	
779370	779332	POST_DOM	
779323	779366	POST_DOM	
779345	779336	POST_DOM	
779370	779370	POST_DOM	
779319	779320	IS_FUNCTION_OF_AST	
779319	779369	IS_FUNCTION_OF_CFG	
779080	779319	IS_FILE_OF	
779378	779379	IS_AST_PARENT	
779382	779383	IS_AST_PARENT	
779382	779384	IS_AST_PARENT	
779381	779382	IS_AST_PARENT	
779381	779385	IS_AST_PARENT	
779380	779381	IS_AST_PARENT	
779378	779380	IS_AST_PARENT	
779387	779388	IS_AST_PARENT	
779387	779389	IS_AST_PARENT	
779390	779391	IS_AST_PARENT	
779392	779393	IS_AST_PARENT	
779392	779394	IS_AST_PARENT	
779390	779392	IS_AST_PARENT	
779387	779390	IS_AST_PARENT	
779386	779387	IS_AST_PARENT	
779378	779386	IS_AST_PARENT	
779396	779397	IS_AST_PARENT	
779396	779398	IS_AST_PARENT	
779399	779400	IS_AST_PARENT	
779401	779402	IS_AST_PARENT	
779401	779403	IS_AST_PARENT	
779399	779401	IS_AST_PARENT	
779396	779399	IS_AST_PARENT	
779395	779396	IS_AST_PARENT	
779378	779395	IS_AST_PARENT	
779405	779406	IS_AST_PARENT	
779405	779407	IS_AST_PARENT	
779404	779405	IS_AST_PARENT	
779408	779409	IS_AST_PARENT	
779408	779410	IS_AST_PARENT	
779404	779408	IS_AST_PARENT	
779378	779404	IS_AST_PARENT	
779413	779414	IS_AST_PARENT	
779413	779415	IS_AST_PARENT	
779412	779413	IS_AST_PARENT	
779411	779412	IS_AST_PARENT	
779417	779418	IS_AST_PARENT	
779417	779419	IS_AST_PARENT	
779416	779417	IS_AST_PARENT	
779411	779416	IS_AST_PARENT	
779420	779421	IS_AST_PARENT	
779420	779422	IS_AST_PARENT	
779411	779420	IS_AST_PARENT	
779426	779427	IS_AST_PARENT	
779426	779428	IS_AST_PARENT	
779425	779426	IS_AST_PARENT	
779424	779425	IS_AST_PARENT	
779430	779431	IS_AST_PARENT	
779430	779432	IS_AST_PARENT	
779429	779430	IS_AST_PARENT	
779424	779429	IS_AST_PARENT	
779433	779434	IS_AST_PARENT	
779433	779435	IS_AST_PARENT	
779424	779433	IS_AST_PARENT	
779439	779440	IS_AST_PARENT	
779439	779441	IS_AST_PARENT	
779438	779439	IS_AST_PARENT	
779438	779442	IS_AST_PARENT	
779437	779438	IS_AST_PARENT	
779437	779443	IS_AST_PARENT	
779436	779437	IS_AST_PARENT	
779424	779436	IS_AST_PARENT	
779423	779424	IS_AST_PARENT	
779411	779423	IS_AST_PARENT	
779378	779411	IS_AST_PARENT	
779446	779447	IS_AST_PARENT	
779446	779448	IS_AST_PARENT	
779445	779446	IS_AST_PARENT	
779444	779445	IS_AST_PARENT	
779450	779451	IS_AST_PARENT	
779450	779452	IS_AST_PARENT	
779449	779450	IS_AST_PARENT	
779444	779449	IS_AST_PARENT	
779453	779454	IS_AST_PARENT	
779453	779455	IS_AST_PARENT	
779444	779453	IS_AST_PARENT	
779458	779459	IS_AST_PARENT	
779458	779460	IS_AST_PARENT	
779461	779462	IS_AST_PARENT	
779463	779464	IS_AST_PARENT	
779463	779465	IS_AST_PARENT	
779461	779463	IS_AST_PARENT	
779458	779461	IS_AST_PARENT	
779457	779458	IS_AST_PARENT	
779456	779457	IS_AST_PARENT	
779468	779469	IS_AST_PARENT	
779468	779470	IS_AST_PARENT	
779467	779468	IS_AST_PARENT	
779467	779471	IS_AST_PARENT	
779466	779467	IS_AST_PARENT	
779456	779466	IS_AST_PARENT	
779474	779475	IS_AST_PARENT	
779476	779477	IS_AST_PARENT	
779476	779478	IS_AST_PARENT	
779474	779476	IS_AST_PARENT	
779473	779474	IS_AST_PARENT	
779481	779482	IS_AST_PARENT	
779483	779484	IS_AST_PARENT	
779483	779485	IS_AST_PARENT	
779481	779483	IS_AST_PARENT	
779480	779481	IS_AST_PARENT	
779486	779487	IS_AST_PARENT	
779488	779489	IS_AST_PARENT	
779488	779490	IS_AST_PARENT	
779486	779488	IS_AST_PARENT	
779480	779486	IS_AST_PARENT	
779479	779480	IS_AST_PARENT	
779479	779491	IS_AST_PARENT	
779473	779479	IS_AST_PARENT	
779472	779473	IS_AST_PARENT	
779456	779472	IS_AST_PARENT	
779493	779494	IS_AST_PARENT	
779492	779493	IS_AST_PARENT	
779492	779495	IS_AST_PARENT	
779456	779492	IS_AST_PARENT	
779498	779499	IS_AST_PARENT	
779498	779500	IS_AST_PARENT	
779497	779498	IS_AST_PARENT	
779502	779503	IS_AST_PARENT	
779502	779504	IS_AST_PARENT	
779501	779502	IS_AST_PARENT	
779505	779506	IS_AST_PARENT	
779505	779507	IS_AST_PARENT	
779501	779505	IS_AST_PARENT	
779497	779501	IS_AST_PARENT	
779496	779497	IS_AST_PARENT	
779456	779496	IS_AST_PARENT	
779444	779456	IS_AST_PARENT	
779378	779444	IS_AST_PARENT	
779508	779509	IS_AST_PARENT	
779378	779508	IS_AST_PARENT	
779377	779378	IS_AST_PARENT	
779377	779510	IS_AST_PARENT	
779377	779511	IS_AST_PARENT	
779513	779514	IS_AST_PARENT	
779513	779515	IS_AST_PARENT	
779512	779513	IS_AST_PARENT	
779516	779517	IS_AST_PARENT	
779516	779518	IS_AST_PARENT	
779512	779516	IS_AST_PARENT	
779377	779512	IS_AST_PARENT	
779519	779513	FLOWS_TO	
779513	779516	FLOWS_TO	
779516	779379	FLOWS_TO	
779379	779380	FLOWS_TO	
779380	779386	FLOWS_TO	
779386	779395	FLOWS_TO	
779395	779404	FLOWS_TO	
779404	779412	FLOWS_TO	
779416	779425	FLOWS_TO	
779416	779445	FLOWS_TO	
779412	779416	FLOWS_TO	
779420	779416	FLOWS_TO	
779429	779436	FLOWS_TO	
779429	779420	FLOWS_TO	
779425	779429	FLOWS_TO	
779433	779429	FLOWS_TO	
779436	779433	FLOWS_TO	
779449	779457	FLOWS_TO	
779449	779508	FLOWS_TO	
779445	779449	FLOWS_TO	
779453	779449	FLOWS_TO	
779457	779466	FLOWS_TO	
779466	779472	FLOWS_TO	
779472	779493	FLOWS_TO	
779493	779495	FLOWS_TO	
779493	779496	FLOWS_TO	
779495	779508	FLOWS_TO	
779496	779453	FLOWS_TO	
779508	779520	FLOWS_TO	
779380	779521	USE	
779382	779521	USE	
779436	779521	USE	
779439	779521	USE	
779436	779522	DEF	
779437	779522	DEF	
779466	779523	DEF	
779467	779523	DEF	
779472	779523	USE	
779486	779523	USE	
779474	779523	USE	
779380	779524	USE	
779381	779524	USE	
779436	779524	USE	
779438	779524	USE	
779395	779525	DEF	
779399	779525	DEF	
779396	779525	DEF	
779466	779525	USE	
779467	779525	USE	
779472	779525	USE	
779483	779525	USE	
779496	779525	USE	
779498	779525	USE	
779404	779526	DEF	
779405	779526	DEF	
779416	779526	USE	
779412	779526	DEF	
779413	779526	DEF	
779420	779526	DEF	
779420	779526	USE	
779436	779526	USE	
779439	779526	USE	
779404	779527	DEF	
779408	779527	DEF	
779429	779527	USE	
779425	779527	DEF	
779426	779527	DEF	
779433	779527	DEF	
779433	779527	USE	
779436	779527	USE	
779438	779527	USE	
779386	779528	DEF	
779387	779528	DEF	
779390	779528	DEF	
779457	779529	DEF	
779461	779529	DEF	
779458	779529	DEF	
779466	779529	USE	
779468	779529	USE	
779472	779529	USE	
779488	779529	USE	
779476	779529	USE	
779516	779530	DEF	
779472	779530	USE	
779473	779530	USE	
779493	779530	USE	
779496	779530	USE	
779497	779530	USE	
779436	779531	USE	
779438	779531	USE	
779395	779532	USE	
779399	779532	USE	
779436	779533	DEF	
779437	779533	DEF	
779457	779534	USE	
779461	779534	USE	
779472	779535	USE	
779473	779535	USE	
779472	779535	DEF	
779473	779535	DEF	
779436	779536	DEF	
779437	779536	DEF	
779513	779537	DEF	
779449	779537	USE	
779445	779537	DEF	
779446	779537	DEF	
779453	779537	USE	
779453	779537	DEF	
779472	779537	USE	
779473	779537	USE	
779496	779537	USE	
779497	779537	USE	
779508	779537	USE	
779472	779538	USE	
779473	779538	USE	
779496	779538	DEF	
779497	779538	DEF	
779466	779472	REACHES	* _fe31011262a867130273705589dc7971
779457	779466	REACHES	_fe31011262a867130273705589dc7971
779457	779472	REACHES	_fe31011262a867130273705589dc7971
779472	779472	REACHES	* * _fe31011262a867130273705589dc7971
779453	779449	REACHES	_dae85b02d687da2be506b683871c094e
779445	779449	REACHES	_dae85b02d687da2be506b683871c094e
779453	779453	REACHES	_dae85b02d687da2be506b683871c094e
779445	779453	REACHES	_dae85b02d687da2be506b683871c094e
779453	779472	REACHES	_dae85b02d687da2be506b683871c094e
779445	779472	REACHES	_dae85b02d687da2be506b683871c094e
779453	779496	REACHES	_dae85b02d687da2be506b683871c094e
779445	779496	REACHES	_dae85b02d687da2be506b683871c094e
779445	779508	REACHES	_dae85b02d687da2be506b683871c094e
779453	779508	REACHES	_dae85b02d687da2be506b683871c094e
779496	779472	REACHES	* _85c617d839e55b93eba7f24b7ac7b50f
779420	779416	REACHES	i
779412	779416	REACHES	i
779412	779420	REACHES	i
779420	779420	REACHES	i
779412	779436	REACHES	i
779420	779436	REACHES	i
779395	779466	REACHES	_85c617d839e55b93eba7f24b7ac7b50f
779395	779472	REACHES	_85c617d839e55b93eba7f24b7ac7b50f
779395	779496	REACHES	_85c617d839e55b93eba7f24b7ac7b50f
779433	779429	REACHES	j
779425	779429	REACHES	j
779433	779433	REACHES	j
779425	779433	REACHES	j
779433	779436	REACHES	j
779425	779436	REACHES	j
779516	779472	REACHES	_c0d2e3f8daccd034259f6241c9f17dbf
779516	779493	REACHES	_c0d2e3f8daccd034259f6241c9f17dbf
779516	779496	REACHES	_c0d2e3f8daccd034259f6241c9f17dbf
779519	779513	CONTROLS	
779519	779516	CONTROLS	
779519	779379	CONTROLS	
779519	779380	CONTROLS	
779519	779386	CONTROLS	
779519	779395	CONTROLS	
779519	779404	CONTROLS	
779519	779412	CONTROLS	
779519	779416	CONTROLS	
779519	779445	CONTROLS	
779519	779449	CONTROLS	
779519	779508	CONTROLS	
779416	779425	CONTROLS	
779416	779429	CONTROLS	
779416	779420	CONTROLS	
779429	779436	CONTROLS	
779429	779433	CONTROLS	
779449	779457	CONTROLS	
779449	779466	CONTROLS	
779449	779472	CONTROLS	
779449	779493	CONTROLS	
779493	779495	CONTROLS	
779493	779496	CONTROLS	
779493	779453	CONTROLS	
779493	779449	CONTROLS	
779386	779395	DOM	
779496	779453	DOM	
779493	779495	DOM	
779449	779508	DOM	
779445	779449	DOM	
779379	779380	DOM	
779457	779466	DOM	
779425	779429	DOM	
779513	779516	DOM	
779412	779416	DOM	
779519	779519	DOM	
779429	779420	DOM	
779493	779496	DOM	
779466	779472	DOM	
779472	779493	DOM	
779508	779520	DOM	
779404	779412	DOM	
779416	779425	DOM	
779416	779445	DOM	
779429	779436	DOM	
779516	779379	DOM	
779449	779457	DOM	
779519	779513	DOM	
779436	779433	DOM	
779395	779404	DOM	
779380	779386	DOM	
779404	779395	POST_DOM	
779449	779453	POST_DOM	
779508	779495	POST_DOM	
779520	779508	POST_DOM	
779508	779449	POST_DOM	
779386	779380	POST_DOM	
779472	779466	POST_DOM	
779420	779429	POST_DOM	
779379	779516	POST_DOM	
779445	779416	POST_DOM	
779513	779519	POST_DOM	
779416	779420	POST_DOM	
779453	779496	POST_DOM	
779493	779472	POST_DOM	
779520	779520	POST_DOM	
779508	779493	POST_DOM	
779416	779412	POST_DOM	
779449	779445	POST_DOM	
779429	779425	POST_DOM	
779433	779436	POST_DOM	
779380	779379	POST_DOM	
779466	779457	POST_DOM	
779516	779513	POST_DOM	
779429	779433	POST_DOM	
779412	779404	POST_DOM	
779395	779386	POST_DOM	
779376	779377	IS_FUNCTION_OF_AST	
779376	779519	IS_FUNCTION_OF_CFG	
779080	779376	IS_FILE_OF	
779543	779544	IS_AST_PARENT	
779543	779545	IS_AST_PARENT	
779542	779543	IS_AST_PARENT	
779541	779542	IS_AST_PARENT	
779547	779548	IS_AST_PARENT	
779547	779549	IS_AST_PARENT	
779546	779547	IS_AST_PARENT	
779541	779546	IS_AST_PARENT	
779551	779552	IS_AST_PARENT	
779551	779553	IS_AST_PARENT	
779554	779555	IS_AST_PARENT	
779554	779556	IS_AST_PARENT	
779551	779554	IS_AST_PARENT	
779550	779551	IS_AST_PARENT	
779541	779550	IS_AST_PARENT	
779558	779559	IS_AST_PARENT	
779558	779560	IS_AST_PARENT	
779557	779558	IS_AST_PARENT	
779541	779557	IS_AST_PARENT	
779562	779563	IS_AST_PARENT	
779562	779564	IS_AST_PARENT	
779561	779562	IS_AST_PARENT	
779541	779561	IS_AST_PARENT	
779566	779567	IS_AST_PARENT	
779566	779568	IS_AST_PARENT	
779565	779566	IS_AST_PARENT	
779541	779565	IS_AST_PARENT	
779572	779573	IS_AST_PARENT	
779575	779576	IS_AST_PARENT	
779574	779575	IS_AST_PARENT	
779578	779579	IS_AST_PARENT	
779577	779578	IS_AST_PARENT	
779574	779577	IS_AST_PARENT	
779572	779574	IS_AST_PARENT	
779571	779572	IS_AST_PARENT	
779580	779581	IS_AST_PARENT	
779580	779582	IS_AST_PARENT	
779571	779580	IS_AST_PARENT	
779570	779571	IS_AST_PARENT	
779569	779570	IS_AST_PARENT	
779584	779585	IS_AST_PARENT	
779584	779586	IS_AST_PARENT	
779583	779584	IS_AST_PARENT	
779569	779583	IS_AST_PARENT	
779541	779569	IS_AST_PARENT	
779589	779590	IS_AST_PARENT	
779589	779591	IS_AST_PARENT	
779588	779589	IS_AST_PARENT	
779588	779592	IS_AST_PARENT	
779587	779588	IS_AST_PARENT	
779541	779587	IS_AST_PARENT	
779594	779595	IS_AST_PARENT	
779594	779596	IS_AST_PARENT	
779597	779598	IS_AST_PARENT	
779597	779599	IS_AST_PARENT	
779594	779597	IS_AST_PARENT	
779593	779594	IS_AST_PARENT	
779541	779593	IS_AST_PARENT	
779601	779602	IS_AST_PARENT	
779601	779603	IS_AST_PARENT	
779601	779604	IS_AST_PARENT	
779600	779601	IS_AST_PARENT	
779541	779600	IS_AST_PARENT	
779606	779607	IS_AST_PARENT	
779609	779610	IS_AST_PARENT	
779608	779609	IS_AST_PARENT	
779612	779613	IS_AST_PARENT	
779611	779612	IS_AST_PARENT	
779614	779615	IS_AST_PARENT	
779611	779614	IS_AST_PARENT	
779608	779611	IS_AST_PARENT	
779606	779608	IS_AST_PARENT	
779605	779606	IS_AST_PARENT	
779541	779605	IS_AST_PARENT	
779618	779619	IS_AST_PARENT	
779617	779618	IS_AST_PARENT	
779621	779622	IS_AST_PARENT	
779620	779621	IS_AST_PARENT	
779623	779624	IS_AST_PARENT	
779620	779623	IS_AST_PARENT	
779625	779626	IS_AST_PARENT	
779620	779625	IS_AST_PARENT	
779617	779620	IS_AST_PARENT	
779616	779617	IS_AST_PARENT	
779541	779616	IS_AST_PARENT	
779629	779630	IS_AST_PARENT	
779628	779629	IS_AST_PARENT	
779632	779633	IS_AST_PARENT	
779631	779632	IS_AST_PARENT	
779628	779631	IS_AST_PARENT	
779627	779628	IS_AST_PARENT	
779541	779627	IS_AST_PARENT	
779635	779636	IS_AST_PARENT	
779635	779637	IS_AST_PARENT	
779634	779635	IS_AST_PARENT	
779638	779639	IS_AST_PARENT	
779638	779640	IS_AST_PARENT	
779634	779638	IS_AST_PARENT	
779541	779634	IS_AST_PARENT	
779642	779643	IS_AST_PARENT	
779642	779644	IS_AST_PARENT	
779642	779645	IS_AST_PARENT	
779641	779642	IS_AST_PARENT	
779541	779641	IS_AST_PARENT	
779647	779648	IS_AST_PARENT	
779647	779649	IS_AST_PARENT	
779646	779647	IS_AST_PARENT	
779541	779646	IS_AST_PARENT	
779651	779652	IS_AST_PARENT	
779654	779655	IS_AST_PARENT	
779653	779654	IS_AST_PARENT	
779657	779658	IS_AST_PARENT	
779656	779657	IS_AST_PARENT	
779659	779660	IS_AST_PARENT	
779656	779659	IS_AST_PARENT	
779653	779656	IS_AST_PARENT	
779651	779653	IS_AST_PARENT	
779650	779651	IS_AST_PARENT	
779541	779650	IS_AST_PARENT	
779662	779663	IS_AST_PARENT	
779665	779666	IS_AST_PARENT	
779664	779665	IS_AST_PARENT	
779668	779669	IS_AST_PARENT	
779667	779668	IS_AST_PARENT	
779671	779672	IS_AST_PARENT	
779673	779674	IS_AST_PARENT	
779673	779675	IS_AST_PARENT	
779671	779673	IS_AST_PARENT	
779670	779671	IS_AST_PARENT	
779667	779670	IS_AST_PARENT	
779676	779677	IS_AST_PARENT	
779667	779676	IS_AST_PARENT	
779664	779667	IS_AST_PARENT	
779662	779664	IS_AST_PARENT	
779661	779662	IS_AST_PARENT	
779541	779661	IS_AST_PARENT	
779681	779682	IS_AST_PARENT	
779684	779685	IS_AST_PARENT	
779683	779684	IS_AST_PARENT	
779687	779688	IS_AST_PARENT	
779686	779687	IS_AST_PARENT	
779689	779690	IS_AST_PARENT	
779686	779689	IS_AST_PARENT	
779692	779693	IS_AST_PARENT	
779692	779694	IS_AST_PARENT	
779691	779692	IS_AST_PARENT	
779686	779691	IS_AST_PARENT	
779683	779686	IS_AST_PARENT	
779681	779683	IS_AST_PARENT	
779680	779681	IS_AST_PARENT	
779695	779696	IS_AST_PARENT	
779695	779697	IS_AST_PARENT	
779680	779695	IS_AST_PARENT	
779679	779680	IS_AST_PARENT	
779678	779679	IS_AST_PARENT	
779701	779702	IS_AST_PARENT	
779700	779701	IS_AST_PARENT	
779704	779705	IS_AST_PARENT	
779703	779704	IS_AST_PARENT	
779706	779707	IS_AST_PARENT	
779703	779706	IS_AST_PARENT	
779708	779709	IS_AST_PARENT	
779703	779708	IS_AST_PARENT	
779700	779703	IS_AST_PARENT	
779699	779700	IS_AST_PARENT	
779698	779699	IS_AST_PARENT	
779678	779698	IS_AST_PARENT	
779541	779678	IS_AST_PARENT	
779712	779713	IS_AST_PARENT	
779711	779712	IS_AST_PARENT	
779715	779716	IS_AST_PARENT	
779714	779715	IS_AST_PARENT	
779711	779714	IS_AST_PARENT	
779710	779711	IS_AST_PARENT	
779541	779710	IS_AST_PARENT	
779719	779720	IS_AST_PARENT	
779718	779719	IS_AST_PARENT	
779722	779723	IS_AST_PARENT	
779721	779722	IS_AST_PARENT	
779718	779721	IS_AST_PARENT	
779717	779718	IS_AST_PARENT	
779541	779717	IS_AST_PARENT	
779726	779727	IS_AST_PARENT	
779726	779728	IS_AST_PARENT	
779725	779726	IS_AST_PARENT	
779725	779729	IS_AST_PARENT	
779724	779725	IS_AST_PARENT	
779541	779724	IS_AST_PARENT	
779731	779732	IS_AST_PARENT	
779734	779735	IS_AST_PARENT	
779733	779734	IS_AST_PARENT	
779738	779739	IS_AST_PARENT	
779738	779740	IS_AST_PARENT	
779737	779738	IS_AST_PARENT	
779736	779737	IS_AST_PARENT	
779733	779736	IS_AST_PARENT	
779731	779733	IS_AST_PARENT	
779730	779731	IS_AST_PARENT	
779541	779730	IS_AST_PARENT	
779743	779744	IS_AST_PARENT	
779742	779743	IS_AST_PARENT	
779747	779748	IS_AST_PARENT	
779747	779749	IS_AST_PARENT	
779746	779747	IS_AST_PARENT	
779745	779746	IS_AST_PARENT	
779742	779745	IS_AST_PARENT	
779741	779742	IS_AST_PARENT	
779541	779741	IS_AST_PARENT	
779752	779753	IS_AST_PARENT	
779751	779752	IS_AST_PARENT	
779755	779756	IS_AST_PARENT	
779754	779755	IS_AST_PARENT	
779758	779759	IS_AST_PARENT	
779758	779760	IS_AST_PARENT	
779757	779758	IS_AST_PARENT	
779754	779757	IS_AST_PARENT	
779751	779754	IS_AST_PARENT	
779750	779751	IS_AST_PARENT	
779541	779750	IS_AST_PARENT	
779762	779763	IS_AST_PARENT	
779765	779766	IS_AST_PARENT	
779764	779765	IS_AST_PARENT	
779769	779770	IS_AST_PARENT	
779769	779771	IS_AST_PARENT	
779768	779769	IS_AST_PARENT	
779767	779768	IS_AST_PARENT	
779773	779774	IS_AST_PARENT	
779773	779775	IS_AST_PARENT	
779772	779773	IS_AST_PARENT	
779767	779772	IS_AST_PARENT	
779776	779777	IS_AST_PARENT	
779767	779776	IS_AST_PARENT	
779778	779779	IS_AST_PARENT	
779767	779778	IS_AST_PARENT	
779781	779782	IS_AST_PARENT	
779781	779783	IS_AST_PARENT	
779780	779781	IS_AST_PARENT	
779767	779780	IS_AST_PARENT	
779764	779767	IS_AST_PARENT	
779762	779764	IS_AST_PARENT	
779761	779762	IS_AST_PARENT	
779541	779761	IS_AST_PARENT	
779786	779787	IS_AST_PARENT	
779786	779788	IS_AST_PARENT	
779785	779786	IS_AST_PARENT	
779784	779785	IS_AST_PARENT	
779790	779791	IS_AST_PARENT	
779790	779792	IS_AST_PARENT	
779789	779790	IS_AST_PARENT	
779784	779789	IS_AST_PARENT	
779796	779797	IS_AST_PARENT	
779796	779798	IS_AST_PARENT	
779795	779796	IS_AST_PARENT	
779794	779795	IS_AST_PARENT	
779800	779801	IS_AST_PARENT	
779800	779802	IS_AST_PARENT	
779799	779800	IS_AST_PARENT	
779794	779799	IS_AST_PARENT	
779793	779794	IS_AST_PARENT	
779784	779793	IS_AST_PARENT	
779541	779784	IS_AST_PARENT	
779805	779806	IS_AST_PARENT	
779805	779807	IS_AST_PARENT	
779804	779805	IS_AST_PARENT	
779804	779808	IS_AST_PARENT	
779803	779804	IS_AST_PARENT	
779541	779803	IS_AST_PARENT	
779810	779811	IS_AST_PARENT	
779813	779814	IS_AST_PARENT	
779812	779813	IS_AST_PARENT	
779817	779818	IS_AST_PARENT	
779817	779819	IS_AST_PARENT	
779816	779817	IS_AST_PARENT	
779815	779816	IS_AST_PARENT	
779821	779822	IS_AST_PARENT	
779821	779823	IS_AST_PARENT	
779820	779821	IS_AST_PARENT	
779815	779820	IS_AST_PARENT	
779824	779825	IS_AST_PARENT	
779815	779824	IS_AST_PARENT	
779827	779828	IS_AST_PARENT	
779827	779829	IS_AST_PARENT	
779826	779827	IS_AST_PARENT	
779815	779826	IS_AST_PARENT	
779812	779815	IS_AST_PARENT	
779810	779812	IS_AST_PARENT	
779809	779810	IS_AST_PARENT	
779541	779809	IS_AST_PARENT	
779832	779833	IS_AST_PARENT	
779832	779834	IS_AST_PARENT	
779831	779832	IS_AST_PARENT	
779830	779831	IS_AST_PARENT	
779835	779836	IS_AST_PARENT	
779830	779835	IS_AST_PARENT	
779541	779830	IS_AST_PARENT	
779840	779841	IS_AST_PARENT	
779840	779842	IS_AST_PARENT	
779839	779840	IS_AST_PARENT	
779844	779845	IS_AST_PARENT	
779844	779846	IS_AST_PARENT	
779843	779844	IS_AST_PARENT	
779843	779847	IS_AST_PARENT	
779839	779843	IS_AST_PARENT	
779838	779839	IS_AST_PARENT	
779837	779838	IS_AST_PARENT	
779850	779851	IS_AST_PARENT	
779852	779853	IS_AST_PARENT	
779852	779854	IS_AST_PARENT	
779850	779852	IS_AST_PARENT	
779849	779850	IS_AST_PARENT	
779848	779849	IS_AST_PARENT	
779855	779856	IS_AST_PARENT	
779848	779855	IS_AST_PARENT	
779837	779848	IS_AST_PARENT	
779541	779837	IS_AST_PARENT	
779857	779858	IS_AST_PARENT	
779541	779857	IS_AST_PARENT	
779859	779860	IS_AST_PARENT	
779541	779859	IS_AST_PARENT	
779864	779865	IS_AST_PARENT	
779864	779866	IS_AST_PARENT	
779863	779864	IS_AST_PARENT	
779863	779867	IS_AST_PARENT	
779862	779863	IS_AST_PARENT	
779861	779862	IS_AST_PARENT	
779871	779872	IS_AST_PARENT	
779870	779871	IS_AST_PARENT	
779875	779876	IS_AST_PARENT	
779875	779877	IS_AST_PARENT	
779874	779875	IS_AST_PARENT	
779873	779874	IS_AST_PARENT	
779870	779873	IS_AST_PARENT	
779869	779870	IS_AST_PARENT	
779868	779869	IS_AST_PARENT	
779880	779881	IS_AST_PARENT	
779880	779882	IS_AST_PARENT	
779879	779880	IS_AST_PARENT	
779879	779883	IS_AST_PARENT	
779878	779879	IS_AST_PARENT	
779868	779878	IS_AST_PARENT	
779861	779868	IS_AST_PARENT	
779541	779861	IS_AST_PARENT	
779884	779885	IS_AST_PARENT	
779541	779884	IS_AST_PARENT	
779540	779541	IS_AST_PARENT	
779540	779886	IS_AST_PARENT	
779540	779887	IS_AST_PARENT	
779889	779890	IS_AST_PARENT	
779889	779891	IS_AST_PARENT	
779888	779889	IS_AST_PARENT	
779892	779893	IS_AST_PARENT	
779892	779894	IS_AST_PARENT	
779888	779892	IS_AST_PARENT	
779540	779888	IS_AST_PARENT	
779895	779889	FLOWS_TO	
779889	779892	FLOWS_TO	
779892	779542	FLOWS_TO	
779542	779546	FLOWS_TO	
779546	779550	FLOWS_TO	
779550	779557	FLOWS_TO	
779557	779561	FLOWS_TO	
779561	779565	FLOWS_TO	
779565	779570	FLOWS_TO	
779570	779583	FLOWS_TO	
779570	779587	FLOWS_TO	
779583	779896	FLOWS_TO	
779587	779593	FLOWS_TO	
779593	779600	FLOWS_TO	
779600	779605	FLOWS_TO	
779605	779616	FLOWS_TO	
779616	779627	FLOWS_TO	
779627	779634	FLOWS_TO	
779634	779641	FLOWS_TO	
779641	779646	FLOWS_TO	
779646	779650	FLOWS_TO	
779650	779661	FLOWS_TO	
779661	779679	FLOWS_TO	
779679	779699	FLOWS_TO	
779679	779710	FLOWS_TO	
779699	779679	FLOWS_TO	
779710	779717	FLOWS_TO	
779717	779724	FLOWS_TO	
779724	779730	FLOWS_TO	
779730	779741	FLOWS_TO	
779741	779750	FLOWS_TO	
779750	779761	FLOWS_TO	
779761	779785	FLOWS_TO	
779785	779789	FLOWS_TO	
779785	779795	FLOWS_TO	
779789	779896	FLOWS_TO	
779795	779799	FLOWS_TO	
779795	779803	FLOWS_TO	
779799	779896	FLOWS_TO	
779803	779809	FLOWS_TO	
779809	779831	FLOWS_TO	
779831	779835	FLOWS_TO	
779831	779838	FLOWS_TO	
779835	779896	FLOWS_TO	
779838	779849	FLOWS_TO	
779838	779857	FLOWS_TO	
779849	779855	FLOWS_TO	
779855	779859	FLOWS_TO	
779857	779896	FLOWS_TO	
779859	779862	FLOWS_TO	
779862	779869	FLOWS_TO	
779862	779884	FLOWS_TO	
779869	779878	FLOWS_TO	
779878	779884	FLOWS_TO	
779884	779896	FLOWS_TO	
779730	779897	USE	
779731	779897	USE	
779761	779898	USE	
779762	779898	USE	
779661	779899	USE	
779670	779899	USE	
779838	779900	USE	
779561	779901	DEF	
779562	779901	DEF	
779741	779902	USE	
779746	779902	USE	
779750	779902	USE	
779757	779902	USE	
779761	779902	USE	
779772	779902	USE	
779565	779903	DEF	
779566	779903	DEF	
779587	779903	DEF	
779588	779903	DEF	
779587	779903	USE	
779589	779903	USE	
779724	779903	USE	
779726	779903	USE	
779724	779903	DEF	
779725	779903	DEF	
779724	779904	DEF	
779725	779904	DEF	
779550	779905	DEF	
779551	779905	DEF	
779838	779905	USE	
779844	779905	USE	
779587	779906	USE	
779588	779906	USE	
779587	779907	DEF	
779588	779907	DEF	
779605	779908	USE	
779606	779908	USE	
779789	779909	USE	
779550	779910	DEF	
779554	779910	DEF	
779550	779910	USE	
779554	779910	USE	
779570	779910	USE	
779593	779910	DEF	
779597	779910	DEF	
779593	779910	USE	
779597	779910	USE	
779761	779910	USE	
779776	779910	USE	
779778	779910	USE	
779803	779910	USE	
779804	779910	USE	
779838	779910	USE	
779862	779910	USE	
779878	779910	USE	
779879	779910	USE	
779679	779911	USE	
779681	779911	USE	
779892	779912	DEF	
779570	779912	USE	
779803	779912	USE	
779805	779912	USE	
779809	779912	USE	
779824	779912	USE	
779862	779912	USE	
779864	779912	USE	
779869	779912	USE	
779875	779912	USE	
779878	779912	USE	
779880	779912	USE	
779634	779913	DEF	
779635	779913	DEF	
779661	779913	DEF	
779662	779913	DEF	
779699	779913	USE	
779704	779913	USE	
779717	779913	USE	
779722	779913	USE	
779661	779914	USE	
779670	779914	USE	
779803	779915	DEF	
779804	779915	DEF	
779862	779915	USE	
779869	779915	USE	
779874	779915	USE	
779878	779915	DEF	
779879	779915	DEF	
779799	779916	USE	
779849	779916	USE	
779850	779916	USE	
779809	779917	USE	
779820	779917	USE	
779646	779918	DEF	
779647	779918	DEF	
779679	779918	USE	
779679	779918	DEF	
779681	779918	DEF	
779699	779918	USE	
779708	779918	USE	
779570	779919	USE	
779557	779920	DEF	
779558	779920	DEF	
779730	779920	DEF	
779731	779920	DEF	
779750	779920	USE	
779755	779920	USE	
779761	779920	USE	
779768	779920	USE	
779593	779921	DEF	
779594	779921	DEF	
779605	779921	DEF	
779606	779921	DEF	
779616	779921	USE	
779621	779921	USE	
779627	779921	USE	
779632	779921	USE	
779641	779922	DEF	
779642	779922	DEF	
779679	779922	USE	
779691	779922	USE	
779689	779922	USE	
779699	779922	USE	
779706	779922	USE	
779809	779923	USE	
779810	779923	USE	
779838	779924	USE	
779583	779925	USE	
779889	779926	DEF	
779570	779926	USE	
779578	779926	USE	
779730	779926	USE	
779738	779926	USE	
779809	779926	USE	
779817	779926	USE	
779600	779927	DEF	
779601	779927	DEF	
779616	779927	USE	
779625	779927	USE	
779650	779927	USE	
779657	779927	USE	
779650	779928	USE	
779659	779928	USE	
779542	779929	DEF	
779543	779929	DEF	
779761	779929	DEF	
779762	779929	DEF	
779785	779929	USE	
779795	779929	USE	
779809	779929	DEF	
779810	779929	DEF	
779831	779929	USE	
779835	779929	USE	
779849	779929	DEF	
779850	779929	DEF	
779857	779929	USE	
779884	779929	USE	
779730	779930	USE	
779737	779930	USE	
779809	779930	USE	
779816	779930	USE	
779809	779931	USE	
779826	779931	USE	
779634	779932	DEF	
779638	779932	DEF	
779650	779932	DEF	
779651	779932	DEF	
779679	779932	USE	
779687	779932	USE	
779710	779932	USE	
779715	779932	USE	
779730	779933	USE	
779737	779933	USE	
779809	779933	USE	
779816	779933	USE	
779546	779934	DEF	
779547	779934	DEF	
779661	779935	USE	
779670	779935	USE	
779761	779936	USE	
779780	779936	USE	
779650	779937	USE	
779651	779937	USE	
779661	779937	USE	
779662	779937	USE	
779565	779587	REACHES	_12e623598383ae833d580ab02b6713f6
779587	779724	REACHES	_12e623598383ae833d580ab02b6713f6
779550	779838	REACHES	_aa2ea572c995da2d8802584c98015c04
779550	779570	REACHES	NULL
779550	779593	REACHES	NULL
779593	779761	REACHES	NULL
779593	779803	REACHES	NULL
779593	779838	REACHES	NULL
779593	779862	REACHES	NULL
779593	779878	REACHES	NULL
779892	779570	REACHES	_18f21578ead41b2c1f84eae7296b06f6
779661	779699	REACHES	_2188dcd779cd5c9685f79f020d45b4ce
779661	779717	REACHES	_2188dcd779cd5c9685f79f020d45b4ce
779892	779803	REACHES	_18f21578ead41b2c1f84eae7296b06f6
779892	779809	REACHES	_18f21578ead41b2c1f84eae7296b06f6
779892	779862	REACHES	_18f21578ead41b2c1f84eae7296b06f6
779892	779869	REACHES	_18f21578ead41b2c1f84eae7296b06f6
779892	779878	REACHES	_18f21578ead41b2c1f84eae7296b06f6
779878	779896	REACHES	* _18f21578ead41b2c1f84eae7296b06f6
779803	779896	REACHES	* _18f21578ead41b2c1f84eae7296b06f6
779803	779862	REACHES	* _18f21578ead41b2c1f84eae7296b06f6
779803	779869	REACHES	* _18f21578ead41b2c1f84eae7296b06f6
779679	779679	REACHES	_54616f9a1ee1e8b6438ec088d1e7a560
779646	779679	REACHES	_54616f9a1ee1e8b6438ec088d1e7a560
779679	779699	REACHES	_54616f9a1ee1e8b6438ec088d1e7a560
779605	779616	REACHES	_b25ed85d1915a23b5cf0cc534485f86c
779605	779627	REACHES	_b25ed85d1915a23b5cf0cc534485f86c
779641	779679	REACHES	_f7899880eaf2f3223fdd8910645367f1
779641	779699	REACHES	_f7899880eaf2f3223fdd8910645367f1
779730	779750	REACHES	_fba4f2c24a6f9e911623785088f8f4d4
779730	779761	REACHES	_fba4f2c24a6f9e911623785088f8f4d4
779889	779570	REACHES	_fe5b890fb42ccfd809784bd442ea1f44
779600	779616	REACHES	_dbce349e8eda746dfe506a7c7aba66be
779600	779650	REACHES	_dbce349e8eda746dfe506a7c7aba66be
779889	779730	REACHES	_fe5b890fb42ccfd809784bd442ea1f44
779889	779809	REACHES	_fe5b890fb42ccfd809784bd442ea1f44
779761	779785	REACHES	_74358ec1db3bbe384d1e3dfdc9ca064b
779761	779795	REACHES	_74358ec1db3bbe384d1e3dfdc9ca064b
779809	779831	REACHES	_74358ec1db3bbe384d1e3dfdc9ca064b
779809	779835	REACHES	_74358ec1db3bbe384d1e3dfdc9ca064b
779809	779857	REACHES	_74358ec1db3bbe384d1e3dfdc9ca064b
779849	779884	REACHES	_74358ec1db3bbe384d1e3dfdc9ca064b
779650	779679	REACHES	_b71e9530121fcbe9dfe977b4f6c4bf70
779650	779710	REACHES	_b71e9530121fcbe9dfe977b4f6c4bf70
779895	779889	CONTROLS	
779895	779892	CONTROLS	
779895	779542	CONTROLS	
779895	779546	CONTROLS	
779895	779550	CONTROLS	
779895	779557	CONTROLS	
779895	779561	CONTROLS	
779895	779565	CONTROLS	
779895	779570	CONTROLS	
779570	779583	CONTROLS	
779570	779587	CONTROLS	
779570	779593	CONTROLS	
779570	779600	CONTROLS	
779570	779605	CONTROLS	
779570	779616	CONTROLS	
779570	779627	CONTROLS	
779570	779634	CONTROLS	
779570	779641	CONTROLS	
779570	779646	CONTROLS	
779570	779650	CONTROLS	
779570	779661	CONTROLS	
779570	779679	CONTROLS	
779570	779710	CONTROLS	
779570	779717	CONTROLS	
779570	779724	CONTROLS	
779570	779730	CONTROLS	
779570	779741	CONTROLS	
779570	779750	CONTROLS	
779570	779761	CONTROLS	
779570	779785	CONTROLS	
779679	779699	CONTROLS	
779785	779789	CONTROLS	
779785	779795	CONTROLS	
779795	779799	CONTROLS	
779795	779803	CONTROLS	
779795	779809	CONTROLS	
779795	779831	CONTROLS	
779831	779835	CONTROLS	
779831	779838	CONTROLS	
779838	779849	CONTROLS	
779838	779855	CONTROLS	
779838	779859	CONTROLS	
779838	779862	CONTROLS	
779838	779884	CONTROLS	
779838	779857	CONTROLS	
779862	779869	CONTROLS	
779862	779878	CONTROLS	
779741	779750	DOM	
779565	779570	DOM	
779679	779710	DOM	
779730	779741	DOM	
779641	779646	DOM	
779616	779627	DOM	
779838	779857	DOM	
779710	779717	DOM	
779855	779859	DOM	
779650	779661	DOM	
779634	779641	DOM	
779570	779896	DOM	
779892	779542	DOM	
779542	779546	DOM	
779859	779862	DOM	
779557	779561	DOM	
779803	779809	DOM	
779627	779634	DOM	
779785	779795	DOM	
779809	779831	DOM	
779889	779892	DOM	
779561	779565	DOM	
779862	779869	DOM	
779600	779605	DOM	
779550	779557	DOM	
779795	779799	DOM	
779750	779761	DOM	
779587	779593	DOM	
779831	779838	DOM	
779831	779835	DOM	
779785	779789	DOM	
779679	779699	DOM	
779646	779650	DOM	
779661	779679	DOM	
779593	779600	DOM	
779570	779583	DOM	
779724	779730	DOM	
779570	779587	DOM	
779795	779803	DOM	
779895	779889	DOM	
779546	779550	DOM	
779862	779884	DOM	
779605	779616	DOM	
779869	779878	DOM	
779849	779855	DOM	
779895	779895	DOM	
779717	779724	DOM	
779761	779785	DOM	
779838	779849	DOM	
779761	779750	POST_DOM	
779896	779570	POST_DOM	
779750	779741	POST_DOM	
779717	779710	POST_DOM	
779650	779646	POST_DOM	
779634	779627	POST_DOM	
779896	779857	POST_DOM	
779724	779717	POST_DOM	
779862	779859	POST_DOM	
779679	779661	POST_DOM	
779646	779641	POST_DOM	
779896	779896	POST_DOM	
779546	779542	POST_DOM	
779550	779546	POST_DOM	
779884	779862	POST_DOM	
779565	779561	POST_DOM	
779831	779809	POST_DOM	
779641	779634	POST_DOM	
779896	779795	POST_DOM	
779896	779831	POST_DOM	
779542	779892	POST_DOM	
779570	779565	POST_DOM	
779878	779869	POST_DOM	
779616	779605	POST_DOM	
779561	779557	POST_DOM	
779896	779799	POST_DOM	
779785	779761	POST_DOM	
779600	779593	POST_DOM	
779896	779838	POST_DOM	
779896	779835	POST_DOM	
779896	779789	POST_DOM	
779679	779699	POST_DOM	
779710	779679	POST_DOM	
779661	779650	POST_DOM	
779605	779600	POST_DOM	
779896	779583	POST_DOM	
779741	779730	POST_DOM	
779593	779587	POST_DOM	
779809	779803	POST_DOM	
779892	779889	POST_DOM	
779557	779550	POST_DOM	
779896	779884	POST_DOM	
779627	779616	POST_DOM	
779884	779878	POST_DOM	
779859	779855	POST_DOM	
779889	779895	POST_DOM	
779730	779724	POST_DOM	
779896	779785	POST_DOM	
779855	779849	POST_DOM	
779539	779540	IS_FUNCTION_OF_AST	
779539	779895	IS_FUNCTION_OF_CFG	
779080	779539	IS_FILE_OF	
779942	779943	IS_AST_PARENT	
779942	779944	IS_AST_PARENT	
779945	779946	IS_AST_PARENT	
779945	779947	IS_AST_PARENT	
779942	779945	IS_AST_PARENT	
779941	779942	IS_AST_PARENT	
779940	779941	IS_AST_PARENT	
779950	779951	IS_AST_PARENT	
779950	779952	IS_AST_PARENT	
779949	779950	IS_AST_PARENT	
779948	779949	IS_AST_PARENT	
779954	779955	IS_AST_PARENT	
779954	779956	IS_AST_PARENT	
779953	779954	IS_AST_PARENT	
779948	779953	IS_AST_PARENT	
779957	779958	IS_AST_PARENT	
779957	779959	IS_AST_PARENT	
779948	779957	IS_AST_PARENT	
779962	779963	IS_AST_PARENT	
779962	779964	IS_AST_PARENT	
779965	779966	IS_AST_PARENT	
779967	779968	IS_AST_PARENT	
779967	779969	IS_AST_PARENT	
779965	779967	IS_AST_PARENT	
779962	779965	IS_AST_PARENT	
779961	779962	IS_AST_PARENT	
779960	779961	IS_AST_PARENT	
779971	779972	IS_AST_PARENT	
779971	779973	IS_AST_PARENT	
779974	779975	IS_AST_PARENT	
779974	779976	IS_AST_PARENT	
779971	779974	IS_AST_PARENT	
779970	779971	IS_AST_PARENT	
779960	779970	IS_AST_PARENT	
779978	779979	IS_AST_PARENT	
779978	779980	IS_AST_PARENT	
779981	779982	IS_AST_PARENT	
779983	779984	IS_AST_PARENT	
779983	779985	IS_AST_PARENT	
779981	779983	IS_AST_PARENT	
779978	779981	IS_AST_PARENT	
779977	779978	IS_AST_PARENT	
779960	779977	IS_AST_PARENT	
779988	779989	IS_AST_PARENT	
779988	779990	IS_AST_PARENT	
779987	779988	IS_AST_PARENT	
779995	779996	IS_AST_PARENT	
779995	779997	IS_AST_PARENT	
779994	779995	IS_AST_PARENT	
779998	779999	IS_AST_PARENT	
779998	780000	IS_AST_PARENT	
779994	779998	IS_AST_PARENT	
779993	779994	IS_AST_PARENT	
779993	780001	IS_AST_PARENT	
779992	779993	IS_AST_PARENT	
779992	780002	IS_AST_PARENT	
779991	779992	IS_AST_PARENT	
779991	780003	IS_AST_PARENT	
779987	779991	IS_AST_PARENT	
779986	779987	IS_AST_PARENT	
779960	779986	IS_AST_PARENT	
779948	779960	IS_AST_PARENT	
779940	779948	IS_AST_PARENT	
780004	780005	IS_AST_PARENT	
779940	780004	IS_AST_PARENT	
779939	779940	IS_AST_PARENT	
779939	780006	IS_AST_PARENT	
779939	780007	IS_AST_PARENT	
780009	780010	IS_AST_PARENT	
780009	780011	IS_AST_PARENT	
780008	780009	IS_AST_PARENT	
780012	780013	IS_AST_PARENT	
780012	780014	IS_AST_PARENT	
780008	780012	IS_AST_PARENT	
780015	780016	IS_AST_PARENT	
780015	780017	IS_AST_PARENT	
780008	780015	IS_AST_PARENT	
779939	780008	IS_AST_PARENT	
780018	780009	FLOWS_TO	
780009	780012	FLOWS_TO	
780012	780015	FLOWS_TO	
780015	779941	FLOWS_TO	
779941	779949	FLOWS_TO	
779953	779961	FLOWS_TO	
779953	780004	FLOWS_TO	
779949	779953	FLOWS_TO	
779957	779953	FLOWS_TO	
779961	779970	FLOWS_TO	
779970	779977	FLOWS_TO	
779977	779986	FLOWS_TO	
779986	779957	FLOWS_TO	
780004	780019	FLOWS_TO	
779941	780020	DEF	
779945	780020	DEF	
779942	780020	DEF	
779986	780020	USE	
779987	780020	USE	
780004	780020	USE	
779977	780021	USE	
779981	780021	USE	
780012	780022	DEF	
779953	780022	USE	
779949	780022	DEF	
779950	780022	DEF	
779970	780023	DEF	
779971	780023	DEF	
779974	780023	DEF	
779986	780024	DEF	
779987	780024	DEF	
780009	780025	DEF	
780015	780026	DEF	
779986	780026	USE	
779987	780026	USE	
779961	780027	DEF	
779965	780027	DEF	
779962	780027	DEF	
779977	780028	DEF	
779981	780028	DEF	
779978	780028	DEF	
779986	780028	USE	
779988	780028	USE	
779941	779986	REACHES	_ade4453faf91a77ac61a8f733c878340
779941	780004	REACHES	_ade4453faf91a77ac61a8f733c878340
779949	779953	REACHES	_c0d2e3f8daccd034259f6241c9f17dbf
779977	779986	REACHES	_78fb1ab7a5f785ff732ee4595c9d84b3
780015	779986	REACHES	_44259ca6a490a7efae613b0cea29f280
780018	780009	CONTROLS	
780018	780012	CONTROLS	
780018	780015	CONTROLS	
780018	779941	CONTROLS	
780018	779949	CONTROLS	
780018	779953	CONTROLS	
780018	780004	CONTROLS	
779953	779961	CONTROLS	
779953	779970	CONTROLS	
779953	779977	CONTROLS	
779953	779986	CONTROLS	
779953	779957	CONTROLS	
780012	780015	DOM	
779941	779949	DOM	
779986	779957	DOM	
780018	780009	DOM	
780004	780019	DOM	
779970	779977	DOM	
779953	780004	DOM	
780009	780012	DOM	
780015	779941	DOM	
779977	779986	DOM	
779949	779953	DOM	
779953	779961	DOM	
780018	780018	DOM	
779961	779970	DOM	
779953	779949	POST_DOM	
779941	780015	POST_DOM	
779953	779957	POST_DOM	
780019	780019	POST_DOM	
780012	780009	POST_DOM	
780019	780004	POST_DOM	
779986	779977	POST_DOM	
780015	780012	POST_DOM	
779949	779941	POST_DOM	
779957	779986	POST_DOM	
780004	779953	POST_DOM	
779970	779961	POST_DOM	
780009	780018	POST_DOM	
779977	779970	POST_DOM	
779938	779939	IS_FUNCTION_OF_AST	
779938	780018	IS_FUNCTION_OF_CFG	
779080	779938	IS_FILE_OF	
780033	780034	IS_AST_PARENT	
780033	780035	IS_AST_PARENT	
780032	780033	IS_AST_PARENT	
780031	780032	IS_AST_PARENT	
780037	780038	IS_AST_PARENT	
780037	780039	IS_AST_PARENT	
780036	780037	IS_AST_PARENT	
780031	780036	IS_AST_PARENT	
780041	780042	IS_AST_PARENT	
780041	780043	IS_AST_PARENT	
780044	780045	IS_AST_PARENT	
780044	780046	IS_AST_PARENT	
780041	780044	IS_AST_PARENT	
780040	780041	IS_AST_PARENT	
780031	780040	IS_AST_PARENT	
780048	780049	IS_AST_PARENT	
780048	780050	IS_AST_PARENT	
780047	780048	IS_AST_PARENT	
780031	780047	IS_AST_PARENT	
780052	780053	IS_AST_PARENT	
780052	780054	IS_AST_PARENT	
780051	780052	IS_AST_PARENT	
780031	780051	IS_AST_PARENT	
780056	780057	IS_AST_PARENT	
780056	780058	IS_AST_PARENT	
780055	780056	IS_AST_PARENT	
780031	780055	IS_AST_PARENT	
780060	780061	IS_AST_PARENT	
780060	780062	IS_AST_PARENT	
780063	780064	IS_AST_PARENT	
780063	780065	IS_AST_PARENT	
780060	780063	IS_AST_PARENT	
780059	780060	IS_AST_PARENT	
780031	780059	IS_AST_PARENT	
780067	780068	IS_AST_PARENT	
780067	780069	IS_AST_PARENT	
780066	780067	IS_AST_PARENT	
780031	780066	IS_AST_PARENT	
780073	780074	IS_AST_PARENT	
780076	780077	IS_AST_PARENT	
780075	780076	IS_AST_PARENT	
780079	780080	IS_AST_PARENT	
780078	780079	IS_AST_PARENT	
780075	780078	IS_AST_PARENT	
780073	780075	IS_AST_PARENT	
780072	780073	IS_AST_PARENT	
780081	780082	IS_AST_PARENT	
780081	780083	IS_AST_PARENT	
780072	780081	IS_AST_PARENT	
780071	780072	IS_AST_PARENT	
780070	780071	IS_AST_PARENT	
780085	780086	IS_AST_PARENT	
780085	780087	IS_AST_PARENT	
780084	780085	IS_AST_PARENT	
780070	780084	IS_AST_PARENT	
780031	780070	IS_AST_PARENT	
780090	780091	IS_AST_PARENT	
780090	780092	IS_AST_PARENT	
780089	780090	IS_AST_PARENT	
780089	780093	IS_AST_PARENT	
780088	780089	IS_AST_PARENT	
780031	780088	IS_AST_PARENT	
780096	780097	IS_AST_PARENT	
780096	780098	IS_AST_PARENT	
780099	780100	IS_AST_PARENT	
780099	780101	IS_AST_PARENT	
780096	780099	IS_AST_PARENT	
780095	780096	IS_AST_PARENT	
780094	780095	IS_AST_PARENT	
780103	780104	IS_AST_PARENT	
780103	780105	IS_AST_PARENT	
780106	780107	IS_AST_PARENT	
780108	780109	IS_AST_PARENT	
780108	780110	IS_AST_PARENT	
780106	780108	IS_AST_PARENT	
780103	780106	IS_AST_PARENT	
780102	780103	IS_AST_PARENT	
780094	780102	IS_AST_PARENT	
780112	780113	IS_AST_PARENT	
780112	780114	IS_AST_PARENT	
780115	780116	IS_AST_PARENT	
780117	780118	IS_AST_PARENT	
780117	780119	IS_AST_PARENT	
780115	780117	IS_AST_PARENT	
780112	780115	IS_AST_PARENT	
780111	780112	IS_AST_PARENT	
780094	780111	IS_AST_PARENT	
780094	780120	IS_AST_PARENT	
780094	780121	IS_AST_PARENT	
780094	780122	IS_AST_PARENT	
780094	780123	IS_AST_PARENT	
780094	780124	IS_AST_PARENT	
780094	780125	IS_AST_PARENT	
780094	780126	IS_AST_PARENT	
780094	780127	IS_AST_PARENT	
780094	780128	IS_AST_PARENT	
780094	780129	IS_AST_PARENT	
780131	780132	IS_AST_PARENT	
780131	780133	IS_AST_PARENT	
780131	780134	IS_AST_PARENT	
780131	780135	IS_AST_PARENT	
780131	780136	IS_AST_PARENT	
780130	780131	IS_AST_PARENT	
780130	780137	IS_AST_PARENT	
780138	780139	IS_AST_PARENT	
780138	780140	IS_AST_PARENT	
780138	780141	IS_AST_PARENT	
780138	780142	IS_AST_PARENT	
780138	780143	IS_AST_PARENT	
780130	780138	IS_AST_PARENT	
780130	780144	IS_AST_PARENT	
780145	780146	IS_AST_PARENT	
780145	780147	IS_AST_PARENT	
780145	780148	IS_AST_PARENT	
780145	780149	IS_AST_PARENT	
780145	780150	IS_AST_PARENT	
780130	780145	IS_AST_PARENT	
780130	780151	IS_AST_PARENT	
780152	780153	IS_AST_PARENT	
780152	780154	IS_AST_PARENT	
780152	780155	IS_AST_PARENT	
780152	780156	IS_AST_PARENT	
780152	780157	IS_AST_PARENT	
780130	780152	IS_AST_PARENT	
780130	780158	IS_AST_PARENT	
780159	780160	IS_AST_PARENT	
780159	780161	IS_AST_PARENT	
780159	780162	IS_AST_PARENT	
780159	780163	IS_AST_PARENT	
780159	780164	IS_AST_PARENT	
780130	780159	IS_AST_PARENT	
780094	780130	IS_AST_PARENT	
780094	780165	IS_AST_PARENT	
780167	780168	IS_AST_PARENT	
780167	780169	IS_AST_PARENT	
780170	780171	IS_AST_PARENT	
780170	780172	IS_AST_PARENT	
780167	780170	IS_AST_PARENT	
780166	780167	IS_AST_PARENT	
780094	780166	IS_AST_PARENT	
780094	780173	IS_AST_PARENT	
780176	780177	IS_AST_PARENT	
780176	780178	IS_AST_PARENT	
780175	780176	IS_AST_PARENT	
780175	780179	IS_AST_PARENT	
780174	780175	IS_AST_PARENT	
780094	780174	IS_AST_PARENT	
780181	780182	IS_AST_PARENT	
780181	780183	IS_AST_PARENT	
780184	780185	IS_AST_PARENT	
780184	780186	IS_AST_PARENT	
780181	780184	IS_AST_PARENT	
780180	780181	IS_AST_PARENT	
780094	780180	IS_AST_PARENT	
780188	780189	IS_AST_PARENT	
780188	780190	IS_AST_PARENT	
780191	780192	IS_AST_PARENT	
780191	780193	IS_AST_PARENT	
780188	780191	IS_AST_PARENT	
780187	780188	IS_AST_PARENT	
780094	780187	IS_AST_PARENT	
780195	780196	IS_AST_PARENT	
780195	780197	IS_AST_PARENT	
780198	780199	IS_AST_PARENT	
780200	780201	IS_AST_PARENT	
780200	780202	IS_AST_PARENT	
780198	780200	IS_AST_PARENT	
780195	780198	IS_AST_PARENT	
780194	780195	IS_AST_PARENT	
780094	780194	IS_AST_PARENT	
780204	780205	IS_AST_PARENT	
780204	780206	IS_AST_PARENT	
780203	780204	IS_AST_PARENT	
780207	780208	IS_AST_PARENT	
780207	780209	IS_AST_PARENT	
780203	780207	IS_AST_PARENT	
780094	780203	IS_AST_PARENT	
780212	780213	IS_AST_PARENT	
780212	780214	IS_AST_PARENT	
780211	780212	IS_AST_PARENT	
780210	780211	IS_AST_PARENT	
780216	780217	IS_AST_PARENT	
780216	780218	IS_AST_PARENT	
780215	780216	IS_AST_PARENT	
780210	780215	IS_AST_PARENT	
780219	780220	IS_AST_PARENT	
780219	780221	IS_AST_PARENT	
780210	780219	IS_AST_PARENT	
780225	780226	IS_AST_PARENT	
780225	780227	IS_AST_PARENT	
780224	780225	IS_AST_PARENT	
780223	780224	IS_AST_PARENT	
780229	780230	IS_AST_PARENT	
780229	780231	IS_AST_PARENT	
780228	780229	IS_AST_PARENT	
780223	780228	IS_AST_PARENT	
780232	780233	IS_AST_PARENT	
780232	780234	IS_AST_PARENT	
780223	780232	IS_AST_PARENT	
780238	780239	IS_AST_PARENT	
780238	780240	IS_AST_PARENT	
780237	780238	IS_AST_PARENT	
780237	780241	IS_AST_PARENT	
780236	780237	IS_AST_PARENT	
780242	780243	IS_AST_PARENT	
780242	780244	IS_AST_PARENT	
780236	780242	IS_AST_PARENT	
780235	780236	IS_AST_PARENT	
780223	780235	IS_AST_PARENT	
780222	780223	IS_AST_PARENT	
780210	780222	IS_AST_PARENT	
780094	780210	IS_AST_PARENT	
780246	780247	IS_AST_PARENT	
780253	780254	IS_AST_PARENT	
780257	780258	IS_AST_PARENT	
780261	780262	IS_AST_PARENT	
780264	780265	IS_AST_PARENT	
780267	780268	IS_AST_PARENT	
780270	780271	IS_AST_PARENT	
780270	780272	IS_AST_PARENT	
780269	780270	IS_AST_PARENT	
780273	780274	IS_AST_PARENT	
780273	780275	IS_AST_PARENT	
780269	780273	IS_AST_PARENT	
780267	780269	IS_AST_PARENT	
780266	780267	IS_AST_PARENT	
780276	780277	IS_AST_PARENT	
780276	780278	IS_AST_PARENT	
780266	780276	IS_AST_PARENT	
780264	780266	IS_AST_PARENT	
780263	780264	IS_AST_PARENT	
780279	780280	IS_AST_PARENT	
780279	780281	IS_AST_PARENT	
780263	780279	IS_AST_PARENT	
780261	780263	IS_AST_PARENT	
780260	780261	IS_AST_PARENT	
780282	780283	IS_AST_PARENT	
780282	780284	IS_AST_PARENT	
780260	780282	IS_AST_PARENT	
780259	780260	IS_AST_PARENT	
780259	780285	IS_AST_PARENT	
780257	780259	IS_AST_PARENT	
780256	780257	IS_AST_PARENT	
780286	780287	IS_AST_PARENT	
780286	780288	IS_AST_PARENT	
780256	780286	IS_AST_PARENT	
780255	780256	IS_AST_PARENT	
780255	780289	IS_AST_PARENT	
780253	780255	IS_AST_PARENT	
780252	780253	IS_AST_PARENT	
780290	780291	IS_AST_PARENT	
780290	780292	IS_AST_PARENT	
780252	780290	IS_AST_PARENT	
780251	780252	IS_AST_PARENT	
780251	780293	IS_AST_PARENT	
780250	780251	IS_AST_PARENT	
780250	780294	IS_AST_PARENT	
780249	780250	IS_AST_PARENT	
780249	780295	IS_AST_PARENT	
780248	780249	IS_AST_PARENT	
780248	780296	IS_AST_PARENT	
780246	780248	IS_AST_PARENT	
780245	780246	IS_AST_PARENT	
780094	780245	IS_AST_PARENT	
780298	780299	IS_AST_PARENT	
780301	780302	IS_AST_PARENT	
780307	780308	IS_AST_PARENT	
780307	780309	IS_AST_PARENT	
780306	780307	IS_AST_PARENT	
780310	780311	IS_AST_PARENT	
780310	780312	IS_AST_PARENT	
780306	780310	IS_AST_PARENT	
780305	780306	IS_AST_PARENT	
780305	780313	IS_AST_PARENT	
780304	780305	IS_AST_PARENT	
780315	780316	IS_AST_PARENT	
780315	780317	IS_AST_PARENT	
780314	780315	IS_AST_PARENT	
780314	780318	IS_AST_PARENT	
780304	780314	IS_AST_PARENT	
780303	780304	IS_AST_PARENT	
780303	780319	IS_AST_PARENT	
780301	780303	IS_AST_PARENT	
780300	780301	IS_AST_PARENT	
780320	780321	IS_AST_PARENT	
780320	780322	IS_AST_PARENT	
780300	780320	IS_AST_PARENT	
780298	780300	IS_AST_PARENT	
780297	780298	IS_AST_PARENT	
780094	780297	IS_AST_PARENT	
780324	780325	IS_AST_PARENT	
780327	780328	IS_AST_PARENT	
780327	780329	IS_AST_PARENT	
780326	780327	IS_AST_PARENT	
780330	780331	IS_AST_PARENT	
780332	780333	IS_AST_PARENT	
780332	780334	IS_AST_PARENT	
780330	780332	IS_AST_PARENT	
780326	780330	IS_AST_PARENT	
780324	780326	IS_AST_PARENT	
780323	780324	IS_AST_PARENT	
780094	780323	IS_AST_PARENT	
780031	780094	IS_AST_PARENT	
780337	780338	IS_AST_PARENT	
780337	780339	IS_AST_PARENT	
780336	780337	IS_AST_PARENT	
780336	780340	IS_AST_PARENT	
780335	780336	IS_AST_PARENT	
780031	780335	IS_AST_PARENT	
780342	780343	IS_AST_PARENT	
780345	780346	IS_AST_PARENT	
780344	780345	IS_AST_PARENT	
780349	780350	IS_AST_PARENT	
780349	780351	IS_AST_PARENT	
780348	780349	IS_AST_PARENT	
780347	780348	IS_AST_PARENT	
780344	780347	IS_AST_PARENT	
780342	780344	IS_AST_PARENT	
780341	780342	IS_AST_PARENT	
780031	780341	IS_AST_PARENT	
780354	780355	IS_AST_PARENT	
780353	780354	IS_AST_PARENT	
780358	780359	IS_AST_PARENT	
780358	780360	IS_AST_PARENT	
780357	780358	IS_AST_PARENT	
780356	780357	IS_AST_PARENT	
780353	780356	IS_AST_PARENT	
780352	780353	IS_AST_PARENT	
780031	780352	IS_AST_PARENT	
780363	780364	IS_AST_PARENT	
780362	780363	IS_AST_PARENT	
780366	780367	IS_AST_PARENT	
780365	780366	IS_AST_PARENT	
780369	780370	IS_AST_PARENT	
780369	780371	IS_AST_PARENT	
780368	780369	IS_AST_PARENT	
780365	780368	IS_AST_PARENT	
780362	780365	IS_AST_PARENT	
780361	780362	IS_AST_PARENT	
780031	780361	IS_AST_PARENT	
780373	780374	IS_AST_PARENT	
780376	780377	IS_AST_PARENT	
780375	780376	IS_AST_PARENT	
780380	780381	IS_AST_PARENT	
780380	780382	IS_AST_PARENT	
780379	780380	IS_AST_PARENT	
780378	780379	IS_AST_PARENT	
780384	780385	IS_AST_PARENT	
780384	780386	IS_AST_PARENT	
780383	780384	IS_AST_PARENT	
780378	780383	IS_AST_PARENT	
780387	780388	IS_AST_PARENT	
780378	780387	IS_AST_PARENT	
780389	780390	IS_AST_PARENT	
780378	780389	IS_AST_PARENT	
780392	780393	IS_AST_PARENT	
780392	780394	IS_AST_PARENT	
780391	780392	IS_AST_PARENT	
780378	780391	IS_AST_PARENT	
780375	780378	IS_AST_PARENT	
780373	780375	IS_AST_PARENT	
780372	780373	IS_AST_PARENT	
780031	780372	IS_AST_PARENT	
780397	780398	IS_AST_PARENT	
780397	780399	IS_AST_PARENT	
780396	780397	IS_AST_PARENT	
780395	780396	IS_AST_PARENT	
780401	780402	IS_AST_PARENT	
780401	780403	IS_AST_PARENT	
780400	780401	IS_AST_PARENT	
780395	780400	IS_AST_PARENT	
780407	780408	IS_AST_PARENT	
780407	780409	IS_AST_PARENT	
780406	780407	IS_AST_PARENT	
780405	780406	IS_AST_PARENT	
780411	780412	IS_AST_PARENT	
780411	780413	IS_AST_PARENT	
780410	780411	IS_AST_PARENT	
780405	780410	IS_AST_PARENT	
780404	780405	IS_AST_PARENT	
780395	780404	IS_AST_PARENT	
780031	780395	IS_AST_PARENT	
780415	780416	IS_AST_PARENT	
780418	780419	IS_AST_PARENT	
780417	780418	IS_AST_PARENT	
780422	780423	IS_AST_PARENT	
780422	780424	IS_AST_PARENT	
780421	780422	IS_AST_PARENT	
780420	780421	IS_AST_PARENT	
780426	780427	IS_AST_PARENT	
780426	780428	IS_AST_PARENT	
780425	780426	IS_AST_PARENT	
780420	780425	IS_AST_PARENT	
780430	780431	IS_AST_PARENT	
780430	780432	IS_AST_PARENT	
780429	780430	IS_AST_PARENT	
780420	780429	IS_AST_PARENT	
780434	780435	IS_AST_PARENT	
780434	780436	IS_AST_PARENT	
780433	780434	IS_AST_PARENT	
780420	780433	IS_AST_PARENT	
780417	780420	IS_AST_PARENT	
780415	780417	IS_AST_PARENT	
780414	780415	IS_AST_PARENT	
780031	780414	IS_AST_PARENT	
780439	780440	IS_AST_PARENT	
780439	780441	IS_AST_PARENT	
780438	780439	IS_AST_PARENT	
780437	780438	IS_AST_PARENT	
780442	780443	IS_AST_PARENT	
780437	780442	IS_AST_PARENT	
780031	780437	IS_AST_PARENT	
780447	780448	IS_AST_PARENT	
780447	780449	IS_AST_PARENT	
780446	780447	IS_AST_PARENT	
780451	780452	IS_AST_PARENT	
780451	780453	IS_AST_PARENT	
780450	780451	IS_AST_PARENT	
780450	780454	IS_AST_PARENT	
780446	780450	IS_AST_PARENT	
780445	780446	IS_AST_PARENT	
780444	780445	IS_AST_PARENT	
780457	780458	IS_AST_PARENT	
780459	780460	IS_AST_PARENT	
780459	780461	IS_AST_PARENT	
780457	780459	IS_AST_PARENT	
780456	780457	IS_AST_PARENT	
780455	780456	IS_AST_PARENT	
780462	780463	IS_AST_PARENT	
780455	780462	IS_AST_PARENT	
780444	780455	IS_AST_PARENT	
780031	780444	IS_AST_PARENT	
780465	780466	IS_AST_PARENT	
780467	780468	IS_AST_PARENT	
780467	780469	IS_AST_PARENT	
780465	780467	IS_AST_PARENT	
780464	780465	IS_AST_PARENT	
780031	780464	IS_AST_PARENT	
780472	780473	IS_AST_PARENT	
780475	780476	IS_AST_PARENT	
780474	780475	IS_AST_PARENT	
780478	780479	IS_AST_PARENT	
780477	780478	IS_AST_PARENT	
780480	780481	IS_AST_PARENT	
780477	780480	IS_AST_PARENT	
780474	780477	IS_AST_PARENT	
780472	780474	IS_AST_PARENT	
780471	780472	IS_AST_PARENT	
780470	780471	IS_AST_PARENT	
780484	780485	IS_AST_PARENT	
780486	780487	IS_AST_PARENT	
780486	780488	IS_AST_PARENT	
780484	780486	IS_AST_PARENT	
780483	780484	IS_AST_PARENT	
780482	780483	IS_AST_PARENT	
780489	780490	IS_AST_PARENT	
780482	780489	IS_AST_PARENT	
780470	780482	IS_AST_PARENT	
780031	780470	IS_AST_PARENT	
780495	780496	IS_AST_PARENT	
780495	780497	IS_AST_PARENT	
780494	780495	IS_AST_PARENT	
780494	780498	IS_AST_PARENT	
780493	780494	IS_AST_PARENT	
780500	780501	IS_AST_PARENT	
780500	780502	IS_AST_PARENT	
780499	780500	IS_AST_PARENT	
780499	780503	IS_AST_PARENT	
780493	780499	IS_AST_PARENT	
780492	780493	IS_AST_PARENT	
780491	780492	IS_AST_PARENT	
780506	780507	IS_AST_PARENT	
780508	780509	IS_AST_PARENT	
780508	780510	IS_AST_PARENT	
780506	780508	IS_AST_PARENT	
780505	780506	IS_AST_PARENT	
780504	780505	IS_AST_PARENT	
780511	780512	IS_AST_PARENT	
780504	780511	IS_AST_PARENT	
780491	780504	IS_AST_PARENT	
780031	780491	IS_AST_PARENT	
780515	780516	IS_AST_PARENT	
780515	780517	IS_AST_PARENT	
780514	780515	IS_AST_PARENT	
780519	780520	IS_AST_PARENT	
780518	780519	IS_AST_PARENT	
780523	780524	IS_AST_PARENT	
780523	780525	IS_AST_PARENT	
780522	780523	IS_AST_PARENT	
780521	780522	IS_AST_PARENT	
780518	780521	IS_AST_PARENT	
780514	780518	IS_AST_PARENT	
780513	780514	IS_AST_PARENT	
780031	780513	IS_AST_PARENT	
780529	780530	IS_AST_PARENT	
780529	780531	IS_AST_PARENT	
780528	780529	IS_AST_PARENT	
780528	780532	IS_AST_PARENT	
780527	780528	IS_AST_PARENT	
780526	780527	IS_AST_PARENT	
780535	780536	IS_AST_PARENT	
780537	780538	IS_AST_PARENT	
780537	780539	IS_AST_PARENT	
780535	780537	IS_AST_PARENT	
780534	780535	IS_AST_PARENT	
780533	780534	IS_AST_PARENT	
780540	780541	IS_AST_PARENT	
780533	780540	IS_AST_PARENT	
780526	780533	IS_AST_PARENT	
780031	780526	IS_AST_PARENT	
780542	780543	IS_AST_PARENT	
780031	780542	IS_AST_PARENT	
780544	780545	IS_AST_PARENT	
780031	780544	IS_AST_PARENT	
780548	780549	IS_AST_PARENT	
780548	780550	IS_AST_PARENT	
780547	780548	IS_AST_PARENT	
780546	780547	IS_AST_PARENT	
780553	780554	IS_AST_PARENT	
780552	780553	IS_AST_PARENT	
780556	780557	IS_AST_PARENT	
780555	780556	IS_AST_PARENT	
780552	780555	IS_AST_PARENT	
780551	780552	IS_AST_PARENT	
780546	780551	IS_AST_PARENT	
780031	780546	IS_AST_PARENT	
780560	780561	IS_AST_PARENT	
780560	780562	IS_AST_PARENT	
780559	780560	IS_AST_PARENT	
780558	780559	IS_AST_PARENT	
780565	780566	IS_AST_PARENT	
780564	780565	IS_AST_PARENT	
780568	780569	IS_AST_PARENT	
780567	780568	IS_AST_PARENT	
780564	780567	IS_AST_PARENT	
780563	780564	IS_AST_PARENT	
780558	780563	IS_AST_PARENT	
780031	780558	IS_AST_PARENT	
780570	780571	IS_AST_PARENT	
780031	780570	IS_AST_PARENT	
780030	780031	IS_AST_PARENT	
780030	780572	IS_AST_PARENT	
780030	780573	IS_AST_PARENT	
780575	780576	IS_AST_PARENT	
780575	780577	IS_AST_PARENT	
780574	780575	IS_AST_PARENT	
780578	780579	IS_AST_PARENT	
780578	780580	IS_AST_PARENT	
780574	780578	IS_AST_PARENT	
780030	780574	IS_AST_PARENT	
780581	780575	FLOWS_TO	
780575	780578	FLOWS_TO	
780578	780032	FLOWS_TO	
780032	780036	FLOWS_TO	
780036	780040	FLOWS_TO	
780040	780047	FLOWS_TO	
780047	780051	FLOWS_TO	
780051	780055	FLOWS_TO	
780055	780059	FLOWS_TO	
780059	780066	FLOWS_TO	
780066	780071	FLOWS_TO	
780071	780084	FLOWS_TO	
780071	780088	FLOWS_TO	
780084	780582	FLOWS_TO	
780088	780095	FLOWS_TO	
780095	780102	FLOWS_TO	
780102	780111	FLOWS_TO	
780111	780120	FLOWS_TO	
780120	780121	FLOWS_TO	
780121	780122	FLOWS_TO	
780122	780123	FLOWS_TO	
780123	780124	FLOWS_TO	
780124	780125	FLOWS_TO	
780125	780126	FLOWS_TO	
780126	780127	FLOWS_TO	
780127	780128	FLOWS_TO	
780128	780129	FLOWS_TO	
780129	780132	FLOWS_TO	
780132	780133	FLOWS_TO	
780133	780134	FLOWS_TO	
780134	780135	FLOWS_TO	
780135	780136	FLOWS_TO	
780136	780137	FLOWS_TO	
780137	780139	FLOWS_TO	
780139	780140	FLOWS_TO	
780140	780141	FLOWS_TO	
780141	780142	FLOWS_TO	
780142	780143	FLOWS_TO	
780143	780144	FLOWS_TO	
780144	780146	FLOWS_TO	
780146	780147	FLOWS_TO	
780147	780148	FLOWS_TO	
780148	780149	FLOWS_TO	
780149	780150	FLOWS_TO	
780150	780151	FLOWS_TO	
780151	780153	FLOWS_TO	
780153	780154	FLOWS_TO	
780154	780155	FLOWS_TO	
780155	780156	FLOWS_TO	
780156	780157	FLOWS_TO	
780157	780158	FLOWS_TO	
780158	780160	FLOWS_TO	
780160	780161	FLOWS_TO	
780161	780162	FLOWS_TO	
780162	780163	FLOWS_TO	
780163	780164	FLOWS_TO	
780164	780165	FLOWS_TO	
780165	780166	FLOWS_TO	
780166	780173	FLOWS_TO	
780173	780174	FLOWS_TO	
780174	780180	FLOWS_TO	
780180	780187	FLOWS_TO	
780187	780194	FLOWS_TO	
780194	780203	FLOWS_TO	
780203	780211	FLOWS_TO	
780215	780224	FLOWS_TO	
780215	780245	FLOWS_TO	
780211	780215	FLOWS_TO	
780219	780215	FLOWS_TO	
780228	780235	FLOWS_TO	
780228	780219	FLOWS_TO	
780224	780228	FLOWS_TO	
780232	780228	FLOWS_TO	
780235	780232	FLOWS_TO	
780245	780297	FLOWS_TO	
780297	780323	FLOWS_TO	
780323	780335	FLOWS_TO	
780335	780341	FLOWS_TO	
780341	780352	FLOWS_TO	
780352	780361	FLOWS_TO	
780361	780372	FLOWS_TO	
780372	780396	FLOWS_TO	
780396	780400	FLOWS_TO	
780396	780406	FLOWS_TO	
780400	780582	FLOWS_TO	
780406	780410	FLOWS_TO	
780406	780414	FLOWS_TO	
780410	780582	FLOWS_TO	
780414	780438	FLOWS_TO	
780438	780442	FLOWS_TO	
780438	780445	FLOWS_TO	
780442	780582	FLOWS_TO	
780445	780456	FLOWS_TO	
780445	780464	FLOWS_TO	
780456	780462	FLOWS_TO	
780462	780544	FLOWS_TO	
780464	780471	FLOWS_TO	
780471	780483	FLOWS_TO	
780471	780492	FLOWS_TO	
780483	780489	FLOWS_TO	
780489	780544	FLOWS_TO	
780492	780505	FLOWS_TO	
780492	780513	FLOWS_TO	
780505	780511	FLOWS_TO	
780511	780544	FLOWS_TO	
780513	780527	FLOWS_TO	
780527	780534	FLOWS_TO	
780527	780542	FLOWS_TO	
780534	780540	FLOWS_TO	
780540	780544	FLOWS_TO	
780542	780582	FLOWS_TO	
780544	780547	FLOWS_TO	
780547	780551	FLOWS_TO	
780547	780559	FLOWS_TO	
780551	780559	FLOWS_TO	
780559	780563	FLOWS_TO	
780559	780570	FLOWS_TO	
780563	780570	FLOWS_TO	
780570	780582	FLOWS_TO	
780483	780583	USE	
780484	780583	USE	
780505	780583	USE	
780506	780583	USE	
780534	780583	USE	
780535	780583	USE	
780492	780584	USE	
780372	780585	USE	
780373	780585	USE	
780445	780586	USE	
780513	780587	DEF	
780514	780587	DEF	
780527	780587	USE	
780578	780588	DEF	
780071	780588	USE	
780513	780588	USE	
780515	780588	USE	
780527	780588	USE	
780529	780588	USE	
780166	780589	DEF	
780170	780589	DEF	
780167	780589	DEF	
780245	780589	DEF	
780246	780589	DEF	
780051	780590	DEF	
780052	780590	DEF	
780335	780591	DEF	
780336	780591	DEF	
780513	780592	USE	
780514	780592	USE	
780040	780593	DEF	
780041	780593	DEF	
780445	780593	USE	
780451	780593	USE	
780559	780593	USE	
780563	780593	USE	
780568	780593	USE	
780174	780594	USE	
780176	780594	USE	
780235	780594	USE	
780238	780594	USE	
780297	780594	USE	
780315	780594	USE	
780174	780595	USE	
780175	780595	USE	
780235	780595	USE	
780237	780595	USE	
780297	780595	USE	
780314	780595	USE	
780235	780596	DEF	
780236	780596	DEF	
780400	780597	USE	
780040	780598	USE	
780044	780598	USE	
780040	780598	DEF	
780044	780598	DEF	
780059	780598	USE	
780063	780598	USE	
780059	780598	DEF	
780063	780598	DEF	
780071	780598	USE	
780372	780598	USE	
780389	780598	USE	
780387	780598	USE	
780445	780598	USE	
780527	780598	USE	
780547	780598	USE	
780559	780598	USE	
780111	780599	DEF	
780115	780599	DEF	
780112	780599	DEF	
780492	780600	USE	
780194	780601	DEF	
780195	780601	DEF	
780198	780601	DEF	
780323	780601	DEF	
780324	780601	DEF	
780047	780602	DEF	
780048	780602	DEF	
780341	780602	DEF	
780342	780602	DEF	
780361	780602	USE	
780366	780602	USE	
780372	780602	USE	
780379	780602	USE	
780187	780603	DEF	
780191	780603	DEF	
780188	780603	DEF	
780323	780603	USE	
780324	780603	USE	
780414	780604	USE	
780433	780604	USE	
780492	780605	USE	
780036	780606	DEF	
780037	780606	DEF	
780095	780607	DEF	
780096	780607	DEF	
780099	780607	DEF	
780245	780607	USE	
780246	780607	USE	
780066	780608	DEF	
780067	780608	DEF	
780464	780608	DEF	
780465	780608	DEF	
780471	780608	USE	
780478	780608	USE	
780492	780608	USE	
780500	780608	USE	
780495	780608	USE	
780341	780609	USE	
780342	780609	USE	
780235	780610	DEF	
780236	780610	DEF	
780297	780610	USE	
780298	780610	USE	
780352	780611	USE	
780357	780611	USE	
780361	780611	USE	
780368	780611	USE	
780372	780611	USE	
780383	780611	USE	
780055	780612	DEF	
780056	780612	DEF	
780088	780612	USE	
780090	780612	USE	
780088	780612	DEF	
780089	780612	DEF	
780335	780612	USE	
780337	780612	USE	
780335	780612	DEF	
780336	780612	DEF	
780297	780613	USE	
780298	780613	USE	
780088	780614	USE	
780089	780614	USE	
780088	780615	DEF	
780089	780615	DEF	
780102	780616	DEF	
780106	780616	DEF	
780103	780616	DEF	
780414	780617	USE	
780429	780617	USE	
780059	780618	DEF	
780060	780618	DEF	
780464	780618	USE	
780465	780618	USE	
780513	780618	USE	
780522	780618	USE	
780547	780618	USE	
780551	780618	USE	
780556	780618	USE	
780410	780619	USE	
780456	780619	USE	
780457	780619	USE	
780414	780620	USE	
780425	780620	USE	
780203	780621	DEF	
780204	780621	DEF	
780215	780621	USE	
780211	780621	DEF	
780212	780621	DEF	
780219	780621	USE	
780219	780621	DEF	
780235	780621	USE	
780238	780621	USE	
780492	780622	USE	
780203	780623	DEF	
780207	780623	DEF	
780228	780623	USE	
780224	780623	DEF	
780225	780623	DEF	
780232	780623	DEF	
780232	780623	USE	
780235	780623	USE	
780237	780623	USE	
780071	780624	USE	
780414	780625	USE	
780415	780625	USE	
780445	780626	USE	
780084	780627	USE	
780575	780628	DEF	
780071	780628	USE	
780079	780628	USE	
780341	780628	USE	
780349	780628	USE	
780414	780628	USE	
780422	780628	USE	
780235	780629	USE	
780237	780629	USE	
780032	780630	DEF	
780033	780630	DEF	
780372	780630	DEF	
780373	780630	DEF	
780396	780630	USE	
780406	780630	USE	
780414	780630	DEF	
780415	780630	DEF	
780438	780630	USE	
780442	780630	USE	
780456	780630	DEF	
780457	780630	DEF	
780471	780630	USE	
780480	780630	USE	
780483	780630	DEF	
780484	780630	DEF	
780505	780630	DEF	
780506	780630	DEF	
780534	780630	DEF	
780535	780630	DEF	
780542	780630	USE	
780570	780630	USE	
780235	780631	DEF	
780236	780631	DEF	
780341	780632	USE	
780348	780632	USE	
780414	780632	USE	
780421	780632	USE	
780341	780633	USE	
780348	780633	USE	
780414	780633	USE	
780421	780633	USE	
780372	780634	USE	
780391	780634	USE	
780180	780635	DEF	
780184	780635	DEF	
780181	780635	DEF	
780297	780635	DEF	
780298	780635	DEF	
780471	780636	USE	
780513	780582	REACHES	* _1a1595ed104f831c26395f28b7ee4eb0
780513	780527	REACHES	* _1a1595ed104f831c26395f28b7ee4eb0
780578	780071	REACHES	_1a1595ed104f831c26395f28b7ee4eb0
780578	780513	REACHES	_1a1595ed104f831c26395f28b7ee4eb0
780578	780527	REACHES	_1a1595ed104f831c26395f28b7ee4eb0
780040	780445	REACHES	_aa2ea572c995da2d8802584c98015c04
780040	780559	REACHES	_aa2ea572c995da2d8802584c98015c04
780040	780563	REACHES	_aa2ea572c995da2d8802584c98015c04
780040	780059	REACHES	NULL
780059	780071	REACHES	NULL
780059	780372	REACHES	NULL
780059	780445	REACHES	NULL
780059	780527	REACHES	NULL
780059	780547	REACHES	NULL
780059	780559	REACHES	NULL
780341	780361	REACHES	_fba4f2c24a6f9e911623785088f8f4d4
780341	780372	REACHES	_fba4f2c24a6f9e911623785088f8f4d4
780187	780323	REACHES	_c09115b46b3f7bdcb470b7e3b50d21e2
780095	780245	REACHES	_ac31e50cc6b4e80a1a08feefef03f523
780464	780471	REACHES	_1d8b59a4a4077b4491ad5a623616180d
780464	780492	REACHES	_1d8b59a4a4077b4491ad5a623616180d
780235	780297	REACHES	* * _7d44282aa5dc8465ca4bfebe5144b4b7
780055	780088	REACHES	_12e623598383ae833d580ab02b6713f6
780088	780335	REACHES	_12e623598383ae833d580ab02b6713f6
780059	780464	REACHES	_18f21578ead41b2c1f84eae7296b06f6
780059	780513	REACHES	_18f21578ead41b2c1f84eae7296b06f6
780059	780547	REACHES	_18f21578ead41b2c1f84eae7296b06f6
780059	780551	REACHES	_18f21578ead41b2c1f84eae7296b06f6
780211	780215	REACHES	i
780219	780215	REACHES	i
780211	780219	REACHES	i
780219	780219	REACHES	i
780211	780235	REACHES	i
780219	780235	REACHES	i
780224	780228	REACHES	j
780232	780228	REACHES	j
780224	780232	REACHES	j
780232	780232	REACHES	j
780224	780235	REACHES	j
780232	780235	REACHES	j
780575	780071	REACHES	_fe5b890fb42ccfd809784bd442ea1f44
780575	780341	REACHES	_fe5b890fb42ccfd809784bd442ea1f44
780575	780414	REACHES	_fe5b890fb42ccfd809784bd442ea1f44
780372	780396	REACHES	_74358ec1db3bbe384d1e3dfdc9ca064b
780414	780438	REACHES	_74358ec1db3bbe384d1e3dfdc9ca064b
780372	780406	REACHES	_74358ec1db3bbe384d1e3dfdc9ca064b
780414	780442	REACHES	_74358ec1db3bbe384d1e3dfdc9ca064b
780414	780471	REACHES	_74358ec1db3bbe384d1e3dfdc9ca064b
780414	780542	REACHES	_74358ec1db3bbe384d1e3dfdc9ca064b
780483	780570	REACHES	_74358ec1db3bbe384d1e3dfdc9ca064b
780534	780570	REACHES	_74358ec1db3bbe384d1e3dfdc9ca064b
780505	780570	REACHES	_74358ec1db3bbe384d1e3dfdc9ca064b
780456	780570	REACHES	_74358ec1db3bbe384d1e3dfdc9ca064b
780581	780575	CONTROLS	
780581	780578	CONTROLS	
780581	780032	CONTROLS	
780581	780036	CONTROLS	
780581	780040	CONTROLS	
780581	780047	CONTROLS	
780581	780051	CONTROLS	
780581	780055	CONTROLS	
780581	780059	CONTROLS	
780581	780066	CONTROLS	
780581	780071	CONTROLS	
780071	780084	CONTROLS	
780071	780088	CONTROLS	
780071	780095	CONTROLS	
780071	780102	CONTROLS	
780071	780111	CONTROLS	
780071	780120	CONTROLS	
780071	780121	CONTROLS	
780071	780122	CONTROLS	
780071	780123	CONTROLS	
780071	780124	CONTROLS	
780071	780125	CONTROLS	
780071	780126	CONTROLS	
780071	780127	CONTROLS	
780071	780128	CONTROLS	
780071	780129	CONTROLS	
780071	780132	CONTROLS	
780071	780133	CONTROLS	
780071	780134	CONTROLS	
780071	780135	CONTROLS	
780071	780136	CONTROLS	
780071	780137	CONTROLS	
780071	780139	CONTROLS	
780071	780140	CONTROLS	
780071	780141	CONTROLS	
780071	780142	CONTROLS	
780071	780143	CONTROLS	
780071	780144	CONTROLS	
780071	780146	CONTROLS	
780071	780147	CONTROLS	
780071	780148	CONTROLS	
780071	780149	CONTROLS	
780071	780150	CONTROLS	
780071	780151	CONTROLS	
780071	780153	CONTROLS	
780071	780154	CONTROLS	
780071	780155	CONTROLS	
780071	780156	CONTROLS	
780071	780157	CONTROLS	
780071	780158	CONTROLS	
780071	780160	CONTROLS	
780071	780161	CONTROLS	
780071	780162	CONTROLS	
780071	780163	CONTROLS	
780071	780164	CONTROLS	
780071	780165	CONTROLS	
780071	780166	CONTROLS	
780071	780173	CONTROLS	
780071	780174	CONTROLS	
780071	780180	CONTROLS	
780071	780187	CONTROLS	
780071	780194	CONTROLS	
780071	780203	CONTROLS	
780071	780211	CONTROLS	
780071	780215	CONTROLS	
780071	780245	CONTROLS	
780071	780297	CONTROLS	
780071	780323	CONTROLS	
780071	780335	CONTROLS	
780071	780341	CONTROLS	
780071	780352	CONTROLS	
780071	780361	CONTROLS	
780071	780372	CONTROLS	
780071	780396	CONTROLS	
780215	780224	CONTROLS	
780215	780228	CONTROLS	
780215	780219	CONTROLS	
780228	780235	CONTROLS	
780228	780232	CONTROLS	
780396	780400	CONTROLS	
780396	780406	CONTROLS	
780406	780410	CONTROLS	
780406	780414	CONTROLS	
780406	780438	CONTROLS	
780438	780442	CONTROLS	
780438	780445	CONTROLS	
780445	780456	CONTROLS	
780445	780462	CONTROLS	
780445	780544	CONTROLS	
780445	780547	CONTROLS	
780445	780559	CONTROLS	
780445	780570	CONTROLS	
780445	780464	CONTROLS	
780445	780471	CONTROLS	
780471	780483	CONTROLS	
780471	780489	CONTROLS	
780471	780544	CONTROLS	
780471	780547	CONTROLS	
780471	780559	CONTROLS	
780471	780570	CONTROLS	
780471	780492	CONTROLS	
780492	780505	CONTROLS	
780492	780511	CONTROLS	
780492	780544	CONTROLS	
780492	780547	CONTROLS	
780492	780559	CONTROLS	
780492	780570	CONTROLS	
780492	780513	CONTROLS	
780492	780527	CONTROLS	
780527	780534	CONTROLS	
780527	780540	CONTROLS	
780527	780544	CONTROLS	
780527	780547	CONTROLS	
780527	780559	CONTROLS	
780527	780570	CONTROLS	
780527	780542	CONTROLS	
780547	780551	CONTROLS	
780559	780563	CONTROLS	
780575	780578	DOM	
780137	780139	DOM	
780055	780059	DOM	
780157	780158	DOM	
780173	780174	DOM	
780559	780570	DOM	
780111	780120	DOM	
780194	780203	DOM	
780464	780471	DOM	
780126	780127	DOM	
780095	780102	DOM	
780040	780047	DOM	
780123	780124	DOM	
780047	780051	DOM	
780149	780150	DOM	
780372	780396	DOM	
780153	780154	DOM	
780215	780245	DOM	
780125	780126	DOM	
780140	780141	DOM	
780128	780129	DOM	
780143	780144	DOM	
780396	780406	DOM	
780471	780483	DOM	
780088	780095	DOM	
780154	780155	DOM	
780492	780505	DOM	
780121	780122	DOM	
780471	780492	DOM	
780335	780341	DOM	
780051	780055	DOM	
780156	780157	DOM	
780120	780121	DOM	
780144	780146	DOM	
780323	780335	DOM	
780158	780160	DOM	
780129	780132	DOM	
780032	780036	DOM	
780134	780135	DOM	
780141	780142	DOM	
780547	780551	DOM	
780036	780040	DOM	
780147	780148	DOM	
780534	780540	DOM	
780151	780153	DOM	
780235	780232	DOM	
780160	780161	DOM	
780166	780173	DOM	
780224	780228	DOM	
780071	780582	DOM	
780445	780544	DOM	
780527	780534	DOM	
780150	780151	DOM	
780133	780134	DOM	
780142	780143	DOM	
780203	780211	DOM	
780071	780088	DOM	
780406	780414	DOM	
780164	780165	DOM	
780124	780125	DOM	
780146	780147	DOM	
780215	780224	DOM	
780127	780128	DOM	
780581	780581	DOM	
780297	780323	DOM	
780136	780137	DOM	
780361	780372	DOM	
780122	780123	DOM	
780165	780166	DOM	
780211	780215	DOM	
780071	780084	DOM	
780162	780163	DOM	
780414	780438	DOM	
780445	780456	DOM	
780187	780194	DOM	
780245	780297	DOM	
780559	780563	DOM	
780483	780489	DOM	
780066	780071	DOM	
780174	780180	DOM	
780396	780400	DOM	
780059	780066	DOM	
780544	780547	DOM	
780102	780111	DOM	
780581	780575	DOM	
780148	780149	DOM	
780578	780032	DOM	
780132	780133	DOM	
780492	780513	DOM	
780352	780361	DOM	
780527	780542	DOM	
780438	780442	DOM	
780456	780462	DOM	
780161	780162	DOM	
780135	780136	DOM	
780155	780156	DOM	
780228	780219	DOM	
780406	780410	DOM	
780341	780352	DOM	
780547	780559	DOM	
780180	780187	DOM	
780513	780527	DOM	
780445	780464	DOM	
780139	780140	DOM	
780228	780235	DOM	
780438	780445	DOM	
780505	780511	DOM	
780163	780164	DOM	
780032	780578	POST_DOM	
780140	780139	POST_DOM	
780066	780059	POST_DOM	
780160	780158	POST_DOM	
780180	780174	POST_DOM	
780582	780570	POST_DOM	
780121	780120	POST_DOM	
780211	780203	POST_DOM	
780582	780471	POST_DOM	
780128	780127	POST_DOM	
780111	780102	POST_DOM	
780051	780047	POST_DOM	
780125	780124	POST_DOM	
780055	780051	POST_DOM	
780151	780150	POST_DOM	
780582	780396	POST_DOM	
780297	780245	POST_DOM	
780155	780154	POST_DOM	
780127	780126	POST_DOM	
780142	780141	POST_DOM	
780132	780129	POST_DOM	
780146	780144	POST_DOM	
780582	780406	POST_DOM	
780489	780483	POST_DOM	
780102	780095	POST_DOM	
780156	780155	POST_DOM	
780511	780505	POST_DOM	
780123	780122	POST_DOM	
780582	780492	POST_DOM	
780352	780341	POST_DOM	
780059	780055	POST_DOM	
780158	780157	POST_DOM	
780122	780121	POST_DOM	
780147	780146	POST_DOM	
780341	780335	POST_DOM	
780161	780160	POST_DOM	
780133	780132	POST_DOM	
780040	780036	POST_DOM	
780136	780135	POST_DOM	
780143	780142	POST_DOM	
780559	780551	POST_DOM	
780047	780040	POST_DOM	
780149	780148	POST_DOM	
780544	780540	POST_DOM	
780154	780153	POST_DOM	
780228	780232	POST_DOM	
780162	780161	POST_DOM	
780174	780173	POST_DOM	
780219	780228	POST_DOM	
780582	780582	POST_DOM	
780547	780544	POST_DOM	
780540	780534	POST_DOM	
780153	780151	POST_DOM	
780135	780134	POST_DOM	
780144	780143	POST_DOM	
780215	780211	POST_DOM	
780095	780088	POST_DOM	
780438	780414	POST_DOM	
780166	780165	POST_DOM	
780126	780125	POST_DOM	
780148	780147	POST_DOM	
780228	780224	POST_DOM	
780129	780128	POST_DOM	
780575	780581	POST_DOM	
780335	780323	POST_DOM	
780139	780137	POST_DOM	
780396	780372	POST_DOM	
780124	780123	POST_DOM	
780173	780166	POST_DOM	
780245	780215	POST_DOM	
780582	780084	POST_DOM	
780164	780163	POST_DOM	
780582	780438	POST_DOM	
780462	780456	POST_DOM	
780323	780297	POST_DOM	
780203	780194	POST_DOM	
780570	780563	POST_DOM	
780544	780489	POST_DOM	
780582	780071	POST_DOM	
780582	780400	POST_DOM	
780187	780180	POST_DOM	
780071	780066	POST_DOM	
780559	780547	POST_DOM	
780120	780111	POST_DOM	
780578	780575	POST_DOM	
780150	780149	POST_DOM	
780036	780032	POST_DOM	
780134	780133	POST_DOM	
780527	780513	POST_DOM	
780372	780361	POST_DOM	
780582	780542	POST_DOM	
780582	780442	POST_DOM	
780544	780462	POST_DOM	
780163	780162	POST_DOM	
780137	780136	POST_DOM	
780157	780156	POST_DOM	
780215	780219	POST_DOM	
780582	780410	POST_DOM	
780361	780352	POST_DOM	
780570	780559	POST_DOM	
780194	780187	POST_DOM	
780582	780527	POST_DOM	
780471	780464	POST_DOM	
780141	780140	POST_DOM	
780232	780235	POST_DOM	
780582	780445	POST_DOM	
780544	780511	POST_DOM	
780165	780164	POST_DOM	
780029	780030	IS_FUNCTION_OF_AST	
780029	780581	IS_FUNCTION_OF_CFG	
779080	780029	IS_FILE_OF	
780641	780642	IS_AST_PARENT	
780641	780643	IS_AST_PARENT	
780640	780641	IS_AST_PARENT	
780639	780640	IS_AST_PARENT	
780645	780646	IS_AST_PARENT	
780645	780647	IS_AST_PARENT	
780644	780645	IS_AST_PARENT	
780639	780644	IS_AST_PARENT	
780651	780652	IS_AST_PARENT	
780654	780655	IS_AST_PARENT	
780653	780654	IS_AST_PARENT	
780657	780658	IS_AST_PARENT	
780656	780657	IS_AST_PARENT	
780653	780656	IS_AST_PARENT	
780651	780653	IS_AST_PARENT	
780650	780651	IS_AST_PARENT	
780659	780660	IS_AST_PARENT	
780659	780661	IS_AST_PARENT	
780650	780659	IS_AST_PARENT	
780649	780650	IS_AST_PARENT	
780648	780649	IS_AST_PARENT	
780663	780664	IS_AST_PARENT	
780663	780665	IS_AST_PARENT	
780662	780663	IS_AST_PARENT	
780648	780662	IS_AST_PARENT	
780639	780648	IS_AST_PARENT	
780668	780669	IS_AST_PARENT	
780668	780670	IS_AST_PARENT	
780667	780668	IS_AST_PARENT	
780672	780673	IS_AST_PARENT	
780671	780672	IS_AST_PARENT	
780671	780674	IS_AST_PARENT	
780667	780671	IS_AST_PARENT	
780666	780667	IS_AST_PARENT	
780639	780666	IS_AST_PARENT	
780677	780678	IS_AST_PARENT	
780677	780679	IS_AST_PARENT	
780676	780677	IS_AST_PARENT	
780681	780682	IS_AST_PARENT	
780680	780681	IS_AST_PARENT	
780680	780683	IS_AST_PARENT	
780676	780680	IS_AST_PARENT	
780675	780676	IS_AST_PARENT	
780639	780675	IS_AST_PARENT	
780686	780687	IS_AST_PARENT	
780686	780688	IS_AST_PARENT	
780685	780686	IS_AST_PARENT	
780690	780691	IS_AST_PARENT	
780689	780690	IS_AST_PARENT	
780689	780692	IS_AST_PARENT	
780685	780689	IS_AST_PARENT	
780684	780685	IS_AST_PARENT	
780639	780684	IS_AST_PARENT	
780695	780696	IS_AST_PARENT	
780695	780697	IS_AST_PARENT	
780698	780699	IS_AST_PARENT	
780698	780700	IS_AST_PARENT	
780695	780698	IS_AST_PARENT	
780694	780695	IS_AST_PARENT	
780693	780694	IS_AST_PARENT	
780703	780704	IS_AST_PARENT	
780703	780705	IS_AST_PARENT	
780702	780703	IS_AST_PARENT	
780701	780702	IS_AST_PARENT	
780707	780708	IS_AST_PARENT	
780709	780710	IS_AST_PARENT	
780709	780711	IS_AST_PARENT	
780707	780709	IS_AST_PARENT	
780706	780707	IS_AST_PARENT	
780701	780706	IS_AST_PARENT	
780712	780713	IS_AST_PARENT	
780712	780714	IS_AST_PARENT	
780701	780712	IS_AST_PARENT	
780717	780718	IS_AST_PARENT	
780717	780719	IS_AST_PARENT	
780720	780721	IS_AST_PARENT	
780722	780723	IS_AST_PARENT	
780722	780724	IS_AST_PARENT	
780720	780722	IS_AST_PARENT	
780717	780720	IS_AST_PARENT	
780716	780717	IS_AST_PARENT	
780715	780716	IS_AST_PARENT	
780726	780727	IS_AST_PARENT	
780726	780728	IS_AST_PARENT	
780729	780730	IS_AST_PARENT	
780731	780732	IS_AST_PARENT	
780731	780733	IS_AST_PARENT	
780729	780731	IS_AST_PARENT	
780726	780729	IS_AST_PARENT	
780725	780726	IS_AST_PARENT	
780715	780725	IS_AST_PARENT	
780736	780737	IS_AST_PARENT	
780736	780738	IS_AST_PARENT	
780735	780736	IS_AST_PARENT	
780735	780739	IS_AST_PARENT	
780734	780735	IS_AST_PARENT	
780715	780734	IS_AST_PARENT	
780701	780715	IS_AST_PARENT	
780693	780701	IS_AST_PARENT	
780639	780693	IS_AST_PARENT	
780742	780743	IS_AST_PARENT	
780741	780742	IS_AST_PARENT	
780745	780746	IS_AST_PARENT	
780744	780745	IS_AST_PARENT	
780748	780749	IS_AST_PARENT	
780748	780750	IS_AST_PARENT	
780747	780748	IS_AST_PARENT	
780744	780747	IS_AST_PARENT	
780741	780744	IS_AST_PARENT	
780740	780741	IS_AST_PARENT	
780639	780740	IS_AST_PARENT	
780752	780753	IS_AST_PARENT	
780755	780756	IS_AST_PARENT	
780754	780755	IS_AST_PARENT	
780758	780759	IS_AST_PARENT	
780757	780758	IS_AST_PARENT	
780754	780757	IS_AST_PARENT	
780752	780754	IS_AST_PARENT	
780751	780752	IS_AST_PARENT	
780639	780751	IS_AST_PARENT	
780762	780763	IS_AST_PARENT	
780762	780764	IS_AST_PARENT	
780761	780762	IS_AST_PARENT	
780760	780761	IS_AST_PARENT	
780766	780767	IS_AST_PARENT	
780766	780768	IS_AST_PARENT	
780765	780766	IS_AST_PARENT	
780760	780765	IS_AST_PARENT	
780639	780760	IS_AST_PARENT	
780771	780772	IS_AST_PARENT	
780771	780773	IS_AST_PARENT	
780770	780771	IS_AST_PARENT	
780770	780774	IS_AST_PARENT	
780769	780770	IS_AST_PARENT	
780639	780769	IS_AST_PARENT	
780777	780778	IS_AST_PARENT	
780776	780777	IS_AST_PARENT	
780781	780782	IS_AST_PARENT	
780781	780783	IS_AST_PARENT	
780780	780781	IS_AST_PARENT	
780779	780780	IS_AST_PARENT	
780786	780787	IS_AST_PARENT	
780785	780786	IS_AST_PARENT	
780789	780790	IS_AST_PARENT	
780788	780789	IS_AST_PARENT	
780785	780788	IS_AST_PARENT	
780784	780785	IS_AST_PARENT	
780779	780784	IS_AST_PARENT	
780776	780779	IS_AST_PARENT	
780775	780776	IS_AST_PARENT	
780639	780775	IS_AST_PARENT	
780638	780639	IS_AST_PARENT	
780638	780791	IS_AST_PARENT	
780638	780792	IS_AST_PARENT	
780794	780795	IS_AST_PARENT	
780794	780796	IS_AST_PARENT	
780793	780794	IS_AST_PARENT	
780797	780798	IS_AST_PARENT	
780797	780799	IS_AST_PARENT	
780793	780797	IS_AST_PARENT	
780638	780793	IS_AST_PARENT	
780800	780794	FLOWS_TO	
780794	780797	FLOWS_TO	
780797	780640	FLOWS_TO	
780640	780644	FLOWS_TO	
780644	780649	FLOWS_TO	
780649	780662	FLOWS_TO	
780649	780666	FLOWS_TO	
780662	780801	FLOWS_TO	
780666	780675	FLOWS_TO	
780675	780684	FLOWS_TO	
780684	780694	FLOWS_TO	
780694	780702	FLOWS_TO	
780706	780716	FLOWS_TO	
780706	780740	FLOWS_TO	
780702	780706	FLOWS_TO	
780712	780706	FLOWS_TO	
780716	780725	FLOWS_TO	
780725	780734	FLOWS_TO	
780734	780712	FLOWS_TO	
780740	780751	FLOWS_TO	
780751	780761	FLOWS_TO	
780761	780765	FLOWS_TO	
780761	780769	FLOWS_TO	
780765	780801	FLOWS_TO	
780769	780775	FLOWS_TO	
780775	780801	FLOWS_TO	
780765	780802	USE	
780769	780803	DEF	
780770	780803	DEF	
780769	780803	USE	
780770	780803	USE	
780775	780804	USE	
780769	780805	USE	
780770	780805	USE	
780769	780805	DEF	
780770	780805	DEF	
780694	780806	DEF	
780698	780806	DEF	
780695	780806	DEF	
780706	780806	USE	
780702	780806	DEF	
780703	780806	DEF	
780712	780806	DEF	
780712	780806	USE	
780666	780807	DEF	
780667	780807	DEF	
780797	780808	DEF	
780649	780808	USE	
780740	780808	USE	
780745	780808	USE	
780751	780808	USE	
780758	780808	USE	
780775	780808	USE	
780789	780808	USE	
780769	780809	USE	
780770	780809	USE	
780675	780810	DEF	
780676	780810	DEF	
780644	780811	DEF	
780645	780811	DEF	
780666	780811	DEF	
780667	780811	DEF	
780666	780811	USE	
780668	780811	USE	
780675	780811	DEF	
780676	780811	DEF	
780675	780811	USE	
780677	780811	USE	
780684	780811	USE	
780686	780811	USE	
780684	780811	DEF	
780685	780811	DEF	
780734	780812	DEF	
780735	780812	DEF	
780684	780813	USE	
780685	780813	USE	
780716	780814	USE	
780720	780814	USE	
780649	780815	USE	
780761	780815	USE	
780684	780816	DEF	
780685	780816	DEF	
780716	780817	DEF	
780720	780817	DEF	
780717	780817	DEF	
780734	780817	USE	
780735	780817	USE	
780725	780818	DEF	
780729	780818	DEF	
780726	780818	DEF	
780734	780818	USE	
780736	780818	USE	
780675	780819	USE	
780676	780819	USE	
780649	780820	USE	
780662	780821	USE	
780794	780822	DEF	
780649	780822	USE	
780657	780822	USE	
780775	780822	USE	
780781	780822	USE	
780740	780823	USE	
780747	780823	USE	
780775	780824	USE	
780780	780824	USE	
780751	780825	USE	
780752	780825	USE	
780775	780825	USE	
780784	780825	USE	
780775	780826	USE	
780780	780826	USE	
780725	780827	USE	
780729	780827	USE	
780666	780828	USE	
780667	780828	USE	
780640	780829	DEF	
780641	780829	DEF	
780751	780829	DEF	
780752	780829	DEF	
780761	780829	USE	
780769	780829	USE	
780771	780829	USE	
780716	780734	REACHES	_85c617d839e55b93eba7f24b7ac7b50f
780725	780734	REACHES	_d5dde46edd6ed741ffe4511ac98b4ece
780702	780706	REACHES	_c65ffb19a2f79b0e6cf6c9da5c8f87c8
780712	780706	REACHES	_c65ffb19a2f79b0e6cf6c9da5c8f87c8
780702	780712	REACHES	_c65ffb19a2f79b0e6cf6c9da5c8f87c8
780712	780712	REACHES	_c65ffb19a2f79b0e6cf6c9da5c8f87c8
780794	780649	REACHES	_fe5b890fb42ccfd809784bd442ea1f44
780797	780649	REACHES	_1a1595ed104f831c26395f28b7ee4eb0
780797	780740	REACHES	_1a1595ed104f831c26395f28b7ee4eb0
780797	780751	REACHES	_1a1595ed104f831c26395f28b7ee4eb0
780794	780775	REACHES	_fe5b890fb42ccfd809784bd442ea1f44
780797	780775	REACHES	_1a1595ed104f831c26395f28b7ee4eb0
780644	780666	REACHES	_aa2ea572c995da2d8802584c98015c04
780666	780675	REACHES	_aa2ea572c995da2d8802584c98015c04
780675	780684	REACHES	_aa2ea572c995da2d8802584c98015c04
780751	780761	REACHES	_1d8b59a4a4077b4491ad5a623616180d
780751	780769	REACHES	_1d8b59a4a4077b4491ad5a623616180d
780800	780794	CONTROLS	
780800	780797	CONTROLS	
780800	780640	CONTROLS	
780800	780644	CONTROLS	
780800	780649	CONTROLS	
780649	780662	CONTROLS	
780649	780666	CONTROLS	
780649	780675	CONTROLS	
780649	780684	CONTROLS	
780649	780694	CONTROLS	
780649	780702	CONTROLS	
780649	780706	CONTROLS	
780649	780740	CONTROLS	
780649	780751	CONTROLS	
780649	780761	CONTROLS	
780706	780716	CONTROLS	
780706	780725	CONTROLS	
780706	780734	CONTROLS	
780706	780712	CONTROLS	
780761	780765	CONTROLS	
780761	780769	CONTROLS	
780761	780775	CONTROLS	
780666	780675	DOM	
780797	780640	DOM	
780769	780775	DOM	
780761	780765	DOM	
780684	780694	DOM	
780794	780797	DOM	
780751	780761	DOM	
780761	780769	DOM	
780800	780800	DOM	
780649	780801	DOM	
780716	780725	DOM	
780640	780644	DOM	
780675	780684	DOM	
780694	780702	DOM	
780706	780716	DOM	
780800	780794	DOM	
780706	780740	DOM	
780649	780662	DOM	
780725	780734	DOM	
780740	780751	DOM	
780734	780712	DOM	
780649	780666	DOM	
780644	780649	DOM	
780702	780706	DOM	
780684	780675	POST_DOM	
780644	780640	POST_DOM	
780801	780775	POST_DOM	
780801	780765	POST_DOM	
780702	780694	POST_DOM	
780640	780797	POST_DOM	
780801	780761	POST_DOM	
780775	780769	POST_DOM	
780794	780800	POST_DOM	
780801	780801	POST_DOM	
780734	780725	POST_DOM	
780649	780644	POST_DOM	
780694	780684	POST_DOM	
780706	780702	POST_DOM	
780725	780716	POST_DOM	
780797	780794	POST_DOM	
780751	780740	POST_DOM	
780801	780662	POST_DOM	
780761	780751	POST_DOM	
780712	780734	POST_DOM	
780706	780712	POST_DOM	
780675	780666	POST_DOM	
780801	780649	POST_DOM	
780740	780706	POST_DOM	
780637	780638	IS_FUNCTION_OF_AST	
780637	780800	IS_FUNCTION_OF_CFG	
779080	780637	IS_FILE_OF	
