start	end	type	var
1194757	1194758	DECLARES	
1194759	1194760	DECLARES	
1194761	1194762	DECLARES	
1194763	1194764	DECLARES	
1194765	1194766	DECLARES	
1194767	1194768	DECLARES	
1194769	1194770	DECLARES	
1194771	1194772	DECLARES	
1194778	1194779	IS_AST_PARENT	
1194778	1194780	IS_AST_PARENT	
1194777	1194778	IS_AST_PARENT	
1194776	1194777	IS_AST_PARENT	
1194781	1194782	IS_AST_PARENT	
1194776	1194781	IS_AST_PARENT	
1194775	1194776	IS_AST_PARENT	
1194785	1194786	IS_AST_PARENT	
1194785	1194787	IS_AST_PARENT	
1194788	1194789	IS_AST_PARENT	
1194788	1194790	IS_AST_PARENT	
1194785	1194788	IS_AST_PARENT	
1194784	1194785	IS_AST_PARENT	
1194783	1194784	IS_AST_PARENT	
1194792	1194793	IS_AST_PARENT	
1194795	1194796	IS_AST_PARENT	
1194795	1194797	IS_AST_PARENT	
1194794	1194795	IS_AST_PARENT	
1194794	1194798	IS_AST_PARENT	
1194792	1194794	IS_AST_PARENT	
1194791	1194792	IS_AST_PARENT	
1194783	1194791	IS_AST_PARENT	
1194800	1194801	IS_AST_PARENT	
1194800	1194802	IS_AST_PARENT	
1194803	1194804	IS_AST_PARENT	
1194803	1194805	IS_AST_PARENT	
1194800	1194803	IS_AST_PARENT	
1194799	1194800	IS_AST_PARENT	
1194783	1194799	IS_AST_PARENT	
1194783	1194806	IS_AST_PARENT	
1194783	1194807	IS_AST_PARENT	
1194810	1194811	IS_AST_PARENT	
1194810	1194812	IS_AST_PARENT	
1194809	1194810	IS_AST_PARENT	
1194809	1194813	IS_AST_PARENT	
1194808	1194809	IS_AST_PARENT	
1194783	1194808	IS_AST_PARENT	
1194815	1194816	IS_AST_PARENT	
1194815	1194817	IS_AST_PARENT	
1194818	1194819	IS_AST_PARENT	
1194818	1194820	IS_AST_PARENT	
1194815	1194818	IS_AST_PARENT	
1194814	1194815	IS_AST_PARENT	
1194783	1194814	IS_AST_PARENT	
1194822	1194823	IS_AST_PARENT	
1194822	1194824	IS_AST_PARENT	
1194821	1194822	IS_AST_PARENT	
1194825	1194826	IS_AST_PARENT	
1194825	1194827	IS_AST_PARENT	
1194821	1194825	IS_AST_PARENT	
1194783	1194821	IS_AST_PARENT	
1194830	1194831	IS_AST_PARENT	
1194830	1194832	IS_AST_PARENT	
1194829	1194830	IS_AST_PARENT	
1194828	1194829	IS_AST_PARENT	
1194834	1194835	IS_AST_PARENT	
1194834	1194836	IS_AST_PARENT	
1194833	1194834	IS_AST_PARENT	
1194828	1194833	IS_AST_PARENT	
1194837	1194838	IS_AST_PARENT	
1194837	1194839	IS_AST_PARENT	
1194828	1194837	IS_AST_PARENT	
1194843	1194844	IS_AST_PARENT	
1194843	1194845	IS_AST_PARENT	
1194842	1194843	IS_AST_PARENT	
1194841	1194842	IS_AST_PARENT	
1194847	1194848	IS_AST_PARENT	
1194847	1194849	IS_AST_PARENT	
1194846	1194847	IS_AST_PARENT	
1194841	1194846	IS_AST_PARENT	
1194850	1194851	IS_AST_PARENT	
1194850	1194852	IS_AST_PARENT	
1194841	1194850	IS_AST_PARENT	
1194856	1194857	IS_AST_PARENT	
1194856	1194858	IS_AST_PARENT	
1194855	1194856	IS_AST_PARENT	
1194855	1194859	IS_AST_PARENT	
1194854	1194855	IS_AST_PARENT	
1194860	1194861	IS_AST_PARENT	
1194860	1194862	IS_AST_PARENT	
1194854	1194860	IS_AST_PARENT	
1194853	1194854	IS_AST_PARENT	
1194841	1194853	IS_AST_PARENT	
1194840	1194841	IS_AST_PARENT	
1194828	1194840	IS_AST_PARENT	
1194783	1194828	IS_AST_PARENT	
1194865	1194866	IS_AST_PARENT	
1194865	1194867	IS_AST_PARENT	
1194864	1194865	IS_AST_PARENT	
1194863	1194864	IS_AST_PARENT	
1194869	1194870	IS_AST_PARENT	
1194869	1194871	IS_AST_PARENT	
1194868	1194869	IS_AST_PARENT	
1194863	1194868	IS_AST_PARENT	
1194872	1194873	IS_AST_PARENT	
1194872	1194874	IS_AST_PARENT	
1194863	1194872	IS_AST_PARENT	
1194878	1194879	IS_AST_PARENT	
1194878	1194880	IS_AST_PARENT	
1194877	1194878	IS_AST_PARENT	
1194876	1194877	IS_AST_PARENT	
1194882	1194883	IS_AST_PARENT	
1194882	1194884	IS_AST_PARENT	
1194881	1194882	IS_AST_PARENT	
1194876	1194881	IS_AST_PARENT	
1194885	1194886	IS_AST_PARENT	
1194885	1194887	IS_AST_PARENT	
1194876	1194885	IS_AST_PARENT	
1194891	1194892	IS_AST_PARENT	
1194891	1194893	IS_AST_PARENT	
1194890	1194891	IS_AST_PARENT	
1194890	1194894	IS_AST_PARENT	
1194889	1194890	IS_AST_PARENT	
1194889	1194895	IS_AST_PARENT	
1194888	1194889	IS_AST_PARENT	
1194876	1194888	IS_AST_PARENT	
1194875	1194876	IS_AST_PARENT	
1194863	1194875	IS_AST_PARENT	
1194783	1194863	IS_AST_PARENT	
1194899	1194900	IS_AST_PARENT	
1194901	1194902	IS_AST_PARENT	
1194901	1194903	IS_AST_PARENT	
1194899	1194901	IS_AST_PARENT	
1194898	1194899	IS_AST_PARENT	
1194904	1194905	IS_AST_PARENT	
1194904	1194906	IS_AST_PARENT	
1194898	1194904	IS_AST_PARENT	
1194897	1194898	IS_AST_PARENT	
1194896	1194897	IS_AST_PARENT	
1194909	1194910	IS_AST_PARENT	
1194909	1194911	IS_AST_PARENT	
1194912	1194913	IS_AST_PARENT	
1194914	1194915	IS_AST_PARENT	
1194914	1194916	IS_AST_PARENT	
1194912	1194914	IS_AST_PARENT	
1194909	1194912	IS_AST_PARENT	
1194908	1194909	IS_AST_PARENT	
1194907	1194908	IS_AST_PARENT	
1194918	1194919	IS_AST_PARENT	
1194918	1194920	IS_AST_PARENT	
1194921	1194922	IS_AST_PARENT	
1194923	1194924	IS_AST_PARENT	
1194923	1194925	IS_AST_PARENT	
1194921	1194923	IS_AST_PARENT	
1194918	1194921	IS_AST_PARENT	
1194917	1194918	IS_AST_PARENT	
1194907	1194917	IS_AST_PARENT	
1194927	1194928	IS_AST_PARENT	
1194927	1194929	IS_AST_PARENT	
1194930	1194931	IS_AST_PARENT	
1194932	1194933	IS_AST_PARENT	
1194932	1194934	IS_AST_PARENT	
1194930	1194932	IS_AST_PARENT	
1194927	1194930	IS_AST_PARENT	
1194926	1194927	IS_AST_PARENT	
1194907	1194926	IS_AST_PARENT	
1194937	1194938	IS_AST_PARENT	
1194937	1194939	IS_AST_PARENT	
1194936	1194937	IS_AST_PARENT	
1194940	1194941	IS_AST_PARENT	
1194940	1194942	IS_AST_PARENT	
1194936	1194940	IS_AST_PARENT	
1194935	1194936	IS_AST_PARENT	
1194907	1194935	IS_AST_PARENT	
1194896	1194907	IS_AST_PARENT	
1194946	1194947	IS_AST_PARENT	
1194946	1194948	IS_AST_PARENT	
1194949	1194950	IS_AST_PARENT	
1194951	1194952	IS_AST_PARENT	
1194951	1194953	IS_AST_PARENT	
1194949	1194951	IS_AST_PARENT	
1194946	1194949	IS_AST_PARENT	
1194945	1194946	IS_AST_PARENT	
1194944	1194945	IS_AST_PARENT	
1194955	1194956	IS_AST_PARENT	
1194955	1194957	IS_AST_PARENT	
1194958	1194959	IS_AST_PARENT	
1194960	1194961	IS_AST_PARENT	
1194960	1194962	IS_AST_PARENT	
1194958	1194960	IS_AST_PARENT	
1194955	1194958	IS_AST_PARENT	
1194954	1194955	IS_AST_PARENT	
1194944	1194954	IS_AST_PARENT	
1194965	1194966	IS_AST_PARENT	
1194965	1194967	IS_AST_PARENT	
1194964	1194965	IS_AST_PARENT	
1194968	1194969	IS_AST_PARENT	
1194968	1194970	IS_AST_PARENT	
1194964	1194968	IS_AST_PARENT	
1194963	1194964	IS_AST_PARENT	
1194944	1194963	IS_AST_PARENT	
1194943	1194944	IS_AST_PARENT	
1194896	1194943	IS_AST_PARENT	
1194783	1194896	IS_AST_PARENT	
1194972	1194973	IS_AST_PARENT	
1194975	1194976	IS_AST_PARENT	
1194975	1194977	IS_AST_PARENT	
1194974	1194975	IS_AST_PARENT	
1194978	1194979	IS_AST_PARENT	
1194978	1194980	IS_AST_PARENT	
1194974	1194978	IS_AST_PARENT	
1194972	1194974	IS_AST_PARENT	
1194971	1194972	IS_AST_PARENT	
1194783	1194971	IS_AST_PARENT	
1194982	1194983	IS_AST_PARENT	
1194985	1194986	IS_AST_PARENT	
1194985	1194987	IS_AST_PARENT	
1194984	1194985	IS_AST_PARENT	
1194984	1194988	IS_AST_PARENT	
1194982	1194984	IS_AST_PARENT	
1194981	1194982	IS_AST_PARENT	
1194783	1194981	IS_AST_PARENT	
1194775	1194783	IS_AST_PARENT	
1194990	1194991	IS_AST_PARENT	
1194989	1194990	IS_AST_PARENT	
1194993	1194994	IS_AST_PARENT	
1194992	1194993	IS_AST_PARENT	
1194998	1194999	IS_AST_PARENT	
1194998	1195000	IS_AST_PARENT	
1194997	1194998	IS_AST_PARENT	
1194997	1195001	IS_AST_PARENT	
1194996	1194997	IS_AST_PARENT	
1195002	1195003	IS_AST_PARENT	
1195002	1195004	IS_AST_PARENT	
1194996	1195002	IS_AST_PARENT	
1194995	1194996	IS_AST_PARENT	
1194992	1194995	IS_AST_PARENT	
1195005	1195006	IS_AST_PARENT	
1194992	1195005	IS_AST_PARENT	
1195010	1195011	IS_AST_PARENT	
1195010	1195012	IS_AST_PARENT	
1195009	1195010	IS_AST_PARENT	
1195009	1195013	IS_AST_PARENT	
1195008	1195009	IS_AST_PARENT	
1195014	1195015	IS_AST_PARENT	
1195014	1195016	IS_AST_PARENT	
1195008	1195014	IS_AST_PARENT	
1195007	1195008	IS_AST_PARENT	
1194992	1195007	IS_AST_PARENT	
1194989	1194992	IS_AST_PARENT	
1194775	1194989	IS_AST_PARENT	
1195017	1195018	IS_AST_PARENT	
1194775	1195017	IS_AST_PARENT	
1194774	1194775	IS_AST_PARENT	
1194774	1195019	IS_AST_PARENT	
1194774	1195020	IS_AST_PARENT	
1195022	1195023	IS_AST_PARENT	
1195022	1195024	IS_AST_PARENT	
1195021	1195022	IS_AST_PARENT	
1195025	1195026	IS_AST_PARENT	
1195025	1195027	IS_AST_PARENT	
1195021	1195025	IS_AST_PARENT	
1194774	1195021	IS_AST_PARENT	
1195028	1195022	FLOWS_TO	
1195022	1195025	FLOWS_TO	
1195025	1194777	FLOWS_TO	
1194777	1194781	FLOWS_TO	
1194777	1194784	FLOWS_TO	
1194781	1195029	FLOWS_TO	
1194784	1194791	FLOWS_TO	
1194791	1194799	FLOWS_TO	
1194799	1194806	FLOWS_TO	
1194806	1194807	FLOWS_TO	
1194807	1194808	FLOWS_TO	
1194808	1194814	FLOWS_TO	
1194814	1194821	FLOWS_TO	
1194821	1194829	FLOWS_TO	
1194833	1194842	FLOWS_TO	
1194833	1194864	FLOWS_TO	
1194829	1194833	FLOWS_TO	
1194837	1194833	FLOWS_TO	
1194846	1194853	FLOWS_TO	
1194846	1194837	FLOWS_TO	
1194842	1194846	FLOWS_TO	
1194850	1194846	FLOWS_TO	
1194853	1194850	FLOWS_TO	
1194868	1194877	FLOWS_TO	
1194868	1194897	FLOWS_TO	
1194864	1194868	FLOWS_TO	
1194872	1194868	FLOWS_TO	
1194881	1194888	FLOWS_TO	
1194881	1194872	FLOWS_TO	
1194877	1194881	FLOWS_TO	
1194885	1194881	FLOWS_TO	
1194888	1194885	FLOWS_TO	
1194897	1194908	FLOWS_TO	
1194897	1194945	FLOWS_TO	
1194908	1194917	FLOWS_TO	
1194917	1194926	FLOWS_TO	
1194926	1194935	FLOWS_TO	
1194935	1194971	FLOWS_TO	
1194945	1194954	FLOWS_TO	
1194954	1194963	FLOWS_TO	
1194963	1194971	FLOWS_TO	
1194971	1194981	FLOWS_TO	
1194981	1194990	FLOWS_TO	
1194990	1194993	FLOWS_TO	
1194990	1195005	FLOWS_TO	
1194990	1195017	FLOWS_TO	
1194993	1194995	FLOWS_TO	
1194995	1195029	FLOWS_TO	
1195005	1195007	FLOWS_TO	
1195007	1195029	FLOWS_TO	
1195017	1195029	FLOWS_TO	
1194791	1195030	USE	
1194794	1195030	USE	
1194853	1195030	USE	
1194855	1195030	USE	
1194954	1195031	USE	
1194958	1195031	USE	
1194853	1195032	USE	
1194854	1195032	USE	
1194917	1195032	USE	
1194921	1195032	USE	
1194963	1195032	USE	
1194964	1195032	USE	
1194791	1195033	USE	
1194795	1195033	USE	
1194853	1195033	USE	
1194856	1195033	USE	
1194917	1195034	DEF	
1194921	1195034	DEF	
1194918	1195034	DEF	
1194888	1195035	DEF	
1194889	1195035	DEF	
1194981	1195035	USE	
1194982	1195035	USE	
1194954	1195036	DEF	
1194958	1195036	DEF	
1194955	1195036	DEF	
1194963	1195036	USE	
1194965	1195036	USE	
1194808	1195037	USE	
1194809	1195037	USE	
1194888	1195037	USE	
1194890	1195037	USE	
1194981	1195037	USE	
1194984	1195037	USE	
1194935	1195038	DEF	
1194936	1195038	DEF	
1194814	1195039	DEF	
1194815	1195039	DEF	
1194818	1195039	DEF	
1194981	1195039	DEF	
1194982	1195039	DEF	
1194945	1195040	DEF	
1194949	1195040	DEF	
1194946	1195040	DEF	
1194784	1195041	DEF	
1194788	1195041	DEF	
1194785	1195041	DEF	
1194897	1195041	USE	
1194971	1195041	USE	
1194972	1195041	USE	
1194853	1195042	DEF	
1194854	1195042	DEF	
1194888	1195042	DEF	
1194889	1195042	DEF	
1194799	1195043	DEF	
1194800	1195043	DEF	
1194803	1195043	DEF	
1194971	1195043	DEF	
1194972	1195043	DEF	
1195022	1195044	DEF	
1194777	1195044	USE	
1194995	1195044	USE	
1194998	1195044	USE	
1195002	1195044	USE	
1195007	1195044	USE	
1195010	1195044	USE	
1195014	1195044	USE	
1194821	1195045	DEF	
1194822	1195045	DEF	
1194833	1195045	USE	
1194829	1195045	DEF	
1194830	1195045	DEF	
1194837	1195045	DEF	
1194837	1195045	USE	
1194853	1195045	USE	
1194856	1195045	USE	
1194868	1195045	USE	
1194864	1195045	DEF	
1194865	1195045	DEF	
1194872	1195045	USE	
1194872	1195045	DEF	
1194888	1195045	USE	
1194891	1195045	USE	
1194908	1195046	DEF	
1194909	1195046	DEF	
1194912	1195046	DEF	
1194821	1195047	DEF	
1194825	1195047	DEF	
1194846	1195047	USE	
1194842	1195047	DEF	
1194843	1195047	DEF	
1194850	1195047	DEF	
1194850	1195047	USE	
1194853	1195047	USE	
1194855	1195047	USE	
1194881	1195047	USE	
1194877	1195047	DEF	
1194878	1195047	DEF	
1194885	1195047	DEF	
1194885	1195047	USE	
1194888	1195047	USE	
1194890	1195047	USE	
1194926	1195048	DEF	
1194927	1195048	DEF	
1194930	1195048	DEF	
1194935	1195048	USE	
1194937	1195048	USE	
1194853	1195049	USE	
1194855	1195049	USE	
1194888	1195049	USE	
1194890	1195049	USE	
1195025	1195050	DEF	
1194990	1195050	USE	
1194853	1195051	DEF	
1194854	1195051	DEF	
1194888	1195051	DEF	
1194889	1195051	DEF	
1194963	1195052	DEF	
1194964	1195052	DEF	
1194995	1195053	USE	
1195007	1195053	USE	
1194808	1195054	USE	
1194810	1195054	USE	
1194888	1195054	USE	
1194891	1195054	USE	
1194981	1195054	USE	
1194985	1195054	USE	
1194853	1195055	DEF	
1194854	1195055	DEF	
1194926	1195056	USE	
1194930	1195056	USE	
1194888	1194981	REACHES	* * _ac31e50cc6b4e80a1a08feefef03f523
1194954	1194963	REACHES	_1155d79c193cc7d377886024058160e9
1194784	1194897	REACHES	_773ca0154508d33413937e0c00d3f987
1194784	1194971	REACHES	_773ca0154508d33413937e0c00d3f987
1195022	1194777	REACHES	_ac7d23a896a8f4fcf5e4ee07a779a65b
1195022	1194995	REACHES	_ac7d23a896a8f4fcf5e4ee07a779a65b
1195022	1195007	REACHES	_ac7d23a896a8f4fcf5e4ee07a779a65b
1194864	1194868	REACHES	i
1194829	1194837	REACHES	i
1194837	1194833	REACHES	i
1194829	1194833	REACHES	i
1194837	1194837	REACHES	i
1194829	1194853	REACHES	i
1194864	1194888	REACHES	i
1194837	1194853	REACHES	i
1194872	1194868	REACHES	i
1194872	1194872	REACHES	i
1194872	1194888	REACHES	i
1194864	1194872	REACHES	i
1194850	1194850	REACHES	j
1194850	1194846	REACHES	j
1194842	1194846	REACHES	j
1194842	1194850	REACHES	j
1194877	1194888	REACHES	j
1194850	1194853	REACHES	j
1194877	1194885	REACHES	j
1194842	1194853	REACHES	j
1194885	1194881	REACHES	j
1194877	1194881	REACHES	j
1194885	1194885	REACHES	j
1194885	1194888	REACHES	j
1194926	1194935	REACHES	_d5dde46edd6ed741ffe4511ac98b4ece
1195025	1194990	REACHES	_0515e004119456faea0751c1cadcb2ad
1195028	1195022	CONTROLS	
1195028	1195025	CONTROLS	
1195028	1194777	CONTROLS	
1194777	1194781	CONTROLS	
1194777	1194784	CONTROLS	
1194777	1194791	CONTROLS	
1194777	1194799	CONTROLS	
1194777	1194806	CONTROLS	
1194777	1194807	CONTROLS	
1194777	1194808	CONTROLS	
1194777	1194814	CONTROLS	
1194777	1194821	CONTROLS	
1194777	1194829	CONTROLS	
1194777	1194833	CONTROLS	
1194777	1194864	CONTROLS	
1194777	1194868	CONTROLS	
1194777	1194897	CONTROLS	
1194777	1194971	CONTROLS	
1194777	1194981	CONTROLS	
1194777	1194990	CONTROLS	
1194833	1194842	CONTROLS	
1194833	1194846	CONTROLS	
1194833	1194837	CONTROLS	
1194846	1194853	CONTROLS	
1194846	1194850	CONTROLS	
1194868	1194877	CONTROLS	
1194868	1194881	CONTROLS	
1194868	1194872	CONTROLS	
1194881	1194888	CONTROLS	
1194881	1194885	CONTROLS	
1194897	1194908	CONTROLS	
1194897	1194917	CONTROLS	
1194897	1194926	CONTROLS	
1194897	1194935	CONTROLS	
1194897	1194945	CONTROLS	
1194897	1194954	CONTROLS	
1194897	1194963	CONTROLS	
1194990	1194993	CONTROLS	
1194990	1194995	CONTROLS	
1194990	1195005	CONTROLS	
1194990	1195007	CONTROLS	
1194990	1195017	CONTROLS	
1194864	1194868	DOM	
1194917	1194926	DOM	
1194846	1194837	DOM	
1194777	1194784	DOM	
1194868	1194877	DOM	
1194799	1194806	DOM	
1194842	1194846	DOM	
1194814	1194821	DOM	
1194821	1194829	DOM	
1194926	1194935	DOM	
1194777	1195029	DOM	
1195025	1194777	DOM	
1194777	1194781	DOM	
1194971	1194981	DOM	
1194806	1194807	DOM	
1195028	1195028	DOM	
1194829	1194833	DOM	
1195028	1195022	DOM	
1194908	1194917	DOM	
1194897	1194945	DOM	
1194846	1194853	DOM	
1194881	1194888	DOM	
1194897	1194971	DOM	
1194990	1194993	DOM	
1194868	1194897	DOM	
1194897	1194908	DOM	
1195022	1195025	DOM	
1194784	1194791	DOM	
1194981	1194990	DOM	
1194945	1194954	DOM	
1194888	1194885	DOM	
1194881	1194872	DOM	
1194833	1194842	DOM	
1194954	1194963	DOM	
1194877	1194881	DOM	
1195005	1195007	DOM	
1194807	1194808	DOM	
1194791	1194799	DOM	
1194993	1194995	DOM	
1194853	1194850	DOM	
1194808	1194814	DOM	
1194833	1194864	DOM	
1194990	1195005	DOM	
1194990	1195017	DOM	
1194897	1194868	POST_DOM	
1194935	1194926	POST_DOM	
1194833	1194837	POST_DOM	
1194791	1194784	POST_DOM	
1194881	1194877	POST_DOM	
1194807	1194806	POST_DOM	
1194837	1194846	POST_DOM	
1194971	1194935	POST_DOM	
1194833	1194829	POST_DOM	
1194829	1194821	POST_DOM	
1195029	1195029	POST_DOM	
1195029	1194781	POST_DOM	
1195029	1194777	POST_DOM	
1194990	1194981	POST_DOM	
1194808	1194807	POST_DOM	
1195022	1195028	POST_DOM	
1194864	1194833	POST_DOM	
1195025	1195022	POST_DOM	
1194926	1194917	POST_DOM	
1194954	1194945	POST_DOM	
1194850	1194853	POST_DOM	
1194885	1194888	POST_DOM	
1194995	1194993	POST_DOM	
1194981	1194971	POST_DOM	
1194971	1194897	POST_DOM	
1194917	1194908	POST_DOM	
1194777	1195025	POST_DOM	
1195029	1194990	POST_DOM	
1194799	1194791	POST_DOM	
1194963	1194954	POST_DOM	
1194868	1194872	POST_DOM	
1194881	1194885	POST_DOM	
1194846	1194842	POST_DOM	
1194971	1194963	POST_DOM	
1194872	1194881	POST_DOM	
1195029	1195007	POST_DOM	
1194814	1194808	POST_DOM	
1195029	1194995	POST_DOM	
1194806	1194799	POST_DOM	
1194846	1194850	POST_DOM	
1194868	1194864	POST_DOM	
1194821	1194814	POST_DOM	
1195007	1195005	POST_DOM	
1195029	1195017	POST_DOM	
1194773	1194774	IS_FUNCTION_OF_AST	
1194773	1195028	IS_FUNCTION_OF_CFG	
1194756	1194773	IS_FILE_OF	
1195062	1195063	IS_AST_PARENT	
1195062	1195064	IS_AST_PARENT	
1195061	1195062	IS_AST_PARENT	
1195060	1195061	IS_AST_PARENT	
1195060	1195065	IS_AST_PARENT	
1195059	1195060	IS_AST_PARENT	
1195067	1195068	IS_AST_PARENT	
1195066	1195067	IS_AST_PARENT	
1195070	1195071	IS_AST_PARENT	
1195069	1195070	IS_AST_PARENT	
1195074	1195075	IS_AST_PARENT	
1195074	1195076	IS_AST_PARENT	
1195073	1195074	IS_AST_PARENT	
1195077	1195078	IS_AST_PARENT	
1195079	1195080	IS_AST_PARENT	
1195079	1195081	IS_AST_PARENT	
1195077	1195079	IS_AST_PARENT	
1195073	1195077	IS_AST_PARENT	
1195072	1195073	IS_AST_PARENT	
1195069	1195072	IS_AST_PARENT	
1195084	1195085	IS_AST_PARENT	
1195084	1195086	IS_AST_PARENT	
1195083	1195084	IS_AST_PARENT	
1195087	1195088	IS_AST_PARENT	
1195087	1195089	IS_AST_PARENT	
1195083	1195087	IS_AST_PARENT	
1195082	1195083	IS_AST_PARENT	
1195069	1195082	IS_AST_PARENT	
1195069	1195090	IS_AST_PARENT	
1195091	1195092	IS_AST_PARENT	
1195069	1195091	IS_AST_PARENT	
1195095	1195096	IS_AST_PARENT	
1195095	1195097	IS_AST_PARENT	
1195094	1195095	IS_AST_PARENT	
1195098	1195099	IS_AST_PARENT	
1195098	1195100	IS_AST_PARENT	
1195094	1195098	IS_AST_PARENT	
1195093	1195094	IS_AST_PARENT	
1195069	1195093	IS_AST_PARENT	
1195103	1195104	IS_AST_PARENT	
1195103	1195105	IS_AST_PARENT	
1195102	1195103	IS_AST_PARENT	
1195106	1195107	IS_AST_PARENT	
1195108	1195109	IS_AST_PARENT	
1195108	1195110	IS_AST_PARENT	
1195106	1195108	IS_AST_PARENT	
1195102	1195106	IS_AST_PARENT	
1195101	1195102	IS_AST_PARENT	
1195069	1195101	IS_AST_PARENT	
1195069	1195111	IS_AST_PARENT	
1195066	1195069	IS_AST_PARENT	
1195059	1195066	IS_AST_PARENT	
1195058	1195059	IS_AST_PARENT	
1195058	1195112	IS_AST_PARENT	
1195058	1195113	IS_AST_PARENT	
1195115	1195116	IS_AST_PARENT	
1195115	1195117	IS_AST_PARENT	
1195114	1195115	IS_AST_PARENT	
1195118	1195119	IS_AST_PARENT	
1195118	1195120	IS_AST_PARENT	
1195114	1195118	IS_AST_PARENT	
1195121	1195122	IS_AST_PARENT	
1195121	1195123	IS_AST_PARENT	
1195114	1195121	IS_AST_PARENT	
1195058	1195114	IS_AST_PARENT	
1195124	1195115	FLOWS_TO	
1195115	1195118	FLOWS_TO	
1195118	1195121	FLOWS_TO	
1195121	1195061	FLOWS_TO	
1195061	1195065	FLOWS_TO	
1195061	1195067	FLOWS_TO	
1195065	1195125	FLOWS_TO	
1195067	1195070	FLOWS_TO	
1195067	1195091	FLOWS_TO	
1195067	1195125	FLOWS_TO	
1195070	1195072	FLOWS_TO	
1195072	1195082	FLOWS_TO	
1195082	1195090	FLOWS_TO	
1195090	1195125	FLOWS_TO	
1195091	1195093	FLOWS_TO	
1195093	1195101	FLOWS_TO	
1195101	1195111	FLOWS_TO	
1195111	1195125	FLOWS_TO	
1195118	1195126	DEF	
1195067	1195126	USE	
1195072	1195127	DEF	
1195073	1195127	DEF	
1195082	1195127	DEF	
1195083	1195127	DEF	
1195093	1195127	DEF	
1195094	1195127	DEF	
1195101	1195127	DEF	
1195102	1195127	DEF	
1195115	1195128	DEF	
1195061	1195128	USE	
1195072	1195128	USE	
1195074	1195128	USE	
1195082	1195128	USE	
1195084	1195128	USE	
1195093	1195128	USE	
1195095	1195128	USE	
1195101	1195128	USE	
1195103	1195128	USE	
1195121	1195129	DEF	
1195072	1195129	USE	
1195073	1195129	USE	
1195082	1195129	USE	
1195083	1195129	USE	
1195093	1195129	USE	
1195094	1195129	USE	
1195101	1195129	USE	
1195102	1195129	USE	
1195118	1195067	REACHES	_0515e004119456faea0751c1cadcb2ad
1195082	1195125	REACHES	* _4121bfd2ba9423e32575673206a93292
1195101	1195125	REACHES	* _4121bfd2ba9423e32575673206a93292
1195115	1195061	REACHES	_4121bfd2ba9423e32575673206a93292
1195115	1195072	REACHES	_4121bfd2ba9423e32575673206a93292
1195115	1195082	REACHES	_4121bfd2ba9423e32575673206a93292
1195115	1195093	REACHES	_4121bfd2ba9423e32575673206a93292
1195115	1195101	REACHES	_4121bfd2ba9423e32575673206a93292
1195121	1195072	REACHES	_2e1f2cae3dce1b9468d2ae4d6d93d9e4
1195121	1195082	REACHES	_2e1f2cae3dce1b9468d2ae4d6d93d9e4
1195121	1195093	REACHES	_2e1f2cae3dce1b9468d2ae4d6d93d9e4
1195121	1195101	REACHES	_2e1f2cae3dce1b9468d2ae4d6d93d9e4
1195124	1195115	CONTROLS	
1195124	1195118	CONTROLS	
1195124	1195121	CONTROLS	
1195124	1195061	CONTROLS	
1195061	1195065	CONTROLS	
1195061	1195067	CONTROLS	
1195067	1195070	CONTROLS	
1195067	1195072	CONTROLS	
1195067	1195082	CONTROLS	
1195067	1195090	CONTROLS	
1195067	1195091	CONTROLS	
1195067	1195093	CONTROLS	
1195067	1195101	CONTROLS	
1195067	1195111	CONTROLS	
1195121	1195061	DOM	
1195072	1195082	DOM	
1195093	1195101	DOM	
1195091	1195093	DOM	
1195115	1195118	DOM	
1195124	1195124	DOM	
1195070	1195072	DOM	
1195061	1195065	DOM	
1195124	1195115	DOM	
1195061	1195067	DOM	
1195067	1195070	DOM	
1195101	1195111	DOM	
1195082	1195090	DOM	
1195061	1195125	DOM	
1195067	1195091	DOM	
1195118	1195121	DOM	
1195125	1195061	POST_DOM	
1195090	1195082	POST_DOM	
1195111	1195101	POST_DOM	
1195101	1195093	POST_DOM	
1195121	1195118	POST_DOM	
1195115	1195124	POST_DOM	
1195082	1195072	POST_DOM	
1195125	1195065	POST_DOM	
1195118	1195115	POST_DOM	
1195125	1195067	POST_DOM	
1195072	1195070	POST_DOM	
1195125	1195111	POST_DOM	
1195125	1195090	POST_DOM	
1195125	1195125	POST_DOM	
1195093	1195091	POST_DOM	
1195061	1195121	POST_DOM	
1195057	1195058	IS_FUNCTION_OF_AST	
1195057	1195124	IS_FUNCTION_OF_CFG	
1194756	1195057	IS_FILE_OF	
1195136	1195137	IS_AST_PARENT	
1195135	1195136	IS_AST_PARENT	
1195139	1195140	IS_AST_PARENT	
1195138	1195139	IS_AST_PARENT	
1195141	1195142	IS_AST_PARENT	
1195138	1195141	IS_AST_PARENT	
1195135	1195138	IS_AST_PARENT	
1195134	1195135	IS_AST_PARENT	
1195134	1195143	IS_AST_PARENT	
1195133	1195134	IS_AST_PARENT	
1195132	1195133	IS_AST_PARENT	
1195131	1195132	IS_AST_PARENT	
1195131	1195144	IS_AST_PARENT	
1195131	1195145	IS_AST_PARENT	
1195147	1195148	IS_AST_PARENT	
1195147	1195149	IS_AST_PARENT	
1195146	1195147	IS_AST_PARENT	
1195150	1195151	IS_AST_PARENT	
1195150	1195152	IS_AST_PARENT	
1195146	1195150	IS_AST_PARENT	
1195131	1195146	IS_AST_PARENT	
1195153	1195147	FLOWS_TO	
1195147	1195150	FLOWS_TO	
1195150	1195133	FLOWS_TO	
1195133	1195154	FLOWS_TO	
1195150	1195155	DEF	
1195133	1195155	USE	
1195141	1195155	USE	
1195147	1195156	DEF	
1195133	1195156	USE	
1195139	1195156	USE	
1195133	1195157	USE	
1195150	1195133	REACHES	_0515e004119456faea0751c1cadcb2ad
1195147	1195133	REACHES	_ac7d23a896a8f4fcf5e4ee07a779a65b
1195153	1195147	CONTROLS	
1195153	1195150	CONTROLS	
1195153	1195133	CONTROLS	
1195153	1195153	DOM	
1195150	1195133	DOM	
1195147	1195150	DOM	
1195133	1195154	DOM	
1195153	1195147	DOM	
1195147	1195153	POST_DOM	
1195154	1195133	POST_DOM	
1195133	1195150	POST_DOM	
1195154	1195154	POST_DOM	
1195150	1195147	POST_DOM	
1195130	1195131	IS_FUNCTION_OF_AST	
1195130	1195153	IS_FUNCTION_OF_CFG	
1194756	1195130	IS_FILE_OF	
1195164	1195165	IS_AST_PARENT	
1195163	1195164	IS_AST_PARENT	
1195167	1195168	IS_AST_PARENT	
1195166	1195167	IS_AST_PARENT	
1195169	1195170	IS_AST_PARENT	
1195166	1195169	IS_AST_PARENT	
1195163	1195166	IS_AST_PARENT	
1195162	1195163	IS_AST_PARENT	
1195162	1195171	IS_AST_PARENT	
1195161	1195162	IS_AST_PARENT	
1195160	1195161	IS_AST_PARENT	
1195159	1195160	IS_AST_PARENT	
1195159	1195172	IS_AST_PARENT	
1195159	1195173	IS_AST_PARENT	
1195175	1195176	IS_AST_PARENT	
1195175	1195177	IS_AST_PARENT	
1195174	1195175	IS_AST_PARENT	
1195178	1195179	IS_AST_PARENT	
1195178	1195180	IS_AST_PARENT	
1195174	1195178	IS_AST_PARENT	
1195159	1195174	IS_AST_PARENT	
1195181	1195175	FLOWS_TO	
1195175	1195178	FLOWS_TO	
1195178	1195161	FLOWS_TO	
1195161	1195182	FLOWS_TO	
1195178	1195183	DEF	
1195161	1195183	USE	
1195169	1195183	USE	
1195175	1195184	DEF	
1195161	1195184	USE	
1195167	1195184	USE	
1195161	1195185	USE	
1195178	1195161	REACHES	_0515e004119456faea0751c1cadcb2ad
1195175	1195161	REACHES	_ac7d23a896a8f4fcf5e4ee07a779a65b
1195181	1195175	CONTROLS	
1195181	1195178	CONTROLS	
1195181	1195161	CONTROLS	
1195161	1195182	DOM	
1195181	1195175	DOM	
1195175	1195178	DOM	
1195181	1195181	DOM	
1195178	1195161	DOM	
1195182	1195182	POST_DOM	
1195161	1195178	POST_DOM	
1195178	1195175	POST_DOM	
1195182	1195161	POST_DOM	
1195175	1195181	POST_DOM	
1195158	1195159	IS_FUNCTION_OF_AST	
1195158	1195181	IS_FUNCTION_OF_CFG	
1194756	1195158	IS_FILE_OF	
1195190	1195191	IS_AST_PARENT	
1195190	1195192	IS_AST_PARENT	
1195193	1195194	IS_AST_PARENT	
1195195	1195196	IS_AST_PARENT	
1195195	1195197	IS_AST_PARENT	
1195193	1195195	IS_AST_PARENT	
1195190	1195193	IS_AST_PARENT	
1195189	1195190	IS_AST_PARENT	
1195188	1195189	IS_AST_PARENT	
1195199	1195200	IS_AST_PARENT	
1195199	1195201	IS_AST_PARENT	
1195202	1195203	IS_AST_PARENT	
1195204	1195205	IS_AST_PARENT	
1195204	1195206	IS_AST_PARENT	
1195202	1195204	IS_AST_PARENT	
1195199	1195202	IS_AST_PARENT	
1195198	1195199	IS_AST_PARENT	
1195188	1195198	IS_AST_PARENT	
1195208	1195209	IS_AST_PARENT	
1195208	1195210	IS_AST_PARENT	
1195211	1195212	IS_AST_PARENT	
1195213	1195214	IS_AST_PARENT	
1195213	1195215	IS_AST_PARENT	
1195211	1195213	IS_AST_PARENT	
1195208	1195211	IS_AST_PARENT	
1195207	1195208	IS_AST_PARENT	
1195188	1195207	IS_AST_PARENT	
1195217	1195218	IS_AST_PARENT	
1195217	1195219	IS_AST_PARENT	
1195220	1195221	IS_AST_PARENT	
1195220	1195222	IS_AST_PARENT	
1195217	1195220	IS_AST_PARENT	
1195216	1195217	IS_AST_PARENT	
1195188	1195216	IS_AST_PARENT	
1195224	1195225	IS_AST_PARENT	
1195227	1195228	IS_AST_PARENT	
1195227	1195229	IS_AST_PARENT	
1195226	1195227	IS_AST_PARENT	
1195226	1195230	IS_AST_PARENT	
1195224	1195226	IS_AST_PARENT	
1195223	1195224	IS_AST_PARENT	
1195188	1195223	IS_AST_PARENT	
1195232	1195233	IS_AST_PARENT	
1195232	1195234	IS_AST_PARENT	
1195235	1195236	IS_AST_PARENT	
1195235	1195237	IS_AST_PARENT	
1195232	1195235	IS_AST_PARENT	
1195231	1195232	IS_AST_PARENT	
1195188	1195231	IS_AST_PARENT	
1195239	1195240	IS_AST_PARENT	
1195239	1195241	IS_AST_PARENT	
1195238	1195239	IS_AST_PARENT	
1195242	1195243	IS_AST_PARENT	
1195242	1195244	IS_AST_PARENT	
1195238	1195242	IS_AST_PARENT	
1195188	1195238	IS_AST_PARENT	
1195247	1195248	IS_AST_PARENT	
1195247	1195249	IS_AST_PARENT	
1195246	1195247	IS_AST_PARENT	
1195245	1195246	IS_AST_PARENT	
1195251	1195252	IS_AST_PARENT	
1195251	1195253	IS_AST_PARENT	
1195250	1195251	IS_AST_PARENT	
1195245	1195250	IS_AST_PARENT	
1195254	1195255	IS_AST_PARENT	
1195254	1195256	IS_AST_PARENT	
1195245	1195254	IS_AST_PARENT	
1195260	1195261	IS_AST_PARENT	
1195260	1195262	IS_AST_PARENT	
1195259	1195260	IS_AST_PARENT	
1195258	1195259	IS_AST_PARENT	
1195264	1195265	IS_AST_PARENT	
1195264	1195266	IS_AST_PARENT	
1195263	1195264	IS_AST_PARENT	
1195258	1195263	IS_AST_PARENT	
1195267	1195268	IS_AST_PARENT	
1195267	1195269	IS_AST_PARENT	
1195258	1195267	IS_AST_PARENT	
1195273	1195274	IS_AST_PARENT	
1195273	1195275	IS_AST_PARENT	
1195272	1195273	IS_AST_PARENT	
1195272	1195276	IS_AST_PARENT	
1195271	1195272	IS_AST_PARENT	
1195277	1195278	IS_AST_PARENT	
1195277	1195279	IS_AST_PARENT	
1195271	1195277	IS_AST_PARENT	
1195270	1195271	IS_AST_PARENT	
1195258	1195270	IS_AST_PARENT	
1195257	1195258	IS_AST_PARENT	
1195245	1195257	IS_AST_PARENT	
1195188	1195245	IS_AST_PARENT	
1195282	1195283	IS_AST_PARENT	
1195282	1195284	IS_AST_PARENT	
1195281	1195282	IS_AST_PARENT	
1195281	1195285	IS_AST_PARENT	
1195280	1195281	IS_AST_PARENT	
1195188	1195280	IS_AST_PARENT	
1195287	1195288	IS_AST_PARENT	
1195287	1195289	IS_AST_PARENT	
1195286	1195287	IS_AST_PARENT	
1195188	1195286	IS_AST_PARENT	
1195292	1195293	IS_AST_PARENT	
1195292	1195294	IS_AST_PARENT	
1195291	1195292	IS_AST_PARENT	
1195290	1195291	IS_AST_PARENT	
1195296	1195297	IS_AST_PARENT	
1195296	1195298	IS_AST_PARENT	
1195295	1195296	IS_AST_PARENT	
1195290	1195295	IS_AST_PARENT	
1195299	1195300	IS_AST_PARENT	
1195299	1195301	IS_AST_PARENT	
1195290	1195299	IS_AST_PARENT	
1195304	1195305	IS_AST_PARENT	
1195304	1195306	IS_AST_PARENT	
1195307	1195308	IS_AST_PARENT	
1195309	1195310	IS_AST_PARENT	
1195309	1195311	IS_AST_PARENT	
1195307	1195309	IS_AST_PARENT	
1195304	1195307	IS_AST_PARENT	
1195303	1195304	IS_AST_PARENT	
1195302	1195303	IS_AST_PARENT	
1195313	1195314	IS_AST_PARENT	
1195313	1195315	IS_AST_PARENT	
1195312	1195313	IS_AST_PARENT	
1195302	1195312	IS_AST_PARENT	
1195318	1195319	IS_AST_PARENT	
1195318	1195320	IS_AST_PARENT	
1195317	1195318	IS_AST_PARENT	
1195321	1195322	IS_AST_PARENT	
1195321	1195323	IS_AST_PARENT	
1195317	1195321	IS_AST_PARENT	
1195316	1195317	IS_AST_PARENT	
1195302	1195316	IS_AST_PARENT	
1195290	1195302	IS_AST_PARENT	
1195188	1195290	IS_AST_PARENT	
1195324	1195325	IS_AST_PARENT	
1195188	1195324	IS_AST_PARENT	
1195187	1195188	IS_AST_PARENT	
1195187	1195326	IS_AST_PARENT	
1195187	1195327	IS_AST_PARENT	
1195329	1195330	IS_AST_PARENT	
1195329	1195331	IS_AST_PARENT	
1195328	1195329	IS_AST_PARENT	
1195332	1195333	IS_AST_PARENT	
1195332	1195334	IS_AST_PARENT	
1195328	1195332	IS_AST_PARENT	
1195187	1195328	IS_AST_PARENT	
1195335	1195329	FLOWS_TO	
1195329	1195332	FLOWS_TO	
1195332	1195189	FLOWS_TO	
1195189	1195198	FLOWS_TO	
1195198	1195207	FLOWS_TO	
1195207	1195216	FLOWS_TO	
1195216	1195223	FLOWS_TO	
1195223	1195231	FLOWS_TO	
1195231	1195238	FLOWS_TO	
1195238	1195246	FLOWS_TO	
1195250	1195259	FLOWS_TO	
1195250	1195280	FLOWS_TO	
1195246	1195250	FLOWS_TO	
1195254	1195250	FLOWS_TO	
1195263	1195270	FLOWS_TO	
1195263	1195254	FLOWS_TO	
1195259	1195263	FLOWS_TO	
1195267	1195263	FLOWS_TO	
1195270	1195267	FLOWS_TO	
1195280	1195286	FLOWS_TO	
1195286	1195291	FLOWS_TO	
1195295	1195303	FLOWS_TO	
1195295	1195324	FLOWS_TO	
1195291	1195295	FLOWS_TO	
1195299	1195295	FLOWS_TO	
1195303	1195312	FLOWS_TO	
1195312	1195316	FLOWS_TO	
1195316	1195299	FLOWS_TO	
1195324	1195336	FLOWS_TO	
1195231	1195337	DEF	
1195232	1195337	DEF	
1195235	1195337	DEF	
1195286	1195337	DEF	
1195287	1195337	DEF	
1195189	1195338	DEF	
1195190	1195338	DEF	
1195193	1195338	DEF	
1195280	1195338	USE	
1195281	1195338	USE	
1195316	1195339	DEF	
1195317	1195339	DEF	
1195316	1195339	USE	
1195317	1195339	USE	
1195207	1195340	USE	
1195211	1195340	USE	
1195223	1195341	USE	
1195226	1195341	USE	
1195270	1195341	USE	
1195272	1195341	USE	
1195270	1195342	DEF	
1195271	1195342	DEF	
1195303	1195343	DEF	
1195304	1195343	DEF	
1195307	1195343	DEF	
1195312	1195343	DEF	
1195313	1195343	DEF	
1195312	1195343	USE	
1195313	1195343	USE	
1195316	1195343	USE	
1195318	1195343	USE	
1195321	1195343	USE	
1195198	1195344	DEF	
1195199	1195344	DEF	
1195202	1195344	DEF	
1195238	1195345	DEF	
1195239	1195345	DEF	
1195250	1195345	USE	
1195246	1195345	DEF	
1195247	1195345	DEF	
1195254	1195345	USE	
1195254	1195345	DEF	
1195270	1195345	USE	
1195273	1195345	USE	
1195238	1195346	DEF	
1195242	1195346	DEF	
1195263	1195346	USE	
1195259	1195346	DEF	
1195260	1195346	DEF	
1195267	1195346	USE	
1195267	1195346	DEF	
1195270	1195346	USE	
1195272	1195346	USE	
1195207	1195347	DEF	
1195208	1195347	DEF	
1195211	1195347	DEF	
1195280	1195347	USE	
1195282	1195347	USE	
1195223	1195348	USE	
1195227	1195348	USE	
1195270	1195348	USE	
1195273	1195348	USE	
1195332	1195349	DEF	
1195295	1195349	USE	
1195291	1195349	DEF	
1195292	1195349	DEF	
1195299	1195349	USE	
1195299	1195349	DEF	
1195324	1195349	USE	
1195270	1195350	USE	
1195272	1195350	USE	
1195216	1195351	DEF	
1195217	1195351	DEF	
1195220	1195351	DEF	
1195270	1195352	DEF	
1195271	1195352	DEF	
1195270	1195353	USE	
1195271	1195353	USE	
1195303	1195353	USE	
1195307	1195353	USE	
1195270	1195354	DEF	
1195271	1195354	DEF	
1195280	1195355	DEF	
1195281	1195355	DEF	
1195329	1195356	DEF	
1195286	1195356	USE	
1195287	1195356	USE	
1195189	1195280	REACHES	_773ca0154508d33413937e0c00d3f987
1195316	1195316	REACHES	* _667bfced3edc86b803827b0cb8740266
1195303	1195312	REACHES	_667bfced3edc86b803827b0cb8740266
1195312	1195316	REACHES	_667bfced3edc86b803827b0cb8740266
1195254	1195250	REACHES	i
1195246	1195250	REACHES	i
1195254	1195254	REACHES	i
1195246	1195254	REACHES	i
1195254	1195270	REACHES	i
1195246	1195270	REACHES	i
1195259	1195263	REACHES	j
1195267	1195263	REACHES	j
1195259	1195267	REACHES	j
1195267	1195267	REACHES	j
1195259	1195270	REACHES	j
1195267	1195270	REACHES	j
1195207	1195280	REACHES	_d5dde46edd6ed741ffe4511ac98b4ece
1195291	1195295	REACHES	_c0d2e3f8daccd034259f6241c9f17dbf
1195299	1195295	REACHES	_c0d2e3f8daccd034259f6241c9f17dbf
1195291	1195299	REACHES	_c0d2e3f8daccd034259f6241c9f17dbf
1195299	1195299	REACHES	_c0d2e3f8daccd034259f6241c9f17dbf
1195291	1195324	REACHES	_c0d2e3f8daccd034259f6241c9f17dbf
1195299	1195324	REACHES	_c0d2e3f8daccd034259f6241c9f17dbf
1195329	1195286	REACHES	_dae85b02d687da2be506b683871c094e
1195335	1195329	CONTROLS	
1195335	1195332	CONTROLS	
1195335	1195189	CONTROLS	
1195335	1195198	CONTROLS	
1195335	1195207	CONTROLS	
1195335	1195216	CONTROLS	
1195335	1195223	CONTROLS	
1195335	1195231	CONTROLS	
1195335	1195238	CONTROLS	
1195335	1195246	CONTROLS	
1195335	1195250	CONTROLS	
1195335	1195280	CONTROLS	
1195335	1195286	CONTROLS	
1195335	1195291	CONTROLS	
1195335	1195295	CONTROLS	
1195335	1195324	CONTROLS	
1195250	1195259	CONTROLS	
1195250	1195263	CONTROLS	
1195250	1195254	CONTROLS	
1195263	1195270	CONTROLS	
1195263	1195267	CONTROLS	
1195295	1195303	CONTROLS	
1195295	1195312	CONTROLS	
1195295	1195316	CONTROLS	
1195295	1195299	CONTROLS	
1195216	1195223	DOM	
1195286	1195291	DOM	
1195250	1195280	DOM	
1195303	1195312	DOM	
1195263	1195270	DOM	
1195259	1195263	DOM	
1195280	1195286	DOM	
1195270	1195267	DOM	
1195324	1195336	DOM	
1195189	1195198	DOM	
1195312	1195316	DOM	
1195335	1195335	DOM	
1195332	1195189	DOM	
1195207	1195216	DOM	
1195250	1195259	DOM	
1195316	1195299	DOM	
1195246	1195250	DOM	
1195238	1195246	DOM	
1195223	1195231	DOM	
1195295	1195303	DOM	
1195335	1195329	DOM	
1195329	1195332	DOM	
1195231	1195238	DOM	
1195263	1195254	DOM	
1195291	1195295	DOM	
1195198	1195207	DOM	
1195295	1195324	DOM	
1195231	1195223	POST_DOM	
1195295	1195291	POST_DOM	
1195286	1195280	POST_DOM	
1195316	1195312	POST_DOM	
1195267	1195270	POST_DOM	
1195254	1195263	POST_DOM	
1195291	1195286	POST_DOM	
1195263	1195267	POST_DOM	
1195336	1195336	POST_DOM	
1195207	1195198	POST_DOM	
1195299	1195316	POST_DOM	
1195329	1195335	POST_DOM	
1195198	1195189	POST_DOM	
1195223	1195216	POST_DOM	
1195263	1195259	POST_DOM	
1195295	1195299	POST_DOM	
1195280	1195250	POST_DOM	
1195250	1195246	POST_DOM	
1195238	1195231	POST_DOM	
1195312	1195303	POST_DOM	
1195332	1195329	POST_DOM	
1195189	1195332	POST_DOM	
1195246	1195238	POST_DOM	
1195250	1195254	POST_DOM	
1195324	1195295	POST_DOM	
1195216	1195207	POST_DOM	
1195336	1195324	POST_DOM	
1195186	1195187	IS_FUNCTION_OF_AST	
1195186	1195335	IS_FUNCTION_OF_CFG	
1194756	1195186	IS_FILE_OF	
1195362	1195363	IS_AST_PARENT	
1195362	1195364	IS_AST_PARENT	
1195361	1195362	IS_AST_PARENT	
1195360	1195361	IS_AST_PARENT	
1195365	1195366	IS_AST_PARENT	
1195360	1195365	IS_AST_PARENT	
1195359	1195360	IS_AST_PARENT	
1195369	1195370	IS_AST_PARENT	
1195369	1195371	IS_AST_PARENT	
1195372	1195373	IS_AST_PARENT	
1195374	1195375	IS_AST_PARENT	
1195374	1195376	IS_AST_PARENT	
1195372	1195374	IS_AST_PARENT	
1195369	1195372	IS_AST_PARENT	
1195368	1195369	IS_AST_PARENT	
1195367	1195368	IS_AST_PARENT	
1195378	1195379	IS_AST_PARENT	
1195378	1195380	IS_AST_PARENT	
1195381	1195382	IS_AST_PARENT	
1195383	1195384	IS_AST_PARENT	
1195383	1195385	IS_AST_PARENT	
1195381	1195383	IS_AST_PARENT	
1195378	1195381	IS_AST_PARENT	
1195377	1195378	IS_AST_PARENT	
1195367	1195377	IS_AST_PARENT	
1195388	1195389	IS_AST_PARENT	
1195388	1195390	IS_AST_PARENT	
1195387	1195388	IS_AST_PARENT	
1195387	1195391	IS_AST_PARENT	
1195386	1195387	IS_AST_PARENT	
1195367	1195386	IS_AST_PARENT	
1195359	1195367	IS_AST_PARENT	
1195393	1195394	IS_AST_PARENT	
1195392	1195393	IS_AST_PARENT	
1195396	1195397	IS_AST_PARENT	
1195395	1195396	IS_AST_PARENT	
1195401	1195402	IS_AST_PARENT	
1195401	1195403	IS_AST_PARENT	
1195400	1195401	IS_AST_PARENT	
1195400	1195404	IS_AST_PARENT	
1195399	1195400	IS_AST_PARENT	
1195407	1195408	IS_AST_PARENT	
1195407	1195409	IS_AST_PARENT	
1195406	1195407	IS_AST_PARENT	
1195406	1195410	IS_AST_PARENT	
1195405	1195406	IS_AST_PARENT	
1195413	1195414	IS_AST_PARENT	
1195413	1195415	IS_AST_PARENT	
1195412	1195413	IS_AST_PARENT	
1195412	1195416	IS_AST_PARENT	
1195411	1195412	IS_AST_PARENT	
1195417	1195418	IS_AST_PARENT	
1195417	1195419	IS_AST_PARENT	
1195411	1195417	IS_AST_PARENT	
1195405	1195411	IS_AST_PARENT	
1195399	1195405	IS_AST_PARENT	
1195398	1195399	IS_AST_PARENT	
1195395	1195398	IS_AST_PARENT	
1195420	1195421	IS_AST_PARENT	
1195395	1195420	IS_AST_PARENT	
1195425	1195426	IS_AST_PARENT	
1195425	1195427	IS_AST_PARENT	
1195424	1195425	IS_AST_PARENT	
1195424	1195428	IS_AST_PARENT	
1195423	1195424	IS_AST_PARENT	
1195431	1195432	IS_AST_PARENT	
1195431	1195433	IS_AST_PARENT	
1195430	1195431	IS_AST_PARENT	
1195430	1195434	IS_AST_PARENT	
1195429	1195430	IS_AST_PARENT	
1195437	1195438	IS_AST_PARENT	
1195437	1195439	IS_AST_PARENT	
1195436	1195437	IS_AST_PARENT	
1195436	1195440	IS_AST_PARENT	
1195435	1195436	IS_AST_PARENT	
1195441	1195442	IS_AST_PARENT	
1195441	1195443	IS_AST_PARENT	
1195435	1195441	IS_AST_PARENT	
1195429	1195435	IS_AST_PARENT	
1195423	1195429	IS_AST_PARENT	
1195422	1195423	IS_AST_PARENT	
1195395	1195422	IS_AST_PARENT	
1195392	1195395	IS_AST_PARENT	
1195359	1195392	IS_AST_PARENT	
1195444	1195445	IS_AST_PARENT	
1195359	1195444	IS_AST_PARENT	
1195358	1195359	IS_AST_PARENT	
1195358	1195446	IS_AST_PARENT	
1195358	1195447	IS_AST_PARENT	
1195449	1195450	IS_AST_PARENT	
1195449	1195451	IS_AST_PARENT	
1195448	1195449	IS_AST_PARENT	
1195452	1195453	IS_AST_PARENT	
1195452	1195454	IS_AST_PARENT	
1195448	1195452	IS_AST_PARENT	
1195358	1195448	IS_AST_PARENT	
1195455	1195449	FLOWS_TO	
1195449	1195452	FLOWS_TO	
1195452	1195361	FLOWS_TO	
1195361	1195365	FLOWS_TO	
1195361	1195368	FLOWS_TO	
1195365	1195456	FLOWS_TO	
1195368	1195377	FLOWS_TO	
1195377	1195386	FLOWS_TO	
1195386	1195393	FLOWS_TO	
1195393	1195396	FLOWS_TO	
1195393	1195420	FLOWS_TO	
1195393	1195444	FLOWS_TO	
1195396	1195398	FLOWS_TO	
1195398	1195456	FLOWS_TO	
1195420	1195422	FLOWS_TO	
1195422	1195456	FLOWS_TO	
1195444	1195456	FLOWS_TO	
1195377	1195457	USE	
1195381	1195457	USE	
1195452	1195458	DEF	
1195393	1195458	USE	
1195398	1195459	USE	
1195422	1195459	USE	
1195449	1195460	DEF	
1195361	1195460	USE	
1195398	1195460	USE	
1195401	1195460	USE	
1195413	1195460	USE	
1195407	1195460	USE	
1195417	1195460	USE	
1195422	1195460	USE	
1195441	1195460	USE	
1195437	1195460	USE	
1195431	1195460	USE	
1195425	1195460	USE	
1195386	1195461	DEF	
1195387	1195461	DEF	
1195368	1195462	DEF	
1195369	1195462	DEF	
1195372	1195462	DEF	
1195386	1195462	USE	
1195387	1195462	USE	
1195377	1195463	DEF	
1195381	1195463	DEF	
1195378	1195463	DEF	
1195386	1195463	USE	
1195388	1195463	USE	
1195452	1195393	REACHES	_0515e004119456faea0751c1cadcb2ad
1195449	1195361	REACHES	_4121bfd2ba9423e32575673206a93292
1195449	1195398	REACHES	_4121bfd2ba9423e32575673206a93292
1195449	1195422	REACHES	_4121bfd2ba9423e32575673206a93292
1195368	1195386	REACHES	_c65ffb19a2f79b0e6cf6c9da5c8f87c8
1195377	1195386	REACHES	_e06584c0eb398e0c57f786dcfde604b6
1195455	1195449	CONTROLS	
1195455	1195452	CONTROLS	
1195455	1195361	CONTROLS	
1195361	1195365	CONTROLS	
1195361	1195368	CONTROLS	
1195361	1195377	CONTROLS	
1195361	1195386	CONTROLS	
1195361	1195393	CONTROLS	
1195393	1195396	CONTROLS	
1195393	1195398	CONTROLS	
1195393	1195420	CONTROLS	
1195393	1195422	CONTROLS	
1195393	1195444	CONTROLS	
1195452	1195361	DOM	
1195449	1195452	DOM	
1195377	1195386	DOM	
1195361	1195368	DOM	
1195368	1195377	DOM	
1195393	1195420	DOM	
1195361	1195365	DOM	
1195455	1195449	DOM	
1195396	1195398	DOM	
1195393	1195444	DOM	
1195393	1195396	DOM	
1195386	1195393	DOM	
1195455	1195455	DOM	
1195361	1195456	DOM	
1195420	1195422	DOM	
1195456	1195361	POST_DOM	
1195361	1195452	POST_DOM	
1195393	1195386	POST_DOM	
1195377	1195368	POST_DOM	
1195386	1195377	POST_DOM	
1195422	1195420	POST_DOM	
1195456	1195365	POST_DOM	
1195452	1195449	POST_DOM	
1195456	1195398	POST_DOM	
1195456	1195444	POST_DOM	
1195398	1195396	POST_DOM	
1195456	1195393	POST_DOM	
1195456	1195456	POST_DOM	
1195449	1195455	POST_DOM	
1195456	1195422	POST_DOM	
1195357	1195358	IS_FUNCTION_OF_AST	
1195357	1195455	IS_FUNCTION_OF_CFG	
1194756	1195357	IS_FILE_OF	
1195469	1195470	IS_AST_PARENT	
1195469	1195471	IS_AST_PARENT	
1195468	1195469	IS_AST_PARENT	
1195467	1195468	IS_AST_PARENT	
1195467	1195472	IS_AST_PARENT	
1195466	1195467	IS_AST_PARENT	
1195474	1195475	IS_AST_PARENT	
1195474	1195476	IS_AST_PARENT	
1195477	1195478	IS_AST_PARENT	
1195480	1195481	IS_AST_PARENT	
1195479	1195480	IS_AST_PARENT	
1195483	1195484	IS_AST_PARENT	
1195482	1195483	IS_AST_PARENT	
1195479	1195482	IS_AST_PARENT	
1195477	1195479	IS_AST_PARENT	
1195474	1195477	IS_AST_PARENT	
1195473	1195474	IS_AST_PARENT	
1195466	1195473	IS_AST_PARENT	
1195486	1195487	IS_AST_PARENT	
1195486	1195488	IS_AST_PARENT	
1195485	1195486	IS_AST_PARENT	
1195466	1195485	IS_AST_PARENT	
1195490	1195491	IS_AST_PARENT	
1195490	1195492	IS_AST_PARENT	
1195489	1195490	IS_AST_PARENT	
1195466	1195489	IS_AST_PARENT	
1195494	1195495	IS_AST_PARENT	
1195494	1195496	IS_AST_PARENT	
1195494	1195497	IS_AST_PARENT	
1195493	1195494	IS_AST_PARENT	
1195498	1195499	IS_AST_PARENT	
1195498	1195500	IS_AST_PARENT	
1195498	1195501	IS_AST_PARENT	
1195493	1195498	IS_AST_PARENT	
1195502	1195503	IS_AST_PARENT	
1195502	1195504	IS_AST_PARENT	
1195502	1195505	IS_AST_PARENT	
1195506	1195507	IS_AST_PARENT	
1195506	1195508	IS_AST_PARENT	
1195502	1195506	IS_AST_PARENT	
1195493	1195502	IS_AST_PARENT	
1195509	1195510	IS_AST_PARENT	
1195509	1195511	IS_AST_PARENT	
1195509	1195512	IS_AST_PARENT	
1195513	1195514	IS_AST_PARENT	
1195515	1195516	IS_AST_PARENT	
1195513	1195515	IS_AST_PARENT	
1195509	1195513	IS_AST_PARENT	
1195493	1195509	IS_AST_PARENT	
1195466	1195493	IS_AST_PARENT	
1195518	1195519	IS_AST_PARENT	
1195518	1195520	IS_AST_PARENT	
1195517	1195518	IS_AST_PARENT	
1195521	1195522	IS_AST_PARENT	
1195521	1195523	IS_AST_PARENT	
1195517	1195521	IS_AST_PARENT	
1195466	1195517	IS_AST_PARENT	
1195526	1195527	IS_AST_PARENT	
1195529	1195530	IS_AST_PARENT	
1195528	1195529	IS_AST_PARENT	
1195532	1195533	IS_AST_PARENT	
1195531	1195532	IS_AST_PARENT	
1195528	1195531	IS_AST_PARENT	
1195526	1195528	IS_AST_PARENT	
1195525	1195526	IS_AST_PARENT	
1195524	1195525	IS_AST_PARENT	
1195537	1195538	IS_AST_PARENT	
1195536	1195537	IS_AST_PARENT	
1195540	1195541	IS_AST_PARENT	
1195539	1195540	IS_AST_PARENT	
1195542	1195543	IS_AST_PARENT	
1195539	1195542	IS_AST_PARENT	
1195536	1195539	IS_AST_PARENT	
1195535	1195536	IS_AST_PARENT	
1195534	1195535	IS_AST_PARENT	
1195546	1195547	IS_AST_PARENT	
1195545	1195546	IS_AST_PARENT	
1195549	1195550	IS_AST_PARENT	
1195548	1195549	IS_AST_PARENT	
1195551	1195552	IS_AST_PARENT	
1195548	1195551	IS_AST_PARENT	
1195545	1195548	IS_AST_PARENT	
1195544	1195545	IS_AST_PARENT	
1195534	1195544	IS_AST_PARENT	
1195558	1195559	IS_AST_PARENT	
1195557	1195558	IS_AST_PARENT	
1195562	1195563	IS_AST_PARENT	
1195562	1195564	IS_AST_PARENT	
1195561	1195562	IS_AST_PARENT	
1195560	1195561	IS_AST_PARENT	
1195565	1195566	IS_AST_PARENT	
1195560	1195565	IS_AST_PARENT	
1195557	1195560	IS_AST_PARENT	
1195556	1195557	IS_AST_PARENT	
1195556	1195567	IS_AST_PARENT	
1195555	1195556	IS_AST_PARENT	
1195570	1195571	IS_AST_PARENT	
1195569	1195570	IS_AST_PARENT	
1195574	1195575	IS_AST_PARENT	
1195574	1195576	IS_AST_PARENT	
1195573	1195574	IS_AST_PARENT	
1195572	1195573	IS_AST_PARENT	
1195577	1195578	IS_AST_PARENT	
1195572	1195577	IS_AST_PARENT	
1195569	1195572	IS_AST_PARENT	
1195568	1195569	IS_AST_PARENT	
1195568	1195579	IS_AST_PARENT	
1195555	1195568	IS_AST_PARENT	
1195554	1195555	IS_AST_PARENT	
1195553	1195554	IS_AST_PARENT	
1195553	1195580	IS_AST_PARENT	
1195534	1195553	IS_AST_PARENT	
1195583	1195584	IS_AST_PARENT	
1195582	1195583	IS_AST_PARENT	
1195586	1195587	IS_AST_PARENT	
1195585	1195586	IS_AST_PARENT	
1195588	1195589	IS_AST_PARENT	
1195585	1195588	IS_AST_PARENT	
1195582	1195585	IS_AST_PARENT	
1195581	1195582	IS_AST_PARENT	
1195534	1195581	IS_AST_PARENT	
1195592	1195593	IS_AST_PARENT	
1195592	1195594	IS_AST_PARENT	
1195591	1195592	IS_AST_PARENT	
1195591	1195595	IS_AST_PARENT	
1195590	1195591	IS_AST_PARENT	
1195534	1195590	IS_AST_PARENT	
1195598	1195599	IS_AST_PARENT	
1195597	1195598	IS_AST_PARENT	
1195601	1195602	IS_AST_PARENT	
1195600	1195601	IS_AST_PARENT	
1195603	1195604	IS_AST_PARENT	
1195600	1195603	IS_AST_PARENT	
1195597	1195600	IS_AST_PARENT	
1195596	1195597	IS_AST_PARENT	
1195534	1195596	IS_AST_PARENT	
1195607	1195608	IS_AST_PARENT	
1195606	1195607	IS_AST_PARENT	
1195610	1195611	IS_AST_PARENT	
1195609	1195610	IS_AST_PARENT	
1195613	1195614	IS_AST_PARENT	
1195613	1195615	IS_AST_PARENT	
1195612	1195613	IS_AST_PARENT	
1195609	1195612	IS_AST_PARENT	
1195606	1195609	IS_AST_PARENT	
1195605	1195606	IS_AST_PARENT	
1195534	1195605	IS_AST_PARENT	
1195617	1195618	IS_AST_PARENT	
1195620	1195621	IS_AST_PARENT	
1195619	1195620	IS_AST_PARENT	
1195623	1195624	IS_AST_PARENT	
1195622	1195623	IS_AST_PARENT	
1195625	1195626	IS_AST_PARENT	
1195622	1195625	IS_AST_PARENT	
1195619	1195622	IS_AST_PARENT	
1195617	1195619	IS_AST_PARENT	
1195616	1195617	IS_AST_PARENT	
1195534	1195616	IS_AST_PARENT	
1195628	1195629	IS_AST_PARENT	
1195631	1195632	IS_AST_PARENT	
1195630	1195631	IS_AST_PARENT	
1195634	1195635	IS_AST_PARENT	
1195633	1195634	IS_AST_PARENT	
1195636	1195637	IS_AST_PARENT	
1195633	1195636	IS_AST_PARENT	
1195630	1195633	IS_AST_PARENT	
1195628	1195630	IS_AST_PARENT	
1195627	1195628	IS_AST_PARENT	
1195534	1195627	IS_AST_PARENT	
1195642	1195643	IS_AST_PARENT	
1195641	1195642	IS_AST_PARENT	
1195645	1195646	IS_AST_PARENT	
1195644	1195645	IS_AST_PARENT	
1195648	1195649	IS_AST_PARENT	
1195648	1195650	IS_AST_PARENT	
1195647	1195648	IS_AST_PARENT	
1195644	1195647	IS_AST_PARENT	
1195651	1195652	IS_AST_PARENT	
1195644	1195651	IS_AST_PARENT	
1195641	1195644	IS_AST_PARENT	
1195640	1195641	IS_AST_PARENT	
1195640	1195653	IS_AST_PARENT	
1195639	1195640	IS_AST_PARENT	
1195638	1195639	IS_AST_PARENT	
1195656	1195657	IS_AST_PARENT	
1195655	1195656	IS_AST_PARENT	
1195659	1195660	IS_AST_PARENT	
1195658	1195659	IS_AST_PARENT	
1195661	1195662	IS_AST_PARENT	
1195658	1195661	IS_AST_PARENT	
1195655	1195658	IS_AST_PARENT	
1195654	1195655	IS_AST_PARENT	
1195638	1195654	IS_AST_PARENT	
1195534	1195638	IS_AST_PARENT	
1195665	1195666	IS_AST_PARENT	
1195664	1195665	IS_AST_PARENT	
1195668	1195669	IS_AST_PARENT	
1195667	1195668	IS_AST_PARENT	
1195664	1195667	IS_AST_PARENT	
1195663	1195664	IS_AST_PARENT	
1195534	1195663	IS_AST_PARENT	
1195672	1195673	IS_AST_PARENT	
1195671	1195672	IS_AST_PARENT	
1195675	1195676	IS_AST_PARENT	
1195674	1195675	IS_AST_PARENT	
1195671	1195674	IS_AST_PARENT	
1195670	1195671	IS_AST_PARENT	
1195534	1195670	IS_AST_PARENT	
1195524	1195534	IS_AST_PARENT	
1195466	1195524	IS_AST_PARENT	
1195678	1195679	IS_AST_PARENT	
1195677	1195678	IS_AST_PARENT	
1195681	1195682	IS_AST_PARENT	
1195680	1195681	IS_AST_PARENT	
1195685	1195686	IS_AST_PARENT	
1195685	1195687	IS_AST_PARENT	
1195684	1195685	IS_AST_PARENT	
1195688	1195689	IS_AST_PARENT	
1195690	1195691	IS_AST_PARENT	
1195690	1195692	IS_AST_PARENT	
1195688	1195690	IS_AST_PARENT	
1195684	1195688	IS_AST_PARENT	
1195683	1195684	IS_AST_PARENT	
1195680	1195683	IS_AST_PARENT	
1195695	1195696	IS_AST_PARENT	
1195695	1195697	IS_AST_PARENT	
1195694	1195695	IS_AST_PARENT	
1195698	1195699	IS_AST_PARENT	
1195700	1195701	IS_AST_PARENT	
1195700	1195702	IS_AST_PARENT	
1195698	1195700	IS_AST_PARENT	
1195694	1195698	IS_AST_PARENT	
1195693	1195694	IS_AST_PARENT	
1195680	1195693	IS_AST_PARENT	
1195705	1195706	IS_AST_PARENT	
1195705	1195707	IS_AST_PARENT	
1195704	1195705	IS_AST_PARENT	
1195708	1195709	IS_AST_PARENT	
1195710	1195711	IS_AST_PARENT	
1195710	1195712	IS_AST_PARENT	
1195708	1195710	IS_AST_PARENT	
1195704	1195708	IS_AST_PARENT	
1195703	1195704	IS_AST_PARENT	
1195680	1195703	IS_AST_PARENT	
1195715	1195716	IS_AST_PARENT	
1195715	1195717	IS_AST_PARENT	
1195714	1195715	IS_AST_PARENT	
1195718	1195719	IS_AST_PARENT	
1195718	1195720	IS_AST_PARENT	
1195714	1195718	IS_AST_PARENT	
1195713	1195714	IS_AST_PARENT	
1195680	1195713	IS_AST_PARENT	
1195680	1195721	IS_AST_PARENT	
1195722	1195723	IS_AST_PARENT	
1195680	1195722	IS_AST_PARENT	
1195726	1195727	IS_AST_PARENT	
1195726	1195728	IS_AST_PARENT	
1195725	1195726	IS_AST_PARENT	
1195729	1195730	IS_AST_PARENT	
1195731	1195732	IS_AST_PARENT	
1195731	1195733	IS_AST_PARENT	
1195729	1195731	IS_AST_PARENT	
1195725	1195729	IS_AST_PARENT	
1195724	1195725	IS_AST_PARENT	
1195680	1195724	IS_AST_PARENT	
1195736	1195737	IS_AST_PARENT	
1195736	1195738	IS_AST_PARENT	
1195735	1195736	IS_AST_PARENT	
1195739	1195740	IS_AST_PARENT	
1195741	1195742	IS_AST_PARENT	
1195741	1195743	IS_AST_PARENT	
1195739	1195741	IS_AST_PARENT	
1195735	1195739	IS_AST_PARENT	
1195734	1195735	IS_AST_PARENT	
1195680	1195734	IS_AST_PARENT	
1195746	1195747	IS_AST_PARENT	
1195746	1195748	IS_AST_PARENT	
1195745	1195746	IS_AST_PARENT	
1195749	1195750	IS_AST_PARENT	
1195751	1195752	IS_AST_PARENT	
1195751	1195753	IS_AST_PARENT	
1195749	1195751	IS_AST_PARENT	
1195745	1195749	IS_AST_PARENT	
1195744	1195745	IS_AST_PARENT	
1195680	1195744	IS_AST_PARENT	
1195756	1195757	IS_AST_PARENT	
1195756	1195758	IS_AST_PARENT	
1195755	1195756	IS_AST_PARENT	
1195759	1195760	IS_AST_PARENT	
1195759	1195761	IS_AST_PARENT	
1195755	1195759	IS_AST_PARENT	
1195754	1195755	IS_AST_PARENT	
1195680	1195754	IS_AST_PARENT	
1195680	1195762	IS_AST_PARENT	
1195677	1195680	IS_AST_PARENT	
1195466	1195677	IS_AST_PARENT	
1195465	1195466	IS_AST_PARENT	
1195465	1195763	IS_AST_PARENT	
1195465	1195764	IS_AST_PARENT	
1195766	1195767	IS_AST_PARENT	
1195766	1195768	IS_AST_PARENT	
1195765	1195766	IS_AST_PARENT	
1195769	1195770	IS_AST_PARENT	
1195769	1195771	IS_AST_PARENT	
1195765	1195769	IS_AST_PARENT	
1195772	1195773	IS_AST_PARENT	
1195772	1195774	IS_AST_PARENT	
1195765	1195772	IS_AST_PARENT	
1195465	1195765	IS_AST_PARENT	
1195775	1195766	FLOWS_TO	
1195766	1195769	FLOWS_TO	
1195769	1195772	FLOWS_TO	
1195772	1195468	FLOWS_TO	
1195468	1195472	FLOWS_TO	
1195468	1195473	FLOWS_TO	
1195472	1195776	FLOWS_TO	
1195473	1195485	FLOWS_TO	
1195485	1195489	FLOWS_TO	
1195489	1195493	FLOWS_TO	
1195493	1195517	FLOWS_TO	
1195517	1195525	FLOWS_TO	
1195525	1195535	FLOWS_TO	
1195525	1195678	FLOWS_TO	
1195535	1195544	FLOWS_TO	
1195544	1195554	FLOWS_TO	
1195554	1195580	FLOWS_TO	
1195554	1195581	FLOWS_TO	
1195580	1195525	FLOWS_TO	
1195581	1195590	FLOWS_TO	
1195590	1195596	FLOWS_TO	
1195596	1195605	FLOWS_TO	
1195605	1195616	FLOWS_TO	
1195616	1195627	FLOWS_TO	
1195627	1195639	FLOWS_TO	
1195639	1195654	FLOWS_TO	
1195639	1195663	FLOWS_TO	
1195654	1195639	FLOWS_TO	
1195663	1195670	FLOWS_TO	
1195670	1195525	FLOWS_TO	
1195678	1195681	FLOWS_TO	
1195678	1195722	FLOWS_TO	
1195678	1195776	FLOWS_TO	
1195681	1195683	FLOWS_TO	
1195683	1195693	FLOWS_TO	
1195693	1195703	FLOWS_TO	
1195703	1195713	FLOWS_TO	
1195713	1195721	FLOWS_TO	
1195721	1195776	FLOWS_TO	
1195722	1195724	FLOWS_TO	
1195724	1195734	FLOWS_TO	
1195734	1195744	FLOWS_TO	
1195744	1195754	FLOWS_TO	
1195754	1195762	FLOWS_TO	
1195762	1195776	FLOWS_TO	
1195485	1195777	DEF	
1195486	1195777	DEF	
1195525	1195777	DEF	
1195526	1195777	DEF	
1195554	1195777	USE	
1195562	1195777	USE	
1195574	1195777	USE	
1195605	1195777	USE	
1195613	1195777	USE	
1195554	1195778	USE	
1195616	1195779	USE	
1195617	1195779	USE	
1195627	1195779	USE	
1195628	1195779	USE	
1195554	1195780	USE	
1195573	1195780	USE	
1195561	1195780	USE	
1195605	1195780	USE	
1195612	1195780	USE	
1195639	1195781	USE	
1195493	1195782	DEF	
1195494	1195782	DEF	
1195535	1195782	USE	
1195540	1195782	USE	
1195544	1195782	USE	
1195549	1195782	USE	
1195605	1195782	USE	
1195610	1195782	USE	
1195616	1195782	USE	
1195623	1195782	USE	
1195590	1195783	USE	
1195591	1195783	USE	
1195590	1195783	DEF	
1195591	1195783	DEF	
1195683	1195784	DEF	
1195684	1195784	DEF	
1195693	1195784	DEF	
1195694	1195784	DEF	
1195703	1195784	DEF	
1195704	1195784	DEF	
1195713	1195784	DEF	
1195714	1195784	DEF	
1195724	1195784	DEF	
1195725	1195784	DEF	
1195734	1195784	DEF	
1195735	1195784	DEF	
1195744	1195784	DEF	
1195745	1195784	DEF	
1195754	1195784	DEF	
1195755	1195784	DEF	
1195517	1195785	DEF	
1195518	1195785	DEF	
1195616	1195785	DEF	
1195617	1195785	DEF	
1195639	1195785	USE	
1195651	1195785	USE	
1195663	1195785	USE	
1195668	1195785	USE	
1195473	1195786	DEF	
1195474	1195786	DEF	
1195477	1195786	DEF	
1195525	1195786	USE	
1195532	1195786	USE	
1195639	1195787	USE	
1195493	1195788	DEF	
1195509	1195788	DEF	
1195513	1195788	DEF	
1195639	1195788	USE	
1195645	1195788	USE	
1195654	1195788	USE	
1195659	1195788	USE	
1195525	1195789	USE	
1195526	1195789	USE	
1195769	1195790	DEF	
1195678	1195790	USE	
1195517	1195791	DEF	
1195521	1195791	DEF	
1195627	1195791	DEF	
1195628	1195791	DEF	
1195654	1195791	USE	
1195661	1195791	USE	
1195670	1195791	USE	
1195675	1195791	USE	
1195473	1195792	USE	
1195477	1195792	USE	
1195493	1195793	DEF	
1195506	1195793	DEF	
1195502	1195793	DEF	
1195590	1195793	USE	
1195592	1195793	USE	
1195596	1195793	USE	
1195603	1195793	USE	
1195554	1195794	USE	
1195561	1195794	USE	
1195573	1195794	USE	
1195605	1195794	USE	
1195612	1195794	USE	
1195766	1195795	DEF	
1195468	1195795	USE	
1195683	1195795	USE	
1195685	1195795	USE	
1195693	1195795	USE	
1195695	1195795	USE	
1195703	1195795	USE	
1195705	1195795	USE	
1195713	1195795	USE	
1195715	1195795	USE	
1195724	1195795	USE	
1195726	1195795	USE	
1195734	1195795	USE	
1195736	1195795	USE	
1195744	1195795	USE	
1195746	1195795	USE	
1195754	1195795	USE	
1195756	1195795	USE	
1195772	1195796	DEF	
1195683	1195796	USE	
1195684	1195796	USE	
1195693	1195796	USE	
1195694	1195796	USE	
1195703	1195796	USE	
1195704	1195796	USE	
1195713	1195796	USE	
1195714	1195796	USE	
1195724	1195796	USE	
1195725	1195796	USE	
1195734	1195796	USE	
1195735	1195796	USE	
1195744	1195796	USE	
1195745	1195796	USE	
1195754	1195796	USE	
1195755	1195796	USE	
1195493	1195797	DEF	
1195498	1195797	DEF	
1195581	1195797	USE	
1195586	1195797	USE	
1195596	1195797	USE	
1195601	1195797	USE	
1195627	1195797	USE	
1195634	1195797	USE	
1195489	1195798	DEF	
1195490	1195798	DEF	
1195525	1195554	REACHES	_fc7546db390dc9328193ef13772dae44
1195525	1195605	REACHES	_fc7546db390dc9328193ef13772dae44
1195590	1195590	REACHES	* _03be8a93ea6714f7954b1d1373a15e1d
1195627	1195654	REACHES	_3a1398f70974970bc90182200936ec6e
1195627	1195670	REACHES	_3a1398f70974970bc90182200936ec6e
1195493	1195590	REACHES	_03be8a93ea6714f7954b1d1373a15e1d
1195493	1195596	REACHES	_03be8a93ea6714f7954b1d1373a15e1d
1195772	1195693	REACHES	_2e1f2cae3dce1b9468d2ae4d6d93d9e4
1195493	1195581	REACHES	_b0dd3c64378e15722937cfb3d43e52da
1195493	1195596	REACHES	_b0dd3c64378e15722937cfb3d43e52da
1195493	1195627	REACHES	_b0dd3c64378e15722937cfb3d43e52da
1195772	1195683	REACHES	_2e1f2cae3dce1b9468d2ae4d6d93d9e4
1195772	1195754	REACHES	_2e1f2cae3dce1b9468d2ae4d6d93d9e4
1195772	1195703	REACHES	_2e1f2cae3dce1b9468d2ae4d6d93d9e4
1195772	1195713	REACHES	_2e1f2cae3dce1b9468d2ae4d6d93d9e4
1195772	1195724	REACHES	_2e1f2cae3dce1b9468d2ae4d6d93d9e4
1195772	1195734	REACHES	_2e1f2cae3dce1b9468d2ae4d6d93d9e4
1195772	1195744	REACHES	_2e1f2cae3dce1b9468d2ae4d6d93d9e4
1195493	1195535	REACHES	_d49826cc31b0e72c4fe267e1c9de1746
1195493	1195544	REACHES	_d49826cc31b0e72c4fe267e1c9de1746
1195493	1195605	REACHES	_d49826cc31b0e72c4fe267e1c9de1746
1195493	1195616	REACHES	_d49826cc31b0e72c4fe267e1c9de1746
1195754	1195776	REACHES	* _4121bfd2ba9423e32575673206a93292
1195713	1195776	REACHES	* _4121bfd2ba9423e32575673206a93292
1195616	1195639	REACHES	_7e852cba3562cbcab8643c775f43c320
1195616	1195663	REACHES	_7e852cba3562cbcab8643c775f43c320
1195473	1195525	REACHES	_6bc0644c4df7cca6422c675bfaf72759
1195493	1195639	REACHES	_f7899880eaf2f3223fdd8910645367f1
1195493	1195654	REACHES	_f7899880eaf2f3223fdd8910645367f1
1195769	1195678	REACHES	_0515e004119456faea0751c1cadcb2ad
1195766	1195693	REACHES	_4121bfd2ba9423e32575673206a93292
1195766	1195468	REACHES	_4121bfd2ba9423e32575673206a93292
1195766	1195683	REACHES	_4121bfd2ba9423e32575673206a93292
1195766	1195703	REACHES	_4121bfd2ba9423e32575673206a93292
1195766	1195713	REACHES	_4121bfd2ba9423e32575673206a93292
1195766	1195724	REACHES	_4121bfd2ba9423e32575673206a93292
1195766	1195734	REACHES	_4121bfd2ba9423e32575673206a93292
1195766	1195744	REACHES	_4121bfd2ba9423e32575673206a93292
1195766	1195754	REACHES	_4121bfd2ba9423e32575673206a93292
1195775	1195766	CONTROLS	
1195775	1195769	CONTROLS	
1195775	1195772	CONTROLS	
1195775	1195468	CONTROLS	
1195468	1195472	CONTROLS	
1195468	1195473	CONTROLS	
1195468	1195485	CONTROLS	
1195468	1195489	CONTROLS	
1195468	1195493	CONTROLS	
1195468	1195517	CONTROLS	
1195468	1195525	CONTROLS	
1195468	1195678	CONTROLS	
1195525	1195535	CONTROLS	
1195525	1195544	CONTROLS	
1195525	1195554	CONTROLS	
1195554	1195580	CONTROLS	
1195554	1195581	CONTROLS	
1195554	1195590	CONTROLS	
1195554	1195596	CONTROLS	
1195554	1195605	CONTROLS	
1195554	1195616	CONTROLS	
1195554	1195627	CONTROLS	
1195554	1195639	CONTROLS	
1195554	1195663	CONTROLS	
1195554	1195670	CONTROLS	
1195639	1195654	CONTROLS	
1195678	1195681	CONTROLS	
1195678	1195683	CONTROLS	
1195678	1195693	CONTROLS	
1195678	1195703	CONTROLS	
1195678	1195713	CONTROLS	
1195678	1195721	CONTROLS	
1195678	1195722	CONTROLS	
1195678	1195724	CONTROLS	
1195678	1195734	CONTROLS	
1195678	1195744	CONTROLS	
1195678	1195754	CONTROLS	
1195678	1195762	CONTROLS	
1195605	1195616	DOM	
1195493	1195517	DOM	
1195627	1195639	DOM	
1195663	1195670	DOM	
1195744	1195754	DOM	
1195772	1195468	DOM	
1195724	1195734	DOM	
1195485	1195489	DOM	
1195590	1195596	DOM	
1195693	1195703	DOM	
1195775	1195775	DOM	
1195489	1195493	DOM	
1195473	1195485	DOM	
1195554	1195581	DOM	
1195468	1195776	DOM	
1195703	1195713	DOM	
1195766	1195769	DOM	
1195544	1195554	DOM	
1195468	1195473	DOM	
1195525	1195678	DOM	
1195681	1195683	DOM	
1195683	1195693	DOM	
1195734	1195744	DOM	
1195596	1195605	DOM	
1195581	1195590	DOM	
1195775	1195766	DOM	
1195616	1195627	DOM	
1195525	1195535	DOM	
1195678	1195681	DOM	
1195678	1195722	DOM	
1195639	1195654	DOM	
1195754	1195762	DOM	
1195468	1195472	DOM	
1195722	1195724	DOM	
1195517	1195525	DOM	
1195535	1195544	DOM	
1195769	1195772	DOM	
1195554	1195580	DOM	
1195639	1195663	DOM	
1195713	1195721	DOM	
1195627	1195616	POST_DOM	
1195525	1195517	POST_DOM	
1195525	1195670	POST_DOM	
1195663	1195639	POST_DOM	
1195762	1195754	POST_DOM	
1195776	1195468	POST_DOM	
1195744	1195734	POST_DOM	
1195493	1195489	POST_DOM	
1195605	1195596	POST_DOM	
1195713	1195703	POST_DOM	
1195766	1195775	POST_DOM	
1195517	1195493	POST_DOM	
1195489	1195485	POST_DOM	
1195590	1195581	POST_DOM	
1195776	1195776	POST_DOM	
1195721	1195713	POST_DOM	
1195772	1195769	POST_DOM	
1195525	1195554	POST_DOM	
1195776	1195678	POST_DOM	
1195485	1195473	POST_DOM	
1195693	1195683	POST_DOM	
1195703	1195693	POST_DOM	
1195754	1195744	POST_DOM	
1195616	1195605	POST_DOM	
1195596	1195590	POST_DOM	
1195769	1195766	POST_DOM	
1195639	1195627	POST_DOM	
1195544	1195535	POST_DOM	
1195683	1195681	POST_DOM	
1195724	1195722	POST_DOM	
1195639	1195654	POST_DOM	
1195776	1195762	POST_DOM	
1195776	1195472	POST_DOM	
1195734	1195724	POST_DOM	
1195678	1195525	POST_DOM	
1195554	1195544	POST_DOM	
1195468	1195772	POST_DOM	
1195525	1195580	POST_DOM	
1195670	1195663	POST_DOM	
1195776	1195721	POST_DOM	
1195464	1195465	IS_FUNCTION_OF_AST	
1195464	1195775	IS_FUNCTION_OF_CFG	
1194756	1195464	IS_FILE_OF	
1195804	1195805	IS_AST_PARENT	
1195803	1195804	IS_AST_PARENT	
1195807	1195808	IS_AST_PARENT	
1195806	1195807	IS_AST_PARENT	
1195809	1195810	IS_AST_PARENT	
1195806	1195809	IS_AST_PARENT	
1195811	1195812	IS_AST_PARENT	
1195806	1195811	IS_AST_PARENT	
1195803	1195806	IS_AST_PARENT	
1195802	1195803	IS_AST_PARENT	
1195801	1195802	IS_AST_PARENT	
1195800	1195801	IS_AST_PARENT	
1195800	1195813	IS_AST_PARENT	
1195800	1195814	IS_AST_PARENT	
1195816	1195817	IS_AST_PARENT	
1195816	1195818	IS_AST_PARENT	
1195815	1195816	IS_AST_PARENT	
1195819	1195820	IS_AST_PARENT	
1195819	1195821	IS_AST_PARENT	
1195815	1195819	IS_AST_PARENT	
1195822	1195823	IS_AST_PARENT	
1195822	1195824	IS_AST_PARENT	
1195815	1195822	IS_AST_PARENT	
1195800	1195815	IS_AST_PARENT	
1195825	1195816	FLOWS_TO	
1195816	1195819	FLOWS_TO	
1195819	1195822	FLOWS_TO	
1195822	1195802	FLOWS_TO	
1195802	1195826	FLOWS_TO	
1195819	1195827	DEF	
1195802	1195827	USE	
1195809	1195827	USE	
1195816	1195828	DEF	
1195802	1195828	USE	
1195807	1195828	USE	
1195822	1195829	DEF	
1195802	1195829	USE	
1195811	1195829	USE	
1195819	1195802	REACHES	_0515e004119456faea0751c1cadcb2ad
1195816	1195802	REACHES	_4121bfd2ba9423e32575673206a93292
1195822	1195802	REACHES	_2e1f2cae3dce1b9468d2ae4d6d93d9e4
1195825	1195816	CONTROLS	
1195825	1195819	CONTROLS	
1195825	1195822	CONTROLS	
1195825	1195802	CONTROLS	
1195822	1195802	DOM	
1195816	1195819	DOM	
1195825	1195825	DOM	
1195819	1195822	DOM	
1195802	1195826	DOM	
1195825	1195816	DOM	
1195826	1195802	POST_DOM	
1195822	1195819	POST_DOM	
1195816	1195825	POST_DOM	
1195802	1195822	POST_DOM	
1195826	1195826	POST_DOM	
1195819	1195816	POST_DOM	
1195799	1195800	IS_FUNCTION_OF_AST	
1195799	1195825	IS_FUNCTION_OF_CFG	
1194756	1195799	IS_FILE_OF	
