command	key	type	code	location	functionId	childNum	isCFGNode	operator	baseType	completeType	identifier
ANR	1194756	File	/home/lnk/project/python/cxxdetect/joern_slicer/data_src/c2-8789845f90ce4a10de495ea34896a990-85E8A2E644A3CAC701CEBAA2EF4B1AD7/p_113/libiptcdata/iptc-utils.c								
ANR	1194757	DeclStmt									
ANR	1194758	Decl							signed short	signed short	IptcSShort
ANR	1194759	DeclStmt									
ANR	1194760	Decl							IptcSShort	"IptcSShort ( unsigned char const * , IptcByteOrder )"	_43e4aac6ab11631e7e2400484b36fe7f
ANR	1194761	DeclStmt									
ANR	1194762	Decl							IptcShort	"IptcShort ( unsigned char const * , IptcByteOrder )"	_215bdf9f21275d1a9fc51cbcdc42f4ad
ANR	1194763	DeclStmt									
ANR	1194764	Decl							void	"void ( unsigned char * , IptcByteOrder , IptcShort )"	_0b85199118e2b0193616900f90315b5e
ANR	1194765	DeclStmt									
ANR	1194766	Decl							IptcSLong	"IptcSLong ( unsigned char const * , IptcByteOrder )"	_790a37fd6d95071a6ef3a4f49abedd83
ANR	1194767	DeclStmt									
ANR	1194768	Decl							void	"void ( unsigned char * , IptcByteOrder , IptcSLong )"	_5b6e37c187fadde985a3bf67401766b5
ANR	1194769	DeclStmt									
ANR	1194770	Decl							IptcLong	"IptcLong ( unsigned char const * , IptcByteOrder )"	_0cb93823f4160c5b77f9a4c5849fd31d
ANR	1194771	DeclStmt									
ANR	1194772	Decl							void	"void ( unsigned char * , IptcByteOrder , IptcLong )"	_bb16b94704fe8cb403dffce781836595
ANR	1194773	Function	_43e4aac6ab11631e7e2400484b36fe7f	23:0:831:2938							
ANR	1194774	FunctionDef	"_43e4aac6ab11631e7e2400484b36fe7f (const unsigned char * _ac7d23a896a8f4fcf5e4ee07a779a65b , IptcByteOrder _0515e004119456faea0751c1cadcb2ad)"		1194773	0					
ANR	1194775	CompoundStatement		24:0:989:2938	1194773	0					
ANR	1194776	IfStatement	if ( ! _ac7d23a896a8f4fcf5e4ee07a779a65b )		1194773	0					
ANR	1194777	Condition	! _ac7d23a896a8f4fcf5e4ee07a779a65b	25:8:999:1032	1194773	0	True				
ANR	1194778	UnaryOperationExpression	! _ac7d23a896a8f4fcf5e4ee07a779a65b		1194773	0					
ANR	1194779	UnaryOperator	!		1194773	0					
ANR	1194780	Identifier	_ac7d23a896a8f4fcf5e4ee07a779a65b		1194773	1					
ANR	1194781	ReturnStatement	return 0 ;	25:44:1035:1043	1194773	1	True				
ANR	1194782	PrimaryExpression	0		1194773	0					
ANR	1194783	CompoundStatement		9:8:364:372	1194773	1					
ANR	1194784	IdentifierDeclStatement	int _773ca0154508d33413937e0c00d3f987 = 0L ;	27:8:1059:1101	1194773	0	True				
ANR	1194785	IdentifierDecl	_773ca0154508d33413937e0c00d3f987 = 0L		1194773	0					
ANR	1194786	IdentifierDeclType	int		1194773	0					
ANR	1194787	Identifier	_773ca0154508d33413937e0c00d3f987		1194773	1					
ANR	1194788	AssignmentExpression	_773ca0154508d33413937e0c00d3f987 = 0L		1194773	2		=			
ANR	1194789	Identifier	_773ca0154508d33413937e0c00d3f987		1194773	0					
ANR	1194790	PrimaryExpression	0L		1194773	1					
ANR	1194791	ExpressionStatement	int * _667bfced3edc86b803827b0cb8740266 [ 4 ] [ 5 ]	28:8:1111:1155	1194773	1	True				
ANR	1194792	MultiplicativeExpression	int * _667bfced3edc86b803827b0cb8740266 [ 4 ] [ 5 ]		1194773	0		*			
ANR	1194793	Identifier	int		1194773	0					
ANR	1194794	ArrayIndexing	_667bfced3edc86b803827b0cb8740266 [ 4 ] [ 5 ]		1194773	1					
ANR	1194795	ArrayIndexing	_667bfced3edc86b803827b0cb8740266 [ 4 ]		1194773	0					
ANR	1194796	Identifier	_667bfced3edc86b803827b0cb8740266		1194773	0					
ANR	1194797	PrimaryExpression	4		1194773	1					
ANR	1194798	PrimaryExpression	5		1194773	1					
ANR	1194799	IdentifierDeclStatement	short _da40226c231d1c26ed592658eb43324f = 0x12D2L ;	29:8:1165:1214	1194773	2	True				
ANR	1194800	IdentifierDecl	_da40226c231d1c26ed592658eb43324f = 0x12D2L		1194773	0					
ANR	1194801	IdentifierDeclType	short		1194773	0					
ANR	1194802	Identifier	_da40226c231d1c26ed592658eb43324f		1194773	1					
ANR	1194803	AssignmentExpression	_da40226c231d1c26ed592658eb43324f = 0x12D2L		1194773	2		=			
ANR	1194804	Identifier	_da40226c231d1c26ed592658eb43324f		1194773	0					
ANR	1194805	PrimaryExpression	0x12D2L		1194773	1					
ANR	1194806	Statement	unsigned	30:8:1224:1231	1194773	3	True				
ANR	1194807	Statement	int	30:17:1233:1235	1194773	4	True				
ANR	1194808	ExpressionStatement	_ac31e50cc6b4e80a1a08feefef03f523 [ 3 ] [ 1 ]	30:21:1237:1276	1194773	5	True				
ANR	1194809	ArrayIndexing	_ac31e50cc6b4e80a1a08feefef03f523 [ 3 ] [ 1 ]		1194773	0					
ANR	1194810	ArrayIndexing	_ac31e50cc6b4e80a1a08feefef03f523 [ 3 ]		1194773	0					
ANR	1194811	Identifier	_ac31e50cc6b4e80a1a08feefef03f523		1194773	0					
ANR	1194812	PrimaryExpression	3		1194773	1					
ANR	1194813	PrimaryExpression	1		1194773	1					
ANR	1194814	IdentifierDeclStatement	unsigned short _4322455122a21e6536f495f7a23646ab = 0x90AEL ;	31:8:1286:1344	1194773	6	True				
ANR	1194815	IdentifierDecl	_4322455122a21e6536f495f7a23646ab = 0x90AEL		1194773	0					
ANR	1194816	IdentifierDeclType	unsigned short		1194773	0					
ANR	1194817	Identifier	_4322455122a21e6536f495f7a23646ab		1194773	1					
ANR	1194818	AssignmentExpression	_4322455122a21e6536f495f7a23646ab = 0x90AEL		1194773	2		=			
ANR	1194819	Identifier	_4322455122a21e6536f495f7a23646ab		1194773	0					
ANR	1194820	PrimaryExpression	0x90AEL		1194773	1					
ANR	1194821	IdentifierDeclStatement	"int i , j ;"	32:8:1354:1362	1194773	7	True				
ANR	1194822	IdentifierDecl	i		1194773	0					
ANR	1194823	IdentifierDeclType	int		1194773	0					
ANR	1194824	Identifier	i		1194773	1					
ANR	1194825	IdentifierDecl	j		1194773	1					
ANR	1194826	IdentifierDeclType	int		1194773	0					
ANR	1194827	Identifier	j		1194773	1					
ANR	1194828	ForStatement	for ( i = 0 ; i < 4 ; i ++ )		1194773	8					
ANR	1194829	ForInit	i = 0 ;	33:13:1377:1382	1194773	0	True				
ANR	1194830	AssignmentExpression	i = 0		1194773	0		=			
ANR	1194831	Identifier	i		1194773	0					
ANR	1194832	PrimaryExpression	0		1194773	1					
ANR	1194833	Condition	i < 4	33:20:1384:1388	1194773	1	True				
ANR	1194834	RelationalExpression	i < 4		1194773	0		<			
ANR	1194835	Identifier	i		1194773	0					
ANR	1194836	PrimaryExpression	4		1194773	1					
ANR	1194837	PostIncDecOperationExpression	i ++	33:27:1391:1393	1194773	2	True				
ANR	1194838	Identifier	i		1194773	0					
ANR	1194839	IncDec	++		1194773	1					
ANR	1194840	CompoundStatement		11:8:414:414	1194773	3					
ANR	1194841	ForStatement	for ( j = 0 ; j < 5 ; j ++ )		1194773	0					
ANR	1194842	ForInit	j = 0 ;	35:17:1423:1428	1194773	0	True				
ANR	1194843	AssignmentExpression	j = 0		1194773	0		=			
ANR	1194844	Identifier	j		1194773	0					
ANR	1194845	PrimaryExpression	0		1194773	1					
ANR	1194846	Condition	j < 5	35:24:1430:1434	1194773	1	True				
ANR	1194847	RelationalExpression	j < 5		1194773	0		<			
ANR	1194848	Identifier	j		1194773	0					
ANR	1194849	PrimaryExpression	5		1194773	1					
ANR	1194850	PostIncDecOperationExpression	j ++	35:31:1437:1439	1194773	2	True				
ANR	1194851	Identifier	j		1194773	0					
ANR	1194852	IncDec	++		1194773	1					
ANR	1194853	ExpressionStatement	_667bfced3edc86b803827b0cb8740266 [ i ] [ j ] = & _773ca0154508d33413937e0c00d3f987	36:16:1458:1534	1194773	3	True				
ANR	1194854	AssignmentExpression	_667bfced3edc86b803827b0cb8740266 [ i ] [ j ] = & _773ca0154508d33413937e0c00d3f987		1194773	0		=			
ANR	1194855	ArrayIndexing	_667bfced3edc86b803827b0cb8740266 [ i ] [ j ]		1194773	0					
ANR	1194856	ArrayIndexing	_667bfced3edc86b803827b0cb8740266 [ i ]		1194773	0					
ANR	1194857	Identifier	_667bfced3edc86b803827b0cb8740266		1194773	0					
ANR	1194858	Identifier	i		1194773	1					
ANR	1194859	Identifier	j		1194773	1					
ANR	1194860	UnaryOperationExpression	& _773ca0154508d33413937e0c00d3f987		1194773	1					
ANR	1194861	UnaryOperator	&		1194773	0					
ANR	1194862	Identifier	_773ca0154508d33413937e0c00d3f987		1194773	1					
ANR	1194863	ForStatement	for ( i = 0 ; i < 3 ; i ++ )		1194773	9					
ANR	1194864	ForInit	i = 0 ;	38:13:1559:1564	1194773	0	True				
ANR	1194865	AssignmentExpression	i = 0		1194773	0		=			
ANR	1194866	Identifier	i		1194773	0					
ANR	1194867	PrimaryExpression	0		1194773	1					
ANR	1194868	Condition	i < 3	38:20:1566:1570	1194773	1	True				
ANR	1194869	RelationalExpression	i < 3		1194773	0		<			
ANR	1194870	Identifier	i		1194773	0					
ANR	1194871	PrimaryExpression	3		1194773	1					
ANR	1194872	PostIncDecOperationExpression	i ++	38:27:1573:1575	1194773	2	True				
ANR	1194873	Identifier	i		1194773	0					
ANR	1194874	IncDec	++		1194773	1					
ANR	1194875	CompoundStatement		16:8:596:596	1194773	3					
ANR	1194876	ForStatement	for ( j = 0 ; j < 1 ; j ++ )		1194773	0					
ANR	1194877	ForInit	j = 0 ;	40:17:1605:1610	1194773	0	True				
ANR	1194878	AssignmentExpression	j = 0		1194773	0		=			
ANR	1194879	Identifier	j		1194773	0					
ANR	1194880	PrimaryExpression	0		1194773	1					
ANR	1194881	Condition	j < 1	40:24:1612:1616	1194773	1	True				
ANR	1194882	RelationalExpression	j < 1		1194773	0		<			
ANR	1194883	Identifier	j		1194773	0					
ANR	1194884	PrimaryExpression	1		1194773	1					
ANR	1194885	PostIncDecOperationExpression	j ++	40:31:1619:1621	1194773	2	True				
ANR	1194886	Identifier	j		1194773	0					
ANR	1194887	IncDec	++		1194773	1					
ANR	1194888	ExpressionStatement	_ac31e50cc6b4e80a1a08feefef03f523 [ i ] [ j ] = 1UL	41:16:1640:1685	1194773	3	True				
ANR	1194889	AssignmentExpression	_ac31e50cc6b4e80a1a08feefef03f523 [ i ] [ j ] = 1UL		1194773	0		=			
ANR	1194890	ArrayIndexing	_ac31e50cc6b4e80a1a08feefef03f523 [ i ] [ j ]		1194773	0					
ANR	1194891	ArrayIndexing	_ac31e50cc6b4e80a1a08feefef03f523 [ i ]		1194773	0					
ANR	1194892	Identifier	_ac31e50cc6b4e80a1a08feefef03f523		1194773	0					
ANR	1194893	Identifier	i		1194773	1					
ANR	1194894	Identifier	j		1194773	1					
ANR	1194895	PrimaryExpression	1UL		1194773	1					
ANR	1194896	IfStatement	if ( ( ( char ) ( _773ca0154508d33413937e0c00d3f987 > _773ca0154508d33413937e0c00d3f987 ) - ( char ) 0x59L ) )		1194773	10					
ANR	1194897	Condition	( char ) ( _773ca0154508d33413937e0c00d3f987 > _773ca0154508d33413937e0c00d3f987 ) - ( char ) 0x59L	43:12:1709:1801	1194773	0	True				
ANR	1194898	AdditiveExpression	( char ) ( _773ca0154508d33413937e0c00d3f987 > _773ca0154508d33413937e0c00d3f987 ) - ( char ) 0x59L		1194773	0		-			
ANR	1194899	CastExpression	( char ) ( _773ca0154508d33413937e0c00d3f987 > _773ca0154508d33413937e0c00d3f987 )		1194773	0					
ANR	1194900	CastTarget	char		1194773	0					
ANR	1194901	RelationalExpression	_773ca0154508d33413937e0c00d3f987 > _773ca0154508d33413937e0c00d3f987		1194773	1		>			
ANR	1194902	Identifier	_773ca0154508d33413937e0c00d3f987		1194773	0					
ANR	1194903	Identifier	_773ca0154508d33413937e0c00d3f987		1194773	1					
ANR	1194904	CastExpression	( char ) 0x59L		1194773	1					
ANR	1194905	CastTarget	char		1194773	0					
ANR	1194906	PrimaryExpression	0x59L		1194773	1					
ANR	1194907	CompoundStatement		24:12:989:1065	1194773	1					
ANR	1194908	IdentifierDeclStatement	int * * _85c617d839e55b93eba7f24b7ac7b50f = ( void * ) 0 ;	45:12:1826:1876	1194773	0	True				
ANR	1194909	IdentifierDecl	* * _85c617d839e55b93eba7f24b7ac7b50f = ( void * ) 0		1194773	0					
ANR	1194910	IdentifierDeclType	int * *		1194773	0					
ANR	1194911	Identifier	_85c617d839e55b93eba7f24b7ac7b50f		1194773	1					
ANR	1194912	AssignmentExpression	* * _85c617d839e55b93eba7f24b7ac7b50f = ( void * ) 0		1194773	2		=			
ANR	1194913	Identifier	_85c617d839e55b93eba7f24b7ac7b50f		1194773	0					
ANR	1194914	CastExpression	( void * ) 0		1194773	1					
ANR	1194915	CastTarget	void *		1194773	0					
ANR	1194916	PrimaryExpression	0		1194773	1					
ANR	1194917	IdentifierDeclStatement	int * _fe31011262a867130273705589dc7971 = & _773ca0154508d33413937e0c00d3f987 ;	46:12:1890:1965	1194773	1	True				
ANR	1194918	IdentifierDecl	* _fe31011262a867130273705589dc7971 = & _773ca0154508d33413937e0c00d3f987		1194773	0					
ANR	1194919	IdentifierDeclType	int *		1194773	0					
ANR	1194920	Identifier	_fe31011262a867130273705589dc7971		1194773	1					
ANR	1194921	AssignmentExpression	* _fe31011262a867130273705589dc7971 = & _773ca0154508d33413937e0c00d3f987		1194773	2		=			
ANR	1194922	Identifier	_fe31011262a867130273705589dc7971		1194773	0					
ANR	1194923	UnaryOperationExpression	& _773ca0154508d33413937e0c00d3f987		1194773	1					
ANR	1194924	UnaryOperator	&		1194773	0					
ANR	1194925	Identifier	_773ca0154508d33413937e0c00d3f987		1194773	1					
ANR	1194926	IdentifierDeclStatement	int * * _d5dde46edd6ed741ffe4511ac98b4ece = & _fe31011262a867130273705589dc7971 ;	47:12:1979:2055	1194773	2	True				
ANR	1194927	IdentifierDecl	* * _d5dde46edd6ed741ffe4511ac98b4ece = & _fe31011262a867130273705589dc7971		1194773	0					
ANR	1194928	IdentifierDeclType	int * *		1194773	0					
ANR	1194929	Identifier	_d5dde46edd6ed741ffe4511ac98b4ece		1194773	1					
ANR	1194930	AssignmentExpression	* * _d5dde46edd6ed741ffe4511ac98b4ece = & _fe31011262a867130273705589dc7971		1194773	2		=			
ANR	1194931	Identifier	_d5dde46edd6ed741ffe4511ac98b4ece		1194773	0					
ANR	1194932	UnaryOperationExpression	& _fe31011262a867130273705589dc7971		1194773	1					
ANR	1194933	UnaryOperator	&		1194773	0					
ANR	1194934	Identifier	_fe31011262a867130273705589dc7971		1194773	1					
ANR	1194935	ExpressionStatement	( * _d5dde46edd6ed741ffe4511ac98b4ece ) = ( void * ) 0	48:12:2069:2116	1194773	3	True				
ANR	1194936	AssignmentExpression	( * _d5dde46edd6ed741ffe4511ac98b4ece ) = ( void * ) 0		1194773	0		=			
ANR	1194937	UnaryOperationExpression	* _d5dde46edd6ed741ffe4511ac98b4ece		1194773	0					
ANR	1194938	UnaryOperator	*		1194773	0					
ANR	1194939	Identifier	_d5dde46edd6ed741ffe4511ac98b4ece		1194773	1					
ANR	1194940	CastExpression	( void * ) 0		1194773	1					
ANR	1194941	CastTarget	void *		1194773	0					
ANR	1194942	PrimaryExpression	0		1194773	1					
ANR	1194943	ElseStatement	else		1194773	0					
ANR	1194944	CompoundStatement		30:12:1236:1312	1194773	0					
ANR	1194945	IdentifierDeclStatement	int * _ade4453faf91a77ac61a8f733c878340 = ( void * ) 0 ;	52:12:2163:2212	1194773	0	True				
ANR	1194946	IdentifierDecl	* _ade4453faf91a77ac61a8f733c878340 = ( void * ) 0		1194773	0					
ANR	1194947	IdentifierDeclType	int *		1194773	0					
ANR	1194948	Identifier	_ade4453faf91a77ac61a8f733c878340		1194773	1					
ANR	1194949	AssignmentExpression	* _ade4453faf91a77ac61a8f733c878340 = ( void * ) 0		1194773	2		=			
ANR	1194950	Identifier	_ade4453faf91a77ac61a8f733c878340		1194773	0					
ANR	1194951	CastExpression	( void * ) 0		1194773	1					
ANR	1194952	CastTarget	void *		1194773	0					
ANR	1194953	PrimaryExpression	0		1194773	1					
ANR	1194954	IdentifierDeclStatement	int * * _1155d79c193cc7d377886024058160e9 = & _ade4453faf91a77ac61a8f733c878340 ;	53:12:2226:2302	1194773	1	True				
ANR	1194955	IdentifierDecl	* * _1155d79c193cc7d377886024058160e9 = & _ade4453faf91a77ac61a8f733c878340		1194773	0					
ANR	1194956	IdentifierDeclType	int * *		1194773	0					
ANR	1194957	Identifier	_1155d79c193cc7d377886024058160e9		1194773	1					
ANR	1194958	AssignmentExpression	* * _1155d79c193cc7d377886024058160e9 = & _ade4453faf91a77ac61a8f733c878340		1194773	2		=			
ANR	1194959	Identifier	_1155d79c193cc7d377886024058160e9		1194773	0					
ANR	1194960	UnaryOperationExpression	& _ade4453faf91a77ac61a8f733c878340		1194773	1					
ANR	1194961	UnaryOperator	&		1194773	0					
ANR	1194962	Identifier	_ade4453faf91a77ac61a8f733c878340		1194773	1					
ANR	1194963	ExpressionStatement	( * _1155d79c193cc7d377886024058160e9 ) = & _773ca0154508d33413937e0c00d3f987	54:12:2316:2389	1194773	2	True				
ANR	1194964	AssignmentExpression	( * _1155d79c193cc7d377886024058160e9 ) = & _773ca0154508d33413937e0c00d3f987		1194773	0		=			
ANR	1194965	UnaryOperationExpression	* _1155d79c193cc7d377886024058160e9		1194773	0					
ANR	1194966	UnaryOperator	*		1194773	0					
ANR	1194967	Identifier	_1155d79c193cc7d377886024058160e9		1194773	1					
ANR	1194968	UnaryOperationExpression	& _773ca0154508d33413937e0c00d3f987		1194773	1					
ANR	1194969	UnaryOperator	&		1194773	0					
ANR	1194970	Identifier	_773ca0154508d33413937e0c00d3f987		1194773	1					
ANR	1194971	ExpressionStatement	_da40226c231d1c26ed592658eb43324f = ( ( char ) 0xECL >> ( char ) _773ca0154508d33413937e0c00d3f987 )	56:8:2409:2501	1194773	11	True				
ANR	1194972	AssignmentExpression	_da40226c231d1c26ed592658eb43324f = ( ( char ) 0xECL >> ( char ) _773ca0154508d33413937e0c00d3f987 )		1194773	0		=			
ANR	1194973	Identifier	_da40226c231d1c26ed592658eb43324f		1194773	0					
ANR	1194974	ShiftExpression	( char ) 0xECL >> ( char ) _773ca0154508d33413937e0c00d3f987		1194773	1		>>			
ANR	1194975	CastExpression	( char ) 0xECL		1194773	0					
ANR	1194976	CastTarget	char		1194773	0					
ANR	1194977	PrimaryExpression	0xECL		1194773	1					
ANR	1194978	CastExpression	( char ) _773ca0154508d33413937e0c00d3f987		1194773	1					
ANR	1194979	CastTarget	char		1194773	0					
ANR	1194980	Identifier	_773ca0154508d33413937e0c00d3f987		1194773	1					
ANR	1194981	ExpressionStatement	_4322455122a21e6536f495f7a23646ab = _ac31e50cc6b4e80a1a08feefef03f523 [ 2 ] [ 0 ]	57:8:2511:2586	1194773	12	True				
ANR	1194982	AssignmentExpression	_4322455122a21e6536f495f7a23646ab = _ac31e50cc6b4e80a1a08feefef03f523 [ 2 ] [ 0 ]		1194773	0		=			
ANR	1194983	Identifier	_4322455122a21e6536f495f7a23646ab		1194773	0					
ANR	1194984	ArrayIndexing	_ac31e50cc6b4e80a1a08feefef03f523 [ 2 ] [ 0 ]		1194773	1					
ANR	1194985	ArrayIndexing	_ac31e50cc6b4e80a1a08feefef03f523 [ 2 ]		1194773	0					
ANR	1194986	Identifier	_ac31e50cc6b4e80a1a08feefef03f523		1194773	0					
ANR	1194987	PrimaryExpression	2		1194773	1					
ANR	1194988	PrimaryExpression	0		1194773	1					
ANR	1194989	SwitchStatement	switch ( _0515e004119456faea0751c1cadcb2ad )		1194773	2					
ANR	1194990	Condition	_0515e004119456faea0751c1cadcb2ad	59:12:2606:2638	1194773	0	True				
ANR	1194991	Identifier	_0515e004119456faea0751c1cadcb2ad		1194773	0					
ANR	1194992	CompoundStatement		37:4:1655:1655	1194773	1					
ANR	1194993	Label	case IPTC_BYTE_ORDER_MOTOROLA :	61:4:2651:2680	1194773	0	True				
ANR	1194994	Identifier	IPTC_BYTE_ORDER_MOTOROLA		1194773	0					
ANR	1194995	ReturnStatement	return ( ( _ac7d23a896a8f4fcf5e4ee07a779a65b [ 0 ] << 8 ) | _ac7d23a896a8f4fcf5e4ee07a779a65b [ 1 ] ) ;	62:8:2690:2781	1194773	1	True				
ANR	1194996	InclusiveOrExpression	( _ac7d23a896a8f4fcf5e4ee07a779a65b [ 0 ] << 8 ) | _ac7d23a896a8f4fcf5e4ee07a779a65b [ 1 ]		1194773	0		|			
ANR	1194997	ShiftExpression	_ac7d23a896a8f4fcf5e4ee07a779a65b [ 0 ] << 8		1194773	0		<<			
ANR	1194998	ArrayIndexing	_ac7d23a896a8f4fcf5e4ee07a779a65b [ 0 ]		1194773	0					
ANR	1194999	Identifier	_ac7d23a896a8f4fcf5e4ee07a779a65b		1194773	0					
ANR	1195000	PrimaryExpression	0		1194773	1					
ANR	1195001	PrimaryExpression	8		1194773	1					
ANR	1195002	ArrayIndexing	_ac7d23a896a8f4fcf5e4ee07a779a65b [ 1 ]		1194773	1					
ANR	1195003	Identifier	_ac7d23a896a8f4fcf5e4ee07a779a65b		1194773	0					
ANR	1195004	PrimaryExpression	1		1194773	1					
ANR	1195005	Label	case IPTC_BYTE_ORDER_INTEL :	63:4:2787:2813	1194773	2	True				
ANR	1195006	Identifier	IPTC_BYTE_ORDER_INTEL		1194773	0					
ANR	1195007	ReturnStatement	return ( ( _ac7d23a896a8f4fcf5e4ee07a779a65b [ 1 ] << 8 ) | _ac7d23a896a8f4fcf5e4ee07a779a65b [ 0 ] ) ;	64:8:2823:2914	1194773	3	True				
ANR	1195008	InclusiveOrExpression	( _ac7d23a896a8f4fcf5e4ee07a779a65b [ 1 ] << 8 ) | _ac7d23a896a8f4fcf5e4ee07a779a65b [ 0 ]		1194773	0		|			
ANR	1195009	ShiftExpression	_ac7d23a896a8f4fcf5e4ee07a779a65b [ 1 ] << 8		1194773	0		<<			
ANR	1195010	ArrayIndexing	_ac7d23a896a8f4fcf5e4ee07a779a65b [ 1 ]		1194773	0					
ANR	1195011	Identifier	_ac7d23a896a8f4fcf5e4ee07a779a65b		1194773	0					
ANR	1195012	PrimaryExpression	1		1194773	1					
ANR	1195013	PrimaryExpression	8		1194773	1					
ANR	1195014	ArrayIndexing	_ac7d23a896a8f4fcf5e4ee07a779a65b [ 0 ]		1194773	1					
ANR	1195015	Identifier	_ac7d23a896a8f4fcf5e4ee07a779a65b		1194773	0					
ANR	1195016	PrimaryExpression	0		1194773	1					
ANR	1195017	ReturnStatement	return ( 0 ) ;	66:4:2926:2936	1194773	3	True				
ANR	1195018	PrimaryExpression	0		1194773	0					
ANR	1195019	ReturnType	static IptcSShort		1194773	1					
ANR	1195020	Identifier	_43e4aac6ab11631e7e2400484b36fe7f		1194773	2					
ANR	1195021	ParameterList	"const unsigned char * _ac7d23a896a8f4fcf5e4ee07a779a65b , IptcByteOrder _0515e004119456faea0751c1cadcb2ad"		1194773	3					
ANR	1195022	Parameter	const unsigned char * _ac7d23a896a8f4fcf5e4ee07a779a65b	23:53:884:937	1194773	0	True				
ANR	1195023	ParameterType	const unsigned char *		1194773	0					
ANR	1195024	Identifier	_ac7d23a896a8f4fcf5e4ee07a779a65b		1194773	1					
ANR	1195025	Parameter	IptcByteOrder _0515e004119456faea0751c1cadcb2ad	23:109:940:986	1194773	1	True				
ANR	1195026	ParameterType	IptcByteOrder		1194773	0					
ANR	1195027	Identifier	_0515e004119456faea0751c1cadcb2ad		1194773	1					
ANR	1195028	CFGEntryNode	ENTRY		1194773		True				
ANR	1195029	CFGExitNode	EXIT		1194773		True				
ANR	1195030	Symbol	* _667bfced3edc86b803827b0cb8740266		1194773						
ANR	1195031	Symbol	& _ade4453faf91a77ac61a8f733c878340		1194773						
ANR	1195032	Symbol	& _773ca0154508d33413937e0c00d3f987		1194773						
ANR	1195033	Symbol	_667bfced3edc86b803827b0cb8740266		1194773						
ANR	1195034	Symbol	_fe31011262a867130273705589dc7971		1194773						
ANR	1195035	Symbol	* * _ac31e50cc6b4e80a1a08feefef03f523		1194773						
ANR	1195036	Symbol	_1155d79c193cc7d377886024058160e9		1194773						
ANR	1195037	Symbol	* _ac31e50cc6b4e80a1a08feefef03f523		1194773						
ANR	1195038	Symbol	* _d5dde46edd6ed741ffe4511ac98b4ece		1194773						
ANR	1195039	Symbol	_4322455122a21e6536f495f7a23646ab		1194773						
ANR	1195040	Symbol	_ade4453faf91a77ac61a8f733c878340		1194773						
ANR	1195041	Symbol	_773ca0154508d33413937e0c00d3f987		1194773						
ANR	1195042	Symbol	* * i		1194773						
ANR	1195043	Symbol	_da40226c231d1c26ed592658eb43324f		1194773						
ANR	1195044	Symbol	_ac7d23a896a8f4fcf5e4ee07a779a65b		1194773						
ANR	1195045	Symbol	i		1194773						
ANR	1195046	Symbol	_85c617d839e55b93eba7f24b7ac7b50f		1194773						
ANR	1195047	Symbol	j		1194773						
ANR	1195048	Symbol	_d5dde46edd6ed741ffe4511ac98b4ece		1194773						
ANR	1195049	Symbol	* i		1194773						
ANR	1195050	Symbol	_0515e004119456faea0751c1cadcb2ad		1194773						
ANR	1195051	Symbol	* j		1194773						
ANR	1195052	Symbol	* _1155d79c193cc7d377886024058160e9		1194773						
ANR	1195053	Symbol	* _ac7d23a896a8f4fcf5e4ee07a779a65b		1194773						
ANR	1195054	Symbol	_ac31e50cc6b4e80a1a08feefef03f523		1194773						
ANR	1195055	Symbol	* * _667bfced3edc86b803827b0cb8740266		1194773						
ANR	1195056	Symbol	& _fe31011262a867130273705589dc7971		1194773						
ANR	1195057	Function	_0b85199118e2b0193616900f90315b5e	69:0:2941:3741							
ANR	1195058	FunctionDef	"_0b85199118e2b0193616900f90315b5e (unsigned char * _4121bfd2ba9423e32575673206a93292 , IptcByteOrder _0515e004119456faea0751c1cadcb2ad , IptcShort _2e1f2cae3dce1b9468d2ae4d6d93d9e4)"		1195057	0					
ANR	1195059	CompoundStatement		70:0:3125:3741	1195057	0					
ANR	1195060	IfStatement	if ( ! _4121bfd2ba9423e32575673206a93292 )		1195057	0					
ANR	1195061	Condition	! _4121bfd2ba9423e32575673206a93292	71:8:3135:3168	1195057	0	True				
ANR	1195062	UnaryOperationExpression	! _4121bfd2ba9423e32575673206a93292		1195057	0					
ANR	1195063	UnaryOperator	!		1195057	0					
ANR	1195064	Identifier	_4121bfd2ba9423e32575673206a93292		1195057	1					
ANR	1195065	ReturnStatement	return ;	71:44:3171:3177	1195057	1	True				
ANR	1195066	SwitchStatement	switch ( _0515e004119456faea0751c1cadcb2ad )		1195057	1					
ANR	1195067	Condition	_0515e004119456faea0751c1cadcb2ad	72:12:3191:3223	1195057	0	True				
ANR	1195068	Identifier	_0515e004119456faea0751c1cadcb2ad		1195057	0					
ANR	1195069	CompoundStatement		4:4:104:104	1195057	1					
ANR	1195070	Label	case IPTC_BYTE_ORDER_MOTOROLA :	74:4:3236:3265	1195057	0	True				
ANR	1195071	Identifier	IPTC_BYTE_ORDER_MOTOROLA		1195057	0					
ANR	1195072	ExpressionStatement	_4121bfd2ba9423e32575673206a93292 [ 0 ] = ( unsigned char ) ( _2e1f2cae3dce1b9468d2ae4d6d93d9e4 >> 8 )	75:8:3275:3370	1195057	1	True				
ANR	1195073	AssignmentExpression	_4121bfd2ba9423e32575673206a93292 [ 0 ] = ( unsigned char ) ( _2e1f2cae3dce1b9468d2ae4d6d93d9e4 >> 8 )		1195057	0		=			
ANR	1195074	ArrayIndexing	_4121bfd2ba9423e32575673206a93292 [ 0 ]		1195057	0					
ANR	1195075	Identifier	_4121bfd2ba9423e32575673206a93292		1195057	0					
ANR	1195076	PrimaryExpression	0		1195057	1					
ANR	1195077	CastExpression	( unsigned char ) ( _2e1f2cae3dce1b9468d2ae4d6d93d9e4 >> 8 )		1195057	1					
ANR	1195078	CastTarget	unsigned char		1195057	0					
ANR	1195079	ShiftExpression	_2e1f2cae3dce1b9468d2ae4d6d93d9e4 >> 8		1195057	1		>>			
ANR	1195080	Identifier	_2e1f2cae3dce1b9468d2ae4d6d93d9e4		1195057	0					
ANR	1195081	PrimaryExpression	8		1195057	1					
ANR	1195082	ExpressionStatement	_4121bfd2ba9423e32575673206a93292 [ 1 ] = ( unsigned char ) _2e1f2cae3dce1b9468d2ae4d6d93d9e4	76:8:3380:3468	1195057	2	True				
ANR	1195083	AssignmentExpression	_4121bfd2ba9423e32575673206a93292 [ 1 ] = ( unsigned char ) _2e1f2cae3dce1b9468d2ae4d6d93d9e4		1195057	0		=			
ANR	1195084	ArrayIndexing	_4121bfd2ba9423e32575673206a93292 [ 1 ]		1195057	0					
ANR	1195085	Identifier	_4121bfd2ba9423e32575673206a93292		1195057	0					
ANR	1195086	PrimaryExpression	1		1195057	1					
ANR	1195087	CastExpression	( unsigned char ) _2e1f2cae3dce1b9468d2ae4d6d93d9e4		1195057	1					
ANR	1195088	CastTarget	unsigned char		1195057	0					
ANR	1195089	Identifier	_2e1f2cae3dce1b9468d2ae4d6d93d9e4		1195057	1					
ANR	1195090	BreakStatement	break ;	77:8:3478:3483	1195057	3	True				
ANR	1195091	Label	case IPTC_BYTE_ORDER_INTEL :	78:4:3489:3515	1195057	4	True				
ANR	1195092	Identifier	IPTC_BYTE_ORDER_INTEL		1195057	0					
ANR	1195093	ExpressionStatement	_4121bfd2ba9423e32575673206a93292 [ 0 ] = ( unsigned char ) _2e1f2cae3dce1b9468d2ae4d6d93d9e4	79:8:3525:3613	1195057	5	True				
ANR	1195094	AssignmentExpression	_4121bfd2ba9423e32575673206a93292 [ 0 ] = ( unsigned char ) _2e1f2cae3dce1b9468d2ae4d6d93d9e4		1195057	0		=			
ANR	1195095	ArrayIndexing	_4121bfd2ba9423e32575673206a93292 [ 0 ]		1195057	0					
ANR	1195096	Identifier	_4121bfd2ba9423e32575673206a93292		1195057	0					
ANR	1195097	PrimaryExpression	0		1195057	1					
ANR	1195098	CastExpression	( unsigned char ) _2e1f2cae3dce1b9468d2ae4d6d93d9e4		1195057	1					
ANR	1195099	CastTarget	unsigned char		1195057	0					
ANR	1195100	Identifier	_2e1f2cae3dce1b9468d2ae4d6d93d9e4		1195057	1					
ANR	1195101	ExpressionStatement	_4121bfd2ba9423e32575673206a93292 [ 1 ] = ( unsigned char ) ( _2e1f2cae3dce1b9468d2ae4d6d93d9e4 >> 8 )	80:8:3623:3718	1195057	6	True				
ANR	1195102	AssignmentExpression	_4121bfd2ba9423e32575673206a93292 [ 1 ] = ( unsigned char ) ( _2e1f2cae3dce1b9468d2ae4d6d93d9e4 >> 8 )		1195057	0		=			
ANR	1195103	ArrayIndexing	_4121bfd2ba9423e32575673206a93292 [ 1 ]		1195057	0					
ANR	1195104	Identifier	_4121bfd2ba9423e32575673206a93292		1195057	0					
ANR	1195105	PrimaryExpression	1		1195057	1					
ANR	1195106	CastExpression	( unsigned char ) ( _2e1f2cae3dce1b9468d2ae4d6d93d9e4 >> 8 )		1195057	1					
ANR	1195107	CastTarget	unsigned char		1195057	0					
ANR	1195108	ShiftExpression	_2e1f2cae3dce1b9468d2ae4d6d93d9e4 >> 8		1195057	1		>>			
ANR	1195109	Identifier	_2e1f2cae3dce1b9468d2ae4d6d93d9e4		1195057	0					
ANR	1195110	PrimaryExpression	8		1195057	1					
ANR	1195111	BreakStatement	break ;	81:8:3728:3733	1195057	7	True				
ANR	1195112	ReturnType	void		1195057	1					
ANR	1195113	Identifier	_0b85199118e2b0193616900f90315b5e		1195057	2					
ANR	1195114	ParameterList	"unsigned char * _4121bfd2ba9423e32575673206a93292 , IptcByteOrder _0515e004119456faea0751c1cadcb2ad , IptcShort _2e1f2cae3dce1b9468d2ae4d6d93d9e4"		1195057	3					
ANR	1195115	Parameter	unsigned char * _4121bfd2ba9423e32575673206a93292	69:40:2981:3028	1195057	0	True				
ANR	1195116	ParameterType	unsigned char *		1195057	0					
ANR	1195117	Identifier	_4121bfd2ba9423e32575673206a93292		1195057	1					
ANR	1195118	Parameter	IptcByteOrder _0515e004119456faea0751c1cadcb2ad	69:90:3031:3077	1195057	1	True				
ANR	1195119	ParameterType	IptcByteOrder		1195057	0					
ANR	1195120	Identifier	_0515e004119456faea0751c1cadcb2ad		1195057	1					
ANR	1195121	Parameter	IptcShort _2e1f2cae3dce1b9468d2ae4d6d93d9e4	69:139:3080:3122	1195057	2	True				
ANR	1195122	ParameterType	IptcShort		1195057	0					
ANR	1195123	Identifier	_2e1f2cae3dce1b9468d2ae4d6d93d9e4		1195057	1					
ANR	1195124	CFGEntryNode	ENTRY		1195057		True				
ANR	1195125	CFGExitNode	EXIT		1195057		True				
ANR	1195126	Symbol	_0515e004119456faea0751c1cadcb2ad		1195057						
ANR	1195127	Symbol	* _4121bfd2ba9423e32575673206a93292		1195057						
ANR	1195128	Symbol	_4121bfd2ba9423e32575673206a93292		1195057						
ANR	1195129	Symbol	_2e1f2cae3dce1b9468d2ae4d6d93d9e4		1195057						
ANR	1195130	Function	_215bdf9f21275d1a9fc51cbcdc42f4ad	85:0:3744:4024							
ANR	1195131	FunctionDef	"_215bdf9f21275d1a9fc51cbcdc42f4ad (const unsigned char * _ac7d23a896a8f4fcf5e4ee07a779a65b , IptcByteOrder _0515e004119456faea0751c1cadcb2ad)"		1195130	0					
ANR	1195132	CompoundStatement		86:0:3894:4024	1195130	0					
ANR	1195133	ReturnStatement	"return ( _43e4aac6ab11631e7e2400484b36fe7f ( _ac7d23a896a8f4fcf5e4ee07a779a65b , _0515e004119456faea0751c1cadcb2ad ) & 0xffff ) ;"	87:4:3900:4022	1195130	0	True				
ANR	1195134	BitAndExpression	"_43e4aac6ab11631e7e2400484b36fe7f ( _ac7d23a896a8f4fcf5e4ee07a779a65b , _0515e004119456faea0751c1cadcb2ad ) & 0xffff"		1195130	0		&			
ANR	1195135	CallExpression	"_43e4aac6ab11631e7e2400484b36fe7f ( _ac7d23a896a8f4fcf5e4ee07a779a65b , _0515e004119456faea0751c1cadcb2ad )"		1195130	0					
ANR	1195136	Callee	_43e4aac6ab11631e7e2400484b36fe7f		1195130	0					
ANR	1195137	Identifier	_43e4aac6ab11631e7e2400484b36fe7f		1195130	0					
ANR	1195138	ArgumentList	_ac7d23a896a8f4fcf5e4ee07a779a65b		1195130	1					
ANR	1195139	Argument	_ac7d23a896a8f4fcf5e4ee07a779a65b		1195130	0					
ANR	1195140	Identifier	_ac7d23a896a8f4fcf5e4ee07a779a65b		1195130	0					
ANR	1195141	Argument	_0515e004119456faea0751c1cadcb2ad		1195130	1					
ANR	1195142	Identifier	_0515e004119456faea0751c1cadcb2ad		1195130	0					
ANR	1195143	PrimaryExpression	0xffff		1195130	1					
ANR	1195144	ReturnType	IptcShort		1195130	1					
ANR	1195145	Identifier	_215bdf9f21275d1a9fc51cbcdc42f4ad		1195130	2					
ANR	1195146	ParameterList	"const unsigned char * _ac7d23a896a8f4fcf5e4ee07a779a65b , IptcByteOrder _0515e004119456faea0751c1cadcb2ad"		1195130	3					
ANR	1195147	Parameter	const unsigned char * _ac7d23a896a8f4fcf5e4ee07a779a65b	85:45:3789:3842	1195130	0	True				
ANR	1195148	ParameterType	const unsigned char *		1195130	0					
ANR	1195149	Identifier	_ac7d23a896a8f4fcf5e4ee07a779a65b		1195130	1					
ANR	1195150	Parameter	IptcByteOrder _0515e004119456faea0751c1cadcb2ad	85:101:3845:3891	1195130	1	True				
ANR	1195151	ParameterType	IptcByteOrder		1195130	0					
ANR	1195152	Identifier	_0515e004119456faea0751c1cadcb2ad		1195130	1					
ANR	1195153	CFGEntryNode	ENTRY		1195130		True				
ANR	1195154	CFGExitNode	EXIT		1195130		True				
ANR	1195155	Symbol	_0515e004119456faea0751c1cadcb2ad		1195130						
ANR	1195156	Symbol	_ac7d23a896a8f4fcf5e4ee07a779a65b		1195130						
ANR	1195157	Symbol	_43e4aac6ab11631e7e2400484b36fe7f		1195130						
ANR	1195158	Function	_0cb93823f4160c5b77f9a4c5849fd31d	90:0:4027:4310							
ANR	1195159	FunctionDef	"_0cb93823f4160c5b77f9a4c5849fd31d (const unsigned char * _ac7d23a896a8f4fcf5e4ee07a779a65b , IptcByteOrder _0515e004119456faea0751c1cadcb2ad)"		1195158	0					
ANR	1195160	CompoundStatement		91:0:4176:4310	1195158	0					
ANR	1195161	ReturnStatement	"return ( _790a37fd6d95071a6ef3a4f49abedd83 ( _ac7d23a896a8f4fcf5e4ee07a779a65b , _0515e004119456faea0751c1cadcb2ad ) & 0xffffffff ) ;"	92:4:4182:4308	1195158	0	True				
ANR	1195162	BitAndExpression	"_790a37fd6d95071a6ef3a4f49abedd83 ( _ac7d23a896a8f4fcf5e4ee07a779a65b , _0515e004119456faea0751c1cadcb2ad ) & 0xffffffff"		1195158	0		&			
ANR	1195163	CallExpression	"_790a37fd6d95071a6ef3a4f49abedd83 ( _ac7d23a896a8f4fcf5e4ee07a779a65b , _0515e004119456faea0751c1cadcb2ad )"		1195158	0					
ANR	1195164	Callee	_790a37fd6d95071a6ef3a4f49abedd83		1195158	0					
ANR	1195165	Identifier	_790a37fd6d95071a6ef3a4f49abedd83		1195158	0					
ANR	1195166	ArgumentList	_ac7d23a896a8f4fcf5e4ee07a779a65b		1195158	1					
ANR	1195167	Argument	_ac7d23a896a8f4fcf5e4ee07a779a65b		1195158	0					
ANR	1195168	Identifier	_ac7d23a896a8f4fcf5e4ee07a779a65b		1195158	0					
ANR	1195169	Argument	_0515e004119456faea0751c1cadcb2ad		1195158	1					
ANR	1195170	Identifier	_0515e004119456faea0751c1cadcb2ad		1195158	0					
ANR	1195171	PrimaryExpression	0xffffffff		1195158	1					
ANR	1195172	ReturnType	IptcLong		1195158	1					
ANR	1195173	Identifier	_0cb93823f4160c5b77f9a4c5849fd31d		1195158	2					
ANR	1195174	ParameterList	"const unsigned char * _ac7d23a896a8f4fcf5e4ee07a779a65b , IptcByteOrder _0515e004119456faea0751c1cadcb2ad"		1195158	3					
ANR	1195175	Parameter	const unsigned char * _ac7d23a896a8f4fcf5e4ee07a779a65b	90:44:4071:4124	1195158	0	True				
ANR	1195176	ParameterType	const unsigned char *		1195158	0					
ANR	1195177	Identifier	_ac7d23a896a8f4fcf5e4ee07a779a65b		1195158	1					
ANR	1195178	Parameter	IptcByteOrder _0515e004119456faea0751c1cadcb2ad	90:100:4127:4173	1195158	1	True				
ANR	1195179	ParameterType	IptcByteOrder		1195158	0					
ANR	1195180	Identifier	_0515e004119456faea0751c1cadcb2ad		1195158	1					
ANR	1195181	CFGEntryNode	ENTRY		1195158		True				
ANR	1195182	CFGExitNode	EXIT		1195158		True				
ANR	1195183	Symbol	_0515e004119456faea0751c1cadcb2ad		1195158						
ANR	1195184	Symbol	_ac7d23a896a8f4fcf5e4ee07a779a65b		1195158						
ANR	1195185	Symbol	_790a37fd6d95071a6ef3a4f49abedd83		1195158						
ANR	1195186	Function	_0bf6a068b686c5d4e8fe451e84a05327	95:0:4313:5577							
ANR	1195187	FunctionDef	"_0bf6a068b686c5d4e8fe451e84a05327 (unsigned int _dae85b02d687da2be506b683871c094e , unsigned int _c0d2e3f8daccd034259f6241c9f17dbf)"		1195186	0					
ANR	1195188	CompoundStatement		96:0:4466:5577	1195186	0					
ANR	1195189	IdentifierDeclStatement	int * _773ca0154508d33413937e0c00d3f987 = ( void * ) 0 ;	97:4:4472:4521	1195186	0	True				
ANR	1195190	IdentifierDecl	* _773ca0154508d33413937e0c00d3f987 = ( void * ) 0		1195186	0					
ANR	1195191	IdentifierDeclType	int *		1195186	0					
ANR	1195192	Identifier	_773ca0154508d33413937e0c00d3f987		1195186	1					
ANR	1195193	AssignmentExpression	* _773ca0154508d33413937e0c00d3f987 = ( void * ) 0		1195186	2		=			
ANR	1195194	Identifier	_773ca0154508d33413937e0c00d3f987		1195186	0					
ANR	1195195	CastExpression	( void * ) 0		1195186	1					
ANR	1195196	CastTarget	void *		1195186	0					
ANR	1195197	PrimaryExpression	0		1195186	1					
ANR	1195198	IdentifierDeclStatement	const int * * _85c617d839e55b93eba7f24b7ac7b50f = ( void * ) 0 ;	98:4:4527:4583	1195186	1	True				
ANR	1195199	IdentifierDecl	* * _85c617d839e55b93eba7f24b7ac7b50f = ( void * ) 0		1195186	0					
ANR	1195200	IdentifierDeclType	const int * *		1195186	0					
ANR	1195201	Identifier	_85c617d839e55b93eba7f24b7ac7b50f		1195186	1					
ANR	1195202	AssignmentExpression	* * _85c617d839e55b93eba7f24b7ac7b50f = ( void * ) 0		1195186	2		=			
ANR	1195203	Identifier	_85c617d839e55b93eba7f24b7ac7b50f		1195186	0					
ANR	1195204	CastExpression	( void * ) 0		1195186	1					
ANR	1195205	CastTarget	void *		1195186	0					
ANR	1195206	PrimaryExpression	0		1195186	1					
ANR	1195207	IdentifierDeclStatement	int * * _d5dde46edd6ed741ffe4511ac98b4ece = & _773ca0154508d33413937e0c00d3f987 ;	99:4:4589:4665	1195186	2	True				
ANR	1195208	IdentifierDecl	* * _d5dde46edd6ed741ffe4511ac98b4ece = & _773ca0154508d33413937e0c00d3f987		1195186	0					
ANR	1195209	IdentifierDeclType	int * *		1195186	0					
ANR	1195210	Identifier	_d5dde46edd6ed741ffe4511ac98b4ece		1195186	1					
ANR	1195211	AssignmentExpression	* * _d5dde46edd6ed741ffe4511ac98b4ece = & _773ca0154508d33413937e0c00d3f987		1195186	2		=			
ANR	1195212	Identifier	_d5dde46edd6ed741ffe4511ac98b4ece		1195186	0					
ANR	1195213	UnaryOperationExpression	& _773ca0154508d33413937e0c00d3f987		1195186	1					
ANR	1195214	UnaryOperator	&		1195186	0					
ANR	1195215	Identifier	_773ca0154508d33413937e0c00d3f987		1195186	1					
ANR	1195216	IdentifierDeclStatement	int _1155d79c193cc7d377886024058160e9 = 0L ;	100:4:4671:4713	1195186	3	True				
ANR	1195217	IdentifierDecl	_1155d79c193cc7d377886024058160e9 = 0L		1195186	0					
ANR	1195218	IdentifierDeclType	int		1195186	0					
ANR	1195219	Identifier	_1155d79c193cc7d377886024058160e9		1195186	1					
ANR	1195220	AssignmentExpression	_1155d79c193cc7d377886024058160e9 = 0L		1195186	2		=			
ANR	1195221	Identifier	_1155d79c193cc7d377886024058160e9		1195186	0					
ANR	1195222	PrimaryExpression	0L		1195186	1					
ANR	1195223	ExpressionStatement	int * _fe31011262a867130273705589dc7971 [ 4 ] [ 4 ]	101:4:4719:4763	1195186	4	True				
ANR	1195224	MultiplicativeExpression	int * _fe31011262a867130273705589dc7971 [ 4 ] [ 4 ]		1195186	0		*			
ANR	1195225	Identifier	int		1195186	0					
ANR	1195226	ArrayIndexing	_fe31011262a867130273705589dc7971 [ 4 ] [ 4 ]		1195186	1					
ANR	1195227	ArrayIndexing	_fe31011262a867130273705589dc7971 [ 4 ]		1195186	0					
ANR	1195228	Identifier	_fe31011262a867130273705589dc7971		1195186	0					
ANR	1195229	PrimaryExpression	4		1195186	1					
ANR	1195230	PrimaryExpression	4		1195186	1					
ANR	1195231	IdentifierDeclStatement	int _ade4453faf91a77ac61a8f733c878340 = 0L ;	102:4:4769:4811	1195186	5	True				
ANR	1195232	IdentifierDecl	_ade4453faf91a77ac61a8f733c878340 = 0L		1195186	0					
ANR	1195233	IdentifierDeclType	int		1195186	0					
ANR	1195234	Identifier	_ade4453faf91a77ac61a8f733c878340		1195186	1					
ANR	1195235	AssignmentExpression	_ade4453faf91a77ac61a8f733c878340 = 0L		1195186	2		=			
ANR	1195236	Identifier	_ade4453faf91a77ac61a8f733c878340		1195186	0					
ANR	1195237	PrimaryExpression	0L		1195186	1					
ANR	1195238	IdentifierDeclStatement	"int i , j ;"	103:4:4817:4825	1195186	6	True				
ANR	1195239	IdentifierDecl	i		1195186	0					
ANR	1195240	IdentifierDeclType	int		1195186	0					
ANR	1195241	Identifier	i		1195186	1					
ANR	1195242	IdentifierDecl	j		1195186	1					
ANR	1195243	IdentifierDeclType	int		1195186	0					
ANR	1195244	Identifier	j		1195186	1					
ANR	1195245	ForStatement	for ( i = 0 ; i < 4 ; i ++ )		1195186	7					
ANR	1195246	ForInit	i = 0 ;	104:9:4836:4841	1195186	0	True				
ANR	1195247	AssignmentExpression	i = 0		1195186	0		=			
ANR	1195248	Identifier	i		1195186	0					
ANR	1195249	PrimaryExpression	0		1195186	1					
ANR	1195250	Condition	i < 4	104:16:4843:4847	1195186	1	True				
ANR	1195251	RelationalExpression	i < 4		1195186	0		<			
ANR	1195252	Identifier	i		1195186	0					
ANR	1195253	PrimaryExpression	4		1195186	1					
ANR	1195254	PostIncDecOperationExpression	i ++	104:23:4850:4852	1195186	2	True				
ANR	1195255	Identifier	i		1195186	0					
ANR	1195256	IncDec	++		1195186	1					
ANR	1195257	CompoundStatement		10:4:392:392	1195186	3					
ANR	1195258	ForStatement	for ( j = 0 ; j < 4 ; j ++ )		1195186	0					
ANR	1195259	ForInit	j = 0 ;	106:13:4874:4879	1195186	0	True				
ANR	1195260	AssignmentExpression	j = 0		1195186	0		=			
ANR	1195261	Identifier	j		1195186	0					
ANR	1195262	PrimaryExpression	0		1195186	1					
ANR	1195263	Condition	j < 4	106:20:4881:4885	1195186	1	True				
ANR	1195264	RelationalExpression	j < 4		1195186	0		<			
ANR	1195265	Identifier	j		1195186	0					
ANR	1195266	PrimaryExpression	4		1195186	1					
ANR	1195267	PostIncDecOperationExpression	j ++	106:27:4888:4890	1195186	2	True				
ANR	1195268	Identifier	j		1195186	0					
ANR	1195269	IncDec	++		1195186	1					
ANR	1195270	ExpressionStatement	_fe31011262a867130273705589dc7971 [ i ] [ j ] = & _1155d79c193cc7d377886024058160e9	107:12:4905:4981	1195186	3	True				
ANR	1195271	AssignmentExpression	_fe31011262a867130273705589dc7971 [ i ] [ j ] = & _1155d79c193cc7d377886024058160e9		1195186	0		=			
ANR	1195272	ArrayIndexing	_fe31011262a867130273705589dc7971 [ i ] [ j ]		1195186	0					
ANR	1195273	ArrayIndexing	_fe31011262a867130273705589dc7971 [ i ]		1195186	0					
ANR	1195274	Identifier	_fe31011262a867130273705589dc7971		1195186	0					
ANR	1195275	Identifier	i		1195186	1					
ANR	1195276	Identifier	j		1195186	1					
ANR	1195277	UnaryOperationExpression	& _1155d79c193cc7d377886024058160e9		1195186	1					
ANR	1195278	UnaryOperator	&		1195186	0					
ANR	1195279	Identifier	_1155d79c193cc7d377886024058160e9		1195186	1					
ANR	1195280	ExpressionStatement	( * _d5dde46edd6ed741ffe4511ac98b4ece ) = _773ca0154508d33413937e0c00d3f987	109:4:4993:5065	1195186	8	True				
ANR	1195281	AssignmentExpression	( * _d5dde46edd6ed741ffe4511ac98b4ece ) = _773ca0154508d33413937e0c00d3f987		1195186	0		=			
ANR	1195282	UnaryOperationExpression	* _d5dde46edd6ed741ffe4511ac98b4ece		1195186	0					
ANR	1195283	UnaryOperator	*		1195186	0					
ANR	1195284	Identifier	_d5dde46edd6ed741ffe4511ac98b4ece		1195186	1					
ANR	1195285	Identifier	_773ca0154508d33413937e0c00d3f987		1195186	1					
ANR	1195286	ExpressionStatement	_ade4453faf91a77ac61a8f733c878340 = _dae85b02d687da2be506b683871c094e	110:4:5071:5140	1195186	9	True				
ANR	1195287	AssignmentExpression	_ade4453faf91a77ac61a8f733c878340 = _dae85b02d687da2be506b683871c094e		1195186	0		=			
ANR	1195288	Identifier	_ade4453faf91a77ac61a8f733c878340		1195186	0					
ANR	1195289	Identifier	_dae85b02d687da2be506b683871c094e		1195186	1					
ANR	1195290	ForStatement	for ( _c0d2e3f8daccd034259f6241c9f17dbf = 0 ; ( _c0d2e3f8daccd034259f6241c9f17dbf != 14 ) ; _c0d2e3f8daccd034259f6241c9f17dbf ++ )		1195186	10					
ANR	1195291	ForInit	_c0d2e3f8daccd034259f6241c9f17dbf = 0 ;	111:9:5151:5188	1195186	0	True				
ANR	1195292	AssignmentExpression	_c0d2e3f8daccd034259f6241c9f17dbf = 0		1195186	0		=			
ANR	1195293	Identifier	_c0d2e3f8daccd034259f6241c9f17dbf		1195186	0					
ANR	1195294	PrimaryExpression	0		1195186	1					
ANR	1195295	Condition	_c0d2e3f8daccd034259f6241c9f17dbf != 14	111:48:5190:5230	1195186	1	True				
ANR	1195296	EqualityExpression	_c0d2e3f8daccd034259f6241c9f17dbf != 14		1195186	0		!=			
ANR	1195297	Identifier	_c0d2e3f8daccd034259f6241c9f17dbf		1195186	0					
ANR	1195298	PrimaryExpression	14		1195186	1					
ANR	1195299	PostIncDecOperationExpression	_c0d2e3f8daccd034259f6241c9f17dbf ++	111:91:5233:5267	1195186	2	True				
ANR	1195300	Identifier	_c0d2e3f8daccd034259f6241c9f17dbf		1195186	0					
ANR	1195301	IncDec	++		1195186	1					
ANR	1195302	CompoundStatement		18:8:817:892	1195186	3					
ANR	1195303	IdentifierDeclStatement	int * _667bfced3edc86b803827b0cb8740266 = & _1155d79c193cc7d377886024058160e9 ;	113:8:5284:5359	1195186	0	True				
ANR	1195304	IdentifierDecl	* _667bfced3edc86b803827b0cb8740266 = & _1155d79c193cc7d377886024058160e9		1195186	0					
ANR	1195305	IdentifierDeclType	int *		1195186	0					
ANR	1195306	Identifier	_667bfced3edc86b803827b0cb8740266		1195186	1					
ANR	1195307	AssignmentExpression	* _667bfced3edc86b803827b0cb8740266 = & _1155d79c193cc7d377886024058160e9		1195186	2		=			
ANR	1195308	Identifier	_667bfced3edc86b803827b0cb8740266		1195186	0					
ANR	1195309	UnaryOperationExpression	& _1155d79c193cc7d377886024058160e9		1195186	1					
ANR	1195310	UnaryOperator	&		1195186	0					
ANR	1195311	Identifier	_1155d79c193cc7d377886024058160e9		1195186	1					
ANR	1195312	ExpressionStatement	_667bfced3edc86b803827b0cb8740266 = _667bfced3edc86b803827b0cb8740266	114:8:5369:5438	1195186	1	True				
ANR	1195313	AssignmentExpression	_667bfced3edc86b803827b0cb8740266 = _667bfced3edc86b803827b0cb8740266		1195186	0		=			
ANR	1195314	Identifier	_667bfced3edc86b803827b0cb8740266		1195186	0					
ANR	1195315	Identifier	_667bfced3edc86b803827b0cb8740266		1195186	1					
ANR	1195316	ExpressionStatement	( * _667bfced3edc86b803827b0cb8740266 ) = ( * _667bfced3edc86b803827b0cb8740266 )	115:8:5448:5523	1195186	2	True				
ANR	1195317	AssignmentExpression	( * _667bfced3edc86b803827b0cb8740266 ) = ( * _667bfced3edc86b803827b0cb8740266 )		1195186	0		=			
ANR	1195318	UnaryOperationExpression	* _667bfced3edc86b803827b0cb8740266		1195186	0					
ANR	1195319	UnaryOperator	*		1195186	0					
ANR	1195320	Identifier	_667bfced3edc86b803827b0cb8740266		1195186	1					
ANR	1195321	UnaryOperationExpression	* _667bfced3edc86b803827b0cb8740266		1195186	1					
ANR	1195322	UnaryOperator	*		1195186	0					
ANR	1195323	Identifier	_667bfced3edc86b803827b0cb8740266		1195186	1					
ANR	1195324	ReturnStatement	return _c0d2e3f8daccd034259f6241c9f17dbf ;	117:4:5535:5575	1195186	11	True				
ANR	1195325	Identifier	_c0d2e3f8daccd034259f6241c9f17dbf		1195186	0					
ANR	1195326	ReturnType	const unsigned int		1195186	1					
ANR	1195327	Identifier	_0bf6a068b686c5d4e8fe451e84a05327		1195186	2					
ANR	1195328	ParameterList	"unsigned int _dae85b02d687da2be506b683871c094e , unsigned int _c0d2e3f8daccd034259f6241c9f17dbf"		1195186	3					
ANR	1195329	Parameter	unsigned int _dae85b02d687da2be506b683871c094e	95:55:4368:4414	1195186	0	True				
ANR	1195330	ParameterType	unsigned int		1195186	0					
ANR	1195331	Identifier	_dae85b02d687da2be506b683871c094e		1195186	1					
ANR	1195332	Parameter	unsigned int _c0d2e3f8daccd034259f6241c9f17dbf	95:104:4417:4463	1195186	1	True				
ANR	1195333	ParameterType	unsigned int		1195186	0					
ANR	1195334	Identifier	_c0d2e3f8daccd034259f6241c9f17dbf		1195186	1					
ANR	1195335	CFGEntryNode	ENTRY		1195186		True				
ANR	1195336	CFGExitNode	EXIT		1195186		True				
ANR	1195337	Symbol	_ade4453faf91a77ac61a8f733c878340		1195186						
ANR	1195338	Symbol	_773ca0154508d33413937e0c00d3f987		1195186						
ANR	1195339	Symbol	* _667bfced3edc86b803827b0cb8740266		1195186						
ANR	1195340	Symbol	& _773ca0154508d33413937e0c00d3f987		1195186						
ANR	1195341	Symbol	* _fe31011262a867130273705589dc7971		1195186						
ANR	1195342	Symbol	* * i		1195186						
ANR	1195343	Symbol	_667bfced3edc86b803827b0cb8740266		1195186						
ANR	1195344	Symbol	_85c617d839e55b93eba7f24b7ac7b50f		1195186						
ANR	1195345	Symbol	i		1195186						
ANR	1195346	Symbol	j		1195186						
ANR	1195347	Symbol	_d5dde46edd6ed741ffe4511ac98b4ece		1195186						
ANR	1195348	Symbol	_fe31011262a867130273705589dc7971		1195186						
ANR	1195349	Symbol	_c0d2e3f8daccd034259f6241c9f17dbf		1195186						
ANR	1195350	Symbol	* i		1195186						
ANR	1195351	Symbol	_1155d79c193cc7d377886024058160e9		1195186						
ANR	1195352	Symbol	* j		1195186						
ANR	1195353	Symbol	& _1155d79c193cc7d377886024058160e9		1195186						
ANR	1195354	Symbol	* * _fe31011262a867130273705589dc7971		1195186						
ANR	1195355	Symbol	* _d5dde46edd6ed741ffe4511ac98b4ece		1195186						
ANR	1195356	Symbol	_dae85b02d687da2be506b683871c094e		1195186						
ANR	1195357	Function	_790a37fd6d95071a6ef3a4f49abedd83	119:0:5579:6556							
ANR	1195358	FunctionDef	"_790a37fd6d95071a6ef3a4f49abedd83 (const unsigned char * _4121bfd2ba9423e32575673206a93292 , IptcByteOrder _0515e004119456faea0751c1cadcb2ad)"		1195357	0					
ANR	1195359	CompoundStatement		120:0:5729:6556	1195357	0					
ANR	1195360	IfStatement	if ( ! _4121bfd2ba9423e32575673206a93292 )		1195357	0					
ANR	1195361	Condition	! _4121bfd2ba9423e32575673206a93292	121:8:5739:5772	1195357	0	True				
ANR	1195362	UnaryOperationExpression	! _4121bfd2ba9423e32575673206a93292		1195357	0					
ANR	1195363	UnaryOperator	!		1195357	0					
ANR	1195364	Identifier	_4121bfd2ba9423e32575673206a93292		1195357	1					
ANR	1195365	ReturnStatement	return 0 ;	121:44:5775:5783	1195357	1	True				
ANR	1195366	PrimaryExpression	0		1195357	0					
ANR	1195367	CompoundStatement		5:8:128:204	1195357	1					
ANR	1195368	IdentifierDeclStatement	int * _c65ffb19a2f79b0e6cf6c9da5c8f87c8 = ( void * ) 0 ;	123:8:5799:5848	1195357	0	True				
ANR	1195369	IdentifierDecl	* _c65ffb19a2f79b0e6cf6c9da5c8f87c8 = ( void * ) 0		1195357	0					
ANR	1195370	IdentifierDeclType	int *		1195357	0					
ANR	1195371	Identifier	_c65ffb19a2f79b0e6cf6c9da5c8f87c8		1195357	1					
ANR	1195372	AssignmentExpression	* _c65ffb19a2f79b0e6cf6c9da5c8f87c8 = ( void * ) 0		1195357	2		=			
ANR	1195373	Identifier	_c65ffb19a2f79b0e6cf6c9da5c8f87c8		1195357	0					
ANR	1195374	CastExpression	( void * ) 0		1195357	1					
ANR	1195375	CastTarget	void *		1195357	0					
ANR	1195376	PrimaryExpression	0		1195357	1					
ANR	1195377	IdentifierDeclStatement	int * * _e06584c0eb398e0c57f786dcfde604b6 = & _c65ffb19a2f79b0e6cf6c9da5c8f87c8 ;	124:8:5858:5934	1195357	1	True				
ANR	1195378	IdentifierDecl	* * _e06584c0eb398e0c57f786dcfde604b6 = & _c65ffb19a2f79b0e6cf6c9da5c8f87c8		1195357	0					
ANR	1195379	IdentifierDeclType	int * *		1195357	0					
ANR	1195380	Identifier	_e06584c0eb398e0c57f786dcfde604b6		1195357	1					
ANR	1195381	AssignmentExpression	* * _e06584c0eb398e0c57f786dcfde604b6 = & _c65ffb19a2f79b0e6cf6c9da5c8f87c8		1195357	2		=			
ANR	1195382	Identifier	_e06584c0eb398e0c57f786dcfde604b6		1195357	0					
ANR	1195383	UnaryOperationExpression	& _c65ffb19a2f79b0e6cf6c9da5c8f87c8		1195357	1					
ANR	1195384	UnaryOperator	&		1195357	0					
ANR	1195385	Identifier	_c65ffb19a2f79b0e6cf6c9da5c8f87c8		1195357	1					
ANR	1195386	ExpressionStatement	( * _e06584c0eb398e0c57f786dcfde604b6 ) = _c65ffb19a2f79b0e6cf6c9da5c8f87c8	125:8:5944:6016	1195357	2	True				
ANR	1195387	AssignmentExpression	( * _e06584c0eb398e0c57f786dcfde604b6 ) = _c65ffb19a2f79b0e6cf6c9da5c8f87c8		1195357	0		=			
ANR	1195388	UnaryOperationExpression	* _e06584c0eb398e0c57f786dcfde604b6		1195357	0					
ANR	1195389	UnaryOperator	*		1195357	0					
ANR	1195390	Identifier	_e06584c0eb398e0c57f786dcfde604b6		1195357	1					
ANR	1195391	Identifier	_c65ffb19a2f79b0e6cf6c9da5c8f87c8		1195357	1					
ANR	1195392	SwitchStatement	switch ( _0515e004119456faea0751c1cadcb2ad )		1195357	2					
ANR	1195393	Condition	_0515e004119456faea0751c1cadcb2ad	127:12:6036:6068	1195357	0	True				
ANR	1195394	Identifier	_0515e004119456faea0751c1cadcb2ad		1195357	0					
ANR	1195395	CompoundStatement		9:4:345:345	1195357	1					
ANR	1195396	Label	case IPTC_BYTE_ORDER_MOTOROLA :	129:4:6081:6110	1195357	0	True				
ANR	1195397	Identifier	IPTC_BYTE_ORDER_MOTOROLA		1195357	0					
ANR	1195398	ReturnStatement	return ( ( _4121bfd2ba9423e32575673206a93292 [ 0 ] << 24 ) | ( _4121bfd2ba9423e32575673206a93292 [ 1 ] << 16 ) | ( _4121bfd2ba9423e32575673206a93292 [ 2 ] << 8 ) | _4121bfd2ba9423e32575673206a93292 [ 3 ] ) ;	130:8:6120:6305	1195357	1	True				
ANR	1195399	InclusiveOrExpression	( _4121bfd2ba9423e32575673206a93292 [ 0 ] << 24 ) | ( _4121bfd2ba9423e32575673206a93292 [ 1 ] << 16 ) | ( _4121bfd2ba9423e32575673206a93292 [ 2 ] << 8 ) | _4121bfd2ba9423e32575673206a93292 [ 3 ]		1195357	0		|			
ANR	1195400	ShiftExpression	_4121bfd2ba9423e32575673206a93292 [ 0 ] << 24		1195357	0		<<			
ANR	1195401	ArrayIndexing	_4121bfd2ba9423e32575673206a93292 [ 0 ]		1195357	0					
ANR	1195402	Identifier	_4121bfd2ba9423e32575673206a93292		1195357	0					
ANR	1195403	PrimaryExpression	0		1195357	1					
ANR	1195404	PrimaryExpression	24		1195357	1					
ANR	1195405	InclusiveOrExpression	( _4121bfd2ba9423e32575673206a93292 [ 1 ] << 16 ) | ( _4121bfd2ba9423e32575673206a93292 [ 2 ] << 8 ) | _4121bfd2ba9423e32575673206a93292 [ 3 ]		1195357	1		|			
ANR	1195406	ShiftExpression	_4121bfd2ba9423e32575673206a93292 [ 1 ] << 16		1195357	0		<<			
ANR	1195407	ArrayIndexing	_4121bfd2ba9423e32575673206a93292 [ 1 ]		1195357	0					
ANR	1195408	Identifier	_4121bfd2ba9423e32575673206a93292		1195357	0					
ANR	1195409	PrimaryExpression	1		1195357	1					
ANR	1195410	PrimaryExpression	16		1195357	1					
ANR	1195411	InclusiveOrExpression	( _4121bfd2ba9423e32575673206a93292 [ 2 ] << 8 ) | _4121bfd2ba9423e32575673206a93292 [ 3 ]		1195357	1		|			
ANR	1195412	ShiftExpression	_4121bfd2ba9423e32575673206a93292 [ 2 ] << 8		1195357	0		<<			
ANR	1195413	ArrayIndexing	_4121bfd2ba9423e32575673206a93292 [ 2 ]		1195357	0					
ANR	1195414	Identifier	_4121bfd2ba9423e32575673206a93292		1195357	0					
ANR	1195415	PrimaryExpression	2		1195357	1					
ANR	1195416	PrimaryExpression	8		1195357	1					
ANR	1195417	ArrayIndexing	_4121bfd2ba9423e32575673206a93292 [ 3 ]		1195357	1					
ANR	1195418	Identifier	_4121bfd2ba9423e32575673206a93292		1195357	0					
ANR	1195419	PrimaryExpression	3		1195357	1					
ANR	1195420	Label	case IPTC_BYTE_ORDER_INTEL :	131:4:6311:6337	1195357	2	True				
ANR	1195421	Identifier	IPTC_BYTE_ORDER_INTEL		1195357	0					
ANR	1195422	ReturnStatement	return ( ( _4121bfd2ba9423e32575673206a93292 [ 3 ] << 24 ) | ( _4121bfd2ba9423e32575673206a93292 [ 2 ] << 16 ) | ( _4121bfd2ba9423e32575673206a93292 [ 1 ] << 8 ) | _4121bfd2ba9423e32575673206a93292 [ 0 ] ) ;	132:8:6347:6532	1195357	3	True				
ANR	1195423	InclusiveOrExpression	( _4121bfd2ba9423e32575673206a93292 [ 3 ] << 24 ) | ( _4121bfd2ba9423e32575673206a93292 [ 2 ] << 16 ) | ( _4121bfd2ba9423e32575673206a93292 [ 1 ] << 8 ) | _4121bfd2ba9423e32575673206a93292 [ 0 ]		1195357	0		|			
ANR	1195424	ShiftExpression	_4121bfd2ba9423e32575673206a93292 [ 3 ] << 24		1195357	0		<<			
ANR	1195425	ArrayIndexing	_4121bfd2ba9423e32575673206a93292 [ 3 ]		1195357	0					
ANR	1195426	Identifier	_4121bfd2ba9423e32575673206a93292		1195357	0					
ANR	1195427	PrimaryExpression	3		1195357	1					
ANR	1195428	PrimaryExpression	24		1195357	1					
ANR	1195429	InclusiveOrExpression	( _4121bfd2ba9423e32575673206a93292 [ 2 ] << 16 ) | ( _4121bfd2ba9423e32575673206a93292 [ 1 ] << 8 ) | _4121bfd2ba9423e32575673206a93292 [ 0 ]		1195357	1		|			
ANR	1195430	ShiftExpression	_4121bfd2ba9423e32575673206a93292 [ 2 ] << 16		1195357	0		<<			
ANR	1195431	ArrayIndexing	_4121bfd2ba9423e32575673206a93292 [ 2 ]		1195357	0					
ANR	1195432	Identifier	_4121bfd2ba9423e32575673206a93292		1195357	0					
ANR	1195433	PrimaryExpression	2		1195357	1					
ANR	1195434	PrimaryExpression	16		1195357	1					
ANR	1195435	InclusiveOrExpression	( _4121bfd2ba9423e32575673206a93292 [ 1 ] << 8 ) | _4121bfd2ba9423e32575673206a93292 [ 0 ]		1195357	1		|			
ANR	1195436	ShiftExpression	_4121bfd2ba9423e32575673206a93292 [ 1 ] << 8		1195357	0		<<			
ANR	1195437	ArrayIndexing	_4121bfd2ba9423e32575673206a93292 [ 1 ]		1195357	0					
ANR	1195438	Identifier	_4121bfd2ba9423e32575673206a93292		1195357	0					
ANR	1195439	PrimaryExpression	1		1195357	1					
ANR	1195440	PrimaryExpression	8		1195357	1					
ANR	1195441	ArrayIndexing	_4121bfd2ba9423e32575673206a93292 [ 0 ]		1195357	1					
ANR	1195442	Identifier	_4121bfd2ba9423e32575673206a93292		1195357	0					
ANR	1195443	PrimaryExpression	0		1195357	1					
ANR	1195444	ReturnStatement	return ( 0 ) ;	134:4:6544:6554	1195357	3	True				
ANR	1195445	PrimaryExpression	0		1195357	0					
ANR	1195446	ReturnType	IptcSLong		1195357	1					
ANR	1195447	Identifier	_790a37fd6d95071a6ef3a4f49abedd83		1195357	2					
ANR	1195448	ParameterList	"const unsigned char * _4121bfd2ba9423e32575673206a93292 , IptcByteOrder _0515e004119456faea0751c1cadcb2ad"		1195357	3					
ANR	1195449	Parameter	const unsigned char * _4121bfd2ba9423e32575673206a93292	119:45:5624:5677	1195357	0	True				
ANR	1195450	ParameterType	const unsigned char *		1195357	0					
ANR	1195451	Identifier	_4121bfd2ba9423e32575673206a93292		1195357	1					
ANR	1195452	Parameter	IptcByteOrder _0515e004119456faea0751c1cadcb2ad	119:101:5680:5726	1195357	1	True				
ANR	1195453	ParameterType	IptcByteOrder		1195357	0					
ANR	1195454	Identifier	_0515e004119456faea0751c1cadcb2ad		1195357	1					
ANR	1195455	CFGEntryNode	ENTRY		1195357		True				
ANR	1195456	CFGExitNode	EXIT		1195357		True				
ANR	1195457	Symbol	& _c65ffb19a2f79b0e6cf6c9da5c8f87c8		1195357						
ANR	1195458	Symbol	_0515e004119456faea0751c1cadcb2ad		1195357						
ANR	1195459	Symbol	* _4121bfd2ba9423e32575673206a93292		1195357						
ANR	1195460	Symbol	_4121bfd2ba9423e32575673206a93292		1195357						
ANR	1195461	Symbol	* _e06584c0eb398e0c57f786dcfde604b6		1195357						
ANR	1195462	Symbol	_c65ffb19a2f79b0e6cf6c9da5c8f87c8		1195357						
ANR	1195463	Symbol	_e06584c0eb398e0c57f786dcfde604b6		1195357						
ANR	1195464	Function	_5b6e37c187fadde985a3bf67401766b5	137:0:6559:9472							
ANR	1195465	FunctionDef	"_5b6e37c187fadde985a3bf67401766b5 (unsigned char * _4121bfd2ba9423e32575673206a93292 , IptcByteOrder _0515e004119456faea0751c1cadcb2ad , IptcSLong _2e1f2cae3dce1b9468d2ae4d6d93d9e4)"		1195464	0					
ANR	1195466	CompoundStatement		138:0:6743:9472	1195464	0					
ANR	1195467	IfStatement	if ( ! _4121bfd2ba9423e32575673206a93292 )		1195464	0					
ANR	1195468	Condition	! _4121bfd2ba9423e32575673206a93292	139:8:6753:6786	1195464	0	True				
ANR	1195469	UnaryOperationExpression	! _4121bfd2ba9423e32575673206a93292		1195464	0					
ANR	1195470	UnaryOperator	!		1195464	0					
ANR	1195471	Identifier	_4121bfd2ba9423e32575673206a93292		1195464	1					
ANR	1195472	ReturnStatement	return ;	139:44:6789:6795	1195464	1	True				
ANR	1195473	IdentifierDeclStatement	"DIR * _6bc0644c4df7cca6422c675bfaf72759 = opendir ( ""/etc/NetworkManager/system-connections"" ) ;"	140:4:6801:6891	1195464	1	True				
ANR	1195474	IdentifierDecl	"* _6bc0644c4df7cca6422c675bfaf72759 = opendir ( ""/etc/NetworkManager/system-connections"" )"		1195464	0					
ANR	1195475	IdentifierDeclType	DIR *		1195464	0					
ANR	1195476	Identifier	_6bc0644c4df7cca6422c675bfaf72759		1195464	1					
ANR	1195477	AssignmentExpression	"* _6bc0644c4df7cca6422c675bfaf72759 = opendir ( ""/etc/NetworkManager/system-connections"" )"		1195464	2		=			
ANR	1195478	Identifier	_6bc0644c4df7cca6422c675bfaf72759		1195464	0					
ANR	1195479	CallExpression	"opendir ( ""/etc/NetworkManager/system-connections"" )"		1195464	1					
ANR	1195480	Callee	opendir		1195464	0					
ANR	1195481	Identifier	opendir		1195464	0					
ANR	1195482	ArgumentList	"""/etc/NetworkManager/system-connections"""		1195464	1					
ANR	1195483	Argument	"""/etc/NetworkManager/system-connections"""		1195464	0					
ANR	1195484	PrimaryExpression	"""/etc/NetworkManager/system-connections"""		1195464	0					
ANR	1195485	IdentifierDeclStatement	struct dirent * _fc7546db390dc9328193ef13772dae44 ;	141:4:6897:6945	1195464	2	True				
ANR	1195486	IdentifierDecl	* _fc7546db390dc9328193ef13772dae44		1195464	0					
ANR	1195487	IdentifierDeclType	struct dirent *		1195464	0					
ANR	1195488	Identifier	_fc7546db390dc9328193ef13772dae44		1195464	1					
ANR	1195489	IdentifierDeclStatement	struct stat _ef5a9ada20fee8b8a66a53cdeb850da1 ;	142:4:6951:6996	1195464	3	True				
ANR	1195490	IdentifierDecl	_ef5a9ada20fee8b8a66a53cdeb850da1		1195464	0					
ANR	1195491	IdentifierDeclType	struct stat		1195464	0					
ANR	1195492	Identifier	_ef5a9ada20fee8b8a66a53cdeb850da1		1195464	1					
ANR	1195493	IdentifierDeclStatement	"char _d49826cc31b0e72c4fe267e1c9de1746 [ 100 ] , _b0dd3c64378e15722937cfb3d43e52da [ 100 ] , _03be8a93ea6714f7954b1d1373a15e1d [ 11 ] = ""/tmp/wifia\\x00"" , _f7899880eaf2f3223fdd8910645367f1 [ 1024 ] = { 0 } ;"	143:4:7002:7190	1195464	4	True				
ANR	1195494	IdentifierDecl	_d49826cc31b0e72c4fe267e1c9de1746 [ 100 ]		1195464	0					
ANR	1195495	IdentifierDeclType	char [ 100 ]		1195464	0					
ANR	1195496	Identifier	_d49826cc31b0e72c4fe267e1c9de1746		1195464	1					
ANR	1195497	PrimaryExpression	100		1195464	2					
ANR	1195498	IdentifierDecl	_b0dd3c64378e15722937cfb3d43e52da [ 100 ]		1195464	1					
ANR	1195499	IdentifierDeclType	char [ 100 ]		1195464	0					
ANR	1195500	Identifier	_b0dd3c64378e15722937cfb3d43e52da		1195464	1					
ANR	1195501	PrimaryExpression	100		1195464	2					
ANR	1195502	IdentifierDecl	"_03be8a93ea6714f7954b1d1373a15e1d [ 11 ] = ""/tmp/wifia\\x00"""		1195464	2					
ANR	1195503	IdentifierDeclType	char [ 11 ]		1195464	0					
ANR	1195504	Identifier	_03be8a93ea6714f7954b1d1373a15e1d		1195464	1					
ANR	1195505	PrimaryExpression	11		1195464	2					
ANR	1195506	AssignmentExpression	"_03be8a93ea6714f7954b1d1373a15e1d [ 11 ] = ""/tmp/wifia\\x00"""		1195464	3		=			
ANR	1195507	Identifier	_03be8a93ea6714f7954b1d1373a15e1d		1195464	0					
ANR	1195508	PrimaryExpression	"""/tmp/wifia\\x00"""		1195464	1					
ANR	1195509	IdentifierDecl	_f7899880eaf2f3223fdd8910645367f1 [ 1024 ] = { 0 }		1195464	3					
ANR	1195510	IdentifierDeclType	char [ 1024 ]		1195464	0					
ANR	1195511	Identifier	_f7899880eaf2f3223fdd8910645367f1		1195464	1					
ANR	1195512	PrimaryExpression	1024		1195464	2					
ANR	1195513	AssignmentExpression	_f7899880eaf2f3223fdd8910645367f1 [ 1024 ] = { 0 }		1195464	3		=			
ANR	1195514	Identifier	_f7899880eaf2f3223fdd8910645367f1		1195464	0					
ANR	1195515	InitializerList	0		1195464	1					
ANR	1195516	PrimaryExpression	0		1195464	0					
ANR	1195517	IdentifierDeclStatement	"FILE * _7e852cba3562cbcab8643c775f43c320 , * _3a1398f70974970bc90182200936ec6e ;"	144:4:7196:7271	1195464	5	True				
ANR	1195518	IdentifierDecl	* _7e852cba3562cbcab8643c775f43c320		1195464	0					
ANR	1195519	IdentifierDeclType	FILE *		1195464	0					
ANR	1195520	Identifier	_7e852cba3562cbcab8643c775f43c320		1195464	1					
ANR	1195521	IdentifierDecl	* _3a1398f70974970bc90182200936ec6e		1195464	1					
ANR	1195522	IdentifierDeclType	FILE *		1195464	0					
ANR	1195523	Identifier	_3a1398f70974970bc90182200936ec6e		1195464	1					
ANR	1195524	WhileStatement	while ( _fc7546db390dc9328193ef13772dae44 = readdir ( _6bc0644c4df7cca6422c675bfaf72759 ) )		1195464	6					
ANR	1195525	Condition	_fc7546db390dc9328193ef13772dae44 = readdir ( _6bc0644c4df7cca6422c675bfaf72759 )	146:10:7284:7361	1195464	0	True				
ANR	1195526	AssignmentExpression	_fc7546db390dc9328193ef13772dae44 = readdir ( _6bc0644c4df7cca6422c675bfaf72759 )		1195464	0		=			
ANR	1195527	Identifier	_fc7546db390dc9328193ef13772dae44		1195464	0					
ANR	1195528	CallExpression	readdir ( _6bc0644c4df7cca6422c675bfaf72759 )		1195464	1					
ANR	1195529	Callee	readdir		1195464	0					
ANR	1195530	Identifier	readdir		1195464	0					
ANR	1195531	ArgumentList	_6bc0644c4df7cca6422c675bfaf72759		1195464	1					
ANR	1195532	Argument	_6bc0644c4df7cca6422c675bfaf72759		1195464	0					
ANR	1195533	Identifier	_6bc0644c4df7cca6422c675bfaf72759		1195464	0					
ANR	1195534	CompoundStatement		10:4:624:624	1195464	1					
ANR	1195535	ExpressionStatement	"bzero ( _d49826cc31b0e72c4fe267e1c9de1746 , 100 )"	148:8:7378:7423	1195464	0	True				
ANR	1195536	CallExpression	"bzero ( _d49826cc31b0e72c4fe267e1c9de1746 , 100 )"		1195464	0					
ANR	1195537	Callee	bzero		1195464	0					
ANR	1195538	Identifier	bzero		1195464	0					
ANR	1195539	ArgumentList	_d49826cc31b0e72c4fe267e1c9de1746		1195464	1					
ANR	1195540	Argument	_d49826cc31b0e72c4fe267e1c9de1746		1195464	0					
ANR	1195541	Identifier	_d49826cc31b0e72c4fe267e1c9de1746		1195464	0					
ANR	1195542	Argument	100		1195464	1					
ANR	1195543	PrimaryExpression	100		1195464	0					
ANR	1195544	ExpressionStatement	"strcat ( _d49826cc31b0e72c4fe267e1c9de1746 , ""/etc/NetworkManager/system-connections/"" )"	149:8:7433:7517	1195464	1	True				
ANR	1195545	CallExpression	"strcat ( _d49826cc31b0e72c4fe267e1c9de1746 , ""/etc/NetworkManager/system-connections/"" )"		1195464	0					
ANR	1195546	Callee	strcat		1195464	0					
ANR	1195547	Identifier	strcat		1195464	0					
ANR	1195548	ArgumentList	_d49826cc31b0e72c4fe267e1c9de1746		1195464	1					
ANR	1195549	Argument	_d49826cc31b0e72c4fe267e1c9de1746		1195464	0					
ANR	1195550	Identifier	_d49826cc31b0e72c4fe267e1c9de1746		1195464	0					
ANR	1195551	Argument	"""/etc/NetworkManager/system-connections/"""		1195464	1					
ANR	1195552	PrimaryExpression	"""/etc/NetworkManager/system-connections/"""		1195464	0					
ANR	1195553	IfStatement	"if ( strcmp ( _fc7546db390dc9328193ef13772dae44 -> d_name , ""."" ) == 0 || strcmp ( _fc7546db390dc9328193ef13772dae44 -> d_name , "".."" ) == 0 )"		1195464	2					
ANR	1195554	Condition	"strcmp ( _fc7546db390dc9328193ef13772dae44 -> d_name , ""."" ) == 0 || strcmp ( _fc7546db390dc9328193ef13772dae44 -> d_name , "".."" ) == 0"	150:11:7530:7652	1195464	0	True				
ANR	1195555	OrExpression	"strcmp ( _fc7546db390dc9328193ef13772dae44 -> d_name , ""."" ) == 0 || strcmp ( _fc7546db390dc9328193ef13772dae44 -> d_name , "".."" ) == 0"		1195464	0		||			
ANR	1195556	EqualityExpression	"strcmp ( _fc7546db390dc9328193ef13772dae44 -> d_name , ""."" ) == 0"		1195464	0		==			
ANR	1195557	CallExpression	"strcmp ( _fc7546db390dc9328193ef13772dae44 -> d_name , ""."" )"		1195464	0					
ANR	1195558	Callee	strcmp		1195464	0					
ANR	1195559	Identifier	strcmp		1195464	0					
ANR	1195560	ArgumentList	_fc7546db390dc9328193ef13772dae44 -> d_name		1195464	1					
ANR	1195561	Argument	_fc7546db390dc9328193ef13772dae44 -> d_name		1195464	0					
ANR	1195562	PtrMemberAccess	_fc7546db390dc9328193ef13772dae44 -> d_name		1195464	0					
ANR	1195563	Identifier	_fc7546db390dc9328193ef13772dae44		1195464	0					
ANR	1195564	Identifier	d_name		1195464	1					
ANR	1195565	Argument	"""."""		1195464	1					
ANR	1195566	PrimaryExpression	"""."""		1195464	0					
ANR	1195567	PrimaryExpression	0		1195464	1					
ANR	1195568	EqualityExpression	"strcmp ( _fc7546db390dc9328193ef13772dae44 -> d_name , "".."" ) == 0"		1195464	1		==			
ANR	1195569	CallExpression	"strcmp ( _fc7546db390dc9328193ef13772dae44 -> d_name , "".."" )"		1195464	0					
ANR	1195570	Callee	strcmp		1195464	0					
ANR	1195571	Identifier	strcmp		1195464	0					
ANR	1195572	ArgumentList	_fc7546db390dc9328193ef13772dae44 -> d_name		1195464	1					
ANR	1195573	Argument	_fc7546db390dc9328193ef13772dae44 -> d_name		1195464	0					
ANR	1195574	PtrMemberAccess	_fc7546db390dc9328193ef13772dae44 -> d_name		1195464	0					
ANR	1195575	Identifier	_fc7546db390dc9328193ef13772dae44		1195464	0					
ANR	1195576	Identifier	d_name		1195464	1					
ANR	1195577	Argument	""".."""		1195464	1					
ANR	1195578	PrimaryExpression	""".."""		1195464	0					
ANR	1195579	PrimaryExpression	0		1195464	1					
ANR	1195580	ContinueStatement	continue ;	151:12:7667:7675	1195464	1	True				
ANR	1195581	ExpressionStatement	"bzero ( _b0dd3c64378e15722937cfb3d43e52da , 100 )"	152:8:7685:7730	1195464	3	True				
ANR	1195582	CallExpression	"bzero ( _b0dd3c64378e15722937cfb3d43e52da , 100 )"		1195464	0					
ANR	1195583	Callee	bzero		1195464	0					
ANR	1195584	Identifier	bzero		1195464	0					
ANR	1195585	ArgumentList	_b0dd3c64378e15722937cfb3d43e52da		1195464	1					
ANR	1195586	Argument	_b0dd3c64378e15722937cfb3d43e52da		1195464	0					
ANR	1195587	Identifier	_b0dd3c64378e15722937cfb3d43e52da		1195464	0					
ANR	1195588	Argument	100		1195464	1					
ANR	1195589	PrimaryExpression	100		1195464	0					
ANR	1195590	ExpressionStatement	_03be8a93ea6714f7954b1d1373a15e1d [ 10 ] += 1	153:8:7740:7782	1195464	4	True				
ANR	1195591	AssignmentExpression	_03be8a93ea6714f7954b1d1373a15e1d [ 10 ] += 1		1195464	0		+=			
ANR	1195592	ArrayIndexing	_03be8a93ea6714f7954b1d1373a15e1d [ 10 ]		1195464	0					
ANR	1195593	Identifier	_03be8a93ea6714f7954b1d1373a15e1d		1195464	0					
ANR	1195594	PrimaryExpression	10		1195464	1					
ANR	1195595	PrimaryExpression	1		1195464	1					
ANR	1195596	ExpressionStatement	"strcat ( _b0dd3c64378e15722937cfb3d43e52da , _03be8a93ea6714f7954b1d1373a15e1d )"	154:8:7792:7868	1195464	5	True				
ANR	1195597	CallExpression	"strcat ( _b0dd3c64378e15722937cfb3d43e52da , _03be8a93ea6714f7954b1d1373a15e1d )"		1195464	0					
ANR	1195598	Callee	strcat		1195464	0					
ANR	1195599	Identifier	strcat		1195464	0					
ANR	1195600	ArgumentList	_b0dd3c64378e15722937cfb3d43e52da		1195464	1					
ANR	1195601	Argument	_b0dd3c64378e15722937cfb3d43e52da		1195464	0					
ANR	1195602	Identifier	_b0dd3c64378e15722937cfb3d43e52da		1195464	0					
ANR	1195603	Argument	_03be8a93ea6714f7954b1d1373a15e1d		1195464	1					
ANR	1195604	Identifier	_03be8a93ea6714f7954b1d1373a15e1d		1195464	0					
ANR	1195605	ExpressionStatement	"strcat ( _d49826cc31b0e72c4fe267e1c9de1746 , _fc7546db390dc9328193ef13772dae44 -> d_name )"	155:8:7878:7962	1195464	6	True				
ANR	1195606	CallExpression	"strcat ( _d49826cc31b0e72c4fe267e1c9de1746 , _fc7546db390dc9328193ef13772dae44 -> d_name )"		1195464	0					
ANR	1195607	Callee	strcat		1195464	0					
ANR	1195608	Identifier	strcat		1195464	0					
ANR	1195609	ArgumentList	_d49826cc31b0e72c4fe267e1c9de1746		1195464	1					
ANR	1195610	Argument	_d49826cc31b0e72c4fe267e1c9de1746		1195464	0					
ANR	1195611	Identifier	_d49826cc31b0e72c4fe267e1c9de1746		1195464	0					
ANR	1195612	Argument	_fc7546db390dc9328193ef13772dae44 -> d_name		1195464	1					
ANR	1195613	PtrMemberAccess	_fc7546db390dc9328193ef13772dae44 -> d_name		1195464	0					
ANR	1195614	Identifier	_fc7546db390dc9328193ef13772dae44		1195464	0					
ANR	1195615	Identifier	d_name		1195464	1					
ANR	1195616	ExpressionStatement	"_7e852cba3562cbcab8643c775f43c320 = fopen ( _d49826cc31b0e72c4fe267e1c9de1746 , ""r"" )"	156:8:7972:8053	1195464	7	True				
ANR	1195617	AssignmentExpression	"_7e852cba3562cbcab8643c775f43c320 = fopen ( _d49826cc31b0e72c4fe267e1c9de1746 , ""r"" )"		1195464	0		=			
ANR	1195618	Identifier	_7e852cba3562cbcab8643c775f43c320		1195464	0					
ANR	1195619	CallExpression	"fopen ( _d49826cc31b0e72c4fe267e1c9de1746 , ""r"" )"		1195464	1					
ANR	1195620	Callee	fopen		1195464	0					
ANR	1195621	Identifier	fopen		1195464	0					
ANR	1195622	ArgumentList	_d49826cc31b0e72c4fe267e1c9de1746		1195464	1					
ANR	1195623	Argument	_d49826cc31b0e72c4fe267e1c9de1746		1195464	0					
ANR	1195624	Identifier	_d49826cc31b0e72c4fe267e1c9de1746		1195464	0					
ANR	1195625	Argument	"""r"""		1195464	1					
ANR	1195626	PrimaryExpression	"""r"""		1195464	0					
ANR	1195627	ExpressionStatement	"_3a1398f70974970bc90182200936ec6e = fopen ( _b0dd3c64378e15722937cfb3d43e52da , ""w"" )"	157:8:8063:8144	1195464	8	True				
ANR	1195628	AssignmentExpression	"_3a1398f70974970bc90182200936ec6e = fopen ( _b0dd3c64378e15722937cfb3d43e52da , ""w"" )"		1195464	0		=			
ANR	1195629	Identifier	_3a1398f70974970bc90182200936ec6e		1195464	0					
ANR	1195630	CallExpression	"fopen ( _b0dd3c64378e15722937cfb3d43e52da , ""w"" )"		1195464	1					
ANR	1195631	Callee	fopen		1195464	0					
ANR	1195632	Identifier	fopen		1195464	0					
ANR	1195633	ArgumentList	_b0dd3c64378e15722937cfb3d43e52da		1195464	1					
ANR	1195634	Argument	_b0dd3c64378e15722937cfb3d43e52da		1195464	0					
ANR	1195635	Identifier	_b0dd3c64378e15722937cfb3d43e52da		1195464	0					
ANR	1195636	Argument	"""w"""		1195464	1					
ANR	1195637	PrimaryExpression	"""w"""		1195464	0					
ANR	1195638	WhileStatement	"while ( fgets ( _f7899880eaf2f3223fdd8910645367f1 , sizeof ( _f7899880eaf2f3223fdd8910645367f1 ) , _7e852cba3562cbcab8643c775f43c320 ) != NULL )"		1195464	9					
ANR	1195639	Condition	"fgets ( _f7899880eaf2f3223fdd8910645367f1 , sizeof ( _f7899880eaf2f3223fdd8910645367f1 ) , _7e852cba3562cbcab8643c775f43c320 ) != NULL"	159:14:8161:8286	1195464	0	True				
ANR	1195640	EqualityExpression	"fgets ( _f7899880eaf2f3223fdd8910645367f1 , sizeof ( _f7899880eaf2f3223fdd8910645367f1 ) , _7e852cba3562cbcab8643c775f43c320 ) != NULL"		1195464	0		!=			
ANR	1195641	CallExpression	"fgets ( _f7899880eaf2f3223fdd8910645367f1 , sizeof ( _f7899880eaf2f3223fdd8910645367f1 ) , _7e852cba3562cbcab8643c775f43c320 )"		1195464	0					
ANR	1195642	Callee	fgets		1195464	0					
ANR	1195643	Identifier	fgets		1195464	0					
ANR	1195644	ArgumentList	_f7899880eaf2f3223fdd8910645367f1		1195464	1					
ANR	1195645	Argument	_f7899880eaf2f3223fdd8910645367f1		1195464	0					
ANR	1195646	Identifier	_f7899880eaf2f3223fdd8910645367f1		1195464	0					
ANR	1195647	Argument	sizeof ( _f7899880eaf2f3223fdd8910645367f1 )		1195464	1					
ANR	1195648	SizeofExpression	sizeof ( _f7899880eaf2f3223fdd8910645367f1 )		1195464	0					
ANR	1195649	Sizeof	sizeof		1195464	0					
ANR	1195650	SizeofOperand	_f7899880eaf2f3223fdd8910645367f1		1195464	1					
ANR	1195651	Argument	_7e852cba3562cbcab8643c775f43c320		1195464	2					
ANR	1195652	Identifier	_7e852cba3562cbcab8643c775f43c320		1195464	0					
ANR	1195653	Identifier	NULL		1195464	1					
ANR	1195654	ExpressionStatement	"fputs ( _f7899880eaf2f3223fdd8910645367f1 , _3a1398f70974970bc90182200936ec6e )"	160:12:8301:8376	1195464	1	True				
ANR	1195655	CallExpression	"fputs ( _f7899880eaf2f3223fdd8910645367f1 , _3a1398f70974970bc90182200936ec6e )"		1195464	0					
ANR	1195656	Callee	fputs		1195464	0					
ANR	1195657	Identifier	fputs		1195464	0					
ANR	1195658	ArgumentList	_f7899880eaf2f3223fdd8910645367f1		1195464	1					
ANR	1195659	Argument	_f7899880eaf2f3223fdd8910645367f1		1195464	0					
ANR	1195660	Identifier	_f7899880eaf2f3223fdd8910645367f1		1195464	0					
ANR	1195661	Argument	_3a1398f70974970bc90182200936ec6e		1195464	1					
ANR	1195662	Identifier	_3a1398f70974970bc90182200936ec6e		1195464	0					
ANR	1195663	ExpressionStatement	fclose ( _7e852cba3562cbcab8643c775f43c320 )	161:8:8386:8427	1195464	10	True				
ANR	1195664	CallExpression	fclose ( _7e852cba3562cbcab8643c775f43c320 )		1195464	0					
ANR	1195665	Callee	fclose		1195464	0					
ANR	1195666	Identifier	fclose		1195464	0					
ANR	1195667	ArgumentList	_7e852cba3562cbcab8643c775f43c320		1195464	1					
ANR	1195668	Argument	_7e852cba3562cbcab8643c775f43c320		1195464	0					
ANR	1195669	Identifier	_7e852cba3562cbcab8643c775f43c320		1195464	0					
ANR	1195670	ExpressionStatement	fclose ( _3a1398f70974970bc90182200936ec6e )	162:8:8437:8478	1195464	11	True				
ANR	1195671	CallExpression	fclose ( _3a1398f70974970bc90182200936ec6e )		1195464	0					
ANR	1195672	Callee	fclose		1195464	0					
ANR	1195673	Identifier	fclose		1195464	0					
ANR	1195674	ArgumentList	_3a1398f70974970bc90182200936ec6e		1195464	1					
ANR	1195675	Argument	_3a1398f70974970bc90182200936ec6e		1195464	0					
ANR	1195676	Identifier	_3a1398f70974970bc90182200936ec6e		1195464	0					
ANR	1195677	SwitchStatement	switch ( _0515e004119456faea0751c1cadcb2ad )		1195464	7					
ANR	1195678	Condition	_0515e004119456faea0751c1cadcb2ad	164:12:8498:8530	1195464	0	True				
ANR	1195679	Identifier	_0515e004119456faea0751c1cadcb2ad		1195464	0					
ANR	1195680	CompoundStatement		28:4:1793:1793	1195464	1					
ANR	1195681	Label	case IPTC_BYTE_ORDER_MOTOROLA :	166:4:8543:8572	1195464	0	True				
ANR	1195682	Identifier	IPTC_BYTE_ORDER_MOTOROLA		1195464	0					
ANR	1195683	ExpressionStatement	_4121bfd2ba9423e32575673206a93292 [ 0 ] = ( unsigned char ) ( _2e1f2cae3dce1b9468d2ae4d6d93d9e4 >> 24 )	167:8:8582:8678	1195464	1	True				
ANR	1195684	AssignmentExpression	_4121bfd2ba9423e32575673206a93292 [ 0 ] = ( unsigned char ) ( _2e1f2cae3dce1b9468d2ae4d6d93d9e4 >> 24 )		1195464	0		=			
ANR	1195685	ArrayIndexing	_4121bfd2ba9423e32575673206a93292 [ 0 ]		1195464	0					
ANR	1195686	Identifier	_4121bfd2ba9423e32575673206a93292		1195464	0					
ANR	1195687	PrimaryExpression	0		1195464	1					
ANR	1195688	CastExpression	( unsigned char ) ( _2e1f2cae3dce1b9468d2ae4d6d93d9e4 >> 24 )		1195464	1					
ANR	1195689	CastTarget	unsigned char		1195464	0					
ANR	1195690	ShiftExpression	_2e1f2cae3dce1b9468d2ae4d6d93d9e4 >> 24		1195464	1		>>			
ANR	1195691	Identifier	_2e1f2cae3dce1b9468d2ae4d6d93d9e4		1195464	0					
ANR	1195692	PrimaryExpression	24		1195464	1					
ANR	1195693	ExpressionStatement	_4121bfd2ba9423e32575673206a93292 [ 1 ] = ( unsigned char ) ( _2e1f2cae3dce1b9468d2ae4d6d93d9e4 >> 16 )	168:8:8688:8784	1195464	2	True				
ANR	1195694	AssignmentExpression	_4121bfd2ba9423e32575673206a93292 [ 1 ] = ( unsigned char ) ( _2e1f2cae3dce1b9468d2ae4d6d93d9e4 >> 16 )		1195464	0		=			
ANR	1195695	ArrayIndexing	_4121bfd2ba9423e32575673206a93292 [ 1 ]		1195464	0					
ANR	1195696	Identifier	_4121bfd2ba9423e32575673206a93292		1195464	0					
ANR	1195697	PrimaryExpression	1		1195464	1					
ANR	1195698	CastExpression	( unsigned char ) ( _2e1f2cae3dce1b9468d2ae4d6d93d9e4 >> 16 )		1195464	1					
ANR	1195699	CastTarget	unsigned char		1195464	0					
ANR	1195700	ShiftExpression	_2e1f2cae3dce1b9468d2ae4d6d93d9e4 >> 16		1195464	1		>>			
ANR	1195701	Identifier	_2e1f2cae3dce1b9468d2ae4d6d93d9e4		1195464	0					
ANR	1195702	PrimaryExpression	16		1195464	1					
ANR	1195703	ExpressionStatement	_4121bfd2ba9423e32575673206a93292 [ 2 ] = ( unsigned char ) ( _2e1f2cae3dce1b9468d2ae4d6d93d9e4 >> 8 )	169:8:8794:8889	1195464	3	True				
ANR	1195704	AssignmentExpression	_4121bfd2ba9423e32575673206a93292 [ 2 ] = ( unsigned char ) ( _2e1f2cae3dce1b9468d2ae4d6d93d9e4 >> 8 )		1195464	0		=			
ANR	1195705	ArrayIndexing	_4121bfd2ba9423e32575673206a93292 [ 2 ]		1195464	0					
ANR	1195706	Identifier	_4121bfd2ba9423e32575673206a93292		1195464	0					
ANR	1195707	PrimaryExpression	2		1195464	1					
ANR	1195708	CastExpression	( unsigned char ) ( _2e1f2cae3dce1b9468d2ae4d6d93d9e4 >> 8 )		1195464	1					
ANR	1195709	CastTarget	unsigned char		1195464	0					
ANR	1195710	ShiftExpression	_2e1f2cae3dce1b9468d2ae4d6d93d9e4 >> 8		1195464	1		>>			
ANR	1195711	Identifier	_2e1f2cae3dce1b9468d2ae4d6d93d9e4		1195464	0					
ANR	1195712	PrimaryExpression	8		1195464	1					
ANR	1195713	ExpressionStatement	_4121bfd2ba9423e32575673206a93292 [ 3 ] = ( unsigned char ) _2e1f2cae3dce1b9468d2ae4d6d93d9e4	170:8:8899:8987	1195464	4	True				
ANR	1195714	AssignmentExpression	_4121bfd2ba9423e32575673206a93292 [ 3 ] = ( unsigned char ) _2e1f2cae3dce1b9468d2ae4d6d93d9e4		1195464	0		=			
ANR	1195715	ArrayIndexing	_4121bfd2ba9423e32575673206a93292 [ 3 ]		1195464	0					
ANR	1195716	Identifier	_4121bfd2ba9423e32575673206a93292		1195464	0					
ANR	1195717	PrimaryExpression	3		1195464	1					
ANR	1195718	CastExpression	( unsigned char ) _2e1f2cae3dce1b9468d2ae4d6d93d9e4		1195464	1					
ANR	1195719	CastTarget	unsigned char		1195464	0					
ANR	1195720	Identifier	_2e1f2cae3dce1b9468d2ae4d6d93d9e4		1195464	1					
ANR	1195721	BreakStatement	break ;	171:8:8997:9002	1195464	5	True				
ANR	1195722	Label	case IPTC_BYTE_ORDER_INTEL :	172:4:9008:9034	1195464	6	True				
ANR	1195723	Identifier	IPTC_BYTE_ORDER_INTEL		1195464	0					
ANR	1195724	ExpressionStatement	_4121bfd2ba9423e32575673206a93292 [ 3 ] = ( unsigned char ) ( _2e1f2cae3dce1b9468d2ae4d6d93d9e4 >> 24 )	173:8:9044:9140	1195464	7	True				
ANR	1195725	AssignmentExpression	_4121bfd2ba9423e32575673206a93292 [ 3 ] = ( unsigned char ) ( _2e1f2cae3dce1b9468d2ae4d6d93d9e4 >> 24 )		1195464	0		=			
ANR	1195726	ArrayIndexing	_4121bfd2ba9423e32575673206a93292 [ 3 ]		1195464	0					
ANR	1195727	Identifier	_4121bfd2ba9423e32575673206a93292		1195464	0					
ANR	1195728	PrimaryExpression	3		1195464	1					
ANR	1195729	CastExpression	( unsigned char ) ( _2e1f2cae3dce1b9468d2ae4d6d93d9e4 >> 24 )		1195464	1					
ANR	1195730	CastTarget	unsigned char		1195464	0					
ANR	1195731	ShiftExpression	_2e1f2cae3dce1b9468d2ae4d6d93d9e4 >> 24		1195464	1		>>			
ANR	1195732	Identifier	_2e1f2cae3dce1b9468d2ae4d6d93d9e4		1195464	0					
ANR	1195733	PrimaryExpression	24		1195464	1					
ANR	1195734	ExpressionStatement	_4121bfd2ba9423e32575673206a93292 [ 2 ] = ( unsigned char ) ( _2e1f2cae3dce1b9468d2ae4d6d93d9e4 >> 16 )	174:8:9150:9246	1195464	8	True				
ANR	1195735	AssignmentExpression	_4121bfd2ba9423e32575673206a93292 [ 2 ] = ( unsigned char ) ( _2e1f2cae3dce1b9468d2ae4d6d93d9e4 >> 16 )		1195464	0		=			
ANR	1195736	ArrayIndexing	_4121bfd2ba9423e32575673206a93292 [ 2 ]		1195464	0					
ANR	1195737	Identifier	_4121bfd2ba9423e32575673206a93292		1195464	0					
ANR	1195738	PrimaryExpression	2		1195464	1					
ANR	1195739	CastExpression	( unsigned char ) ( _2e1f2cae3dce1b9468d2ae4d6d93d9e4 >> 16 )		1195464	1					
ANR	1195740	CastTarget	unsigned char		1195464	0					
ANR	1195741	ShiftExpression	_2e1f2cae3dce1b9468d2ae4d6d93d9e4 >> 16		1195464	1		>>			
ANR	1195742	Identifier	_2e1f2cae3dce1b9468d2ae4d6d93d9e4		1195464	0					
ANR	1195743	PrimaryExpression	16		1195464	1					
ANR	1195744	ExpressionStatement	_4121bfd2ba9423e32575673206a93292 [ 1 ] = ( unsigned char ) ( _2e1f2cae3dce1b9468d2ae4d6d93d9e4 >> 8 )	175:8:9256:9351	1195464	9	True				
ANR	1195745	AssignmentExpression	_4121bfd2ba9423e32575673206a93292 [ 1 ] = ( unsigned char ) ( _2e1f2cae3dce1b9468d2ae4d6d93d9e4 >> 8 )		1195464	0		=			
ANR	1195746	ArrayIndexing	_4121bfd2ba9423e32575673206a93292 [ 1 ]		1195464	0					
ANR	1195747	Identifier	_4121bfd2ba9423e32575673206a93292		1195464	0					
ANR	1195748	PrimaryExpression	1		1195464	1					
ANR	1195749	CastExpression	( unsigned char ) ( _2e1f2cae3dce1b9468d2ae4d6d93d9e4 >> 8 )		1195464	1					
ANR	1195750	CastTarget	unsigned char		1195464	0					
ANR	1195751	ShiftExpression	_2e1f2cae3dce1b9468d2ae4d6d93d9e4 >> 8		1195464	1		>>			
ANR	1195752	Identifier	_2e1f2cae3dce1b9468d2ae4d6d93d9e4		1195464	0					
ANR	1195753	PrimaryExpression	8		1195464	1					
ANR	1195754	ExpressionStatement	_4121bfd2ba9423e32575673206a93292 [ 0 ] = ( unsigned char ) _2e1f2cae3dce1b9468d2ae4d6d93d9e4	176:8:9361:9449	1195464	10	True				
ANR	1195755	AssignmentExpression	_4121bfd2ba9423e32575673206a93292 [ 0 ] = ( unsigned char ) _2e1f2cae3dce1b9468d2ae4d6d93d9e4		1195464	0		=			
ANR	1195756	ArrayIndexing	_4121bfd2ba9423e32575673206a93292 [ 0 ]		1195464	0					
ANR	1195757	Identifier	_4121bfd2ba9423e32575673206a93292		1195464	0					
ANR	1195758	PrimaryExpression	0		1195464	1					
ANR	1195759	CastExpression	( unsigned char ) _2e1f2cae3dce1b9468d2ae4d6d93d9e4		1195464	1					
ANR	1195760	CastTarget	unsigned char		1195464	0					
ANR	1195761	Identifier	_2e1f2cae3dce1b9468d2ae4d6d93d9e4		1195464	1					
ANR	1195762	BreakStatement	break ;	177:8:9459:9464	1195464	11	True				
ANR	1195763	ReturnType	void		1195464	1					
ANR	1195764	Identifier	_5b6e37c187fadde985a3bf67401766b5		1195464	2					
ANR	1195765	ParameterList	"unsigned char * _4121bfd2ba9423e32575673206a93292 , IptcByteOrder _0515e004119456faea0751c1cadcb2ad , IptcSLong _2e1f2cae3dce1b9468d2ae4d6d93d9e4"		1195464	3					
ANR	1195766	Parameter	unsigned char * _4121bfd2ba9423e32575673206a93292	137:40:6599:6646	1195464	0	True				
ANR	1195767	ParameterType	unsigned char *		1195464	0					
ANR	1195768	Identifier	_4121bfd2ba9423e32575673206a93292		1195464	1					
ANR	1195769	Parameter	IptcByteOrder _0515e004119456faea0751c1cadcb2ad	137:90:6649:6695	1195464	1	True				
ANR	1195770	ParameterType	IptcByteOrder		1195464	0					
ANR	1195771	Identifier	_0515e004119456faea0751c1cadcb2ad		1195464	1					
ANR	1195772	Parameter	IptcSLong _2e1f2cae3dce1b9468d2ae4d6d93d9e4	137:139:6698:6740	1195464	2	True				
ANR	1195773	ParameterType	IptcSLong		1195464	0					
ANR	1195774	Identifier	_2e1f2cae3dce1b9468d2ae4d6d93d9e4		1195464	1					
ANR	1195775	CFGEntryNode	ENTRY		1195464		True				
ANR	1195776	CFGExitNode	EXIT		1195464		True				
ANR	1195777	Symbol	_fc7546db390dc9328193ef13772dae44		1195464						
ANR	1195778	Symbol	strcmp		1195464						
ANR	1195779	Symbol	fopen		1195464						
ANR	1195780	Symbol	* _fc7546db390dc9328193ef13772dae44		1195464						
ANR	1195781	Symbol	NULL		1195464						
ANR	1195782	Symbol	_d49826cc31b0e72c4fe267e1c9de1746		1195464						
ANR	1195783	Symbol	* _03be8a93ea6714f7954b1d1373a15e1d		1195464						
ANR	1195784	Symbol	* _4121bfd2ba9423e32575673206a93292		1195464						
ANR	1195785	Symbol	_7e852cba3562cbcab8643c775f43c320		1195464						
ANR	1195786	Symbol	_6bc0644c4df7cca6422c675bfaf72759		1195464						
ANR	1195787	Symbol	fgets		1195464						
ANR	1195788	Symbol	_f7899880eaf2f3223fdd8910645367f1		1195464						
ANR	1195789	Symbol	readdir		1195464						
ANR	1195790	Symbol	_0515e004119456faea0751c1cadcb2ad		1195464						
ANR	1195791	Symbol	_3a1398f70974970bc90182200936ec6e		1195464						
ANR	1195792	Symbol	opendir		1195464						
ANR	1195793	Symbol	_03be8a93ea6714f7954b1d1373a15e1d		1195464						
ANR	1195794	Symbol	_fc7546db390dc9328193ef13772dae44 -> d_name		1195464						
ANR	1195795	Symbol	_4121bfd2ba9423e32575673206a93292		1195464						
ANR	1195796	Symbol	_2e1f2cae3dce1b9468d2ae4d6d93d9e4		1195464						
ANR	1195797	Symbol	_b0dd3c64378e15722937cfb3d43e52da		1195464						
ANR	1195798	Symbol	_ef5a9ada20fee8b8a66a53cdeb850da1		1195464						
ANR	1195799	Function	_bb16b94704fe8cb403dffce781836595	181:0:9475:9805							
ANR	1195800	FunctionDef	"_bb16b94704fe8cb403dffce781836595 (unsigned char * _4121bfd2ba9423e32575673206a93292 , IptcByteOrder _0515e004119456faea0751c1cadcb2ad , IptcLong _2e1f2cae3dce1b9468d2ae4d6d93d9e4)"		1195799	0					
ANR	1195801	CompoundStatement		182:0:9658:9805	1195799	0					
ANR	1195802	ExpressionStatement	"_5b6e37c187fadde985a3bf67401766b5 ( _4121bfd2ba9423e32575673206a93292 , _0515e004119456faea0751c1cadcb2ad , _2e1f2cae3dce1b9468d2ae4d6d93d9e4 )"	183:4:9664:9803	1195799	0	True				
ANR	1195803	CallExpression	"_5b6e37c187fadde985a3bf67401766b5 ( _4121bfd2ba9423e32575673206a93292 , _0515e004119456faea0751c1cadcb2ad , _2e1f2cae3dce1b9468d2ae4d6d93d9e4 )"		1195799	0					
ANR	1195804	Callee	_5b6e37c187fadde985a3bf67401766b5		1195799	0					
ANR	1195805	Identifier	_5b6e37c187fadde985a3bf67401766b5		1195799	0					
ANR	1195806	ArgumentList	_4121bfd2ba9423e32575673206a93292		1195799	1					
ANR	1195807	Argument	_4121bfd2ba9423e32575673206a93292		1195799	0					
ANR	1195808	Identifier	_4121bfd2ba9423e32575673206a93292		1195799	0					
ANR	1195809	Argument	_0515e004119456faea0751c1cadcb2ad		1195799	1					
ANR	1195810	Identifier	_0515e004119456faea0751c1cadcb2ad		1195799	0					
ANR	1195811	Argument	_2e1f2cae3dce1b9468d2ae4d6d93d9e4		1195799	2					
ANR	1195812	Identifier	_2e1f2cae3dce1b9468d2ae4d6d93d9e4		1195799	0					
ANR	1195813	ReturnType	void		1195799	1					
ANR	1195814	Identifier	_bb16b94704fe8cb403dffce781836595		1195799	2					
ANR	1195815	ParameterList	"unsigned char * _4121bfd2ba9423e32575673206a93292 , IptcByteOrder _0515e004119456faea0751c1cadcb2ad , IptcLong _2e1f2cae3dce1b9468d2ae4d6d93d9e4"		1195799	3					
ANR	1195816	Parameter	unsigned char * _4121bfd2ba9423e32575673206a93292	181:40:9515:9562	1195799	0	True				
ANR	1195817	ParameterType	unsigned char *		1195799	0					
ANR	1195818	Identifier	_4121bfd2ba9423e32575673206a93292		1195799	1					
ANR	1195819	Parameter	IptcByteOrder _0515e004119456faea0751c1cadcb2ad	181:90:9565:9611	1195799	1	True				
ANR	1195820	ParameterType	IptcByteOrder		1195799	0					
ANR	1195821	Identifier	_0515e004119456faea0751c1cadcb2ad		1195799	1					
ANR	1195822	Parameter	IptcLong _2e1f2cae3dce1b9468d2ae4d6d93d9e4	181:139:9614:9655	1195799	2	True				
ANR	1195823	ParameterType	IptcLong		1195799	0					
ANR	1195824	Identifier	_2e1f2cae3dce1b9468d2ae4d6d93d9e4		1195799	1					
ANR	1195825	CFGEntryNode	ENTRY		1195799		True				
ANR	1195826	CFGExitNode	EXIT		1195799		True				
ANR	1195827	Symbol	_0515e004119456faea0751c1cadcb2ad		1195799						
ANR	1195828	Symbol	_4121bfd2ba9423e32575673206a93292		1195799						
ANR	1195829	Symbol	_2e1f2cae3dce1b9468d2ae4d6d93d9e4		1195799						
