start	end	type	var
1328581	1328582	IS_AST_PARENT	
1328581	1328583	IS_AST_PARENT	
1328584	1328585	IS_AST_PARENT	
1328584	1328586	IS_AST_PARENT	
1328581	1328584	IS_AST_PARENT	
1328580	1328581	IS_AST_PARENT	
1328579	1328580	IS_AST_PARENT	
1328588	1328589	IS_AST_PARENT	
1328588	1328590	IS_AST_PARENT	
1328591	1328592	IS_AST_PARENT	
1328591	1328593	IS_AST_PARENT	
1328588	1328591	IS_AST_PARENT	
1328587	1328588	IS_AST_PARENT	
1328594	1328595	IS_AST_PARENT	
1328594	1328596	IS_AST_PARENT	
1328587	1328594	IS_AST_PARENT	
1328579	1328587	IS_AST_PARENT	
1328599	1328600	IS_AST_PARENT	
1328598	1328599	IS_AST_PARENT	
1328602	1328603	IS_AST_PARENT	
1328601	1328602	IS_AST_PARENT	
1328604	1328605	IS_AST_PARENT	
1328601	1328604	IS_AST_PARENT	
1328598	1328601	IS_AST_PARENT	
1328597	1328598	IS_AST_PARENT	
1328579	1328597	IS_AST_PARENT	
1328608	1328609	IS_AST_PARENT	
1328608	1328610	IS_AST_PARENT	
1328611	1328612	IS_AST_PARENT	
1328611	1328613	IS_AST_PARENT	
1328608	1328611	IS_AST_PARENT	
1328607	1328608	IS_AST_PARENT	
1328606	1328607	IS_AST_PARENT	
1328615	1328616	IS_AST_PARENT	
1328615	1328617	IS_AST_PARENT	
1328618	1328619	IS_AST_PARENT	
1328618	1328620	IS_AST_PARENT	
1328615	1328618	IS_AST_PARENT	
1328614	1328615	IS_AST_PARENT	
1328606	1328614	IS_AST_PARENT	
1328622	1328623	IS_AST_PARENT	
1328622	1328624	IS_AST_PARENT	
1328625	1328626	IS_AST_PARENT	
1328627	1328628	IS_AST_PARENT	
1328627	1328629	IS_AST_PARENT	
1328625	1328627	IS_AST_PARENT	
1328622	1328625	IS_AST_PARENT	
1328621	1328622	IS_AST_PARENT	
1328606	1328621	IS_AST_PARENT	
1328631	1328632	IS_AST_PARENT	
1328631	1328633	IS_AST_PARENT	
1328634	1328635	IS_AST_PARENT	
1328636	1328637	IS_AST_PARENT	
1328636	1328638	IS_AST_PARENT	
1328634	1328636	IS_AST_PARENT	
1328631	1328634	IS_AST_PARENT	
1328630	1328631	IS_AST_PARENT	
1328606	1328630	IS_AST_PARENT	
1328640	1328641	IS_AST_PARENT	
1328640	1328642	IS_AST_PARENT	
1328643	1328644	IS_AST_PARENT	
1328643	1328645	IS_AST_PARENT	
1328640	1328643	IS_AST_PARENT	
1328639	1328640	IS_AST_PARENT	
1328606	1328639	IS_AST_PARENT	
1328648	1328649	IS_AST_PARENT	
1328648	1328650	IS_AST_PARENT	
1328647	1328648	IS_AST_PARENT	
1328647	1328651	IS_AST_PARENT	
1328646	1328647	IS_AST_PARENT	
1328606	1328646	IS_AST_PARENT	
1328653	1328654	IS_AST_PARENT	
1328655	1328656	IS_AST_PARENT	
1328655	1328657	IS_AST_PARENT	
1328653	1328655	IS_AST_PARENT	
1328652	1328653	IS_AST_PARENT	
1328606	1328652	IS_AST_PARENT	
1328606	1328658	IS_AST_PARENT	
1328579	1328606	IS_AST_PARENT	
1328660	1328661	IS_AST_PARENT	
1328659	1328660	IS_AST_PARENT	
1328664	1328665	IS_AST_PARENT	
1328666	1328667	IS_AST_PARENT	
1328668	1328669	IS_AST_PARENT	
1328668	1328670	IS_AST_PARENT	
1328666	1328668	IS_AST_PARENT	
1328664	1328666	IS_AST_PARENT	
1328663	1328664	IS_AST_PARENT	
1328662	1328663	IS_AST_PARENT	
1328672	1328673	IS_AST_PARENT	
1328675	1328676	IS_AST_PARENT	
1328675	1328677	IS_AST_PARENT	
1328674	1328675	IS_AST_PARENT	
1328674	1328678	IS_AST_PARENT	
1328672	1328674	IS_AST_PARENT	
1328671	1328672	IS_AST_PARENT	
1328662	1328671	IS_AST_PARENT	
1328659	1328662	IS_AST_PARENT	
1328579	1328659	IS_AST_PARENT	
1328680	1328681	IS_AST_PARENT	
1328680	1328682	IS_AST_PARENT	
1328680	1328683	IS_AST_PARENT	
1328679	1328680	IS_AST_PARENT	
1328579	1328679	IS_AST_PARENT	
1328685	1328686	IS_AST_PARENT	
1328685	1328687	IS_AST_PARENT	
1328688	1328689	IS_AST_PARENT	
1328688	1328690	IS_AST_PARENT	
1328685	1328688	IS_AST_PARENT	
1328684	1328685	IS_AST_PARENT	
1328579	1328684	IS_AST_PARENT	
1328692	1328693	IS_AST_PARENT	
1328692	1328694	IS_AST_PARENT	
1328691	1328692	IS_AST_PARENT	
1328579	1328691	IS_AST_PARENT	
1328696	1328697	IS_AST_PARENT	
1328696	1328698	IS_AST_PARENT	
1328695	1328696	IS_AST_PARENT	
1328579	1328695	IS_AST_PARENT	
1328700	1328701	IS_AST_PARENT	
1328700	1328702	IS_AST_PARENT	
1328699	1328700	IS_AST_PARENT	
1328579	1328699	IS_AST_PARENT	
1328704	1328705	IS_AST_PARENT	
1328707	1328708	IS_AST_PARENT	
1328706	1328707	IS_AST_PARENT	
1328710	1328711	IS_AST_PARENT	
1328709	1328710	IS_AST_PARENT	
1328706	1328709	IS_AST_PARENT	
1328704	1328706	IS_AST_PARENT	
1328703	1328704	IS_AST_PARENT	
1328579	1328703	IS_AST_PARENT	
1328714	1328715	IS_AST_PARENT	
1328714	1328716	IS_AST_PARENT	
1328713	1328714	IS_AST_PARENT	
1328713	1328717	IS_AST_PARENT	
1328712	1328713	IS_AST_PARENT	
1328579	1328712	IS_AST_PARENT	
1328720	1328721	IS_AST_PARENT	
1328720	1328722	IS_AST_PARENT	
1328719	1328720	IS_AST_PARENT	
1328719	1328723	IS_AST_PARENT	
1328718	1328719	IS_AST_PARENT	
1328579	1328718	IS_AST_PARENT	
1328726	1328727	IS_AST_PARENT	
1328726	1328728	IS_AST_PARENT	
1328725	1328726	IS_AST_PARENT	
1328725	1328729	IS_AST_PARENT	
1328724	1328725	IS_AST_PARENT	
1328579	1328724	IS_AST_PARENT	
1328732	1328733	IS_AST_PARENT	
1328732	1328734	IS_AST_PARENT	
1328731	1328732	IS_AST_PARENT	
1328731	1328735	IS_AST_PARENT	
1328730	1328731	IS_AST_PARENT	
1328579	1328730	IS_AST_PARENT	
1328738	1328739	IS_AST_PARENT	
1328738	1328740	IS_AST_PARENT	
1328737	1328738	IS_AST_PARENT	
1328737	1328741	IS_AST_PARENT	
1328736	1328737	IS_AST_PARENT	
1328579	1328736	IS_AST_PARENT	
1328744	1328745	IS_AST_PARENT	
1328744	1328746	IS_AST_PARENT	
1328743	1328744	IS_AST_PARENT	
1328743	1328747	IS_AST_PARENT	
1328742	1328743	IS_AST_PARENT	
1328579	1328742	IS_AST_PARENT	
1328750	1328751	IS_AST_PARENT	
1328750	1328752	IS_AST_PARENT	
1328749	1328750	IS_AST_PARENT	
1328749	1328753	IS_AST_PARENT	
1328748	1328749	IS_AST_PARENT	
1328579	1328748	IS_AST_PARENT	
1328756	1328757	IS_AST_PARENT	
1328756	1328758	IS_AST_PARENT	
1328755	1328756	IS_AST_PARENT	
1328755	1328759	IS_AST_PARENT	
1328754	1328755	IS_AST_PARENT	
1328579	1328754	IS_AST_PARENT	
1328762	1328763	IS_AST_PARENT	
1328762	1328764	IS_AST_PARENT	
1328761	1328762	IS_AST_PARENT	
1328761	1328765	IS_AST_PARENT	
1328760	1328761	IS_AST_PARENT	
1328579	1328760	IS_AST_PARENT	
1328767	1328768	IS_AST_PARENT	
1328770	1328771	IS_AST_PARENT	
1328769	1328770	IS_AST_PARENT	
1328773	1328774	IS_AST_PARENT	
1328772	1328773	IS_AST_PARENT	
1328776	1328777	IS_AST_PARENT	
1328776	1328778	IS_AST_PARENT	
1328775	1328776	IS_AST_PARENT	
1328772	1328775	IS_AST_PARENT	
1328779	1328780	IS_AST_PARENT	
1328772	1328779	IS_AST_PARENT	
1328769	1328772	IS_AST_PARENT	
1328767	1328769	IS_AST_PARENT	
1328766	1328767	IS_AST_PARENT	
1328579	1328766	IS_AST_PARENT	
1328782	1328783	IS_AST_PARENT	
1328782	1328784	IS_AST_PARENT	
1328785	1328786	IS_AST_PARENT	
1328788	1328789	IS_AST_PARENT	
1328787	1328788	IS_AST_PARENT	
1328791	1328792	IS_AST_PARENT	
1328790	1328791	IS_AST_PARENT	
1328793	1328794	IS_AST_PARENT	
1328790	1328793	IS_AST_PARENT	
1328787	1328790	IS_AST_PARENT	
1328785	1328787	IS_AST_PARENT	
1328782	1328785	IS_AST_PARENT	
1328781	1328782	IS_AST_PARENT	
1328579	1328781	IS_AST_PARENT	
1328796	1328797	IS_AST_PARENT	
1328795	1328796	IS_AST_PARENT	
1328803	1328804	IS_AST_PARENT	
1328802	1328803	IS_AST_PARENT	
1328806	1328807	IS_AST_PARENT	
1328805	1328806	IS_AST_PARENT	
1328808	1328809	IS_AST_PARENT	
1328805	1328808	IS_AST_PARENT	
1328810	1328811	IS_AST_PARENT	
1328805	1328810	IS_AST_PARENT	
1328802	1328805	IS_AST_PARENT	
1328801	1328802	IS_AST_PARENT	
1328801	1328812	IS_AST_PARENT	
1328800	1328801	IS_AST_PARENT	
1328799	1328800	IS_AST_PARENT	
1328816	1328817	IS_AST_PARENT	
1328815	1328816	IS_AST_PARENT	
1328819	1328820	IS_AST_PARENT	
1328818	1328819	IS_AST_PARENT	
1328821	1328822	IS_AST_PARENT	
1328818	1328821	IS_AST_PARENT	
1328825	1328826	IS_AST_PARENT	
1328825	1328827	IS_AST_PARENT	
1328824	1328825	IS_AST_PARENT	
1328829	1328830	IS_AST_PARENT	
1328828	1328829	IS_AST_PARENT	
1328832	1328833	IS_AST_PARENT	
1328831	1328832	IS_AST_PARENT	
1328828	1328831	IS_AST_PARENT	
1328824	1328828	IS_AST_PARENT	
1328823	1328824	IS_AST_PARENT	
1328818	1328823	IS_AST_PARENT	
1328815	1328818	IS_AST_PARENT	
1328814	1328815	IS_AST_PARENT	
1328813	1328814	IS_AST_PARENT	
1328799	1328813	IS_AST_PARENT	
1328798	1328799	IS_AST_PARENT	
1328795	1328798	IS_AST_PARENT	
1328579	1328795	IS_AST_PARENT	
1328836	1328837	IS_AST_PARENT	
1328835	1328836	IS_AST_PARENT	
1328839	1328840	IS_AST_PARENT	
1328838	1328839	IS_AST_PARENT	
1328835	1328838	IS_AST_PARENT	
1328834	1328835	IS_AST_PARENT	
1328579	1328834	IS_AST_PARENT	
1328843	1328844	IS_AST_PARENT	
1328842	1328843	IS_AST_PARENT	
1328846	1328847	IS_AST_PARENT	
1328845	1328846	IS_AST_PARENT	
1328842	1328845	IS_AST_PARENT	
1328841	1328842	IS_AST_PARENT	
1328579	1328841	IS_AST_PARENT	
1328850	1328851	IS_AST_PARENT	
1328850	1328852	IS_AST_PARENT	
1328849	1328850	IS_AST_PARENT	
1328848	1328849	IS_AST_PARENT	
1328854	1328855	IS_AST_PARENT	
1328853	1328854	IS_AST_PARENT	
1328858	1328859	IS_AST_PARENT	
1328857	1328858	IS_AST_PARENT	
1328861	1328862	IS_AST_PARENT	
1328860	1328861	IS_AST_PARENT	
1328863	1328864	IS_AST_PARENT	
1328860	1328863	IS_AST_PARENT	
1328857	1328860	IS_AST_PARENT	
1328856	1328857	IS_AST_PARENT	
1328853	1328856	IS_AST_PARENT	
1328868	1328869	IS_AST_PARENT	
1328868	1328870	IS_AST_PARENT	
1328867	1328868	IS_AST_PARENT	
1328871	1328872	IS_AST_PARENT	
1328871	1328873	IS_AST_PARENT	
1328867	1328871	IS_AST_PARENT	
1328866	1328867	IS_AST_PARENT	
1328865	1328866	IS_AST_PARENT	
1328877	1328878	IS_AST_PARENT	
1328876	1328877	IS_AST_PARENT	
1328880	1328881	IS_AST_PARENT	
1328879	1328880	IS_AST_PARENT	
1328882	1328883	IS_AST_PARENT	
1328879	1328882	IS_AST_PARENT	
1328876	1328879	IS_AST_PARENT	
1328875	1328876	IS_AST_PARENT	
1328874	1328875	IS_AST_PARENT	
1328886	1328887	IS_AST_PARENT	
1328885	1328886	IS_AST_PARENT	
1328889	1328890	IS_AST_PARENT	
1328888	1328889	IS_AST_PARENT	
1328891	1328892	IS_AST_PARENT	
1328888	1328891	IS_AST_PARENT	
1328895	1328896	IS_AST_PARENT	
1328895	1328897	IS_AST_PARENT	
1328894	1328895	IS_AST_PARENT	
1328894	1328898	IS_AST_PARENT	
1328893	1328894	IS_AST_PARENT	
1328888	1328893	IS_AST_PARENT	
1328899	1328900	IS_AST_PARENT	
1328888	1328899	IS_AST_PARENT	
1328901	1328902	IS_AST_PARENT	
1328888	1328901	IS_AST_PARENT	
1328885	1328888	IS_AST_PARENT	
1328884	1328885	IS_AST_PARENT	
1328874	1328884	IS_AST_PARENT	
1328903	1328904	IS_AST_PARENT	
1328874	1328903	IS_AST_PARENT	
1328865	1328874	IS_AST_PARENT	
1328853	1328865	IS_AST_PARENT	
1328909	1328910	IS_AST_PARENT	
1328908	1328909	IS_AST_PARENT	
1328913	1328914	IS_AST_PARENT	
1328913	1328915	IS_AST_PARENT	
1328912	1328913	IS_AST_PARENT	
1328911	1328912	IS_AST_PARENT	
1328908	1328911	IS_AST_PARENT	
1328907	1328908	IS_AST_PARENT	
1328907	1328916	IS_AST_PARENT	
1328906	1328907	IS_AST_PARENT	
1328905	1328906	IS_AST_PARENT	
1328920	1328921	IS_AST_PARENT	
1328919	1328920	IS_AST_PARENT	
1328923	1328924	IS_AST_PARENT	
1328922	1328923	IS_AST_PARENT	
1328925	1328926	IS_AST_PARENT	
1328922	1328925	IS_AST_PARENT	
1328929	1328930	IS_AST_PARENT	
1328928	1328929	IS_AST_PARENT	
1328933	1328934	IS_AST_PARENT	
1328933	1328935	IS_AST_PARENT	
1328932	1328933	IS_AST_PARENT	
1328931	1328932	IS_AST_PARENT	
1328928	1328931	IS_AST_PARENT	
1328927	1328928	IS_AST_PARENT	
1328922	1328927	IS_AST_PARENT	
1328919	1328922	IS_AST_PARENT	
1328918	1328919	IS_AST_PARENT	
1328917	1328918	IS_AST_PARENT	
1328938	1328939	IS_AST_PARENT	
1328937	1328938	IS_AST_PARENT	
1328941	1328942	IS_AST_PARENT	
1328940	1328941	IS_AST_PARENT	
1328943	1328944	IS_AST_PARENT	
1328940	1328943	IS_AST_PARENT	
1328945	1328946	IS_AST_PARENT	
1328940	1328945	IS_AST_PARENT	
1328937	1328940	IS_AST_PARENT	
1328936	1328937	IS_AST_PARENT	
1328917	1328936	IS_AST_PARENT	
1328952	1328953	IS_AST_PARENT	
1328952	1328954	IS_AST_PARENT	
1328951	1328952	IS_AST_PARENT	
1328951	1328955	IS_AST_PARENT	
1328950	1328951	IS_AST_PARENT	
1328950	1328956	IS_AST_PARENT	
1328949	1328950	IS_AST_PARENT	
1328959	1328960	IS_AST_PARENT	
1328958	1328959	IS_AST_PARENT	
1328962	1328963	IS_AST_PARENT	
1328961	1328962	IS_AST_PARENT	
1328964	1328965	IS_AST_PARENT	
1328961	1328964	IS_AST_PARENT	
1328958	1328961	IS_AST_PARENT	
1328957	1328958	IS_AST_PARENT	
1328957	1328966	IS_AST_PARENT	
1328949	1328957	IS_AST_PARENT	
1328948	1328949	IS_AST_PARENT	
1328947	1328948	IS_AST_PARENT	
1328970	1328971	IS_AST_PARENT	
1328970	1328972	IS_AST_PARENT	
1328969	1328970	IS_AST_PARENT	
1328973	1328974	IS_AST_PARENT	
1328973	1328975	IS_AST_PARENT	
1328969	1328973	IS_AST_PARENT	
1328968	1328969	IS_AST_PARENT	
1328967	1328968	IS_AST_PARENT	
1328978	1328979	IS_AST_PARENT	
1328977	1328978	IS_AST_PARENT	
1328981	1328982	IS_AST_PARENT	
1328980	1328981	IS_AST_PARENT	
1328983	1328984	IS_AST_PARENT	
1328980	1328983	IS_AST_PARENT	
1328987	1328988	IS_AST_PARENT	
1328987	1328989	IS_AST_PARENT	
1328986	1328987	IS_AST_PARENT	
1328986	1328990	IS_AST_PARENT	
1328985	1328986	IS_AST_PARENT	
1328980	1328985	IS_AST_PARENT	
1328991	1328992	IS_AST_PARENT	
1328980	1328991	IS_AST_PARENT	
1328993	1328994	IS_AST_PARENT	
1328980	1328993	IS_AST_PARENT	
1328977	1328980	IS_AST_PARENT	
1328976	1328977	IS_AST_PARENT	
1328967	1328976	IS_AST_PARENT	
1328996	1328997	IS_AST_PARENT	
1328996	1328998	IS_AST_PARENT	
1328995	1328996	IS_AST_PARENT	
1328967	1328995	IS_AST_PARENT	
1328947	1328967	IS_AST_PARENT	
1328917	1328947	IS_AST_PARENT	
1329001	1329002	IS_AST_PARENT	
1329000	1329001	IS_AST_PARENT	
1329004	1329005	IS_AST_PARENT	
1329003	1329004	IS_AST_PARENT	
1329006	1329007	IS_AST_PARENT	
1329003	1329006	IS_AST_PARENT	
1329010	1329011	IS_AST_PARENT	
1329010	1329012	IS_AST_PARENT	
1329009	1329010	IS_AST_PARENT	
1329009	1329013	IS_AST_PARENT	
1329008	1329009	IS_AST_PARENT	
1329003	1329008	IS_AST_PARENT	
1329014	1329015	IS_AST_PARENT	
1329003	1329014	IS_AST_PARENT	
1329016	1329017	IS_AST_PARENT	
1329003	1329016	IS_AST_PARENT	
1329000	1329003	IS_AST_PARENT	
1328999	1329000	IS_AST_PARENT	
1328917	1328999	IS_AST_PARENT	
1328905	1328917	IS_AST_PARENT	
1328853	1328905	IS_AST_PARENT	
1329018	1329019	IS_AST_PARENT	
1328853	1329018	IS_AST_PARENT	
1329022	1329023	IS_AST_PARENT	
1329021	1329022	IS_AST_PARENT	
1329025	1329026	IS_AST_PARENT	
1329024	1329025	IS_AST_PARENT	
1329027	1329028	IS_AST_PARENT	
1329024	1329027	IS_AST_PARENT	
1329021	1329024	IS_AST_PARENT	
1329020	1329021	IS_AST_PARENT	
1328853	1329020	IS_AST_PARENT	
1329031	1329032	IS_AST_PARENT	
1329033	1329034	IS_AST_PARENT	
1329033	1329035	IS_AST_PARENT	
1329031	1329033	IS_AST_PARENT	
1329030	1329031	IS_AST_PARENT	
1329029	1329030	IS_AST_PARENT	
1329039	1329040	IS_AST_PARENT	
1329038	1329039	IS_AST_PARENT	
1329042	1329043	IS_AST_PARENT	
1329041	1329042	IS_AST_PARENT	
1329044	1329045	IS_AST_PARENT	
1329041	1329044	IS_AST_PARENT	
1329038	1329041	IS_AST_PARENT	
1329037	1329038	IS_AST_PARENT	
1329036	1329037	IS_AST_PARENT	
1329048	1329049	IS_AST_PARENT	
1329047	1329048	IS_AST_PARENT	
1329051	1329052	IS_AST_PARENT	
1329050	1329051	IS_AST_PARENT	
1329053	1329054	IS_AST_PARENT	
1329050	1329053	IS_AST_PARENT	
1329055	1329056	IS_AST_PARENT	
1329050	1329055	IS_AST_PARENT	
1329057	1329058	IS_AST_PARENT	
1329050	1329057	IS_AST_PARENT	
1329059	1329060	IS_AST_PARENT	
1329050	1329059	IS_AST_PARENT	
1329047	1329050	IS_AST_PARENT	
1329046	1329047	IS_AST_PARENT	
1329036	1329046	IS_AST_PARENT	
1329062	1329063	IS_AST_PARENT	
1329062	1329064	IS_AST_PARENT	
1329061	1329062	IS_AST_PARENT	
1329036	1329061	IS_AST_PARENT	
1329029	1329036	IS_AST_PARENT	
1328853	1329029	IS_AST_PARENT	
1329066	1329067	IS_AST_PARENT	
1329069	1329070	IS_AST_PARENT	
1329068	1329069	IS_AST_PARENT	
1329072	1329073	IS_AST_PARENT	
1329071	1329072	IS_AST_PARENT	
1329075	1329076	IS_AST_PARENT	
1329075	1329077	IS_AST_PARENT	
1329074	1329075	IS_AST_PARENT	
1329071	1329074	IS_AST_PARENT	
1329078	1329079	IS_AST_PARENT	
1329071	1329078	IS_AST_PARENT	
1329080	1329081	IS_AST_PARENT	
1329071	1329080	IS_AST_PARENT	
1329068	1329071	IS_AST_PARENT	
1329066	1329068	IS_AST_PARENT	
1329065	1329066	IS_AST_PARENT	
1328853	1329065	IS_AST_PARENT	
1329084	1329085	IS_AST_PARENT	
1329084	1329086	IS_AST_PARENT	
1329083	1329084	IS_AST_PARENT	
1329082	1329083	IS_AST_PARENT	
1329090	1329091	IS_AST_PARENT	
1329090	1329092	IS_AST_PARENT	
1329089	1329090	IS_AST_PARENT	
1329093	1329094	IS_AST_PARENT	
1329093	1329095	IS_AST_PARENT	
1329089	1329093	IS_AST_PARENT	
1329088	1329089	IS_AST_PARENT	
1329087	1329088	IS_AST_PARENT	
1329098	1329099	IS_AST_PARENT	
1329097	1329098	IS_AST_PARENT	
1329101	1329102	IS_AST_PARENT	
1329100	1329101	IS_AST_PARENT	
1329103	1329104	IS_AST_PARENT	
1329100	1329103	IS_AST_PARENT	
1329107	1329108	IS_AST_PARENT	
1329107	1329109	IS_AST_PARENT	
1329106	1329107	IS_AST_PARENT	
1329106	1329110	IS_AST_PARENT	
1329105	1329106	IS_AST_PARENT	
1329100	1329105	IS_AST_PARENT	
1329111	1329112	IS_AST_PARENT	
1329100	1329111	IS_AST_PARENT	
1329113	1329114	IS_AST_PARENT	
1329100	1329113	IS_AST_PARENT	
1329097	1329100	IS_AST_PARENT	
1329096	1329097	IS_AST_PARENT	
1329087	1329096	IS_AST_PARENT	
1329087	1329115	IS_AST_PARENT	
1329082	1329087	IS_AST_PARENT	
1328853	1329082	IS_AST_PARENT	
1329119	1329120	IS_AST_PARENT	
1329119	1329121	IS_AST_PARENT	
1329118	1329119	IS_AST_PARENT	
1329118	1329122	IS_AST_PARENT	
1329117	1329118	IS_AST_PARENT	
1329117	1329123	IS_AST_PARENT	
1329116	1329117	IS_AST_PARENT	
1328853	1329116	IS_AST_PARENT	
1329126	1329127	IS_AST_PARENT	
1329125	1329126	IS_AST_PARENT	
1329129	1329130	IS_AST_PARENT	
1329128	1329129	IS_AST_PARENT	
1329131	1329132	IS_AST_PARENT	
1329128	1329131	IS_AST_PARENT	
1329135	1329136	IS_AST_PARENT	
1329135	1329137	IS_AST_PARENT	
1329134	1329135	IS_AST_PARENT	
1329134	1329138	IS_AST_PARENT	
1329133	1329134	IS_AST_PARENT	
1329128	1329133	IS_AST_PARENT	
1329139	1329140	IS_AST_PARENT	
1329128	1329139	IS_AST_PARENT	
1329141	1329142	IS_AST_PARENT	
1329128	1329141	IS_AST_PARENT	
1329125	1329128	IS_AST_PARENT	
1329124	1329125	IS_AST_PARENT	
1328853	1329124	IS_AST_PARENT	
1329145	1329146	IS_AST_PARENT	
1329145	1329147	IS_AST_PARENT	
1329144	1329145	IS_AST_PARENT	
1329148	1329149	IS_AST_PARENT	
1329148	1329150	IS_AST_PARENT	
1329144	1329148	IS_AST_PARENT	
1329143	1329144	IS_AST_PARENT	
1328853	1329143	IS_AST_PARENT	
1328853	1329151	IS_AST_PARENT	
1329152	1329153	IS_AST_PARENT	
1328853	1329152	IS_AST_PARENT	
1329156	1329157	IS_AST_PARENT	
1329155	1329156	IS_AST_PARENT	
1329159	1329160	IS_AST_PARENT	
1329158	1329159	IS_AST_PARENT	
1329161	1329162	IS_AST_PARENT	
1329158	1329161	IS_AST_PARENT	
1329155	1329158	IS_AST_PARENT	
1329154	1329155	IS_AST_PARENT	
1328853	1329154	IS_AST_PARENT	
1329167	1329168	IS_AST_PARENT	
1329167	1329169	IS_AST_PARENT	
1329166	1329167	IS_AST_PARENT	
1329166	1329170	IS_AST_PARENT	
1329165	1329166	IS_AST_PARENT	
1329165	1329171	IS_AST_PARENT	
1329164	1329165	IS_AST_PARENT	
1329163	1329164	IS_AST_PARENT	
1329175	1329176	IS_AST_PARENT	
1329174	1329175	IS_AST_PARENT	
1329178	1329179	IS_AST_PARENT	
1329177	1329178	IS_AST_PARENT	
1329180	1329181	IS_AST_PARENT	
1329177	1329180	IS_AST_PARENT	
1329174	1329177	IS_AST_PARENT	
1329173	1329174	IS_AST_PARENT	
1329172	1329173	IS_AST_PARENT	
1329186	1329187	IS_AST_PARENT	
1329185	1329186	IS_AST_PARENT	
1329189	1329190	IS_AST_PARENT	
1329188	1329189	IS_AST_PARENT	
1329191	1329192	IS_AST_PARENT	
1329188	1329191	IS_AST_PARENT	
1329185	1329188	IS_AST_PARENT	
1329184	1329185	IS_AST_PARENT	
1329184	1329193	IS_AST_PARENT	
1329183	1329184	IS_AST_PARENT	
1329182	1329183	IS_AST_PARENT	
1329197	1329198	IS_AST_PARENT	
1329197	1329199	IS_AST_PARENT	
1329196	1329197	IS_AST_PARENT	
1329200	1329201	IS_AST_PARENT	
1329200	1329202	IS_AST_PARENT	
1329196	1329200	IS_AST_PARENT	
1329195	1329196	IS_AST_PARENT	
1329194	1329195	IS_AST_PARENT	
1329205	1329206	IS_AST_PARENT	
1329204	1329205	IS_AST_PARENT	
1329208	1329209	IS_AST_PARENT	
1329207	1329208	IS_AST_PARENT	
1329210	1329211	IS_AST_PARENT	
1329207	1329210	IS_AST_PARENT	
1329214	1329215	IS_AST_PARENT	
1329214	1329216	IS_AST_PARENT	
1329213	1329214	IS_AST_PARENT	
1329213	1329217	IS_AST_PARENT	
1329212	1329213	IS_AST_PARENT	
1329207	1329212	IS_AST_PARENT	
1329218	1329219	IS_AST_PARENT	
1329207	1329218	IS_AST_PARENT	
1329220	1329221	IS_AST_PARENT	
1329207	1329220	IS_AST_PARENT	
1329204	1329207	IS_AST_PARENT	
1329203	1329204	IS_AST_PARENT	
1329194	1329203	IS_AST_PARENT	
1329223	1329224	IS_AST_PARENT	
1329223	1329225	IS_AST_PARENT	
1329222	1329223	IS_AST_PARENT	
1329194	1329222	IS_AST_PARENT	
1329182	1329194	IS_AST_PARENT	
1329172	1329182	IS_AST_PARENT	
1329229	1329230	IS_AST_PARENT	
1329229	1329231	IS_AST_PARENT	
1329228	1329229	IS_AST_PARENT	
1329228	1329232	IS_AST_PARENT	
1329227	1329228	IS_AST_PARENT	
1329227	1329233	IS_AST_PARENT	
1329226	1329227	IS_AST_PARENT	
1329172	1329226	IS_AST_PARENT	
1329163	1329172	IS_AST_PARENT	
1328853	1329163	IS_AST_PARENT	
1329238	1329239	IS_AST_PARENT	
1329238	1329240	IS_AST_PARENT	
1329237	1329238	IS_AST_PARENT	
1329237	1329241	IS_AST_PARENT	
1329236	1329237	IS_AST_PARENT	
1329236	1329242	IS_AST_PARENT	
1329235	1329236	IS_AST_PARENT	
1329234	1329235	IS_AST_PARENT	
1329246	1329247	IS_AST_PARENT	
1329245	1329246	IS_AST_PARENT	
1329249	1329250	IS_AST_PARENT	
1329248	1329249	IS_AST_PARENT	
1329251	1329252	IS_AST_PARENT	
1329248	1329251	IS_AST_PARENT	
1329245	1329248	IS_AST_PARENT	
1329244	1329245	IS_AST_PARENT	
1329243	1329244	IS_AST_PARENT	
1329255	1329256	IS_AST_PARENT	
1329255	1329257	IS_AST_PARENT	
1329254	1329255	IS_AST_PARENT	
1329254	1329258	IS_AST_PARENT	
1329253	1329254	IS_AST_PARENT	
1329243	1329253	IS_AST_PARENT	
1329234	1329243	IS_AST_PARENT	
1328853	1329234	IS_AST_PARENT	
1329263	1329264	IS_AST_PARENT	
1329262	1329263	IS_AST_PARENT	
1329266	1329267	IS_AST_PARENT	
1329265	1329266	IS_AST_PARENT	
1329268	1329269	IS_AST_PARENT	
1329265	1329268	IS_AST_PARENT	
1329262	1329265	IS_AST_PARENT	
1329261	1329262	IS_AST_PARENT	
1329261	1329270	IS_AST_PARENT	
1329260	1329261	IS_AST_PARENT	
1329259	1329260	IS_AST_PARENT	
1329274	1329275	IS_AST_PARENT	
1329274	1329276	IS_AST_PARENT	
1329273	1329274	IS_AST_PARENT	
1329277	1329278	IS_AST_PARENT	
1329277	1329279	IS_AST_PARENT	
1329273	1329277	IS_AST_PARENT	
1329272	1329273	IS_AST_PARENT	
1329271	1329272	IS_AST_PARENT	
1329282	1329283	IS_AST_PARENT	
1329281	1329282	IS_AST_PARENT	
1329285	1329286	IS_AST_PARENT	
1329284	1329285	IS_AST_PARENT	
1329287	1329288	IS_AST_PARENT	
1329284	1329287	IS_AST_PARENT	
1329291	1329292	IS_AST_PARENT	
1329291	1329293	IS_AST_PARENT	
1329290	1329291	IS_AST_PARENT	
1329290	1329294	IS_AST_PARENT	
1329289	1329290	IS_AST_PARENT	
1329284	1329289	IS_AST_PARENT	
1329295	1329296	IS_AST_PARENT	
1329284	1329295	IS_AST_PARENT	
1329297	1329298	IS_AST_PARENT	
1329284	1329297	IS_AST_PARENT	
1329281	1329284	IS_AST_PARENT	
1329280	1329281	IS_AST_PARENT	
1329271	1329280	IS_AST_PARENT	
1329300	1329301	IS_AST_PARENT	
1329300	1329302	IS_AST_PARENT	
1329299	1329300	IS_AST_PARENT	
1329271	1329299	IS_AST_PARENT	
1329259	1329271	IS_AST_PARENT	
1328853	1329259	IS_AST_PARENT	
1329305	1329306	IS_AST_PARENT	
1329305	1329307	IS_AST_PARENT	
1329304	1329305	IS_AST_PARENT	
1329303	1329304	IS_AST_PARENT	
1329311	1329312	IS_AST_PARENT	
1329310	1329311	IS_AST_PARENT	
1329314	1329315	IS_AST_PARENT	
1329313	1329314	IS_AST_PARENT	
1329316	1329317	IS_AST_PARENT	
1329313	1329316	IS_AST_PARENT	
1329310	1329313	IS_AST_PARENT	
1329309	1329310	IS_AST_PARENT	
1329308	1329309	IS_AST_PARENT	
1329321	1329322	IS_AST_PARENT	
1329321	1329323	IS_AST_PARENT	
1329320	1329321	IS_AST_PARENT	
1329320	1329324	IS_AST_PARENT	
1329319	1329320	IS_AST_PARENT	
1329319	1329325	IS_AST_PARENT	
1329318	1329319	IS_AST_PARENT	
1329308	1329318	IS_AST_PARENT	
1329329	1329330	IS_AST_PARENT	
1329329	1329331	IS_AST_PARENT	
1329328	1329329	IS_AST_PARENT	
1329328	1329332	IS_AST_PARENT	
1329327	1329328	IS_AST_PARENT	
1329326	1329327	IS_AST_PARENT	
1329336	1329337	IS_AST_PARENT	
1329335	1329336	IS_AST_PARENT	
1329339	1329340	IS_AST_PARENT	
1329338	1329339	IS_AST_PARENT	
1329341	1329342	IS_AST_PARENT	
1329338	1329341	IS_AST_PARENT	
1329335	1329338	IS_AST_PARENT	
1329334	1329335	IS_AST_PARENT	
1329333	1329334	IS_AST_PARENT	
1329333	1329343	IS_AST_PARENT	
1329326	1329333	IS_AST_PARENT	
1329308	1329326	IS_AST_PARENT	
1329347	1329348	IS_AST_PARENT	
1329347	1329349	IS_AST_PARENT	
1329346	1329347	IS_AST_PARENT	
1329346	1329350	IS_AST_PARENT	
1329345	1329346	IS_AST_PARENT	
1329344	1329345	IS_AST_PARENT	
1329354	1329355	IS_AST_PARENT	
1329353	1329354	IS_AST_PARENT	
1329357	1329358	IS_AST_PARENT	
1329356	1329357	IS_AST_PARENT	
1329359	1329360	IS_AST_PARENT	
1329356	1329359	IS_AST_PARENT	
1329353	1329356	IS_AST_PARENT	
1329352	1329353	IS_AST_PARENT	
1329351	1329352	IS_AST_PARENT	
1329351	1329361	IS_AST_PARENT	
1329344	1329351	IS_AST_PARENT	
1329308	1329344	IS_AST_PARENT	
1329366	1329367	IS_AST_PARENT	
1329365	1329366	IS_AST_PARENT	
1329369	1329370	IS_AST_PARENT	
1329368	1329369	IS_AST_PARENT	
1329372	1329373	IS_AST_PARENT	
1329372	1329374	IS_AST_PARENT	
1329371	1329372	IS_AST_PARENT	
1329368	1329371	IS_AST_PARENT	
1329375	1329376	IS_AST_PARENT	
1329368	1329375	IS_AST_PARENT	
1329377	1329378	IS_AST_PARENT	
1329368	1329377	IS_AST_PARENT	
1329365	1329368	IS_AST_PARENT	
1329364	1329365	IS_AST_PARENT	
1329364	1329379	IS_AST_PARENT	
1329363	1329364	IS_AST_PARENT	
1329362	1329363	IS_AST_PARENT	
1329382	1329383	IS_AST_PARENT	
1329381	1329382	IS_AST_PARENT	
1329385	1329386	IS_AST_PARENT	
1329384	1329385	IS_AST_PARENT	
1329387	1329388	IS_AST_PARENT	
1329384	1329387	IS_AST_PARENT	
1329391	1329392	IS_AST_PARENT	
1329391	1329393	IS_AST_PARENT	
1329390	1329391	IS_AST_PARENT	
1329390	1329394	IS_AST_PARENT	
1329389	1329390	IS_AST_PARENT	
1329384	1329389	IS_AST_PARENT	
1329395	1329396	IS_AST_PARENT	
1329384	1329395	IS_AST_PARENT	
1329397	1329398	IS_AST_PARENT	
1329384	1329397	IS_AST_PARENT	
1329381	1329384	IS_AST_PARENT	
1329380	1329381	IS_AST_PARENT	
1329362	1329380	IS_AST_PARENT	
1329402	1329403	IS_AST_PARENT	
1329401	1329402	IS_AST_PARENT	
1329405	1329406	IS_AST_PARENT	
1329404	1329405	IS_AST_PARENT	
1329407	1329408	IS_AST_PARENT	
1329404	1329407	IS_AST_PARENT	
1329411	1329412	IS_AST_PARENT	
1329411	1329413	IS_AST_PARENT	
1329410	1329411	IS_AST_PARENT	
1329410	1329414	IS_AST_PARENT	
1329409	1329410	IS_AST_PARENT	
1329404	1329409	IS_AST_PARENT	
1329415	1329416	IS_AST_PARENT	
1329404	1329415	IS_AST_PARENT	
1329417	1329418	IS_AST_PARENT	
1329404	1329417	IS_AST_PARENT	
1329401	1329404	IS_AST_PARENT	
1329400	1329401	IS_AST_PARENT	
1329399	1329400	IS_AST_PARENT	
1329362	1329399	IS_AST_PARENT	
1329308	1329362	IS_AST_PARENT	
1329422	1329423	IS_AST_PARENT	
1329422	1329424	IS_AST_PARENT	
1329421	1329422	IS_AST_PARENT	
1329421	1329425	IS_AST_PARENT	
1329420	1329421	IS_AST_PARENT	
1329420	1329426	IS_AST_PARENT	
1329419	1329420	IS_AST_PARENT	
1329308	1329419	IS_AST_PARENT	
1329303	1329308	IS_AST_PARENT	
1329431	1329432	IS_AST_PARENT	
1329430	1329431	IS_AST_PARENT	
1329434	1329435	IS_AST_PARENT	
1329433	1329434	IS_AST_PARENT	
1329436	1329437	IS_AST_PARENT	
1329433	1329436	IS_AST_PARENT	
1329438	1329439	IS_AST_PARENT	
1329433	1329438	IS_AST_PARENT	
1329430	1329433	IS_AST_PARENT	
1329429	1329430	IS_AST_PARENT	
1329428	1329429	IS_AST_PARENT	
1329442	1329443	IS_AST_PARENT	
1329442	1329444	IS_AST_PARENT	
1329441	1329442	IS_AST_PARENT	
1329445	1329446	IS_AST_PARENT	
1329445	1329447	IS_AST_PARENT	
1329441	1329445	IS_AST_PARENT	
1329440	1329441	IS_AST_PARENT	
1329428	1329440	IS_AST_PARENT	
1329451	1329452	IS_AST_PARENT	
1329451	1329453	IS_AST_PARENT	
1329450	1329451	IS_AST_PARENT	
1329450	1329454	IS_AST_PARENT	
1329449	1329450	IS_AST_PARENT	
1329448	1329449	IS_AST_PARENT	
1329458	1329459	IS_AST_PARENT	
1329458	1329460	IS_AST_PARENT	
1329457	1329458	IS_AST_PARENT	
1329456	1329457	IS_AST_PARENT	
1329463	1329464	IS_AST_PARENT	
1329462	1329463	IS_AST_PARENT	
1329466	1329467	IS_AST_PARENT	
1329465	1329466	IS_AST_PARENT	
1329468	1329469	IS_AST_PARENT	
1329465	1329468	IS_AST_PARENT	
1329472	1329473	IS_AST_PARENT	
1329472	1329474	IS_AST_PARENT	
1329471	1329472	IS_AST_PARENT	
1329471	1329475	IS_AST_PARENT	
1329470	1329471	IS_AST_PARENT	
1329465	1329470	IS_AST_PARENT	
1329476	1329477	IS_AST_PARENT	
1329465	1329476	IS_AST_PARENT	
1329478	1329479	IS_AST_PARENT	
1329465	1329478	IS_AST_PARENT	
1329462	1329465	IS_AST_PARENT	
1329461	1329462	IS_AST_PARENT	
1329456	1329461	IS_AST_PARENT	
1329483	1329484	IS_AST_PARENT	
1329482	1329483	IS_AST_PARENT	
1329486	1329487	IS_AST_PARENT	
1329485	1329486	IS_AST_PARENT	
1329488	1329489	IS_AST_PARENT	
1329485	1329488	IS_AST_PARENT	
1329492	1329493	IS_AST_PARENT	
1329492	1329494	IS_AST_PARENT	
1329491	1329492	IS_AST_PARENT	
1329491	1329495	IS_AST_PARENT	
1329490	1329491	IS_AST_PARENT	
1329485	1329490	IS_AST_PARENT	
1329496	1329497	IS_AST_PARENT	
1329485	1329496	IS_AST_PARENT	
1329498	1329499	IS_AST_PARENT	
1329485	1329498	IS_AST_PARENT	
1329482	1329485	IS_AST_PARENT	
1329481	1329482	IS_AST_PARENT	
1329480	1329481	IS_AST_PARENT	
1329456	1329480	IS_AST_PARENT	
1329455	1329456	IS_AST_PARENT	
1329448	1329455	IS_AST_PARENT	
1329503	1329504	IS_AST_PARENT	
1329502	1329503	IS_AST_PARENT	
1329506	1329507	IS_AST_PARENT	
1329505	1329506	IS_AST_PARENT	
1329508	1329509	IS_AST_PARENT	
1329505	1329508	IS_AST_PARENT	
1329512	1329513	IS_AST_PARENT	
1329512	1329514	IS_AST_PARENT	
1329511	1329512	IS_AST_PARENT	
1329511	1329515	IS_AST_PARENT	
1329510	1329511	IS_AST_PARENT	
1329505	1329510	IS_AST_PARENT	
1329516	1329517	IS_AST_PARENT	
1329505	1329516	IS_AST_PARENT	
1329518	1329519	IS_AST_PARENT	
1329505	1329518	IS_AST_PARENT	
1329502	1329505	IS_AST_PARENT	
1329501	1329502	IS_AST_PARENT	
1329500	1329501	IS_AST_PARENT	
1329448	1329500	IS_AST_PARENT	
1329428	1329448	IS_AST_PARENT	
1329427	1329428	IS_AST_PARENT	
1329303	1329427	IS_AST_PARENT	
1328853	1329303	IS_AST_PARENT	
1328853	1329520	IS_AST_PARENT	
1329521	1329522	IS_AST_PARENT	
1328853	1329521	IS_AST_PARENT	
1329525	1329526	IS_AST_PARENT	
1329524	1329525	IS_AST_PARENT	
1329528	1329529	IS_AST_PARENT	
1329527	1329528	IS_AST_PARENT	
1329530	1329531	IS_AST_PARENT	
1329527	1329530	IS_AST_PARENT	
1329524	1329527	IS_AST_PARENT	
1329523	1329524	IS_AST_PARENT	
1328853	1329523	IS_AST_PARENT	
1329534	1329535	IS_AST_PARENT	
1329533	1329534	IS_AST_PARENT	
1329537	1329538	IS_AST_PARENT	
1329536	1329537	IS_AST_PARENT	
1329539	1329540	IS_AST_PARENT	
1329536	1329539	IS_AST_PARENT	
1329541	1329542	IS_AST_PARENT	
1329536	1329541	IS_AST_PARENT	
1329543	1329544	IS_AST_PARENT	
1329536	1329543	IS_AST_PARENT	
1329545	1329546	IS_AST_PARENT	
1329536	1329545	IS_AST_PARENT	
1329533	1329536	IS_AST_PARENT	
1329532	1329533	IS_AST_PARENT	
1328853	1329532	IS_AST_PARENT	
1329548	1329549	IS_AST_PARENT	
1329548	1329550	IS_AST_PARENT	
1329547	1329548	IS_AST_PARENT	
1328853	1329547	IS_AST_PARENT	
1328848	1328853	IS_AST_PARENT	
1328579	1328848	IS_AST_PARENT	
1329551	1329552	IS_AST_PARENT	
1328579	1329551	IS_AST_PARENT	
1328578	1328579	IS_AST_PARENT	
1328578	1329553	IS_AST_PARENT	
1328578	1329554	IS_AST_PARENT	
1329556	1329557	IS_AST_PARENT	
1329556	1329558	IS_AST_PARENT	
1329555	1329556	IS_AST_PARENT	
1329559	1329560	IS_AST_PARENT	
1329559	1329561	IS_AST_PARENT	
1329555	1329559	IS_AST_PARENT	
1329562	1329563	IS_AST_PARENT	
1329562	1329564	IS_AST_PARENT	
1329555	1329562	IS_AST_PARENT	
1328578	1329555	IS_AST_PARENT	
1329565	1329556	FLOWS_TO	
1329556	1329559	FLOWS_TO	
1329559	1329562	FLOWS_TO	
1329562	1328580	FLOWS_TO	
1328580	1328587	FLOWS_TO	
1328587	1328597	FLOWS_TO	
1328597	1328607	FLOWS_TO	
1328607	1328614	FLOWS_TO	
1328614	1328621	FLOWS_TO	
1328621	1328630	FLOWS_TO	
1328630	1328639	FLOWS_TO	
1328639	1328646	FLOWS_TO	
1328646	1328652	FLOWS_TO	
1328652	1328658	FLOWS_TO	
1328658	1328660	FLOWS_TO	
1328660	1328663	FLOWS_TO	
1328660	1328679	FLOWS_TO	
1328663	1328671	FLOWS_TO	
1328671	1328679	FLOWS_TO	
1328679	1328684	FLOWS_TO	
1328684	1328691	FLOWS_TO	
1328691	1328695	FLOWS_TO	
1328695	1328699	FLOWS_TO	
1328699	1328703	FLOWS_TO	
1328703	1328712	FLOWS_TO	
1328712	1328718	FLOWS_TO	
1328718	1328724	FLOWS_TO	
1328724	1328730	FLOWS_TO	
1328730	1328736	FLOWS_TO	
1328736	1328742	FLOWS_TO	
1328742	1328748	FLOWS_TO	
1328748	1328754	FLOWS_TO	
1328754	1328760	FLOWS_TO	
1328760	1328766	FLOWS_TO	
1328766	1328781	FLOWS_TO	
1328781	1328796	FLOWS_TO	
1328796	1328800	FLOWS_TO	
1328796	1328834	FLOWS_TO	
1328800	1328814	FLOWS_TO	
1328800	1328834	FLOWS_TO	
1328814	1328800	FLOWS_TO	
1328834	1328841	FLOWS_TO	
1328841	1328849	FLOWS_TO	
1328849	1328854	FLOWS_TO	
1328849	1329521	FLOWS_TO	
1328849	1329018	FLOWS_TO	
1328849	1329152	FLOWS_TO	
1328854	1328856	FLOWS_TO	
1328856	1328866	FLOWS_TO	
1328866	1328875	FLOWS_TO	
1328866	1328906	FLOWS_TO	
1328875	1328884	FLOWS_TO	
1328884	1328903	FLOWS_TO	
1328903	1329566	FLOWS_TO	
1328906	1328918	FLOWS_TO	
1328906	1329018	FLOWS_TO	
1328918	1328936	FLOWS_TO	
1328936	1328948	FLOWS_TO	
1328948	1328968	FLOWS_TO	
1328948	1328999	FLOWS_TO	
1328968	1328976	FLOWS_TO	
1328976	1328995	FLOWS_TO	
1328995	1329566	FLOWS_TO	
1328999	1329018	FLOWS_TO	
1329018	1329020	FLOWS_TO	
1329020	1329030	FLOWS_TO	
1329030	1329037	FLOWS_TO	
1329030	1329065	FLOWS_TO	
1329037	1329046	FLOWS_TO	
1329046	1329061	FLOWS_TO	
1329061	1329566	FLOWS_TO	
1329065	1329083	FLOWS_TO	
1329083	1329088	FLOWS_TO	
1329083	1329116	FLOWS_TO	
1329088	1329096	FLOWS_TO	
1329096	1329115	FLOWS_TO	
1329115	1329551	FLOWS_TO	
1329116	1329124	FLOWS_TO	
1329124	1329143	FLOWS_TO	
1329143	1329151	FLOWS_TO	
1329151	1329551	FLOWS_TO	
1329152	1329154	FLOWS_TO	
1329154	1329164	FLOWS_TO	
1329164	1329173	FLOWS_TO	
1329164	1329235	FLOWS_TO	
1329173	1329183	FLOWS_TO	
1329183	1329195	FLOWS_TO	
1329183	1329226	FLOWS_TO	
1329195	1329203	FLOWS_TO	
1329203	1329222	FLOWS_TO	
1329222	1329566	FLOWS_TO	
1329226	1329235	FLOWS_TO	
1329235	1329244	FLOWS_TO	
1329235	1329260	FLOWS_TO	
1329244	1329253	FLOWS_TO	
1329253	1329260	FLOWS_TO	
1329260	1329272	FLOWS_TO	
1329260	1329304	FLOWS_TO	
1329272	1329280	FLOWS_TO	
1329280	1329299	FLOWS_TO	
1329299	1329566	FLOWS_TO	
1329304	1329309	FLOWS_TO	
1329304	1329429	FLOWS_TO	
1329309	1329318	FLOWS_TO	
1329318	1329327	FLOWS_TO	
1329327	1329334	FLOWS_TO	
1329327	1329345	FLOWS_TO	
1329334	1329343	FLOWS_TO	
1329343	1329551	FLOWS_TO	
1329345	1329352	FLOWS_TO	
1329345	1329363	FLOWS_TO	
1329352	1329361	FLOWS_TO	
1329361	1329551	FLOWS_TO	
1329363	1329380	FLOWS_TO	
1329363	1329400	FLOWS_TO	
1329380	1329419	FLOWS_TO	
1329400	1329419	FLOWS_TO	
1329419	1329520	FLOWS_TO	
1329429	1329440	FLOWS_TO	
1329440	1329449	FLOWS_TO	
1329449	1329457	FLOWS_TO	
1329449	1329501	FLOWS_TO	
1329457	1329461	FLOWS_TO	
1329457	1329481	FLOWS_TO	
1329461	1329520	FLOWS_TO	
1329481	1329520	FLOWS_TO	
1329501	1329520	FLOWS_TO	
1329520	1329551	FLOWS_TO	
1329521	1329523	FLOWS_TO	
1329523	1329532	FLOWS_TO	
1329532	1329547	FLOWS_TO	
1329547	1329566	FLOWS_TO	
1329551	1329566	FLOWS_TO	
1329124	1329567	USE	
1329131	1329567	USE	
1329400	1329567	USE	
1329407	1329567	USE	
1328699	1329568	DEF	
1328700	1329568	DEF	
1328766	1329568	DEF	
1328767	1329568	DEF	
1328814	1329568	USE	
1328819	1329568	USE	
1328834	1329568	USE	
1328839	1329568	USE	
1328621	1329569	USE	
1328625	1329569	USE	
1328652	1329569	USE	
1328653	1329569	USE	
1328884	1329570	USE	
1328891	1329570	USE	
1329501	1329570	USE	
1329508	1329570	USE	
1328766	1329571	USE	
1328775	1329571	USE	
1329461	1329572	USE	
1329468	1329572	USE	
1328695	1329573	DEF	
1328696	1329573	DEF	
1328703	1329573	DEF	
1328704	1329573	DEF	
1328712	1329573	USE	
1328714	1329573	USE	
1328718	1329573	USE	
1328720	1329573	USE	
1328724	1329573	USE	
1328726	1329573	USE	
1328730	1329573	USE	
1328732	1329573	USE	
1328736	1329573	USE	
1328738	1329573	USE	
1328742	1329573	USE	
1328744	1329573	USE	
1328748	1329573	USE	
1328750	1329573	USE	
1328754	1329573	USE	
1328756	1329573	USE	
1328760	1329573	USE	
1328762	1329573	USE	
1328766	1329573	USE	
1328773	1329573	USE	
1328884	1329574	USE	
1328893	1329574	USE	
1328948	1329574	USE	
1328976	1329574	USE	
1328985	1329574	USE	
1328999	1329574	USE	
1329008	1329574	USE	
1329096	1329574	USE	
1329105	1329574	USE	
1329116	1329574	DEF	
1329117	1329574	DEF	
1329124	1329574	USE	
1329133	1329574	USE	
1329164	1329574	USE	
1329203	1329574	USE	
1329212	1329574	USE	
1329226	1329574	DEF	
1329227	1329574	DEF	
1329235	1329574	USE	
1329280	1329574	USE	
1329289	1329574	USE	
1329318	1329574	DEF	
1329319	1329574	DEF	
1329327	1329574	USE	
1329345	1329574	USE	
1329380	1329574	USE	
1329389	1329574	USE	
1329400	1329574	USE	
1329409	1329574	USE	
1329419	1329574	DEF	
1329420	1329574	DEF	
1329449	1329574	USE	
1329461	1329574	USE	
1329470	1329574	USE	
1329481	1329574	USE	
1329490	1329574	USE	
1329501	1329574	USE	
1329510	1329574	USE	
1328866	1329575	USE	
1329457	1329575	USE	
1328607	1329576	DEF	
1328611	1329576	DEF	
1328608	1329576	DEF	
1328646	1329576	USE	
1328647	1329576	USE	
1328800	1329577	USE	
1328663	1329578	USE	
1328664	1329578	USE	
1328884	1329579	USE	
1328893	1329579	USE	
1328948	1329579	USE	
1328976	1329579	USE	
1328985	1329579	USE	
1328999	1329579	USE	
1329008	1329579	USE	
1329096	1329579	USE	
1329105	1329579	USE	
1329116	1329579	DEF	
1329117	1329579	DEF	
1329124	1329579	USE	
1329133	1329579	USE	
1329164	1329579	USE	
1329203	1329579	USE	
1329212	1329579	USE	
1329226	1329579	DEF	
1329227	1329579	DEF	
1329235	1329579	USE	
1329280	1329579	USE	
1329289	1329579	USE	
1329318	1329579	DEF	
1329319	1329579	DEF	
1329327	1329579	USE	
1329345	1329579	USE	
1329380	1329579	USE	
1329389	1329579	USE	
1329400	1329579	USE	
1329409	1329579	USE	
1329419	1329579	DEF	
1329420	1329579	DEF	
1329449	1329579	USE	
1329461	1329579	USE	
1329470	1329579	USE	
1329481	1329579	USE	
1329490	1329579	USE	
1329501	1329579	USE	
1329510	1329579	USE	
1328814	1329580	USE	
1328823	1329580	USE	
1328849	1329581	USE	
1328884	1329581	USE	
1328894	1329581	USE	
1328948	1329581	USE	
1328951	1329581	USE	
1328968	1329581	DEF	
1328969	1329581	DEF	
1328976	1329581	USE	
1328986	1329581	USE	
1328999	1329581	USE	
1329009	1329581	USE	
1329030	1329581	USE	
1329065	1329581	USE	
1329074	1329581	USE	
1329088	1329581	DEF	
1329089	1329581	DEF	
1329096	1329581	USE	
1329106	1329581	USE	
1329116	1329581	USE	
1329118	1329581	USE	
1329124	1329581	USE	
1329134	1329581	USE	
1329143	1329581	DEF	
1329144	1329581	DEF	
1329164	1329581	USE	
1329166	1329581	USE	
1329195	1329581	DEF	
1329196	1329581	DEF	
1329203	1329581	USE	
1329213	1329581	USE	
1329226	1329581	USE	
1329228	1329581	USE	
1329235	1329581	USE	
1329237	1329581	USE	
1329253	1329581	DEF	
1329254	1329581	DEF	
1329272	1329581	DEF	
1329273	1329581	DEF	
1329280	1329581	USE	
1329290	1329581	USE	
1329318	1329581	USE	
1329320	1329581	USE	
1329327	1329581	USE	
1329328	1329581	USE	
1329345	1329581	USE	
1329346	1329581	USE	
1329363	1329581	USE	
1329371	1329581	USE	
1329380	1329581	USE	
1329390	1329581	USE	
1329400	1329581	USE	
1329410	1329581	USE	
1329419	1329581	USE	
1329421	1329581	USE	
1329440	1329581	DEF	
1329441	1329581	DEF	
1329449	1329581	USE	
1329450	1329581	USE	
1329461	1329581	USE	
1329471	1329581	USE	
1329481	1329581	USE	
1329491	1329581	USE	
1329501	1329581	USE	
1329511	1329581	USE	
1329559	1329582	DEF	
1328660	1329582	USE	
1328663	1329582	USE	
1328668	1329582	USE	
1328936	1329582	USE	
1328945	1329582	USE	
1328948	1329582	USE	
1328964	1329582	USE	
1329183	1329582	USE	
1329191	1329582	USE	
1329260	1329582	USE	
1329268	1329582	USE	
1329253	1329583	USE	
1329254	1329583	USE	
1328671	1329584	USE	
1328672	1329584	USE	
1329318	1329585	DEF	
1329319	1329585	DEF	
1329419	1329585	DEF	
1329420	1329585	DEF	
1328948	1329586	USE	
1329260	1329586	USE	
1329345	1329587	USE	
1328614	1329588	DEF	
1328618	1329588	DEF	
1328615	1329588	DEF	
1328663	1329589	USE	
1328664	1329589	USE	
1328580	1329590	DEF	
1328584	1329590	DEF	
1328580	1329590	USE	
1328584	1329590	USE	
1328800	1329590	USE	
1328630	1329591	DEF	
1328634	1329591	DEF	
1328631	1329591	DEF	
1328884	1329592	USE	
1328901	1329592	USE	
1328976	1329592	USE	
1328993	1329592	USE	
1329046	1329592	USE	
1329059	1329592	USE	
1329065	1329592	USE	
1329078	1329592	USE	
1329096	1329592	USE	
1329113	1329592	USE	
1329203	1329592	USE	
1329220	1329592	USE	
1329280	1329592	USE	
1329297	1329592	USE	
1329363	1329592	USE	
1329375	1329592	USE	
1329380	1329592	USE	
1329397	1329592	USE	
1329461	1329592	USE	
1329478	1329592	USE	
1329481	1329592	USE	
1329498	1329592	USE	
1329501	1329592	USE	
1329518	1329592	USE	
1329532	1329592	USE	
1329545	1329592	USE	
1329088	1329593	USE	
1329089	1329593	USE	
1329143	1329593	USE	
1329144	1329593	USE	
1328580	1329594	DEF	
1328581	1329594	DEF	
1328663	1329594	DEF	
1328664	1329594	DEF	
1328671	1329594	USE	
1328675	1329594	USE	
1328906	1329594	USE	
1328913	1329594	USE	
1328918	1329594	USE	
1328933	1329594	USE	
1328684	1329595	DEF	
1328688	1329595	DEF	
1328685	1329595	DEF	
1328781	1329595	USE	
1328791	1329595	USE	
1328948	1329596	USE	
1329164	1329596	USE	
1328679	1329597	DEF	
1328680	1329597	DEF	
1328800	1329597	USE	
1328806	1329597	USE	
1328814	1329597	USE	
1328832	1329597	USE	
1328821	1329597	USE	
1328884	1329598	USE	
1328894	1329598	USE	
1328948	1329598	USE	
1328951	1329598	USE	
1328976	1329598	USE	
1328986	1329598	USE	
1328999	1329598	USE	
1329009	1329598	USE	
1329030	1329598	USE	
1329065	1329598	USE	
1329074	1329598	USE	
1329096	1329598	USE	
1329106	1329598	USE	
1329116	1329598	USE	
1329118	1329598	USE	
1329124	1329598	USE	
1329134	1329598	USE	
1329164	1329598	USE	
1329166	1329598	USE	
1329203	1329598	USE	
1329213	1329598	USE	
1329226	1329598	USE	
1329228	1329598	USE	
1329235	1329598	USE	
1329237	1329598	USE	
1329280	1329598	USE	
1329290	1329598	USE	
1329318	1329598	USE	
1329320	1329598	USE	
1329327	1329598	USE	
1329328	1329598	USE	
1329345	1329598	USE	
1329346	1329598	USE	
1329363	1329598	USE	
1329371	1329598	USE	
1329380	1329598	USE	
1329390	1329598	USE	
1329400	1329598	USE	
1329410	1329598	USE	
1329419	1329598	USE	
1329421	1329598	USE	
1329449	1329598	USE	
1329450	1329598	USE	
1329461	1329598	USE	
1329471	1329598	USE	
1329481	1329598	USE	
1329491	1329598	USE	
1329501	1329598	USE	
1329511	1329598	USE	
1328587	1329599	USE	
1328591	1329599	USE	
1328587	1329599	DEF	
1328591	1329599	DEF	
1329226	1329600	DEF	
1329227	1329600	DEF	
1329556	1329601	DEF	
1328849	1329601	USE	
1328850	1329601	USE	
1328884	1329601	USE	
1328889	1329601	USE	
1328895	1329601	USE	
1328948	1329601	USE	
1328952	1329601	USE	
1328962	1329601	USE	
1328968	1329601	USE	
1328970	1329601	USE	
1328976	1329601	USE	
1328987	1329601	USE	
1328981	1329601	USE	
1328999	1329601	USE	
1329004	1329601	USE	
1329010	1329601	USE	
1329030	1329601	USE	
1329033	1329601	USE	
1329046	1329601	USE	
1329051	1329601	USE	
1329065	1329601	USE	
1329072	1329601	USE	
1329075	1329601	USE	
1329088	1329601	USE	
1329090	1329601	USE	
1329096	1329601	USE	
1329101	1329601	USE	
1329107	1329601	USE	
1329116	1329601	USE	
1329119	1329601	USE	
1329124	1329601	USE	
1329135	1329601	USE	
1329129	1329601	USE	
1329143	1329601	USE	
1329145	1329601	USE	
1329164	1329601	USE	
1329167	1329601	USE	
1329183	1329601	USE	
1329189	1329601	USE	
1329195	1329601	USE	
1329197	1329601	USE	
1329203	1329601	USE	
1329214	1329601	USE	
1329208	1329601	USE	
1329226	1329601	USE	
1329229	1329601	USE	
1329235	1329601	USE	
1329238	1329601	USE	
1329253	1329601	USE	
1329255	1329601	USE	
1329260	1329601	USE	
1329266	1329601	USE	
1329272	1329601	USE	
1329274	1329601	USE	
1329280	1329601	USE	
1329285	1329601	USE	
1329291	1329601	USE	
1329318	1329601	USE	
1329321	1329601	USE	
1329327	1329601	USE	
1329329	1329601	USE	
1329345	1329601	USE	
1329347	1329601	USE	
1329363	1329601	USE	
1329369	1329601	USE	
1329372	1329601	USE	
1329380	1329601	USE	
1329391	1329601	USE	
1329385	1329601	USE	
1329400	1329601	USE	
1329411	1329601	USE	
1329405	1329601	USE	
1329419	1329601	USE	
1329422	1329601	USE	
1329440	1329601	USE	
1329442	1329601	USE	
1329449	1329601	USE	
1329451	1329601	USE	
1329461	1329601	USE	
1329472	1329601	USE	
1329466	1329601	USE	
1329481	1329601	USE	
1329486	1329601	USE	
1329492	1329601	USE	
1329501	1329601	USE	
1329512	1329601	USE	
1329506	1329601	USE	
1329532	1329601	USE	
1329537	1329601	USE	
1328712	1329602	DEF	
1328713	1329602	DEF	
1328718	1329602	DEF	
1328719	1329602	DEF	
1328724	1329602	DEF	
1328725	1329602	DEF	
1328730	1329602	DEF	
1328731	1329602	DEF	
1328736	1329602	DEF	
1328737	1329602	DEF	
1328742	1329602	DEF	
1328743	1329602	DEF	
1328748	1329602	DEF	
1328749	1329602	DEF	
1328754	1329602	DEF	
1328755	1329602	DEF	
1328760	1329602	DEF	
1328761	1329602	DEF	
1328587	1329603	DEF	
1328588	1329603	DEF	
1328671	1329603	DEF	
1328672	1329603	DEF	
1328866	1329603	USE	
1328884	1329603	USE	
1328899	1329603	USE	
1329046	1329603	USE	
1329055	1329603	USE	
1329304	1329603	USE	
1329429	1329603	USE	
1329438	1329603	USE	
1329457	1329603	USE	
1329461	1329603	USE	
1329476	1329603	USE	
1329481	1329603	USE	
1329496	1329603	USE	
1329501	1329603	USE	
1329516	1329603	USE	
1329532	1329603	USE	
1329541	1329603	USE	
1328587	1329604	DEF	
1328594	1329604	DEF	
1329065	1329604	DEF	
1329066	1329604	DEF	
1329083	1329604	USE	
1329096	1329605	USE	
1329103	1329605	USE	
1329380	1329605	USE	
1329387	1329605	USE	
1329481	1329605	USE	
1329488	1329605	USE	
1329253	1329606	DEF	
1329254	1329606	DEF	
1328884	1329607	USE	
1328893	1329607	USE	
1328948	1329607	USE	
1328976	1329607	USE	
1328985	1329607	USE	
1328999	1329607	USE	
1329008	1329607	USE	
1329096	1329607	USE	
1329105	1329607	USE	
1329124	1329607	USE	
1329133	1329607	USE	
1329164	1329607	USE	
1329203	1329607	USE	
1329212	1329607	USE	
1329235	1329607	USE	
1329280	1329607	USE	
1329289	1329607	USE	
1329380	1329607	USE	
1329389	1329607	USE	
1329400	1329607	USE	
1329409	1329607	USE	
1329461	1329607	USE	
1329470	1329607	USE	
1329481	1329607	USE	
1329490	1329607	USE	
1329501	1329607	USE	
1329510	1329607	USE	
1328866	1329608	USE	
1329304	1329608	USE	
1328906	1329609	USE	
1328912	1329609	USE	
1328918	1329609	USE	
1328932	1329609	USE	
1329183	1329610	USE	
1328671	1329611	USE	
1328672	1329611	USE	
1329065	1329612	USE	
1329066	1329612	USE	
1329363	1329612	USE	
1329327	1329613	USE	
1329449	1329613	USE	
1328976	1329614	USE	
1328983	1329614	USE	
1329046	1329614	USE	
1329053	1329614	USE	
1329203	1329614	USE	
1329210	1329614	USE	
1329280	1329614	USE	
1329287	1329614	USE	
1329532	1329614	USE	
1329539	1329614	USE	
1328999	1329615	USE	
1329006	1329615	USE	
1328703	1329616	USE	
1328704	1329616	USE	
1328671	1329617	USE	
1328672	1329617	USE	
1328906	1329617	USE	
1328912	1329617	USE	
1328918	1329617	USE	
1328932	1329617	USE	
1328781	1329618	USE	
1328785	1329618	USE	
1328849	1329619	USE	
1328968	1329619	DEF	
1328969	1329619	DEF	
1329088	1329619	DEF	
1329089	1329619	DEF	
1329143	1329619	DEF	
1329144	1329619	DEF	
1329195	1329619	DEF	
1329196	1329619	DEF	
1329272	1329619	DEF	
1329273	1329619	DEF	
1329440	1329619	DEF	
1329441	1329619	DEF	
1328639	1329620	DEF	
1328640	1329620	DEF	
1328643	1329620	DEF	
1328621	1329621	DEF	
1328625	1329621	DEF	
1328622	1329621	DEF	
1328646	1329621	USE	
1328648	1329621	USE	
1328652	1329621	DEF	
1328653	1329621	DEF	
1328781	1329622	DEF	
1328785	1329622	DEF	
1328782	1329622	DEF	
1328796	1329622	USE	
1328800	1329622	USE	
1328810	1329622	USE	
1328841	1329622	USE	
1328846	1329622	USE	
1329235	1329623	USE	
1328906	1329624	USE	
1328918	1329624	USE	
1328927	1329624	USE	
1328968	1329625	USE	
1328969	1329625	USE	
1329195	1329625	USE	
1329196	1329625	USE	
1329272	1329625	USE	
1329273	1329625	USE	
1329440	1329625	USE	
1329441	1329625	USE	
1328691	1329626	DEF	
1328692	1329626	DEF	
1328968	1329627	USE	
1328969	1329627	USE	
1329088	1329627	USE	
1329089	1329627	USE	
1329195	1329627	USE	
1329196	1329627	USE	
1329272	1329627	USE	
1329273	1329627	USE	
1329440	1329627	USE	
1329441	1329627	USE	
1329143	1329628	USE	
1329144	1329628	USE	
1329562	1329629	DEF	
1328999	1329630	USE	
1329016	1329630	USE	
1329065	1329630	USE	
1329080	1329630	USE	
1329124	1329630	USE	
1329141	1329630	USE	
1329363	1329630	USE	
1329377	1329630	USE	
1329400	1329630	USE	
1329417	1329630	USE	
1328646	1329631	DEF	
1328647	1329631	DEF	
1328766	1329632	USE	
1328775	1329632	USE	
1328766	1329633	USE	
1328767	1329633	USE	
1329116	1329634	DEF	
1329117	1329634	DEF	
1328766	1328814	REACHES	_ebba18af2454b48faf7ecf639c7e0fd8
1328766	1328834	REACHES	_ebba18af2454b48faf7ecf639c7e0fd8
1328607	1328646	REACHES	_c65ffb19a2f79b0e6cf6c9da5c8f87c8
1329116	1329124	REACHES	* _79ea46a21a9ee5ca6651f09f6e6aa059 -> _9fbc28c91251e2a435396d09f6439213
1329226	1329235	REACHES	* _79ea46a21a9ee5ca6651f09f6e6aa059 -> _9fbc28c91251e2a435396d09f6439213
1329226	1329501	REACHES	* _79ea46a21a9ee5ca6651f09f6e6aa059 -> _9fbc28c91251e2a435396d09f6439213
1329226	1329280	REACHES	* _79ea46a21a9ee5ca6651f09f6e6aa059 -> _9fbc28c91251e2a435396d09f6439213
1329318	1329327	REACHES	* _79ea46a21a9ee5ca6651f09f6e6aa059 -> _9fbc28c91251e2a435396d09f6439213
1329226	1329481	REACHES	* _79ea46a21a9ee5ca6651f09f6e6aa059 -> _9fbc28c91251e2a435396d09f6439213
1329318	1329345	REACHES	* _79ea46a21a9ee5ca6651f09f6e6aa059 -> _9fbc28c91251e2a435396d09f6439213
1329318	1329380	REACHES	* _79ea46a21a9ee5ca6651f09f6e6aa059 -> _9fbc28c91251e2a435396d09f6439213
1329318	1329400	REACHES	* _79ea46a21a9ee5ca6651f09f6e6aa059 -> _9fbc28c91251e2a435396d09f6439213
1329226	1329449	REACHES	* _79ea46a21a9ee5ca6651f09f6e6aa059 -> _9fbc28c91251e2a435396d09f6439213
1329226	1329461	REACHES	* _79ea46a21a9ee5ca6651f09f6e6aa059 -> _9fbc28c91251e2a435396d09f6439213
1329195	1329566	REACHES	* _79ea46a21a9ee5ca6651f09f6e6aa059
1329272	1329566	REACHES	* _79ea46a21a9ee5ca6651f09f6e6aa059
1329440	1329566	REACHES	* _79ea46a21a9ee5ca6651f09f6e6aa059
1329195	1329203	REACHES	* _79ea46a21a9ee5ca6651f09f6e6aa059
1329440	1329501	REACHES	* _79ea46a21a9ee5ca6651f09f6e6aa059
1329143	1329566	REACHES	* _79ea46a21a9ee5ca6651f09f6e6aa059
1329272	1329280	REACHES	* _79ea46a21a9ee5ca6651f09f6e6aa059
1329253	1329318	REACHES	* _79ea46a21a9ee5ca6651f09f6e6aa059
1329440	1329481	REACHES	* _79ea46a21a9ee5ca6651f09f6e6aa059
1329440	1329449	REACHES	* _79ea46a21a9ee5ca6651f09f6e6aa059
1329253	1329327	REACHES	* _79ea46a21a9ee5ca6651f09f6e6aa059
1328968	1329566	REACHES	* _79ea46a21a9ee5ca6651f09f6e6aa059
1329253	1329380	REACHES	* _79ea46a21a9ee5ca6651f09f6e6aa059
1329253	1329400	REACHES	* _79ea46a21a9ee5ca6651f09f6e6aa059
1329088	1329566	REACHES	* _79ea46a21a9ee5ca6651f09f6e6aa059
1329253	1329566	REACHES	* _79ea46a21a9ee5ca6651f09f6e6aa059
1328968	1328976	REACHES	* _79ea46a21a9ee5ca6651f09f6e6aa059
1329253	1329419	REACHES	* _79ea46a21a9ee5ca6651f09f6e6aa059
1329440	1329461	REACHES	* _79ea46a21a9ee5ca6651f09f6e6aa059
1329253	1329345	REACHES	* _79ea46a21a9ee5ca6651f09f6e6aa059
1329253	1329363	REACHES	* _79ea46a21a9ee5ca6651f09f6e6aa059
1329088	1329096	REACHES	* _79ea46a21a9ee5ca6651f09f6e6aa059
1329559	1328660	REACHES	_1a1595ed104f831c26395f28b7ee4eb0
1329559	1328663	REACHES	_1a1595ed104f831c26395f28b7ee4eb0
1329559	1328936	REACHES	_1a1595ed104f831c26395f28b7ee4eb0
1329559	1328948	REACHES	_1a1595ed104f831c26395f28b7ee4eb0
1329559	1329183	REACHES	_1a1595ed104f831c26395f28b7ee4eb0
1329559	1329260	REACHES	_1a1595ed104f831c26395f28b7ee4eb0
1328663	1328671	REACHES	_6b60ae4d1acf2e692442e6774575b5b3
1328580	1328906	REACHES	_6b60ae4d1acf2e692442e6774575b5b3
1328663	1328906	REACHES	_6b60ae4d1acf2e692442e6774575b5b3
1328580	1328918	REACHES	_6b60ae4d1acf2e692442e6774575b5b3
1328663	1328918	REACHES	_6b60ae4d1acf2e692442e6774575b5b3
1328679	1328800	REACHES	_985257655752a80616e68b817451ffd9
1328679	1328814	REACHES	_985257655752a80616e68b817451ffd9
1329556	1329164	REACHES	_79ea46a21a9ee5ca6651f09f6e6aa059
1329556	1328849	REACHES	_79ea46a21a9ee5ca6651f09f6e6aa059
1329556	1328884	REACHES	_79ea46a21a9ee5ca6651f09f6e6aa059
1329556	1329235	REACHES	_79ea46a21a9ee5ca6651f09f6e6aa059
1329556	1329183	REACHES	_79ea46a21a9ee5ca6651f09f6e6aa059
1329556	1328948	REACHES	_79ea46a21a9ee5ca6651f09f6e6aa059
1329556	1329088	REACHES	_79ea46a21a9ee5ca6651f09f6e6aa059
1329556	1329226	REACHES	_79ea46a21a9ee5ca6651f09f6e6aa059
1329556	1329532	REACHES	_79ea46a21a9ee5ca6651f09f6e6aa059
1329556	1329096	REACHES	_79ea46a21a9ee5ca6651f09f6e6aa059
1329556	1329260	REACHES	_79ea46a21a9ee5ca6651f09f6e6aa059
1329556	1329400	REACHES	_79ea46a21a9ee5ca6651f09f6e6aa059
1329556	1328968	REACHES	_79ea46a21a9ee5ca6651f09f6e6aa059
1329556	1329203	REACHES	_79ea46a21a9ee5ca6651f09f6e6aa059
1329556	1329280	REACHES	_79ea46a21a9ee5ca6651f09f6e6aa059
1329556	1329380	REACHES	_79ea46a21a9ee5ca6651f09f6e6aa059
1329556	1329195	REACHES	_79ea46a21a9ee5ca6651f09f6e6aa059
1329556	1329253	REACHES	_79ea46a21a9ee5ca6651f09f6e6aa059
1329556	1328976	REACHES	_79ea46a21a9ee5ca6651f09f6e6aa059
1329556	1329449	REACHES	_79ea46a21a9ee5ca6651f09f6e6aa059
1329556	1329124	REACHES	_79ea46a21a9ee5ca6651f09f6e6aa059
1329556	1329345	REACHES	_79ea46a21a9ee5ca6651f09f6e6aa059
1329556	1329481	REACHES	_79ea46a21a9ee5ca6651f09f6e6aa059
1329556	1329501	REACHES	_79ea46a21a9ee5ca6651f09f6e6aa059
1329556	1329318	REACHES	_79ea46a21a9ee5ca6651f09f6e6aa059
1329556	1329327	REACHES	_79ea46a21a9ee5ca6651f09f6e6aa059
1329556	1328999	REACHES	_79ea46a21a9ee5ca6651f09f6e6aa059
1329556	1329030	REACHES	_79ea46a21a9ee5ca6651f09f6e6aa059
1329556	1329461	REACHES	_79ea46a21a9ee5ca6651f09f6e6aa059
1329556	1329440	REACHES	_79ea46a21a9ee5ca6651f09f6e6aa059
1329556	1329363	REACHES	_79ea46a21a9ee5ca6651f09f6e6aa059
1329556	1329419	REACHES	_79ea46a21a9ee5ca6651f09f6e6aa059
1329556	1329046	REACHES	_79ea46a21a9ee5ca6651f09f6e6aa059
1329556	1329065	REACHES	_79ea46a21a9ee5ca6651f09f6e6aa059
1329556	1329116	REACHES	_79ea46a21a9ee5ca6651f09f6e6aa059
1329556	1329143	REACHES	_79ea46a21a9ee5ca6651f09f6e6aa059
1329556	1329272	REACHES	_79ea46a21a9ee5ca6651f09f6e6aa059
1328671	1328866	REACHES	_363406b5bcaf382b7f0dc6660a0ead91
1328587	1328866	REACHES	_363406b5bcaf382b7f0dc6660a0ead91
1328587	1328884	REACHES	_363406b5bcaf382b7f0dc6660a0ead91
1328671	1328884	REACHES	_363406b5bcaf382b7f0dc6660a0ead91
1328587	1329046	REACHES	_363406b5bcaf382b7f0dc6660a0ead91
1328671	1329046	REACHES	_363406b5bcaf382b7f0dc6660a0ead91
1328587	1329532	REACHES	_363406b5bcaf382b7f0dc6660a0ead91
1328671	1329457	REACHES	_363406b5bcaf382b7f0dc6660a0ead91
1328587	1329457	REACHES	_363406b5bcaf382b7f0dc6660a0ead91
1328671	1329304	REACHES	_363406b5bcaf382b7f0dc6660a0ead91
1328671	1329461	REACHES	_363406b5bcaf382b7f0dc6660a0ead91
1328671	1329532	REACHES	_363406b5bcaf382b7f0dc6660a0ead91
1328671	1329481	REACHES	_363406b5bcaf382b7f0dc6660a0ead91
1328587	1329304	REACHES	_363406b5bcaf382b7f0dc6660a0ead91
1328671	1329501	REACHES	_363406b5bcaf382b7f0dc6660a0ead91
1328587	1329461	REACHES	_363406b5bcaf382b7f0dc6660a0ead91
1328671	1329429	REACHES	_363406b5bcaf382b7f0dc6660a0ead91
1328587	1329429	REACHES	_363406b5bcaf382b7f0dc6660a0ead91
1328587	1329481	REACHES	_363406b5bcaf382b7f0dc6660a0ead91
1328587	1329501	REACHES	_363406b5bcaf382b7f0dc6660a0ead91
1328703	1328724	REACHES	_3e4cd7ded2cfbb8857c0fc7d5fe571dc
1328703	1328712	REACHES	_3e4cd7ded2cfbb8857c0fc7d5fe571dc
1328703	1328718	REACHES	_3e4cd7ded2cfbb8857c0fc7d5fe571dc
1328703	1328730	REACHES	_3e4cd7ded2cfbb8857c0fc7d5fe571dc
1328703	1328736	REACHES	_3e4cd7ded2cfbb8857c0fc7d5fe571dc
1328703	1328742	REACHES	_3e4cd7ded2cfbb8857c0fc7d5fe571dc
1329318	1329327	REACHES	* * _79ea46a21a9ee5ca6651f09f6e6aa059
1329226	1329461	REACHES	* * _79ea46a21a9ee5ca6651f09f6e6aa059
1329226	1329481	REACHES	* * _79ea46a21a9ee5ca6651f09f6e6aa059
1329318	1329400	REACHES	* * _79ea46a21a9ee5ca6651f09f6e6aa059
1329318	1329345	REACHES	* * _79ea46a21a9ee5ca6651f09f6e6aa059
1329116	1329124	REACHES	* * _79ea46a21a9ee5ca6651f09f6e6aa059
1329226	1329235	REACHES	* * _79ea46a21a9ee5ca6651f09f6e6aa059
1329226	1329280	REACHES	* * _79ea46a21a9ee5ca6651f09f6e6aa059
1329318	1329380	REACHES	* * _79ea46a21a9ee5ca6651f09f6e6aa059
1329226	1329501	REACHES	* * _79ea46a21a9ee5ca6651f09f6e6aa059
1329226	1329449	REACHES	* * _79ea46a21a9ee5ca6651f09f6e6aa059
1328703	1328748	REACHES	_3e4cd7ded2cfbb8857c0fc7d5fe571dc
1328703	1328754	REACHES	_3e4cd7ded2cfbb8857c0fc7d5fe571dc
1328703	1328760	REACHES	_3e4cd7ded2cfbb8857c0fc7d5fe571dc
1328703	1328766	REACHES	_3e4cd7ded2cfbb8857c0fc7d5fe571dc
1328580	1328800	REACHES	NULL
1328684	1328781	REACHES	_db655635e1b324552ae7dd09300fa3bb
1329065	1329083	REACHES	_aab30171cf8ecfb0143b3afff7b5b2ea
1328621	1328646	REACHES	_e06584c0eb398e0c57f786dcfde604b6
1328781	1328796	REACHES	_d2b1ecc886c6d449ca37226cc54e1f84
1328781	1328800	REACHES	_d2b1ecc886c6d449ca37226cc54e1f84
1328781	1328841	REACHES	_d2b1ecc886c6d449ca37226cc54e1f84
1329565	1329556	CONTROLS	
1329565	1329559	CONTROLS	
1329565	1329562	CONTROLS	
1329565	1328580	CONTROLS	
1329565	1328587	CONTROLS	
1329565	1328597	CONTROLS	
1329565	1328607	CONTROLS	
1329565	1328614	CONTROLS	
1329565	1328621	CONTROLS	
1329565	1328630	CONTROLS	
1329565	1328639	CONTROLS	
1329565	1328646	CONTROLS	
1329565	1328652	CONTROLS	
1329565	1328658	CONTROLS	
1329565	1328660	CONTROLS	
1329565	1328679	CONTROLS	
1329565	1328684	CONTROLS	
1329565	1328691	CONTROLS	
1329565	1328695	CONTROLS	
1329565	1328699	CONTROLS	
1329565	1328703	CONTROLS	
1329565	1328712	CONTROLS	
1329565	1328718	CONTROLS	
1329565	1328724	CONTROLS	
1329565	1328730	CONTROLS	
1329565	1328736	CONTROLS	
1329565	1328742	CONTROLS	
1329565	1328748	CONTROLS	
1329565	1328754	CONTROLS	
1329565	1328760	CONTROLS	
1329565	1328766	CONTROLS	
1329565	1328781	CONTROLS	
1329565	1328796	CONTROLS	
1329565	1328834	CONTROLS	
1329565	1328841	CONTROLS	
1329565	1328849	CONTROLS	
1328660	1328663	CONTROLS	
1328660	1328671	CONTROLS	
1328796	1328800	CONTROLS	
1328800	1328814	CONTROLS	
1328849	1328854	CONTROLS	
1328849	1328856	CONTROLS	
1328849	1328866	CONTROLS	
1328849	1329521	CONTROLS	
1328849	1329523	CONTROLS	
1328849	1329532	CONTROLS	
1328849	1329547	CONTROLS	
1328849	1329018	CONTROLS	
1328849	1329020	CONTROLS	
1328849	1329030	CONTROLS	
1328849	1329152	CONTROLS	
1328849	1329154	CONTROLS	
1328849	1329164	CONTROLS	
1328866	1328875	CONTROLS	
1328866	1328884	CONTROLS	
1328866	1328903	CONTROLS	
1328866	1328906	CONTROLS	
1328906	1328918	CONTROLS	
1328906	1328936	CONTROLS	
1328906	1328948	CONTROLS	
1328906	1329018	CONTROLS	
1328906	1329020	CONTROLS	
1328906	1329030	CONTROLS	
1328948	1328968	CONTROLS	
1328948	1328976	CONTROLS	
1328948	1328995	CONTROLS	
1328948	1328999	CONTROLS	
1328948	1329018	CONTROLS	
1328948	1329020	CONTROLS	
1328948	1329030	CONTROLS	
1329030	1329037	CONTROLS	
1329030	1329046	CONTROLS	
1329030	1329061	CONTROLS	
1329030	1329065	CONTROLS	
1329030	1329083	CONTROLS	
1329030	1329551	CONTROLS	
1329083	1329088	CONTROLS	
1329083	1329096	CONTROLS	
1329083	1329115	CONTROLS	
1329083	1329116	CONTROLS	
1329083	1329124	CONTROLS	
1329083	1329143	CONTROLS	
1329083	1329151	CONTROLS	
1329164	1329173	CONTROLS	
1329164	1329183	CONTROLS	
1329164	1329235	CONTROLS	
1329164	1329260	CONTROLS	
1329183	1329195	CONTROLS	
1329183	1329203	CONTROLS	
1329183	1329222	CONTROLS	
1329183	1329226	CONTROLS	
1329183	1329235	CONTROLS	
1329183	1329260	CONTROLS	
1329235	1329244	CONTROLS	
1329235	1329253	CONTROLS	
1329260	1329272	CONTROLS	
1329260	1329280	CONTROLS	
1329260	1329299	CONTROLS	
1329260	1329304	CONTROLS	
1329260	1329551	CONTROLS	
1329304	1329309	CONTROLS	
1329304	1329318	CONTROLS	
1329304	1329327	CONTROLS	
1329304	1329429	CONTROLS	
1329304	1329440	CONTROLS	
1329304	1329449	CONTROLS	
1329304	1329520	CONTROLS	
1329327	1329334	CONTROLS	
1329327	1329343	CONTROLS	
1329327	1329345	CONTROLS	
1329345	1329352	CONTROLS	
1329345	1329361	CONTROLS	
1329345	1329363	CONTROLS	
1329345	1329419	CONTROLS	
1329345	1329520	CONTROLS	
1329363	1329380	CONTROLS	
1329363	1329400	CONTROLS	
1329449	1329457	CONTROLS	
1329449	1329501	CONTROLS	
1329457	1329461	CONTROLS	
1329457	1329481	CONTROLS	
1328660	1328663	DOM	
1329030	1329037	DOM	
1328849	1329152	DOM	
1329559	1329562	DOM	
1328849	1328854	DOM	
1329565	1329565	DOM	
1329164	1329235	DOM	
1329260	1329272	DOM	
1328587	1328597	DOM	
1329523	1329532	DOM	
1328724	1328730	DOM	
1329235	1329260	DOM	
1328748	1328754	DOM	
1329327	1329345	DOM	
1329096	1329115	DOM	
1328918	1328936	DOM	
1329429	1329440	DOM	
1328948	1328968	DOM	
1328866	1328906	DOM	
1328684	1328691	DOM	
1328834	1328841	DOM	
1329037	1329046	DOM	
1329457	1329461	DOM	
1328936	1328948	DOM	
1329116	1329124	DOM	
1329183	1329195	DOM	
1328607	1328614	DOM	
1329030	1329065	DOM	
1329440	1329449	DOM	
1328906	1328918	DOM	
1329327	1329334	DOM	
1328730	1328736	DOM	
1328948	1328999	DOM	
1329183	1329226	DOM	
1329363	1329380	DOM	
1328718	1328724	DOM	
1329018	1329020	DOM	
1328856	1328866	DOM	
1329164	1329173	DOM	
1329334	1329343	DOM	
1328703	1328712	DOM	
1328695	1328699	DOM	
1328884	1328903	DOM	
1328849	1329521	DOM	
1328854	1328856	DOM	
1329352	1329361	DOM	
1329532	1329547	DOM	
1329152	1329154	DOM	
1329173	1329183	DOM	
1328614	1328621	DOM	
1328976	1328995	DOM	
1328621	1328630	DOM	
1328754	1328760	DOM	
1328849	1329551	DOM	
1328781	1328796	DOM	
1328736	1328742	DOM	
1329309	1329318	DOM	
1328652	1328658	DOM	
1329046	1329061	DOM	
1328796	1328800	DOM	
1328800	1328814	DOM	
1328639	1328646	DOM	
1328658	1328660	DOM	
1328866	1328875	DOM	
1328849	1329566	DOM	
1329318	1329327	DOM	
1329304	1329520	DOM	
1329154	1329164	DOM	
1328875	1328884	DOM	
1329449	1329457	DOM	
1328630	1328639	DOM	
1329562	1328580	DOM	
1329457	1329481	DOM	
1328580	1328587	DOM	
1328597	1328607	DOM	
1329449	1329501	DOM	
1329235	1329244	DOM	
1328766	1328781	DOM	
1329304	1329309	DOM	
1329345	1329363	DOM	
1328968	1328976	DOM	
1329272	1329280	DOM	
1328712	1328718	DOM	
1328841	1328849	DOM	
1328691	1328695	DOM	
1328679	1328684	DOM	
1329195	1329203	DOM	
1328660	1328679	DOM	
1329124	1329143	DOM	
1329020	1329030	DOM	
1329083	1329116	DOM	
1329260	1329304	DOM	
1329083	1329088	DOM	
1329088	1329096	DOM	
1329521	1329523	DOM	
1329565	1329556	DOM	
1328699	1328703	DOM	
1329143	1329151	DOM	
1329304	1329429	DOM	
1329345	1329352	DOM	
1329280	1329299	DOM	
1329363	1329419	DOM	
1328849	1329018	DOM	
1328646	1328652	DOM	
1328796	1328834	DOM	
1329363	1329400	DOM	
1329556	1329559	DOM	
1329065	1329083	DOM	
1329203	1329222	DOM	
1329244	1329253	DOM	
1328742	1328748	DOM	
1328663	1328671	DOM	
1328760	1328766	DOM	
1328671	1328663	POST_DOM	
1329046	1329037	POST_DOM	
1329154	1329152	POST_DOM	
1328580	1329562	POST_DOM	
1328856	1328854	POST_DOM	
1329556	1329565	POST_DOM	
1329280	1329272	POST_DOM	
1329260	1329235	POST_DOM	
1328607	1328597	POST_DOM	
1329547	1329532	POST_DOM	
1328736	1328730	POST_DOM	
1329566	1329260	POST_DOM	
1328760	1328754	POST_DOM	
1329551	1329345	POST_DOM	
1329551	1329115	POST_DOM	
1328948	1328936	POST_DOM	
1329449	1329440	POST_DOM	
1328976	1328968	POST_DOM	
1329566	1328906	POST_DOM	
1328849	1328841	POST_DOM	
1328695	1328691	POST_DOM	
1329061	1329046	POST_DOM	
1329520	1329461	POST_DOM	
1329566	1328948	POST_DOM	
1329143	1329124	POST_DOM	
1329203	1329195	POST_DOM	
1328621	1328614	POST_DOM	
1329083	1329065	POST_DOM	
1329520	1329449	POST_DOM	
1328936	1328918	POST_DOM	
1329343	1329334	POST_DOM	
1328742	1328736	POST_DOM	
1329018	1328999	POST_DOM	
1329235	1329226	POST_DOM	
1329419	1329380	POST_DOM	
1328730	1328724	POST_DOM	
1329030	1329020	POST_DOM	
1329566	1328866	POST_DOM	
1329183	1329173	POST_DOM	
1329551	1329343	POST_DOM	
1328718	1328712	POST_DOM	
1328703	1328699	POST_DOM	
1329566	1328903	POST_DOM	
1329523	1329521	POST_DOM	
1328866	1328856	POST_DOM	
1329551	1329361	POST_DOM	
1329566	1329547	POST_DOM	
1329164	1329154	POST_DOM	
1329566	1329183	POST_DOM	
1328630	1328621	POST_DOM	
1329566	1328995	POST_DOM	
1328639	1328630	POST_DOM	
1328766	1328760	POST_DOM	
1329566	1329551	POST_DOM	
1328834	1328796	POST_DOM	
1328748	1328742	POST_DOM	
1329327	1329318	POST_DOM	
1328660	1328658	POST_DOM	
1329566	1329061	POST_DOM	
1328834	1328800	POST_DOM	
1328800	1328814	POST_DOM	
1328679	1328660	POST_DOM	
1328652	1328646	POST_DOM	
1328884	1328875	POST_DOM	
1329566	1329566	POST_DOM	
1329551	1329327	POST_DOM	
1329551	1329520	POST_DOM	
1329566	1329164	POST_DOM	
1328903	1328884	POST_DOM	
1329520	1329457	POST_DOM	
1328646	1328639	POST_DOM	
1328587	1328580	POST_DOM	
1329520	1329481	POST_DOM	
1328614	1328607	POST_DOM	
1328597	1328587	POST_DOM	
1329520	1329501	POST_DOM	
1329253	1329244	POST_DOM	
1328796	1328781	POST_DOM	
1329318	1329309	POST_DOM	
1329419	1329363	POST_DOM	
1328995	1328976	POST_DOM	
1329299	1329280	POST_DOM	
1328724	1328718	POST_DOM	
1329566	1328849	POST_DOM	
1328699	1328695	POST_DOM	
1328691	1328684	POST_DOM	
1329222	1329203	POST_DOM	
1328684	1328679	POST_DOM	
1329151	1329143	POST_DOM	
1329566	1329030	POST_DOM	
1329124	1329116	POST_DOM	
1329551	1329304	POST_DOM	
1329096	1329088	POST_DOM	
1329115	1329096	POST_DOM	
1329532	1329523	POST_DOM	
1329559	1329556	POST_DOM	
1328712	1328703	POST_DOM	
1329551	1329151	POST_DOM	
1329440	1329429	POST_DOM	
1329361	1329352	POST_DOM	
1329566	1329299	POST_DOM	
1329520	1329419	POST_DOM	
1329020	1329018	POST_DOM	
1328658	1328652	POST_DOM	
1328841	1328834	POST_DOM	
1329419	1329400	POST_DOM	
1329562	1329559	POST_DOM	
1329551	1329083	POST_DOM	
1329566	1329222	POST_DOM	
1329260	1329253	POST_DOM	
1328754	1328748	POST_DOM	
1328781	1328766	POST_DOM	
1328679	1328671	POST_DOM	
1328577	1328578	IS_FUNCTION_OF_AST	
1328577	1329565	IS_FUNCTION_OF_CFG	
1328576	1328577	IS_FILE_OF	
