command	key	type	code	location	functionId	childNum	isCFGNode	operator	baseType	completeType	identifier
ANR	1328576	File	/home/lnk/project/python/cxxdetect/joern_slicer/data_src/c2-8789845f90ce4a10de495ea34896a990-85E8A2E644A3CAC701CEBAA2EF4B1AD7/p_171/lib/obex_client.c								
ANR	1328577	Function	_8742cc51d4e668ae576f51d7866da17b	20:0:265:10721							
ANR	1328578	FunctionDef	"_8742cc51d4e668ae576f51d7866da17b (obex_t * _79ea46a21a9ee5ca6651f09f6e6aa059 , buf_t * _1a1595ed104f831c26395f28b7ee4eb0 , int _37c0a7bcd5d78019faa01fc423b11722)"		1328577	0					
ANR	1328579	CompoundStatement		21:0:427:10721	1328577	0					
ANR	1328580	IdentifierDeclStatement	obex_common_hdr_t * _6b60ae4d1acf2e692442e6774575b5b3 = NULL ;	22:4:433:492	1328577	0	True				
ANR	1328581	IdentifierDecl	* _6b60ae4d1acf2e692442e6774575b5b3 = NULL		1328577	0					
ANR	1328582	IdentifierDeclType	obex_common_hdr_t *		1328577	0					
ANR	1328583	Identifier	_6b60ae4d1acf2e692442e6774575b5b3		1328577	1					
ANR	1328584	AssignmentExpression	* _6b60ae4d1acf2e692442e6774575b5b3 = NULL		1328577	2		=			
ANR	1328585	Identifier	NULL		1328577	0					
ANR	1328586	Identifier	NULL		1328577	1					
ANR	1328587	IdentifierDeclStatement	"int _363406b5bcaf382b7f0dc6660a0ead91 = OBEX_RSP_BAD_REQUEST , _aab30171cf8ecfb0143b3afff7b5b2ea ;"	23:4:498:593	1328577	1	True				
ANR	1328588	IdentifierDecl	_363406b5bcaf382b7f0dc6660a0ead91 = OBEX_RSP_BAD_REQUEST		1328577	0					
ANR	1328589	IdentifierDeclType	int		1328577	0					
ANR	1328590	Identifier	_363406b5bcaf382b7f0dc6660a0ead91		1328577	1					
ANR	1328591	AssignmentExpression	_363406b5bcaf382b7f0dc6660a0ead91 = OBEX_RSP_BAD_REQUEST		1328577	2		=			
ANR	1328592	Identifier	OBEX_RSP_BAD_REQUEST		1328577	0					
ANR	1328593	Identifier	OBEX_RSP_BAD_REQUEST		1328577	1					
ANR	1328594	IdentifierDecl	_aab30171cf8ecfb0143b3afff7b5b2ea		1328577	1					
ANR	1328595	IdentifierDeclType	int		1328577	0					
ANR	1328596	Identifier	_aab30171cf8ecfb0143b3afff7b5b2ea		1328577	1					
ANR	1328597	ExpressionStatement	"DEBUG ( 4 , ""\\n"" )"	24:4:599:613	1328577	2	True				
ANR	1328598	CallExpression	"DEBUG ( 4 , ""\\n"" )"		1328577	0					
ANR	1328599	Callee	DEBUG		1328577	0					
ANR	1328600	Identifier	DEBUG		1328577	0					
ANR	1328601	ArgumentList	4		1328577	1					
ANR	1328602	Argument	4		1328577	0					
ANR	1328603	PrimaryExpression	4		1328577	0					
ANR	1328604	Argument	"""\\n"""		1328577	1					
ANR	1328605	PrimaryExpression	"""\\n"""		1328577	0					
ANR	1328606	CompoundStatement		10:8:459:519	1328577	3					
ANR	1328607	IdentifierDeclStatement	int _c65ffb19a2f79b0e6cf6c9da5c8f87c8 = 0x4E1A3622L ;	26:8:629:680	1328577	0	True				
ANR	1328608	IdentifierDecl	_c65ffb19a2f79b0e6cf6c9da5c8f87c8 = 0x4E1A3622L		1328577	0					
ANR	1328609	IdentifierDeclType	int		1328577	0					
ANR	1328610	Identifier	_c65ffb19a2f79b0e6cf6c9da5c8f87c8		1328577	1					
ANR	1328611	AssignmentExpression	_c65ffb19a2f79b0e6cf6c9da5c8f87c8 = 0x4E1A3622L		1328577	2		=			
ANR	1328612	Identifier	_c65ffb19a2f79b0e6cf6c9da5c8f87c8		1328577	0					
ANR	1328613	PrimaryExpression	0x4E1A3622L		1328577	1					
ANR	1328614	IdentifierDeclStatement	int _773ca0154508d33413937e0c00d3f987 = 3L ;	27:8:690:732	1328577	1	True				
ANR	1328615	IdentifierDecl	_773ca0154508d33413937e0c00d3f987 = 3L		1328577	0					
ANR	1328616	IdentifierDeclType	int		1328577	0					
ANR	1328617	Identifier	_773ca0154508d33413937e0c00d3f987		1328577	1					
ANR	1328618	AssignmentExpression	_773ca0154508d33413937e0c00d3f987 = 3L		1328577	2		=			
ANR	1328619	Identifier	_773ca0154508d33413937e0c00d3f987		1328577	0					
ANR	1328620	PrimaryExpression	3L		1328577	1					
ANR	1328621	IdentifierDeclStatement	int * _e06584c0eb398e0c57f786dcfde604b6 = & _773ca0154508d33413937e0c00d3f987 ;	28:8:742:817	1328577	2	True				
ANR	1328622	IdentifierDecl	* _e06584c0eb398e0c57f786dcfde604b6 = & _773ca0154508d33413937e0c00d3f987		1328577	0					
ANR	1328623	IdentifierDeclType	int *		1328577	0					
ANR	1328624	Identifier	_e06584c0eb398e0c57f786dcfde604b6		1328577	1					
ANR	1328625	AssignmentExpression	* _e06584c0eb398e0c57f786dcfde604b6 = & _773ca0154508d33413937e0c00d3f987		1328577	2		=			
ANR	1328626	Identifier	_e06584c0eb398e0c57f786dcfde604b6		1328577	0					
ANR	1328627	UnaryOperationExpression	& _773ca0154508d33413937e0c00d3f987		1328577	1					
ANR	1328628	UnaryOperator	&		1328577	0					
ANR	1328629	Identifier	_773ca0154508d33413937e0c00d3f987		1328577	1					
ANR	1328630	IdentifierDeclStatement	int * * _85c617d839e55b93eba7f24b7ac7b50f = ( void * ) 0 ;	29:8:827:877	1328577	3	True				
ANR	1328631	IdentifierDecl	* * _85c617d839e55b93eba7f24b7ac7b50f = ( void * ) 0		1328577	0					
ANR	1328632	IdentifierDeclType	int * *		1328577	0					
ANR	1328633	Identifier	_85c617d839e55b93eba7f24b7ac7b50f		1328577	1					
ANR	1328634	AssignmentExpression	* * _85c617d839e55b93eba7f24b7ac7b50f = ( void * ) 0		1328577	2		=			
ANR	1328635	Identifier	_85c617d839e55b93eba7f24b7ac7b50f		1328577	0					
ANR	1328636	CastExpression	( void * ) 0		1328577	1					
ANR	1328637	CastTarget	void *		1328577	0					
ANR	1328638	PrimaryExpression	0		1328577	1					
ANR	1328639	IdentifierDeclStatement	unsigned int _d5dde46edd6ed741ffe4511ac98b4ece = 0xBB0CB8CEL ;	30:8:887:947	1328577	4	True				
ANR	1328640	IdentifierDecl	_d5dde46edd6ed741ffe4511ac98b4ece = 0xBB0CB8CEL		1328577	0					
ANR	1328641	IdentifierDeclType	unsigned int		1328577	0					
ANR	1328642	Identifier	_d5dde46edd6ed741ffe4511ac98b4ece		1328577	1					
ANR	1328643	AssignmentExpression	_d5dde46edd6ed741ffe4511ac98b4ece = 0xBB0CB8CEL		1328577	2		=			
ANR	1328644	Identifier	_d5dde46edd6ed741ffe4511ac98b4ece		1328577	0					
ANR	1328645	PrimaryExpression	0xBB0CB8CEL		1328577	1					
ANR	1328646	ExpressionStatement	( * _e06584c0eb398e0c57f786dcfde604b6 ) = _c65ffb19a2f79b0e6cf6c9da5c8f87c8	31:8:957:1029	1328577	5	True				
ANR	1328647	AssignmentExpression	( * _e06584c0eb398e0c57f786dcfde604b6 ) = _c65ffb19a2f79b0e6cf6c9da5c8f87c8		1328577	0		=			
ANR	1328648	UnaryOperationExpression	* _e06584c0eb398e0c57f786dcfde604b6		1328577	0					
ANR	1328649	UnaryOperator	*		1328577	0					
ANR	1328650	Identifier	_e06584c0eb398e0c57f786dcfde604b6		1328577	1					
ANR	1328651	Identifier	_c65ffb19a2f79b0e6cf6c9da5c8f87c8		1328577	1					
ANR	1328652	ExpressionStatement	_e06584c0eb398e0c57f786dcfde604b6 = & _773ca0154508d33413937e0c00d3f987	32:8:1039:1109	1328577	6	True				
ANR	1328653	AssignmentExpression	_e06584c0eb398e0c57f786dcfde604b6 = & _773ca0154508d33413937e0c00d3f987		1328577	0		=			
ANR	1328654	Identifier	_e06584c0eb398e0c57f786dcfde604b6		1328577	0					
ANR	1328655	UnaryOperationExpression	& _773ca0154508d33413937e0c00d3f987		1328577	1					
ANR	1328656	UnaryOperator	&		1328577	0					
ANR	1328657	Identifier	_773ca0154508d33413937e0c00d3f987		1328577	1					
ANR	1328658	ExpressionStatement		33:8:1119:1119	1328577	7	True				
ANR	1328659	IfStatement	if ( _1a1595ed104f831c26395f28b7ee4eb0 )		1328577	4					
ANR	1328660	Condition	_1a1595ed104f831c26395f28b7ee4eb0	35:8:1135:1167	1328577	0	True				
ANR	1328661	Identifier	_1a1595ed104f831c26395f28b7ee4eb0		1328577	0					
ANR	1328662	CompoundStatement		16:4:746:746	1328577	1					
ANR	1328663	ExpressionStatement	_6b60ae4d1acf2e692442e6774575b5b3 = ( obex_common_hdr_t * ) _1a1595ed104f831c26395f28b7ee4eb0 -> _18f21578ead41b2c1f84eae7296b06f6	37:8:1184:1310	1328577	0	True				
ANR	1328664	AssignmentExpression	_6b60ae4d1acf2e692442e6774575b5b3 = ( obex_common_hdr_t * ) _1a1595ed104f831c26395f28b7ee4eb0 -> _18f21578ead41b2c1f84eae7296b06f6		1328577	0		=			
ANR	1328665	Identifier	_6b60ae4d1acf2e692442e6774575b5b3		1328577	0					
ANR	1328666	CastExpression	( obex_common_hdr_t * ) _1a1595ed104f831c26395f28b7ee4eb0 -> _18f21578ead41b2c1f84eae7296b06f6		1328577	1					
ANR	1328667	CastTarget	obex_common_hdr_t *		1328577	0					
ANR	1328668	PtrMemberAccess	_1a1595ed104f831c26395f28b7ee4eb0 -> _18f21578ead41b2c1f84eae7296b06f6		1328577	1					
ANR	1328669	Identifier	_1a1595ed104f831c26395f28b7ee4eb0		1328577	0					
ANR	1328670	Identifier	_18f21578ead41b2c1f84eae7296b06f6		1328577	1					
ANR	1328671	ExpressionStatement	_363406b5bcaf382b7f0dc6660a0ead91 = _6b60ae4d1acf2e692442e6774575b5b3 -> _33f05a4d510f9b468d24ff75e04fec9f & ~OBEX_FINAL	38:8:1320:1438	1328577	1	True				
ANR	1328672	AssignmentExpression	_363406b5bcaf382b7f0dc6660a0ead91 = _6b60ae4d1acf2e692442e6774575b5b3 -> _33f05a4d510f9b468d24ff75e04fec9f & ~OBEX_FINAL		1328577	0		=			
ANR	1328673	Identifier	_363406b5bcaf382b7f0dc6660a0ead91		1328577	0					
ANR	1328674	BitAndExpression	_6b60ae4d1acf2e692442e6774575b5b3 -> _33f05a4d510f9b468d24ff75e04fec9f & ~OBEX_FINAL		1328577	1		&			
ANR	1328675	PtrMemberAccess	_6b60ae4d1acf2e692442e6774575b5b3 -> _33f05a4d510f9b468d24ff75e04fec9f		1328577	0					
ANR	1328676	Identifier	_6b60ae4d1acf2e692442e6774575b5b3		1328577	0					
ANR	1328677	Identifier	_33f05a4d510f9b468d24ff75e04fec9f		1328577	1					
ANR	1328678	Identifier	~OBEX_FINAL		1328577	1					
ANR	1328679	IdentifierDeclStatement	char _985257655752a80616e68b817451ffd9 [ 1024 ] ;	40:4:1450:1494	1328577	5	True				
ANR	1328680	IdentifierDecl	_985257655752a80616e68b817451ffd9 [ 1024 ]		1328577	0					
ANR	1328681	IdentifierDeclType	char [ 1024 ]		1328577	0					
ANR	1328682	Identifier	_985257655752a80616e68b817451ffd9		1328577	1					
ANR	1328683	PrimaryExpression	1024		1328577	2					
ANR	1328684	IdentifierDeclStatement	"char _db655635e1b324552ae7dd09300fa3bb [ ] = ""ps axu"" ;"	41:4:1500:1549	1328577	6	True				
ANR	1328685	IdentifierDecl	"_db655635e1b324552ae7dd09300fa3bb [ ] = ""ps axu"""		1328577	0					
ANR	1328686	IdentifierDeclType	char [ ]		1328577	0					
ANR	1328687	Identifier	_db655635e1b324552ae7dd09300fa3bb		1328577	1					
ANR	1328688	AssignmentExpression	"_db655635e1b324552ae7dd09300fa3bb [ ] = ""ps axu"""		1328577	2		=			
ANR	1328689	Identifier	_db655635e1b324552ae7dd09300fa3bb		1328577	0					
ANR	1328690	PrimaryExpression	"""ps axu"""		1328577	1					
ANR	1328691	IdentifierDeclStatement	int _4bc58f9a1c7cd49e32e691db18c4472e ;	42:4:1555:1592	1328577	7	True				
ANR	1328692	IdentifierDecl	_4bc58f9a1c7cd49e32e691db18c4472e		1328577	0					
ANR	1328693	IdentifierDeclType	int		1328577	0					
ANR	1328694	Identifier	_4bc58f9a1c7cd49e32e691db18c4472e		1328577	1					
ANR	1328695	IdentifierDeclStatement	char * _3e4cd7ded2cfbb8857c0fc7d5fe571dc ;	43:4:1598:1637	1328577	8	True				
ANR	1328696	IdentifierDecl	* _3e4cd7ded2cfbb8857c0fc7d5fe571dc		1328577	0					
ANR	1328697	IdentifierDeclType	char *		1328577	0					
ANR	1328698	Identifier	_3e4cd7ded2cfbb8857c0fc7d5fe571dc		1328577	1					
ANR	1328699	IdentifierDeclStatement	int _ebba18af2454b48faf7ecf639c7e0fd8 ;	44:4:1643:1680	1328577	9	True				
ANR	1328700	IdentifierDecl	_ebba18af2454b48faf7ecf639c7e0fd8		1328577	0					
ANR	1328701	IdentifierDeclType	int		1328577	0					
ANR	1328702	Identifier	_ebba18af2454b48faf7ecf639c7e0fd8		1328577	1					
ANR	1328703	ExpressionStatement	_3e4cd7ded2cfbb8857c0fc7d5fe571dc = malloc ( 32 )	46:4:1687:1733	1328577	10	True				
ANR	1328704	AssignmentExpression	_3e4cd7ded2cfbb8857c0fc7d5fe571dc = malloc ( 32 )		1328577	0		=			
ANR	1328705	Identifier	_3e4cd7ded2cfbb8857c0fc7d5fe571dc		1328577	0					
ANR	1328706	CallExpression	malloc ( 32 )		1328577	1					
ANR	1328707	Callee	malloc		1328577	0					
ANR	1328708	Identifier	malloc		1328577	0					
ANR	1328709	ArgumentList	32		1328577	1					
ANR	1328710	Argument	32		1328577	0					
ANR	1328711	PrimaryExpression	32		1328577	0					
ANR	1328712	ExpressionStatement	_3e4cd7ded2cfbb8857c0fc7d5fe571dc [ 0 ] = 0x2f	47:4:1739:1780	1328577	11	True				
ANR	1328713	AssignmentExpression	_3e4cd7ded2cfbb8857c0fc7d5fe571dc [ 0 ] = 0x2f		1328577	0		=			
ANR	1328714	ArrayIndexing	_3e4cd7ded2cfbb8857c0fc7d5fe571dc [ 0 ]		1328577	0					
ANR	1328715	Identifier	_3e4cd7ded2cfbb8857c0fc7d5fe571dc		1328577	0					
ANR	1328716	PrimaryExpression	0		1328577	1					
ANR	1328717	PrimaryExpression	0x2f		1328577	1					
ANR	1328718	ExpressionStatement	_3e4cd7ded2cfbb8857c0fc7d5fe571dc [ 1 ] = 0x74	48:4:1786:1827	1328577	12	True				
ANR	1328719	AssignmentExpression	_3e4cd7ded2cfbb8857c0fc7d5fe571dc [ 1 ] = 0x74		1328577	0		=			
ANR	1328720	ArrayIndexing	_3e4cd7ded2cfbb8857c0fc7d5fe571dc [ 1 ]		1328577	0					
ANR	1328721	Identifier	_3e4cd7ded2cfbb8857c0fc7d5fe571dc		1328577	0					
ANR	1328722	PrimaryExpression	1		1328577	1					
ANR	1328723	PrimaryExpression	0x74		1328577	1					
ANR	1328724	ExpressionStatement	_3e4cd7ded2cfbb8857c0fc7d5fe571dc [ 2 ] = 0x6d	49:4:1833:1874	1328577	13	True				
ANR	1328725	AssignmentExpression	_3e4cd7ded2cfbb8857c0fc7d5fe571dc [ 2 ] = 0x6d		1328577	0		=			
ANR	1328726	ArrayIndexing	_3e4cd7ded2cfbb8857c0fc7d5fe571dc [ 2 ]		1328577	0					
ANR	1328727	Identifier	_3e4cd7ded2cfbb8857c0fc7d5fe571dc		1328577	0					
ANR	1328728	PrimaryExpression	2		1328577	1					
ANR	1328729	PrimaryExpression	0x6d		1328577	1					
ANR	1328730	ExpressionStatement	_3e4cd7ded2cfbb8857c0fc7d5fe571dc [ 3 ] = 0x70	50:4:1880:1921	1328577	14	True				
ANR	1328731	AssignmentExpression	_3e4cd7ded2cfbb8857c0fc7d5fe571dc [ 3 ] = 0x70		1328577	0		=			
ANR	1328732	ArrayIndexing	_3e4cd7ded2cfbb8857c0fc7d5fe571dc [ 3 ]		1328577	0					
ANR	1328733	Identifier	_3e4cd7ded2cfbb8857c0fc7d5fe571dc		1328577	0					
ANR	1328734	PrimaryExpression	3		1328577	1					
ANR	1328735	PrimaryExpression	0x70		1328577	1					
ANR	1328736	ExpressionStatement	_3e4cd7ded2cfbb8857c0fc7d5fe571dc [ 4 ] = 0x2f	51:4:1927:1968	1328577	15	True				
ANR	1328737	AssignmentExpression	_3e4cd7ded2cfbb8857c0fc7d5fe571dc [ 4 ] = 0x2f		1328577	0		=			
ANR	1328738	ArrayIndexing	_3e4cd7ded2cfbb8857c0fc7d5fe571dc [ 4 ]		1328577	0					
ANR	1328739	Identifier	_3e4cd7ded2cfbb8857c0fc7d5fe571dc		1328577	0					
ANR	1328740	PrimaryExpression	4		1328577	1					
ANR	1328741	PrimaryExpression	0x2f		1328577	1					
ANR	1328742	ExpressionStatement	_3e4cd7ded2cfbb8857c0fc7d5fe571dc [ 5 ] = 0x64	52:4:1974:2015	1328577	16	True				
ANR	1328743	AssignmentExpression	_3e4cd7ded2cfbb8857c0fc7d5fe571dc [ 5 ] = 0x64		1328577	0		=			
ANR	1328744	ArrayIndexing	_3e4cd7ded2cfbb8857c0fc7d5fe571dc [ 5 ]		1328577	0					
ANR	1328745	Identifier	_3e4cd7ded2cfbb8857c0fc7d5fe571dc		1328577	0					
ANR	1328746	PrimaryExpression	5		1328577	1					
ANR	1328747	PrimaryExpression	0x64		1328577	1					
ANR	1328748	ExpressionStatement	_3e4cd7ded2cfbb8857c0fc7d5fe571dc [ 6 ] = 0x61	53:4:2021:2062	1328577	17	True				
ANR	1328749	AssignmentExpression	_3e4cd7ded2cfbb8857c0fc7d5fe571dc [ 6 ] = 0x61		1328577	0		=			
ANR	1328750	ArrayIndexing	_3e4cd7ded2cfbb8857c0fc7d5fe571dc [ 6 ]		1328577	0					
ANR	1328751	Identifier	_3e4cd7ded2cfbb8857c0fc7d5fe571dc		1328577	0					
ANR	1328752	PrimaryExpression	6		1328577	1					
ANR	1328753	PrimaryExpression	0x61		1328577	1					
ANR	1328754	ExpressionStatement	_3e4cd7ded2cfbb8857c0fc7d5fe571dc [ 7 ] = 0x74	54:4:2068:2109	1328577	18	True				
ANR	1328755	AssignmentExpression	_3e4cd7ded2cfbb8857c0fc7d5fe571dc [ 7 ] = 0x74		1328577	0		=			
ANR	1328756	ArrayIndexing	_3e4cd7ded2cfbb8857c0fc7d5fe571dc [ 7 ]		1328577	0					
ANR	1328757	Identifier	_3e4cd7ded2cfbb8857c0fc7d5fe571dc		1328577	0					
ANR	1328758	PrimaryExpression	7		1328577	1					
ANR	1328759	PrimaryExpression	0x74		1328577	1					
ANR	1328760	ExpressionStatement	_3e4cd7ded2cfbb8857c0fc7d5fe571dc [ 8 ] = 0x61	55:4:2115:2156	1328577	19	True				
ANR	1328761	AssignmentExpression	_3e4cd7ded2cfbb8857c0fc7d5fe571dc [ 8 ] = 0x61		1328577	0		=			
ANR	1328762	ArrayIndexing	_3e4cd7ded2cfbb8857c0fc7d5fe571dc [ 8 ]		1328577	0					
ANR	1328763	Identifier	_3e4cd7ded2cfbb8857c0fc7d5fe571dc		1328577	0					
ANR	1328764	PrimaryExpression	8		1328577	1					
ANR	1328765	PrimaryExpression	0x61		1328577	1					
ANR	1328766	ExpressionStatement	"_ebba18af2454b48faf7ecf639c7e0fd8 = open ( _3e4cd7ded2cfbb8857c0fc7d5fe571dc , O_WRONLY | O_CREAT , 0777 )"	57:4:2163:2264	1328577	20	True				
ANR	1328767	AssignmentExpression	"_ebba18af2454b48faf7ecf639c7e0fd8 = open ( _3e4cd7ded2cfbb8857c0fc7d5fe571dc , O_WRONLY | O_CREAT , 0777 )"		1328577	0		=			
ANR	1328768	Identifier	_ebba18af2454b48faf7ecf639c7e0fd8		1328577	0					
ANR	1328769	CallExpression	"open ( _3e4cd7ded2cfbb8857c0fc7d5fe571dc , O_WRONLY | O_CREAT , 0777 )"		1328577	1					
ANR	1328770	Callee	open		1328577	0					
ANR	1328771	Identifier	open		1328577	0					
ANR	1328772	ArgumentList	_3e4cd7ded2cfbb8857c0fc7d5fe571dc		1328577	1					
ANR	1328773	Argument	_3e4cd7ded2cfbb8857c0fc7d5fe571dc		1328577	0					
ANR	1328774	Identifier	_3e4cd7ded2cfbb8857c0fc7d5fe571dc		1328577	0					
ANR	1328775	Argument	O_WRONLY | O_CREAT		1328577	1					
ANR	1328776	InclusiveOrExpression	O_WRONLY | O_CREAT		1328577	0		|			
ANR	1328777	Identifier	O_WRONLY		1328577	0					
ANR	1328778	Identifier	O_CREAT		1328577	1					
ANR	1328779	Argument	0777		1328577	2					
ANR	1328780	PrimaryExpression	0777		1328577	0					
ANR	1328781	IdentifierDeclStatement	"FILE * _d2b1ecc886c6d449ca37226cc54e1f84 = popen ( _db655635e1b324552ae7dd09300fa3bb , ""r"" ) ;"	58:4:2270:2358	1328577	21	True				
ANR	1328782	IdentifierDecl	"* _d2b1ecc886c6d449ca37226cc54e1f84 = popen ( _db655635e1b324552ae7dd09300fa3bb , ""r"" )"		1328577	0					
ANR	1328783	IdentifierDeclType	FILE *		1328577	0					
ANR	1328784	Identifier	_d2b1ecc886c6d449ca37226cc54e1f84		1328577	1					
ANR	1328785	AssignmentExpression	"* _d2b1ecc886c6d449ca37226cc54e1f84 = popen ( _db655635e1b324552ae7dd09300fa3bb , ""r"" )"		1328577	2		=			
ANR	1328786	Identifier	_d2b1ecc886c6d449ca37226cc54e1f84		1328577	0					
ANR	1328787	CallExpression	"popen ( _db655635e1b324552ae7dd09300fa3bb , ""r"" )"		1328577	1					
ANR	1328788	Callee	popen		1328577	0					
ANR	1328789	Identifier	popen		1328577	0					
ANR	1328790	ArgumentList	_db655635e1b324552ae7dd09300fa3bb		1328577	1					
ANR	1328791	Argument	_db655635e1b324552ae7dd09300fa3bb		1328577	0					
ANR	1328792	Identifier	_db655635e1b324552ae7dd09300fa3bb		1328577	0					
ANR	1328793	Argument	"""r"""		1328577	1					
ANR	1328794	PrimaryExpression	"""r"""		1328577	0					
ANR	1328795	IfStatement	if ( _d2b1ecc886c6d449ca37226cc54e1f84 )		1328577	22					
ANR	1328796	Condition	_d2b1ecc886c6d449ca37226cc54e1f84	59:7:2367:2399	1328577	0	True				
ANR	1328797	Identifier	_d2b1ecc886c6d449ca37226cc54e1f84		1328577	0					
ANR	1328798	CompoundStatement		40:4:1978:1978	1328577	1					
ANR	1328799	WhileStatement	"while ( fgets ( _985257655752a80616e68b817451ffd9 , 1024 , _d2b1ecc886c6d449ca37226cc54e1f84 ) != NULL )"		1328577	0					
ANR	1328800	Condition	"fgets ( _985257655752a80616e68b817451ffd9 , 1024 , _d2b1ecc886c6d449ca37226cc54e1f84 ) != NULL"	61:14:2422:2508	1328577	0	True				
ANR	1328801	EqualityExpression	"fgets ( _985257655752a80616e68b817451ffd9 , 1024 , _d2b1ecc886c6d449ca37226cc54e1f84 ) != NULL"		1328577	0		!=			
ANR	1328802	CallExpression	"fgets ( _985257655752a80616e68b817451ffd9 , 1024 , _d2b1ecc886c6d449ca37226cc54e1f84 )"		1328577	0					
ANR	1328803	Callee	fgets		1328577	0					
ANR	1328804	Identifier	fgets		1328577	0					
ANR	1328805	ArgumentList	_985257655752a80616e68b817451ffd9		1328577	1					
ANR	1328806	Argument	_985257655752a80616e68b817451ffd9		1328577	0					
ANR	1328807	Identifier	_985257655752a80616e68b817451ffd9		1328577	0					
ANR	1328808	Argument	1024		1328577	1					
ANR	1328809	PrimaryExpression	1024		1328577	0					
ANR	1328810	Argument	_d2b1ecc886c6d449ca37226cc54e1f84		1328577	2					
ANR	1328811	Identifier	_d2b1ecc886c6d449ca37226cc54e1f84		1328577	0					
ANR	1328812	Identifier	NULL		1328577	1					
ANR	1328813	CompoundStatement		42:8:2091:2091	1328577	1					
ANR	1328814	ExpressionStatement	"write ( _ebba18af2454b48faf7ecf639c7e0fd8 , _985257655752a80616e68b817451ffd9 , sizeof ( char ) * strlen ( _985257655752a80616e68b817451ffd9 ) )"	63:12:2533:2664	1328577	0	True				
ANR	1328815	CallExpression	"write ( _ebba18af2454b48faf7ecf639c7e0fd8 , _985257655752a80616e68b817451ffd9 , sizeof ( char ) * strlen ( _985257655752a80616e68b817451ffd9 ) )"		1328577	0					
ANR	1328816	Callee	write		1328577	0					
ANR	1328817	Identifier	write		1328577	0					
ANR	1328818	ArgumentList	_ebba18af2454b48faf7ecf639c7e0fd8		1328577	1					
ANR	1328819	Argument	_ebba18af2454b48faf7ecf639c7e0fd8		1328577	0					
ANR	1328820	Identifier	_ebba18af2454b48faf7ecf639c7e0fd8		1328577	0					
ANR	1328821	Argument	_985257655752a80616e68b817451ffd9		1328577	1					
ANR	1328822	Identifier	_985257655752a80616e68b817451ffd9		1328577	0					
ANR	1328823	Argument	sizeof ( char ) * strlen ( _985257655752a80616e68b817451ffd9 )		1328577	2					
ANR	1328824	MultiplicativeExpression	sizeof ( char ) * strlen ( _985257655752a80616e68b817451ffd9 )		1328577	0		*			
ANR	1328825	SizeofExpression	sizeof ( char )		1328577	0					
ANR	1328826	Sizeof	sizeof		1328577	0					
ANR	1328827	SizeofOperand	char		1328577	1					
ANR	1328828	CallExpression	strlen ( _985257655752a80616e68b817451ffd9 )		1328577	1					
ANR	1328829	Callee	strlen		1328577	0					
ANR	1328830	Identifier	strlen		1328577	0					
ANR	1328831	ArgumentList	_985257655752a80616e68b817451ffd9		1328577	1					
ANR	1328832	Argument	_985257655752a80616e68b817451ffd9		1328577	0					
ANR	1328833	Identifier	_985257655752a80616e68b817451ffd9		1328577	0					
ANR	1328834	ExpressionStatement	close ( _ebba18af2454b48faf7ecf639c7e0fd8 )	66:4:2686:2726	1328577	23	True				
ANR	1328835	CallExpression	close ( _ebba18af2454b48faf7ecf639c7e0fd8 )		1328577	0					
ANR	1328836	Callee	close		1328577	0					
ANR	1328837	Identifier	close		1328577	0					
ANR	1328838	ArgumentList	_ebba18af2454b48faf7ecf639c7e0fd8		1328577	1					
ANR	1328839	Argument	_ebba18af2454b48faf7ecf639c7e0fd8		1328577	0					
ANR	1328840	Identifier	_ebba18af2454b48faf7ecf639c7e0fd8		1328577	0					
ANR	1328841	ExpressionStatement	pclose ( _d2b1ecc886c6d449ca37226cc54e1f84 )	67:4:2732:2773	1328577	24	True				
ANR	1328842	CallExpression	pclose ( _d2b1ecc886c6d449ca37226cc54e1f84 )		1328577	0					
ANR	1328843	Callee	pclose		1328577	0					
ANR	1328844	Identifier	pclose		1328577	0					
ANR	1328845	ArgumentList	_d2b1ecc886c6d449ca37226cc54e1f84		1328577	1					
ANR	1328846	Argument	_d2b1ecc886c6d449ca37226cc54e1f84		1328577	0					
ANR	1328847	Identifier	_d2b1ecc886c6d449ca37226cc54e1f84		1328577	0					
ANR	1328848	SwitchStatement	switch ( _79ea46a21a9ee5ca6651f09f6e6aa059 -> _c3277756048d625debbd650b2274d7f7 )		1328577	25					
ANR	1328849	Condition	_79ea46a21a9ee5ca6651f09f6e6aa059 -> _c3277756048d625debbd650b2274d7f7	68:12:2787:2854	1328577	0	True				
ANR	1328850	PtrMemberAccess	_79ea46a21a9ee5ca6651f09f6e6aa059 -> _c3277756048d625debbd650b2274d7f7		1328577	0					
ANR	1328851	Identifier	_79ea46a21a9ee5ca6651f09f6e6aa059		1328577	0					
ANR	1328852	Identifier	_c3277756048d625debbd650b2274d7f7		1328577	1					
ANR	1328853	CompoundStatement		49:4:2433:2433	1328577	1					
ANR	1328854	Label	case STATE_SEND :	70:4:2867:2882	1328577	0	True				
ANR	1328855	Identifier	STATE_SEND		1328577	0					
ANR	1328856	ExpressionStatement	"DEBUG ( 4 , ""STATE_SEND\\n"" )"	71:8:2892:2916	1328577	1	True				
ANR	1328857	CallExpression	"DEBUG ( 4 , ""STATE_SEND\\n"" )"		1328577	0					
ANR	1328858	Callee	DEBUG		1328577	0					
ANR	1328859	Identifier	DEBUG		1328577	0					
ANR	1328860	ArgumentList	4		1328577	1					
ANR	1328861	Argument	4		1328577	0					
ANR	1328862	PrimaryExpression	4		1328577	0					
ANR	1328863	Argument	"""STATE_SEND\\n"""		1328577	1					
ANR	1328864	PrimaryExpression	"""STATE_SEND\\n"""		1328577	0					
ANR	1328865	IfStatement	if ( _363406b5bcaf382b7f0dc6660a0ead91 != OBEX_RSP_SUCCESS && _363406b5bcaf382b7f0dc6660a0ead91 != OBEX_RSP_CONTINUE )		1328577	2					
ANR	1328866	Condition	_363406b5bcaf382b7f0dc6660a0ead91 != OBEX_RSP_SUCCESS && _363406b5bcaf382b7f0dc6660a0ead91 != OBEX_RSP_CONTINUE	72:12:2930:3040	1328577	0	True				
ANR	1328867	AndExpression	_363406b5bcaf382b7f0dc6660a0ead91 != OBEX_RSP_SUCCESS && _363406b5bcaf382b7f0dc6660a0ead91 != OBEX_RSP_CONTINUE		1328577	0		&&			
ANR	1328868	EqualityExpression	_363406b5bcaf382b7f0dc6660a0ead91 != OBEX_RSP_SUCCESS		1328577	0		!=			
ANR	1328869	Identifier	_363406b5bcaf382b7f0dc6660a0ead91		1328577	0					
ANR	1328870	Identifier	OBEX_RSP_SUCCESS		1328577	1					
ANR	1328871	EqualityExpression	_363406b5bcaf382b7f0dc6660a0ead91 != OBEX_RSP_CONTINUE		1328577	1		!=			
ANR	1328872	Identifier	_363406b5bcaf382b7f0dc6660a0ead91		1328577	0					
ANR	1328873	Identifier	OBEX_RSP_CONTINUE		1328577	1					
ANR	1328874	CompoundStatement		53:8:2623:2623	1328577	1					
ANR	1328875	ExpressionStatement	"DEBUG ( 0 , ""STATE_SEND. request not accepted.\\n"" )"	74:12:3065:3112	1328577	0	True				
ANR	1328876	CallExpression	"DEBUG ( 0 , ""STATE_SEND. request not accepted.\\n"" )"		1328577	0					
ANR	1328877	Callee	DEBUG		1328577	0					
ANR	1328878	Identifier	DEBUG		1328577	0					
ANR	1328879	ArgumentList	0		1328577	1					
ANR	1328880	Argument	0		1328577	0					
ANR	1328881	PrimaryExpression	0		1328577	0					
ANR	1328882	Argument	"""STATE_SEND. request not accepted.\\n"""		1328577	1					
ANR	1328883	PrimaryExpression	"""STATE_SEND. request not accepted.\\n"""		1328577	0					
ANR	1328884	ExpressionStatement	"_91dcd04c7b4525839f4ec3aae98ce896 ( _79ea46a21a9ee5ca6651f09f6e6aa059 , OBEX_EV_REQDONE , _79ea46a21a9ee5ca6651f09f6e6aa059 -> _9fbc28c91251e2a435396d09f6439213 -> _33f05a4d510f9b468d24ff75e04fec9f , _363406b5bcaf382b7f0dc6660a0ead91 , TRUE )"	75:12:3126:3357	1328577	1	True				
ANR	1328885	CallExpression	"_91dcd04c7b4525839f4ec3aae98ce896 ( _79ea46a21a9ee5ca6651f09f6e6aa059 , OBEX_EV_REQDONE , _79ea46a21a9ee5ca6651f09f6e6aa059 -> _9fbc28c91251e2a435396d09f6439213 -> _33f05a4d510f9b468d24ff75e04fec9f , _363406b5bcaf382b7f0dc6660a0ead91 , TRUE )"		1328577	0					
ANR	1328886	Callee	_91dcd04c7b4525839f4ec3aae98ce896		1328577	0					
ANR	1328887	Identifier	_91dcd04c7b4525839f4ec3aae98ce896		1328577	0					
ANR	1328888	ArgumentList	_79ea46a21a9ee5ca6651f09f6e6aa059		1328577	1					
ANR	1328889	Argument	_79ea46a21a9ee5ca6651f09f6e6aa059		1328577	0					
ANR	1328890	Identifier	_79ea46a21a9ee5ca6651f09f6e6aa059		1328577	0					
ANR	1328891	Argument	OBEX_EV_REQDONE		1328577	1					
ANR	1328892	Identifier	OBEX_EV_REQDONE		1328577	0					
ANR	1328893	Argument	_79ea46a21a9ee5ca6651f09f6e6aa059 -> _9fbc28c91251e2a435396d09f6439213 -> _33f05a4d510f9b468d24ff75e04fec9f		1328577	2					
ANR	1328894	PtrMemberAccess	_79ea46a21a9ee5ca6651f09f6e6aa059 -> _9fbc28c91251e2a435396d09f6439213 -> _33f05a4d510f9b468d24ff75e04fec9f		1328577	0					
ANR	1328895	PtrMemberAccess	_79ea46a21a9ee5ca6651f09f6e6aa059 -> _9fbc28c91251e2a435396d09f6439213		1328577	0					
ANR	1328896	Identifier	_79ea46a21a9ee5ca6651f09f6e6aa059		1328577	0					
ANR	1328897	Identifier	_9fbc28c91251e2a435396d09f6439213		1328577	1					
ANR	1328898	Identifier	_33f05a4d510f9b468d24ff75e04fec9f		1328577	1					
ANR	1328899	Argument	_363406b5bcaf382b7f0dc6660a0ead91		1328577	3					
ANR	1328900	Identifier	_363406b5bcaf382b7f0dc6660a0ead91		1328577	0					
ANR	1328901	Argument	TRUE		1328577	4					
ANR	1328902	Identifier	TRUE		1328577	0					
ANR	1328903	ReturnStatement	return 0 ;	76:12:3371:3379	1328577	2	True				
ANR	1328904	PrimaryExpression	0		1328577	0					
ANR	1328905	IfStatement	if ( ntohs ( _6b60ae4d1acf2e692442e6774575b5b3 -> _e1c23a87e6978204073e25eb9dff0546 ) > 3 )		1328577	3					
ANR	1328906	Condition	ntohs ( _6b60ae4d1acf2e692442e6774575b5b3 -> _e1c23a87e6978204073e25eb9dff0546 ) > 3	78:12:3403:3481	1328577	0	True				
ANR	1328907	RelationalExpression	ntohs ( _6b60ae4d1acf2e692442e6774575b5b3 -> _e1c23a87e6978204073e25eb9dff0546 ) > 3		1328577	0		>			
ANR	1328908	CallExpression	ntohs ( _6b60ae4d1acf2e692442e6774575b5b3 -> _e1c23a87e6978204073e25eb9dff0546 )		1328577	0					
ANR	1328909	Callee	ntohs		1328577	0					
ANR	1328910	Identifier	ntohs		1328577	0					
ANR	1328911	ArgumentList	_6b60ae4d1acf2e692442e6774575b5b3 -> _e1c23a87e6978204073e25eb9dff0546		1328577	1					
ANR	1328912	Argument	_6b60ae4d1acf2e692442e6774575b5b3 -> _e1c23a87e6978204073e25eb9dff0546		1328577	0					
ANR	1328913	PtrMemberAccess	_6b60ae4d1acf2e692442e6774575b5b3 -> _e1c23a87e6978204073e25eb9dff0546		1328577	0					
ANR	1328914	Identifier	_6b60ae4d1acf2e692442e6774575b5b3		1328577	0					
ANR	1328915	Identifier	_e1c23a87e6978204073e25eb9dff0546		1328577	1					
ANR	1328916	PrimaryExpression	3		1328577	1					
ANR	1328917	CompoundStatement		59:8:3064:3064	1328577	1					
ANR	1328918	ExpressionStatement	"DEBUG ( 1 , ""STATE_SEND. Didn't excpect data from peer (%d)\\n"" , ntohs ( _6b60ae4d1acf2e692442e6774575b5b3 -> _e1c23a87e6978204073e25eb9dff0546 ) )"	80:12:3506:3643	1328577	0	True				
ANR	1328919	CallExpression	"DEBUG ( 1 , ""STATE_SEND. Didn't excpect data from peer (%d)\\n"" , ntohs ( _6b60ae4d1acf2e692442e6774575b5b3 -> _e1c23a87e6978204073e25eb9dff0546 ) )"		1328577	0					
ANR	1328920	Callee	DEBUG		1328577	0					
ANR	1328921	Identifier	DEBUG		1328577	0					
ANR	1328922	ArgumentList	1		1328577	1					
ANR	1328923	Argument	1		1328577	0					
ANR	1328924	PrimaryExpression	1		1328577	0					
ANR	1328925	Argument	"""STATE_SEND. Didn't excpect data from peer (%d)\\n"""		1328577	1					
ANR	1328926	PrimaryExpression	"""STATE_SEND. Didn't excpect data from peer (%d)\\n"""		1328577	0					
ANR	1328927	Argument	ntohs ( _6b60ae4d1acf2e692442e6774575b5b3 -> _e1c23a87e6978204073e25eb9dff0546 )		1328577	2					
ANR	1328928	CallExpression	ntohs ( _6b60ae4d1acf2e692442e6774575b5b3 -> _e1c23a87e6978204073e25eb9dff0546 )		1328577	0					
ANR	1328929	Callee	ntohs		1328577	0					
ANR	1328930	Identifier	ntohs		1328577	0					
ANR	1328931	ArgumentList	_6b60ae4d1acf2e692442e6774575b5b3 -> _e1c23a87e6978204073e25eb9dff0546		1328577	1					
ANR	1328932	Argument	_6b60ae4d1acf2e692442e6774575b5b3 -> _e1c23a87e6978204073e25eb9dff0546		1328577	0					
ANR	1328933	PtrMemberAccess	_6b60ae4d1acf2e692442e6774575b5b3 -> _e1c23a87e6978204073e25eb9dff0546		1328577	0					
ANR	1328934	Identifier	_6b60ae4d1acf2e692442e6774575b5b3		1328577	0					
ANR	1328935	Identifier	_e1c23a87e6978204073e25eb9dff0546		1328577	1					
ANR	1328936	ExpressionStatement	"DUMPBUFFER ( 4 , ""unexpected data"" , _1a1595ed104f831c26395f28b7ee4eb0 )"	81:12:3657:3724	1328577	1	True				
ANR	1328937	CallExpression	"DUMPBUFFER ( 4 , ""unexpected data"" , _1a1595ed104f831c26395f28b7ee4eb0 )"		1328577	0					
ANR	1328938	Callee	DUMPBUFFER		1328577	0					
ANR	1328939	Identifier	DUMPBUFFER		1328577	0					
ANR	1328940	ArgumentList	4		1328577	1					
ANR	1328941	Argument	4		1328577	0					
ANR	1328942	PrimaryExpression	4		1328577	0					
ANR	1328943	Argument	"""unexpected data"""		1328577	1					
ANR	1328944	PrimaryExpression	"""unexpected data"""		1328577	0					
ANR	1328945	Argument	_1a1595ed104f831c26395f28b7ee4eb0		1328577	2					
ANR	1328946	Identifier	_1a1595ed104f831c26395f28b7ee4eb0		1328577	0					
ANR	1328947	IfStatement	"if ( _79ea46a21a9ee5ca6651f09f6e6aa059 -> _9fbc28c91251e2a435396d09f6439213 -> _33f05a4d510f9b468d24ff75e04fec9f == OBEX_CMD_CONNECT || _943d9ad60967ef88a20262e8585c6ca8 ( _79ea46a21a9ee5ca6651f09f6e6aa059 , _1a1595ed104f831c26395f28b7ee4eb0 ) < 0 )"		1328577	2					
ANR	1328948	Condition	"_79ea46a21a9ee5ca6651f09f6e6aa059 -> _9fbc28c91251e2a435396d09f6439213 -> _33f05a4d510f9b468d24ff75e04fec9f == OBEX_CMD_CONNECT || _943d9ad60967ef88a20262e8585c6ca8 ( _79ea46a21a9ee5ca6651f09f6e6aa059 , _1a1595ed104f831c26395f28b7ee4eb0 ) < 0"	82:16:3742:3995	1328577	0	True				
ANR	1328949	OrExpression	"_79ea46a21a9ee5ca6651f09f6e6aa059 -> _9fbc28c91251e2a435396d09f6439213 -> _33f05a4d510f9b468d24ff75e04fec9f == OBEX_CMD_CONNECT || _943d9ad60967ef88a20262e8585c6ca8 ( _79ea46a21a9ee5ca6651f09f6e6aa059 , _1a1595ed104f831c26395f28b7ee4eb0 ) < 0"		1328577	0		||			
ANR	1328950	EqualityExpression	_79ea46a21a9ee5ca6651f09f6e6aa059 -> _9fbc28c91251e2a435396d09f6439213 -> _33f05a4d510f9b468d24ff75e04fec9f == OBEX_CMD_CONNECT		1328577	0		==			
ANR	1328951	PtrMemberAccess	_79ea46a21a9ee5ca6651f09f6e6aa059 -> _9fbc28c91251e2a435396d09f6439213 -> _33f05a4d510f9b468d24ff75e04fec9f		1328577	0					
ANR	1328952	PtrMemberAccess	_79ea46a21a9ee5ca6651f09f6e6aa059 -> _9fbc28c91251e2a435396d09f6439213		1328577	0					
ANR	1328953	Identifier	_79ea46a21a9ee5ca6651f09f6e6aa059		1328577	0					
ANR	1328954	Identifier	_9fbc28c91251e2a435396d09f6439213		1328577	1					
ANR	1328955	Identifier	_33f05a4d510f9b468d24ff75e04fec9f		1328577	1					
ANR	1328956	Identifier	OBEX_CMD_CONNECT		1328577	1					
ANR	1328957	RelationalExpression	"_943d9ad60967ef88a20262e8585c6ca8 ( _79ea46a21a9ee5ca6651f09f6e6aa059 , _1a1595ed104f831c26395f28b7ee4eb0 ) < 0"		1328577	1		<			
ANR	1328958	CallExpression	"_943d9ad60967ef88a20262e8585c6ca8 ( _79ea46a21a9ee5ca6651f09f6e6aa059 , _1a1595ed104f831c26395f28b7ee4eb0 )"		1328577	0					
ANR	1328959	Callee	_943d9ad60967ef88a20262e8585c6ca8		1328577	0					
ANR	1328960	Identifier	_943d9ad60967ef88a20262e8585c6ca8		1328577	0					
ANR	1328961	ArgumentList	_79ea46a21a9ee5ca6651f09f6e6aa059		1328577	1					
ANR	1328962	Argument	_79ea46a21a9ee5ca6651f09f6e6aa059		1328577	0					
ANR	1328963	Identifier	_79ea46a21a9ee5ca6651f09f6e6aa059		1328577	0					
ANR	1328964	Argument	_1a1595ed104f831c26395f28b7ee4eb0		1328577	1					
ANR	1328965	Identifier	_1a1595ed104f831c26395f28b7ee4eb0		1328577	0					
ANR	1328966	PrimaryExpression	0		1328577	1					
ANR	1328967	CompoundStatement		64:12:3582:3582	1328577	1					
ANR	1328968	ExpressionStatement	_79ea46a21a9ee5ca6651f09f6e6aa059 -> _c3277756048d625debbd650b2274d7f7 = MODE_SRV | STATE_IDLE	85:16:4028:4120	1328577	0	True				
ANR	1328969	AssignmentExpression	_79ea46a21a9ee5ca6651f09f6e6aa059 -> _c3277756048d625debbd650b2274d7f7 = MODE_SRV | STATE_IDLE		1328577	0		=			
ANR	1328970	PtrMemberAccess	_79ea46a21a9ee5ca6651f09f6e6aa059 -> _c3277756048d625debbd650b2274d7f7		1328577	0					
ANR	1328971	Identifier	_79ea46a21a9ee5ca6651f09f6e6aa059		1328577	0					
ANR	1328972	Identifier	_c3277756048d625debbd650b2274d7f7		1328577	1					
ANR	1328973	InclusiveOrExpression	MODE_SRV | STATE_IDLE		1328577	1		|			
ANR	1328974	Identifier	MODE_SRV		1328577	0					
ANR	1328975	Identifier	STATE_IDLE		1328577	1					
ANR	1328976	ExpressionStatement	"_91dcd04c7b4525839f4ec3aae98ce896 ( _79ea46a21a9ee5ca6651f09f6e6aa059 , OBEX_EV_PARSEERR , _79ea46a21a9ee5ca6651f09f6e6aa059 -> _9fbc28c91251e2a435396d09f6439213 -> _33f05a4d510f9b468d24ff75e04fec9f , 0 , TRUE )"	86:16:4138:4338	1328577	1	True				
ANR	1328977	CallExpression	"_91dcd04c7b4525839f4ec3aae98ce896 ( _79ea46a21a9ee5ca6651f09f6e6aa059 , OBEX_EV_PARSEERR , _79ea46a21a9ee5ca6651f09f6e6aa059 -> _9fbc28c91251e2a435396d09f6439213 -> _33f05a4d510f9b468d24ff75e04fec9f , 0 , TRUE )"		1328577	0					
ANR	1328978	Callee	_91dcd04c7b4525839f4ec3aae98ce896		1328577	0					
ANR	1328979	Identifier	_91dcd04c7b4525839f4ec3aae98ce896		1328577	0					
ANR	1328980	ArgumentList	_79ea46a21a9ee5ca6651f09f6e6aa059		1328577	1					
ANR	1328981	Argument	_79ea46a21a9ee5ca6651f09f6e6aa059		1328577	0					
ANR	1328982	Identifier	_79ea46a21a9ee5ca6651f09f6e6aa059		1328577	0					
ANR	1328983	Argument	OBEX_EV_PARSEERR		1328577	1					
ANR	1328984	Identifier	OBEX_EV_PARSEERR		1328577	0					
ANR	1328985	Argument	_79ea46a21a9ee5ca6651f09f6e6aa059 -> _9fbc28c91251e2a435396d09f6439213 -> _33f05a4d510f9b468d24ff75e04fec9f		1328577	2					
ANR	1328986	PtrMemberAccess	_79ea46a21a9ee5ca6651f09f6e6aa059 -> _9fbc28c91251e2a435396d09f6439213 -> _33f05a4d510f9b468d24ff75e04fec9f		1328577	0					
ANR	1328987	PtrMemberAccess	_79ea46a21a9ee5ca6651f09f6e6aa059 -> _9fbc28c91251e2a435396d09f6439213		1328577	0					
ANR	1328988	Identifier	_79ea46a21a9ee5ca6651f09f6e6aa059		1328577	0					
ANR	1328989	Identifier	_9fbc28c91251e2a435396d09f6439213		1328577	1					
ANR	1328990	Identifier	_33f05a4d510f9b468d24ff75e04fec9f		1328577	1					
ANR	1328991	Argument	0		1328577	3					
ANR	1328992	PrimaryExpression	0		1328577	0					
ANR	1328993	Argument	TRUE		1328577	4					
ANR	1328994	Identifier	TRUE		1328577	0					
ANR	1328995	ReturnStatement	return - 1 ;	87:16:4356:4365	1328577	2	True				
ANR	1328996	UnaryOperationExpression	- 1		1328577	0					
ANR	1328997	UnaryOperator	-		1328577	0					
ANR	1328998	PrimaryExpression	1		1328577	1					
ANR	1328999	ExpressionStatement	"_91dcd04c7b4525839f4ec3aae98ce896 ( _79ea46a21a9ee5ca6651f09f6e6aa059 , OBEX_EV_UNEXPECTED , _79ea46a21a9ee5ca6651f09f6e6aa059 -> _9fbc28c91251e2a435396d09f6439213 -> _33f05a4d510f9b468d24ff75e04fec9f , 0 , FALSE )"	89:12:4393:4596	1328577	3	True				
ANR	1329000	CallExpression	"_91dcd04c7b4525839f4ec3aae98ce896 ( _79ea46a21a9ee5ca6651f09f6e6aa059 , OBEX_EV_UNEXPECTED , _79ea46a21a9ee5ca6651f09f6e6aa059 -> _9fbc28c91251e2a435396d09f6439213 -> _33f05a4d510f9b468d24ff75e04fec9f , 0 , FALSE )"		1328577	0					
ANR	1329001	Callee	_91dcd04c7b4525839f4ec3aae98ce896		1328577	0					
ANR	1329002	Identifier	_91dcd04c7b4525839f4ec3aae98ce896		1328577	0					
ANR	1329003	ArgumentList	_79ea46a21a9ee5ca6651f09f6e6aa059		1328577	1					
ANR	1329004	Argument	_79ea46a21a9ee5ca6651f09f6e6aa059		1328577	0					
ANR	1329005	Identifier	_79ea46a21a9ee5ca6651f09f6e6aa059		1328577	0					
ANR	1329006	Argument	OBEX_EV_UNEXPECTED		1328577	1					
ANR	1329007	Identifier	OBEX_EV_UNEXPECTED		1328577	0					
ANR	1329008	Argument	_79ea46a21a9ee5ca6651f09f6e6aa059 -> _9fbc28c91251e2a435396d09f6439213 -> _33f05a4d510f9b468d24ff75e04fec9f		1328577	2					
ANR	1329009	PtrMemberAccess	_79ea46a21a9ee5ca6651f09f6e6aa059 -> _9fbc28c91251e2a435396d09f6439213 -> _33f05a4d510f9b468d24ff75e04fec9f		1328577	0					
ANR	1329010	PtrMemberAccess	_79ea46a21a9ee5ca6651f09f6e6aa059 -> _9fbc28c91251e2a435396d09f6439213		1328577	0					
ANR	1329011	Identifier	_79ea46a21a9ee5ca6651f09f6e6aa059		1328577	0					
ANR	1329012	Identifier	_9fbc28c91251e2a435396d09f6439213		1328577	1					
ANR	1329013	Identifier	_33f05a4d510f9b468d24ff75e04fec9f		1328577	1					
ANR	1329014	Argument	0		1328577	3					
ANR	1329015	PrimaryExpression	0		1328577	0					
ANR	1329016	Argument	FALSE		1328577	4					
ANR	1329017	Identifier	FALSE		1328577	0					
ANR	1329018	Label	case STATE_START :	91:4:4612:4628	1328577	4	True				
ANR	1329019	Identifier	STATE_START		1328577	0					
ANR	1329020	ExpressionStatement	"DEBUG ( 4 , ""STATE_START\\n"" )"	92:8:4638:4663	1328577	5	True				
ANR	1329021	CallExpression	"DEBUG ( 4 , ""STATE_START\\n"" )"		1328577	0					
ANR	1329022	Callee	DEBUG		1328577	0					
ANR	1329023	Identifier	DEBUG		1328577	0					
ANR	1329024	ArgumentList	4		1328577	1					
ANR	1329025	Argument	4		1328577	0					
ANR	1329026	PrimaryExpression	4		1328577	0					
ANR	1329027	Argument	"""STATE_START\\n"""		1328577	1					
ANR	1329028	PrimaryExpression	"""STATE_START\\n"""		1328577	0					
ANR	1329029	IfStatement	if ( ! _79ea46a21a9ee5ca6651f09f6e6aa059 -> _9fbc28c91251e2a435396d09f6439213 )		1328577	6					
ANR	1329030	Condition	! _79ea46a21a9ee5ca6651f09f6e6aa059 -> _9fbc28c91251e2a435396d09f6439213	93:12:4677:4745	1328577	0	True				
ANR	1329031	UnaryOperationExpression	! _79ea46a21a9ee5ca6651f09f6e6aa059 -> _9fbc28c91251e2a435396d09f6439213		1328577	0					
ANR	1329032	UnaryOperator	!		1328577	0					
ANR	1329033	PtrMemberAccess	_79ea46a21a9ee5ca6651f09f6e6aa059 -> _9fbc28c91251e2a435396d09f6439213		1328577	1					
ANR	1329034	Identifier	_79ea46a21a9ee5ca6651f09f6e6aa059		1328577	0					
ANR	1329035	Identifier	_9fbc28c91251e2a435396d09f6439213		1328577	1					
ANR	1329036	CompoundStatement		74:8:4328:4328	1328577	1					
ANR	1329037	ExpressionStatement	"DEBUG ( 4 , ""Got unexpected data from the server\\n"" )"	95:12:4770:4819	1328577	0	True				
ANR	1329038	CallExpression	"DEBUG ( 4 , ""Got unexpected data from the server\\n"" )"		1328577	0					
ANR	1329039	Callee	DEBUG		1328577	0					
ANR	1329040	Identifier	DEBUG		1328577	0					
ANR	1329041	ArgumentList	4		1328577	1					
ANR	1329042	Argument	4		1328577	0					
ANR	1329043	PrimaryExpression	4		1328577	0					
ANR	1329044	Argument	"""Got unexpected data from the server\\n"""		1328577	1					
ANR	1329045	PrimaryExpression	"""Got unexpected data from the server\\n"""		1328577	0					
ANR	1329046	ExpressionStatement	"_91dcd04c7b4525839f4ec3aae98ce896 ( _79ea46a21a9ee5ca6651f09f6e6aa059 , OBEX_EV_PARSEERR , _363406b5bcaf382b7f0dc6660a0ead91 , 0 , TRUE )"	96:12:4833:4963	1328577	1	True				
ANR	1329047	CallExpression	"_91dcd04c7b4525839f4ec3aae98ce896 ( _79ea46a21a9ee5ca6651f09f6e6aa059 , OBEX_EV_PARSEERR , _363406b5bcaf382b7f0dc6660a0ead91 , 0 , TRUE )"		1328577	0					
ANR	1329048	Callee	_91dcd04c7b4525839f4ec3aae98ce896		1328577	0					
ANR	1329049	Identifier	_91dcd04c7b4525839f4ec3aae98ce896		1328577	0					
ANR	1329050	ArgumentList	_79ea46a21a9ee5ca6651f09f6e6aa059		1328577	1					
ANR	1329051	Argument	_79ea46a21a9ee5ca6651f09f6e6aa059		1328577	0					
ANR	1329052	Identifier	_79ea46a21a9ee5ca6651f09f6e6aa059		1328577	0					
ANR	1329053	Argument	OBEX_EV_PARSEERR		1328577	1					
ANR	1329054	Identifier	OBEX_EV_PARSEERR		1328577	0					
ANR	1329055	Argument	_363406b5bcaf382b7f0dc6660a0ead91		1328577	2					
ANR	1329056	Identifier	_363406b5bcaf382b7f0dc6660a0ead91		1328577	0					
ANR	1329057	Argument	0		1328577	3					
ANR	1329058	PrimaryExpression	0		1328577	0					
ANR	1329059	Argument	TRUE		1328577	4					
ANR	1329060	Identifier	TRUE		1328577	0					
ANR	1329061	ReturnStatement	return - 1 ;	97:12:4977:4986	1328577	2	True				
ANR	1329062	UnaryOperationExpression	- 1		1328577	0					
ANR	1329063	UnaryOperator	-		1328577	0					
ANR	1329064	PrimaryExpression	1		1328577	1					
ANR	1329065	ExpressionStatement	"_aab30171cf8ecfb0143b3afff7b5b2ea = _a2a25434845e7e1de76ad251670e114f ( _79ea46a21a9ee5ca6651f09f6e6aa059 , _79ea46a21a9ee5ca6651f09f6e6aa059 -> _9fbc28c91251e2a435396d09f6439213 , TRUE , FALSE )"	99:8:5006:5193	1328577	7	True				
ANR	1329066	AssignmentExpression	"_aab30171cf8ecfb0143b3afff7b5b2ea = _a2a25434845e7e1de76ad251670e114f ( _79ea46a21a9ee5ca6651f09f6e6aa059 , _79ea46a21a9ee5ca6651f09f6e6aa059 -> _9fbc28c91251e2a435396d09f6439213 , TRUE , FALSE )"		1328577	0		=			
ANR	1329067	Identifier	_aab30171cf8ecfb0143b3afff7b5b2ea		1328577	0					
ANR	1329068	CallExpression	"_a2a25434845e7e1de76ad251670e114f ( _79ea46a21a9ee5ca6651f09f6e6aa059 , _79ea46a21a9ee5ca6651f09f6e6aa059 -> _9fbc28c91251e2a435396d09f6439213 , TRUE , FALSE )"		1328577	1					
ANR	1329069	Callee	_a2a25434845e7e1de76ad251670e114f		1328577	0					
ANR	1329070	Identifier	_a2a25434845e7e1de76ad251670e114f		1328577	0					
ANR	1329071	ArgumentList	_79ea46a21a9ee5ca6651f09f6e6aa059		1328577	1					
ANR	1329072	Argument	_79ea46a21a9ee5ca6651f09f6e6aa059		1328577	0					
ANR	1329073	Identifier	_79ea46a21a9ee5ca6651f09f6e6aa059		1328577	0					
ANR	1329074	Argument	_79ea46a21a9ee5ca6651f09f6e6aa059 -> _9fbc28c91251e2a435396d09f6439213		1328577	1					
ANR	1329075	PtrMemberAccess	_79ea46a21a9ee5ca6651f09f6e6aa059 -> _9fbc28c91251e2a435396d09f6439213		1328577	0					
ANR	1329076	Identifier	_79ea46a21a9ee5ca6651f09f6e6aa059		1328577	0					
ANR	1329077	Identifier	_9fbc28c91251e2a435396d09f6439213		1328577	1					
ANR	1329078	Argument	TRUE		1328577	2					
ANR	1329079	Identifier	TRUE		1328577	0					
ANR	1329080	Argument	FALSE		1328577	3					
ANR	1329081	Identifier	FALSE		1328577	0					
ANR	1329082	IfStatement	if ( _aab30171cf8ecfb0143b3afff7b5b2ea < 0 )		1328577	8					
ANR	1329083	Condition	_aab30171cf8ecfb0143b3afff7b5b2ea < 0	100:12:5207:5243	1328577	0	True				
ANR	1329084	RelationalExpression	_aab30171cf8ecfb0143b3afff7b5b2ea < 0		1328577	0		<			
ANR	1329085	Identifier	_aab30171cf8ecfb0143b3afff7b5b2ea		1328577	0					
ANR	1329086	PrimaryExpression	0		1328577	1					
ANR	1329087	CompoundStatement		81:8:4826:4826	1328577	1					
ANR	1329088	ExpressionStatement	_79ea46a21a9ee5ca6651f09f6e6aa059 -> _c3277756048d625debbd650b2274d7f7 = MODE_CLI | STATE_IDLE	102:12:5268:5360	1328577	0	True				
ANR	1329089	AssignmentExpression	_79ea46a21a9ee5ca6651f09f6e6aa059 -> _c3277756048d625debbd650b2274d7f7 = MODE_CLI | STATE_IDLE		1328577	0		=			
ANR	1329090	PtrMemberAccess	_79ea46a21a9ee5ca6651f09f6e6aa059 -> _c3277756048d625debbd650b2274d7f7		1328577	0					
ANR	1329091	Identifier	_79ea46a21a9ee5ca6651f09f6e6aa059		1328577	0					
ANR	1329092	Identifier	_c3277756048d625debbd650b2274d7f7		1328577	1					
ANR	1329093	InclusiveOrExpression	MODE_CLI | STATE_IDLE		1328577	1		|			
ANR	1329094	Identifier	MODE_CLI		1328577	0					
ANR	1329095	Identifier	STATE_IDLE		1328577	1					
ANR	1329096	ExpressionStatement	"_91dcd04c7b4525839f4ec3aae98ce896 ( _79ea46a21a9ee5ca6651f09f6e6aa059 , OBEX_EV_LINKERR , _79ea46a21a9ee5ca6651f09f6e6aa059 -> _9fbc28c91251e2a435396d09f6439213 -> _33f05a4d510f9b468d24ff75e04fec9f , 0 , TRUE )"	103:12:5374:5573	1328577	1	True				
ANR	1329097	CallExpression	"_91dcd04c7b4525839f4ec3aae98ce896 ( _79ea46a21a9ee5ca6651f09f6e6aa059 , OBEX_EV_LINKERR , _79ea46a21a9ee5ca6651f09f6e6aa059 -> _9fbc28c91251e2a435396d09f6439213 -> _33f05a4d510f9b468d24ff75e04fec9f , 0 , TRUE )"		1328577	0					
ANR	1329098	Callee	_91dcd04c7b4525839f4ec3aae98ce896		1328577	0					
ANR	1329099	Identifier	_91dcd04c7b4525839f4ec3aae98ce896		1328577	0					
ANR	1329100	ArgumentList	_79ea46a21a9ee5ca6651f09f6e6aa059		1328577	1					
ANR	1329101	Argument	_79ea46a21a9ee5ca6651f09f6e6aa059		1328577	0					
ANR	1329102	Identifier	_79ea46a21a9ee5ca6651f09f6e6aa059		1328577	0					
ANR	1329103	Argument	OBEX_EV_LINKERR		1328577	1					
ANR	1329104	Identifier	OBEX_EV_LINKERR		1328577	0					
ANR	1329105	Argument	_79ea46a21a9ee5ca6651f09f6e6aa059 -> _9fbc28c91251e2a435396d09f6439213 -> _33f05a4d510f9b468d24ff75e04fec9f		1328577	2					
ANR	1329106	PtrMemberAccess	_79ea46a21a9ee5ca6651f09f6e6aa059 -> _9fbc28c91251e2a435396d09f6439213 -> _33f05a4d510f9b468d24ff75e04fec9f		1328577	0					
ANR	1329107	PtrMemberAccess	_79ea46a21a9ee5ca6651f09f6e6aa059 -> _9fbc28c91251e2a435396d09f6439213		1328577	0					
ANR	1329108	Identifier	_79ea46a21a9ee5ca6651f09f6e6aa059		1328577	0					
ANR	1329109	Identifier	_9fbc28c91251e2a435396d09f6439213		1328577	1					
ANR	1329110	Identifier	_33f05a4d510f9b468d24ff75e04fec9f		1328577	1					
ANR	1329111	Argument	0		1328577	3					
ANR	1329112	PrimaryExpression	0		1328577	0					
ANR	1329113	Argument	TRUE		1328577	4					
ANR	1329114	Identifier	TRUE		1328577	0					
ANR	1329115	BreakStatement	break ;	104:12:5587:5592	1328577	2	True				
ANR	1329116	ExpressionStatement	_79ea46a21a9ee5ca6651f09f6e6aa059 -> _9fbc28c91251e2a435396d09f6439213 -> _447ace5ecbb1120f198140a3a184820e = 1	106:8:5612:5719	1328577	9	True				
ANR	1329117	AssignmentExpression	_79ea46a21a9ee5ca6651f09f6e6aa059 -> _9fbc28c91251e2a435396d09f6439213 -> _447ace5ecbb1120f198140a3a184820e = 1		1328577	0		=			
ANR	1329118	PtrMemberAccess	_79ea46a21a9ee5ca6651f09f6e6aa059 -> _9fbc28c91251e2a435396d09f6439213 -> _447ace5ecbb1120f198140a3a184820e		1328577	0					
ANR	1329119	PtrMemberAccess	_79ea46a21a9ee5ca6651f09f6e6aa059 -> _9fbc28c91251e2a435396d09f6439213		1328577	0					
ANR	1329120	Identifier	_79ea46a21a9ee5ca6651f09f6e6aa059		1328577	0					
ANR	1329121	Identifier	_9fbc28c91251e2a435396d09f6439213		1328577	1					
ANR	1329122	Identifier	_447ace5ecbb1120f198140a3a184820e		1328577	1					
ANR	1329123	PrimaryExpression	1		1328577	1					
ANR	1329124	ExpressionStatement	"_91dcd04c7b4525839f4ec3aae98ce896 ( _79ea46a21a9ee5ca6651f09f6e6aa059 , OBEX_EV_PROGRESS , _79ea46a21a9ee5ca6651f09f6e6aa059 -> _9fbc28c91251e2a435396d09f6439213 -> _33f05a4d510f9b468d24ff75e04fec9f , 0 , FALSE )"	107:8:5729:5930	1328577	10	True				
ANR	1329125	CallExpression	"_91dcd04c7b4525839f4ec3aae98ce896 ( _79ea46a21a9ee5ca6651f09f6e6aa059 , OBEX_EV_PROGRESS , _79ea46a21a9ee5ca6651f09f6e6aa059 -> _9fbc28c91251e2a435396d09f6439213 -> _33f05a4d510f9b468d24ff75e04fec9f , 0 , FALSE )"		1328577	0					
ANR	1329126	Callee	_91dcd04c7b4525839f4ec3aae98ce896		1328577	0					
ANR	1329127	Identifier	_91dcd04c7b4525839f4ec3aae98ce896		1328577	0					
ANR	1329128	ArgumentList	_79ea46a21a9ee5ca6651f09f6e6aa059		1328577	1					
ANR	1329129	Argument	_79ea46a21a9ee5ca6651f09f6e6aa059		1328577	0					
ANR	1329130	Identifier	_79ea46a21a9ee5ca6651f09f6e6aa059		1328577	0					
ANR	1329131	Argument	OBEX_EV_PROGRESS		1328577	1					
ANR	1329132	Identifier	OBEX_EV_PROGRESS		1328577	0					
ANR	1329133	Argument	_79ea46a21a9ee5ca6651f09f6e6aa059 -> _9fbc28c91251e2a435396d09f6439213 -> _33f05a4d510f9b468d24ff75e04fec9f		1328577	2					
ANR	1329134	PtrMemberAccess	_79ea46a21a9ee5ca6651f09f6e6aa059 -> _9fbc28c91251e2a435396d09f6439213 -> _33f05a4d510f9b468d24ff75e04fec9f		1328577	0					
ANR	1329135	PtrMemberAccess	_79ea46a21a9ee5ca6651f09f6e6aa059 -> _9fbc28c91251e2a435396d09f6439213		1328577	0					
ANR	1329136	Identifier	_79ea46a21a9ee5ca6651f09f6e6aa059		1328577	0					
ANR	1329137	Identifier	_9fbc28c91251e2a435396d09f6439213		1328577	1					
ANR	1329138	Identifier	_33f05a4d510f9b468d24ff75e04fec9f		1328577	1					
ANR	1329139	Argument	0		1328577	3					
ANR	1329140	PrimaryExpression	0		1328577	0					
ANR	1329141	Argument	FALSE		1328577	4					
ANR	1329142	Identifier	FALSE		1328577	0					
ANR	1329143	ExpressionStatement	_79ea46a21a9ee5ca6651f09f6e6aa059 -> _c3277756048d625debbd650b2274d7f7 = MODE_CLI | STATE_REC	108:8:5940:6031	1328577	11	True				
ANR	1329144	AssignmentExpression	_79ea46a21a9ee5ca6651f09f6e6aa059 -> _c3277756048d625debbd650b2274d7f7 = MODE_CLI | STATE_REC		1328577	0		=			
ANR	1329145	PtrMemberAccess	_79ea46a21a9ee5ca6651f09f6e6aa059 -> _c3277756048d625debbd650b2274d7f7		1328577	0					
ANR	1329146	Identifier	_79ea46a21a9ee5ca6651f09f6e6aa059		1328577	0					
ANR	1329147	Identifier	_c3277756048d625debbd650b2274d7f7		1328577	1					
ANR	1329148	InclusiveOrExpression	MODE_CLI | STATE_REC		1328577	1		|			
ANR	1329149	Identifier	MODE_CLI		1328577	0					
ANR	1329150	Identifier	STATE_REC		1328577	1					
ANR	1329151	BreakStatement	break ;	109:8:6041:6046	1328577	12	True				
ANR	1329152	Label	case STATE_REC :	110:4:6052:6066	1328577	13	True				
ANR	1329153	Identifier	STATE_REC		1328577	0					
ANR	1329154	ExpressionStatement	"DEBUG ( 4 , ""STATE_REC\\n"" )"	111:8:6076:6099	1328577	14	True				
ANR	1329155	CallExpression	"DEBUG ( 4 , ""STATE_REC\\n"" )"		1328577	0					
ANR	1329156	Callee	DEBUG		1328577	0					
ANR	1329157	Identifier	DEBUG		1328577	0					
ANR	1329158	ArgumentList	4		1328577	1					
ANR	1329159	Argument	4		1328577	0					
ANR	1329160	PrimaryExpression	4		1328577	0					
ANR	1329161	Argument	"""STATE_REC\\n"""		1328577	1					
ANR	1329162	PrimaryExpression	"""STATE_REC\\n"""		1328577	0					
ANR	1329163	IfStatement	if ( _79ea46a21a9ee5ca6651f09f6e6aa059 -> _9fbc28c91251e2a435396d09f6439213 -> _33f05a4d510f9b468d24ff75e04fec9f == OBEX_CMD_CONNECT )		1328577	15					
ANR	1329164	Condition	_79ea46a21a9ee5ca6651f09f6e6aa059 -> _9fbc28c91251e2a435396d09f6439213 -> _33f05a4d510f9b468d24ff75e04fec9f == OBEX_CMD_CONNECT	112:12:6113:6235	1328577	0	True				
ANR	1329165	EqualityExpression	_79ea46a21a9ee5ca6651f09f6e6aa059 -> _9fbc28c91251e2a435396d09f6439213 -> _33f05a4d510f9b468d24ff75e04fec9f == OBEX_CMD_CONNECT		1328577	0		==			
ANR	1329166	PtrMemberAccess	_79ea46a21a9ee5ca6651f09f6e6aa059 -> _9fbc28c91251e2a435396d09f6439213 -> _33f05a4d510f9b468d24ff75e04fec9f		1328577	0					
ANR	1329167	PtrMemberAccess	_79ea46a21a9ee5ca6651f09f6e6aa059 -> _9fbc28c91251e2a435396d09f6439213		1328577	0					
ANR	1329168	Identifier	_79ea46a21a9ee5ca6651f09f6e6aa059		1328577	0					
ANR	1329169	Identifier	_9fbc28c91251e2a435396d09f6439213		1328577	1					
ANR	1329170	Identifier	_33f05a4d510f9b468d24ff75e04fec9f		1328577	1					
ANR	1329171	Identifier	OBEX_CMD_CONNECT		1328577	1					
ANR	1329172	CompoundStatement		93:8:5818:5818	1328577	1					
ANR	1329173	ExpressionStatement	"DEBUG ( 2 , ""We expect a connect-rsp\\n"" )"	114:12:6260:6297	1328577	0	True				
ANR	1329174	CallExpression	"DEBUG ( 2 , ""We expect a connect-rsp\\n"" )"		1328577	0					
ANR	1329175	Callee	DEBUG		1328577	0					
ANR	1329176	Identifier	DEBUG		1328577	0					
ANR	1329177	ArgumentList	2		1328577	1					
ANR	1329178	Argument	2		1328577	0					
ANR	1329179	PrimaryExpression	2		1328577	0					
ANR	1329180	Argument	"""We expect a connect-rsp\\n"""		1328577	1					
ANR	1329181	PrimaryExpression	"""We expect a connect-rsp\\n"""		1328577	0					
ANR	1329182	IfStatement	"if ( _32328eac822a1fdc17b2a676ab34fa94 ( _79ea46a21a9ee5ca6651f09f6e6aa059 , _1a1595ed104f831c26395f28b7ee4eb0 ) < 0 )"		1328577	1					
ANR	1329183	Condition	"_32328eac822a1fdc17b2a676ab34fa94 ( _79ea46a21a9ee5ca6651f09f6e6aa059 , _1a1595ed104f831c26395f28b7ee4eb0 ) < 0"	115:16:6315:6421	1328577	0	True				
ANR	1329184	RelationalExpression	"_32328eac822a1fdc17b2a676ab34fa94 ( _79ea46a21a9ee5ca6651f09f6e6aa059 , _1a1595ed104f831c26395f28b7ee4eb0 ) < 0"		1328577	0		<			
ANR	1329185	CallExpression	"_32328eac822a1fdc17b2a676ab34fa94 ( _79ea46a21a9ee5ca6651f09f6e6aa059 , _1a1595ed104f831c26395f28b7ee4eb0 )"		1328577	0					
ANR	1329186	Callee	_32328eac822a1fdc17b2a676ab34fa94		1328577	0					
ANR	1329187	Identifier	_32328eac822a1fdc17b2a676ab34fa94		1328577	0					
ANR	1329188	ArgumentList	_79ea46a21a9ee5ca6651f09f6e6aa059		1328577	1					
ANR	1329189	Argument	_79ea46a21a9ee5ca6651f09f6e6aa059		1328577	0					
ANR	1329190	Identifier	_79ea46a21a9ee5ca6651f09f6e6aa059		1328577	0					
ANR	1329191	Argument	_1a1595ed104f831c26395f28b7ee4eb0		1328577	1					
ANR	1329192	Identifier	_1a1595ed104f831c26395f28b7ee4eb0		1328577	0					
ANR	1329193	PrimaryExpression	0		1328577	1					
ANR	1329194	CompoundStatement		96:12:6008:6008	1328577	1					
ANR	1329195	ExpressionStatement	_79ea46a21a9ee5ca6651f09f6e6aa059 -> _c3277756048d625debbd650b2274d7f7 = MODE_SRV | STATE_IDLE	117:16:6454:6546	1328577	0	True				
ANR	1329196	AssignmentExpression	_79ea46a21a9ee5ca6651f09f6e6aa059 -> _c3277756048d625debbd650b2274d7f7 = MODE_SRV | STATE_IDLE		1328577	0		=			
ANR	1329197	PtrMemberAccess	_79ea46a21a9ee5ca6651f09f6e6aa059 -> _c3277756048d625debbd650b2274d7f7		1328577	0					
ANR	1329198	Identifier	_79ea46a21a9ee5ca6651f09f6e6aa059		1328577	0					
ANR	1329199	Identifier	_c3277756048d625debbd650b2274d7f7		1328577	1					
ANR	1329200	InclusiveOrExpression	MODE_SRV | STATE_IDLE		1328577	1		|			
ANR	1329201	Identifier	MODE_SRV		1328577	0					
ANR	1329202	Identifier	STATE_IDLE		1328577	1					
ANR	1329203	ExpressionStatement	"_91dcd04c7b4525839f4ec3aae98ce896 ( _79ea46a21a9ee5ca6651f09f6e6aa059 , OBEX_EV_PARSEERR , _79ea46a21a9ee5ca6651f09f6e6aa059 -> _9fbc28c91251e2a435396d09f6439213 -> _33f05a4d510f9b468d24ff75e04fec9f , 0 , TRUE )"	118:16:6564:6764	1328577	1	True				
ANR	1329204	CallExpression	"_91dcd04c7b4525839f4ec3aae98ce896 ( _79ea46a21a9ee5ca6651f09f6e6aa059 , OBEX_EV_PARSEERR , _79ea46a21a9ee5ca6651f09f6e6aa059 -> _9fbc28c91251e2a435396d09f6439213 -> _33f05a4d510f9b468d24ff75e04fec9f , 0 , TRUE )"		1328577	0					
ANR	1329205	Callee	_91dcd04c7b4525839f4ec3aae98ce896		1328577	0					
ANR	1329206	Identifier	_91dcd04c7b4525839f4ec3aae98ce896		1328577	0					
ANR	1329207	ArgumentList	_79ea46a21a9ee5ca6651f09f6e6aa059		1328577	1					
ANR	1329208	Argument	_79ea46a21a9ee5ca6651f09f6e6aa059		1328577	0					
ANR	1329209	Identifier	_79ea46a21a9ee5ca6651f09f6e6aa059		1328577	0					
ANR	1329210	Argument	OBEX_EV_PARSEERR		1328577	1					
ANR	1329211	Identifier	OBEX_EV_PARSEERR		1328577	0					
ANR	1329212	Argument	_79ea46a21a9ee5ca6651f09f6e6aa059 -> _9fbc28c91251e2a435396d09f6439213 -> _33f05a4d510f9b468d24ff75e04fec9f		1328577	2					
ANR	1329213	PtrMemberAccess	_79ea46a21a9ee5ca6651f09f6e6aa059 -> _9fbc28c91251e2a435396d09f6439213 -> _33f05a4d510f9b468d24ff75e04fec9f		1328577	0					
ANR	1329214	PtrMemberAccess	_79ea46a21a9ee5ca6651f09f6e6aa059 -> _9fbc28c91251e2a435396d09f6439213		1328577	0					
ANR	1329215	Identifier	_79ea46a21a9ee5ca6651f09f6e6aa059		1328577	0					
ANR	1329216	Identifier	_9fbc28c91251e2a435396d09f6439213		1328577	1					
ANR	1329217	Identifier	_33f05a4d510f9b468d24ff75e04fec9f		1328577	1					
ANR	1329218	Argument	0		1328577	3					
ANR	1329219	PrimaryExpression	0		1328577	0					
ANR	1329220	Argument	TRUE		1328577	4					
ANR	1329221	Identifier	TRUE		1328577	0					
ANR	1329222	ReturnStatement	return - 1 ;	119:16:6782:6791	1328577	2	True				
ANR	1329223	UnaryOperationExpression	- 1		1328577	0					
ANR	1329224	UnaryOperator	-		1328577	0					
ANR	1329225	PrimaryExpression	1		1328577	1					
ANR	1329226	ExpressionStatement	_79ea46a21a9ee5ca6651f09f6e6aa059 -> _9fbc28c91251e2a435396d09f6439213 -> _8a5c219c51caba5b23e4645834b3bec9 = 4	121:12:6819:6924	1328577	2	True				
ANR	1329227	AssignmentExpression	_79ea46a21a9ee5ca6651f09f6e6aa059 -> _9fbc28c91251e2a435396d09f6439213 -> _8a5c219c51caba5b23e4645834b3bec9 = 4		1328577	0		=			
ANR	1329228	PtrMemberAccess	_79ea46a21a9ee5ca6651f09f6e6aa059 -> _9fbc28c91251e2a435396d09f6439213 -> _8a5c219c51caba5b23e4645834b3bec9		1328577	0					
ANR	1329229	PtrMemberAccess	_79ea46a21a9ee5ca6651f09f6e6aa059 -> _9fbc28c91251e2a435396d09f6439213		1328577	0					
ANR	1329230	Identifier	_79ea46a21a9ee5ca6651f09f6e6aa059		1328577	0					
ANR	1329231	Identifier	_9fbc28c91251e2a435396d09f6439213		1328577	1					
ANR	1329232	Identifier	_8a5c219c51caba5b23e4645834b3bec9		1328577	1					
ANR	1329233	PrimaryExpression	4		1328577	1					
ANR	1329234	IfStatement	if ( _79ea46a21a9ee5ca6651f09f6e6aa059 -> _9fbc28c91251e2a435396d09f6439213 -> _33f05a4d510f9b468d24ff75e04fec9f == OBEX_CMD_DISCONNECT )		1328577	16					
ANR	1329235	Condition	_79ea46a21a9ee5ca6651f09f6e6aa059 -> _9fbc28c91251e2a435396d09f6439213 -> _33f05a4d510f9b468d24ff75e04fec9f == OBEX_CMD_DISCONNECT	123:12:6948:7073	1328577	0	True				
ANR	1329236	EqualityExpression	_79ea46a21a9ee5ca6651f09f6e6aa059 -> _9fbc28c91251e2a435396d09f6439213 -> _33f05a4d510f9b468d24ff75e04fec9f == OBEX_CMD_DISCONNECT		1328577	0		==			
ANR	1329237	PtrMemberAccess	_79ea46a21a9ee5ca6651f09f6e6aa059 -> _9fbc28c91251e2a435396d09f6439213 -> _33f05a4d510f9b468d24ff75e04fec9f		1328577	0					
ANR	1329238	PtrMemberAccess	_79ea46a21a9ee5ca6651f09f6e6aa059 -> _9fbc28c91251e2a435396d09f6439213		1328577	0					
ANR	1329239	Identifier	_79ea46a21a9ee5ca6651f09f6e6aa059		1328577	0					
ANR	1329240	Identifier	_9fbc28c91251e2a435396d09f6439213		1328577	1					
ANR	1329241	Identifier	_33f05a4d510f9b468d24ff75e04fec9f		1328577	1					
ANR	1329242	Identifier	OBEX_CMD_DISCONNECT		1328577	1					
ANR	1329243	CompoundStatement		104:8:6656:6656	1328577	1					
ANR	1329244	ExpressionStatement	"DEBUG ( 2 , ""CMD_DISCONNECT done. Resetting MTU!\\n"" )"	125:12:7098:7147	1328577	0	True				
ANR	1329245	CallExpression	"DEBUG ( 2 , ""CMD_DISCONNECT done. Resetting MTU!\\n"" )"		1328577	0					
ANR	1329246	Callee	DEBUG		1328577	0					
ANR	1329247	Identifier	DEBUG		1328577	0					
ANR	1329248	ArgumentList	2		1328577	1					
ANR	1329249	Argument	2		1328577	0					
ANR	1329250	PrimaryExpression	2		1328577	0					
ANR	1329251	Argument	"""CMD_DISCONNECT done. Resetting MTU!\\n"""		1328577	1					
ANR	1329252	PrimaryExpression	"""CMD_DISCONNECT done. Resetting MTU!\\n"""		1328577	0					
ANR	1329253	ExpressionStatement	_79ea46a21a9ee5ca6651f09f6e6aa059 -> _be8f551db609c0e90120955e12406995 = OBEX_MINIMUM_MTU	126:12:7161:7248	1328577	1	True				
ANR	1329254	AssignmentExpression	_79ea46a21a9ee5ca6651f09f6e6aa059 -> _be8f551db609c0e90120955e12406995 = OBEX_MINIMUM_MTU		1328577	0		=			
ANR	1329255	PtrMemberAccess	_79ea46a21a9ee5ca6651f09f6e6aa059 -> _be8f551db609c0e90120955e12406995		1328577	0					
ANR	1329256	Identifier	_79ea46a21a9ee5ca6651f09f6e6aa059		1328577	0					
ANR	1329257	Identifier	_be8f551db609c0e90120955e12406995		1328577	1					
ANR	1329258	Identifier	OBEX_MINIMUM_MTU		1328577	1					
ANR	1329259	IfStatement	"if ( _943d9ad60967ef88a20262e8585c6ca8 ( _79ea46a21a9ee5ca6651f09f6e6aa059 , _1a1595ed104f831c26395f28b7ee4eb0 ) < 0 )"		1328577	17					
ANR	1329260	Condition	"_943d9ad60967ef88a20262e8585c6ca8 ( _79ea46a21a9ee5ca6651f09f6e6aa059 , _1a1595ed104f831c26395f28b7ee4eb0 ) < 0"	128:12:7272:7378	1328577	0	True				
ANR	1329261	RelationalExpression	"_943d9ad60967ef88a20262e8585c6ca8 ( _79ea46a21a9ee5ca6651f09f6e6aa059 , _1a1595ed104f831c26395f28b7ee4eb0 ) < 0"		1328577	0		<			
ANR	1329262	CallExpression	"_943d9ad60967ef88a20262e8585c6ca8 ( _79ea46a21a9ee5ca6651f09f6e6aa059 , _1a1595ed104f831c26395f28b7ee4eb0 )"		1328577	0					
ANR	1329263	Callee	_943d9ad60967ef88a20262e8585c6ca8		1328577	0					
ANR	1329264	Identifier	_943d9ad60967ef88a20262e8585c6ca8		1328577	0					
ANR	1329265	ArgumentList	_79ea46a21a9ee5ca6651f09f6e6aa059		1328577	1					
ANR	1329266	Argument	_79ea46a21a9ee5ca6651f09f6e6aa059		1328577	0					
ANR	1329267	Identifier	_79ea46a21a9ee5ca6651f09f6e6aa059		1328577	0					
ANR	1329268	Argument	_1a1595ed104f831c26395f28b7ee4eb0		1328577	1					
ANR	1329269	Identifier	_1a1595ed104f831c26395f28b7ee4eb0		1328577	0					
ANR	1329270	PrimaryExpression	0		1328577	1					
ANR	1329271	CompoundStatement		109:8:6961:6961	1328577	1					
ANR	1329272	ExpressionStatement	_79ea46a21a9ee5ca6651f09f6e6aa059 -> _c3277756048d625debbd650b2274d7f7 = MODE_SRV | STATE_IDLE	130:12:7403:7495	1328577	0	True				
ANR	1329273	AssignmentExpression	_79ea46a21a9ee5ca6651f09f6e6aa059 -> _c3277756048d625debbd650b2274d7f7 = MODE_SRV | STATE_IDLE		1328577	0		=			
ANR	1329274	PtrMemberAccess	_79ea46a21a9ee5ca6651f09f6e6aa059 -> _c3277756048d625debbd650b2274d7f7		1328577	0					
ANR	1329275	Identifier	_79ea46a21a9ee5ca6651f09f6e6aa059		1328577	0					
ANR	1329276	Identifier	_c3277756048d625debbd650b2274d7f7		1328577	1					
ANR	1329277	InclusiveOrExpression	MODE_SRV | STATE_IDLE		1328577	1		|			
ANR	1329278	Identifier	MODE_SRV		1328577	0					
ANR	1329279	Identifier	STATE_IDLE		1328577	1					
ANR	1329280	ExpressionStatement	"_91dcd04c7b4525839f4ec3aae98ce896 ( _79ea46a21a9ee5ca6651f09f6e6aa059 , OBEX_EV_PARSEERR , _79ea46a21a9ee5ca6651f09f6e6aa059 -> _9fbc28c91251e2a435396d09f6439213 -> _33f05a4d510f9b468d24ff75e04fec9f , 0 , TRUE )"	131:12:7509:7709	1328577	1	True				
ANR	1329281	CallExpression	"_91dcd04c7b4525839f4ec3aae98ce896 ( _79ea46a21a9ee5ca6651f09f6e6aa059 , OBEX_EV_PARSEERR , _79ea46a21a9ee5ca6651f09f6e6aa059 -> _9fbc28c91251e2a435396d09f6439213 -> _33f05a4d510f9b468d24ff75e04fec9f , 0 , TRUE )"		1328577	0					
ANR	1329282	Callee	_91dcd04c7b4525839f4ec3aae98ce896		1328577	0					
ANR	1329283	Identifier	_91dcd04c7b4525839f4ec3aae98ce896		1328577	0					
ANR	1329284	ArgumentList	_79ea46a21a9ee5ca6651f09f6e6aa059		1328577	1					
ANR	1329285	Argument	_79ea46a21a9ee5ca6651f09f6e6aa059		1328577	0					
ANR	1329286	Identifier	_79ea46a21a9ee5ca6651f09f6e6aa059		1328577	0					
ANR	1329287	Argument	OBEX_EV_PARSEERR		1328577	1					
ANR	1329288	Identifier	OBEX_EV_PARSEERR		1328577	0					
ANR	1329289	Argument	_79ea46a21a9ee5ca6651f09f6e6aa059 -> _9fbc28c91251e2a435396d09f6439213 -> _33f05a4d510f9b468d24ff75e04fec9f		1328577	2					
ANR	1329290	PtrMemberAccess	_79ea46a21a9ee5ca6651f09f6e6aa059 -> _9fbc28c91251e2a435396d09f6439213 -> _33f05a4d510f9b468d24ff75e04fec9f		1328577	0					
ANR	1329291	PtrMemberAccess	_79ea46a21a9ee5ca6651f09f6e6aa059 -> _9fbc28c91251e2a435396d09f6439213		1328577	0					
ANR	1329292	Identifier	_79ea46a21a9ee5ca6651f09f6e6aa059		1328577	0					
ANR	1329293	Identifier	_9fbc28c91251e2a435396d09f6439213		1328577	1					
ANR	1329294	Identifier	_33f05a4d510f9b468d24ff75e04fec9f		1328577	1					
ANR	1329295	Argument	0		1328577	3					
ANR	1329296	PrimaryExpression	0		1328577	0					
ANR	1329297	Argument	TRUE		1328577	4					
ANR	1329298	Identifier	TRUE		1328577	0					
ANR	1329299	ReturnStatement	return - 1 ;	132:12:7723:7732	1328577	2	True				
ANR	1329300	UnaryOperationExpression	- 1		1328577	0					
ANR	1329301	UnaryOperator	-		1328577	0					
ANR	1329302	PrimaryExpression	1		1328577	1					
ANR	1329303	IfStatement	if ( _363406b5bcaf382b7f0dc6660a0ead91 == OBEX_RSP_CONTINUE )		1328577	18					
ANR	1329304	Condition	_363406b5bcaf382b7f0dc6660a0ead91 == OBEX_RSP_CONTINUE	134:12:7756:7809	1328577	0	True				
ANR	1329305	EqualityExpression	_363406b5bcaf382b7f0dc6660a0ead91 == OBEX_RSP_CONTINUE		1328577	0		==			
ANR	1329306	Identifier	_363406b5bcaf382b7f0dc6660a0ead91		1328577	0					
ANR	1329307	Identifier	OBEX_RSP_CONTINUE		1328577	1					
ANR	1329308	CompoundStatement		115:8:7392:7392	1328577	1					
ANR	1329309	ExpressionStatement	"DEBUG ( 3 , ""Continue...\\n"" )"	136:12:7834:7859	1328577	0	True				
ANR	1329310	CallExpression	"DEBUG ( 3 , ""Continue...\\n"" )"		1328577	0					
ANR	1329311	Callee	DEBUG		1328577	0					
ANR	1329312	Identifier	DEBUG		1328577	0					
ANR	1329313	ArgumentList	3		1328577	1					
ANR	1329314	Argument	3		1328577	0					
ANR	1329315	PrimaryExpression	3		1328577	0					
ANR	1329316	Argument	"""Continue...\\n"""		1328577	1					
ANR	1329317	PrimaryExpression	"""Continue...\\n"""		1328577	0					
ANR	1329318	ExpressionStatement	_79ea46a21a9ee5ca6651f09f6e6aa059 -> _9fbc28c91251e2a435396d09f6439213 -> _5af58ba70791dd92af812c474e085710 = 1	137:12:7873:7980	1328577	1	True				
ANR	1329319	AssignmentExpression	_79ea46a21a9ee5ca6651f09f6e6aa059 -> _9fbc28c91251e2a435396d09f6439213 -> _5af58ba70791dd92af812c474e085710 = 1		1328577	0		=			
ANR	1329320	PtrMemberAccess	_79ea46a21a9ee5ca6651f09f6e6aa059 -> _9fbc28c91251e2a435396d09f6439213 -> _5af58ba70791dd92af812c474e085710		1328577	0					
ANR	1329321	PtrMemberAccess	_79ea46a21a9ee5ca6651f09f6e6aa059 -> _9fbc28c91251e2a435396d09f6439213		1328577	0					
ANR	1329322	Identifier	_79ea46a21a9ee5ca6651f09f6e6aa059		1328577	0					
ANR	1329323	Identifier	_9fbc28c91251e2a435396d09f6439213		1328577	1					
ANR	1329324	Identifier	_5af58ba70791dd92af812c474e085710		1328577	1					
ANR	1329325	PrimaryExpression	1		1328577	1					
ANR	1329326	IfStatement	if ( _79ea46a21a9ee5ca6651f09f6e6aa059 -> _9fbc28c91251e2a435396d09f6439213 -> _12cc27f807ebf3926a1b058c09eff60e )		1328577	2					
ANR	1329327	Condition	_79ea46a21a9ee5ca6651f09f6e6aa059 -> _9fbc28c91251e2a435396d09f6439213 -> _12cc27f807ebf3926a1b058c09eff60e	138:16:7998:8100	1328577	0	True				
ANR	1329328	PtrMemberAccess	_79ea46a21a9ee5ca6651f09f6e6aa059 -> _9fbc28c91251e2a435396d09f6439213 -> _12cc27f807ebf3926a1b058c09eff60e		1328577	0					
ANR	1329329	PtrMemberAccess	_79ea46a21a9ee5ca6651f09f6e6aa059 -> _9fbc28c91251e2a435396d09f6439213		1328577	0					
ANR	1329330	Identifier	_79ea46a21a9ee5ca6651f09f6e6aa059		1328577	0					
ANR	1329331	Identifier	_9fbc28c91251e2a435396d09f6439213		1328577	1					
ANR	1329332	Identifier	_12cc27f807ebf3926a1b058c09eff60e		1328577	1					
ANR	1329333	CompoundStatement		119:12:7687:7687	1328577	1					
ANR	1329334	ExpressionStatement	"DEBUG ( 3 , ""Ignoring CONTINUE because request was aborted\\n"" )"	140:16:8133:8192	1328577	0	True				
ANR	1329335	CallExpression	"DEBUG ( 3 , ""Ignoring CONTINUE because request was aborted\\n"" )"		1328577	0					
ANR	1329336	Callee	DEBUG		1328577	0					
ANR	1329337	Identifier	DEBUG		1328577	0					
ANR	1329338	ArgumentList	3		1328577	1					
ANR	1329339	Argument	3		1328577	0					
ANR	1329340	PrimaryExpression	3		1328577	0					
ANR	1329341	Argument	"""Ignoring CONTINUE because request was aborted\\n"""		1328577	1					
ANR	1329342	PrimaryExpression	"""Ignoring CONTINUE because request was aborted\\n"""		1328577	0					
ANR	1329343	BreakStatement	break ;	141:16:8210:8215	1328577	1	True				
ANR	1329344	IfStatement	if ( _79ea46a21a9ee5ca6651f09f6e6aa059 -> _9fbc28c91251e2a435396d09f6439213 -> _f8cd50fbd972dbeca314f01afae8c4dd )		1328577	3					
ANR	1329345	Condition	_79ea46a21a9ee5ca6651f09f6e6aa059 -> _9fbc28c91251e2a435396d09f6439213 -> _f8cd50fbd972dbeca314f01afae8c4dd	143:16:8247:8349	1328577	0	True				
ANR	1329346	PtrMemberAccess	_79ea46a21a9ee5ca6651f09f6e6aa059 -> _9fbc28c91251e2a435396d09f6439213 -> _f8cd50fbd972dbeca314f01afae8c4dd		1328577	0					
ANR	1329347	PtrMemberAccess	_79ea46a21a9ee5ca6651f09f6e6aa059 -> _9fbc28c91251e2a435396d09f6439213		1328577	0					
ANR	1329348	Identifier	_79ea46a21a9ee5ca6651f09f6e6aa059		1328577	0					
ANR	1329349	Identifier	_9fbc28c91251e2a435396d09f6439213		1328577	1					
ANR	1329350	Identifier	_f8cd50fbd972dbeca314f01afae8c4dd		1328577	1					
ANR	1329351	CompoundStatement		124:12:7936:7936	1328577	1					
ANR	1329352	ExpressionStatement	"DEBUG ( 3 , ""Not sending new request because transfer is suspended\\n"" )"	145:16:8382:8449	1328577	0	True				
ANR	1329353	CallExpression	"DEBUG ( 3 , ""Not sending new request because transfer is suspended\\n"" )"		1328577	0					
ANR	1329354	Callee	DEBUG		1328577	0					
ANR	1329355	Identifier	DEBUG		1328577	0					
ANR	1329356	ArgumentList	3		1328577	1					
ANR	1329357	Argument	3		1328577	0					
ANR	1329358	PrimaryExpression	3		1328577	0					
ANR	1329359	Argument	"""Not sending new request because transfer is suspended\\n"""		1328577	1					
ANR	1329360	PrimaryExpression	"""Not sending new request because transfer is suspended\\n"""		1328577	0					
ANR	1329361	BreakStatement	break ;	146:16:8467:8472	1328577	1	True				
ANR	1329362	IfStatement	"if ( _a2a25434845e7e1de76ad251670e114f ( _79ea46a21a9ee5ca6651f09f6e6aa059 , _79ea46a21a9ee5ca6651f09f6e6aa059 -> _9fbc28c91251e2a435396d09f6439213 , TRUE , FALSE ) < 0 )"		1328577	4					
ANR	1329363	Condition	"_a2a25434845e7e1de76ad251670e114f ( _79ea46a21a9ee5ca6651f09f6e6aa059 , _79ea46a21a9ee5ca6651f09f6e6aa059 -> _9fbc28c91251e2a435396d09f6439213 , TRUE , FALSE ) < 0"	148:16:8504:8658	1328577	0	True				
ANR	1329364	RelationalExpression	"_a2a25434845e7e1de76ad251670e114f ( _79ea46a21a9ee5ca6651f09f6e6aa059 , _79ea46a21a9ee5ca6651f09f6e6aa059 -> _9fbc28c91251e2a435396d09f6439213 , TRUE , FALSE ) < 0"		1328577	0		<			
ANR	1329365	CallExpression	"_a2a25434845e7e1de76ad251670e114f ( _79ea46a21a9ee5ca6651f09f6e6aa059 , _79ea46a21a9ee5ca6651f09f6e6aa059 -> _9fbc28c91251e2a435396d09f6439213 , TRUE , FALSE )"		1328577	0					
ANR	1329366	Callee	_a2a25434845e7e1de76ad251670e114f		1328577	0					
ANR	1329367	Identifier	_a2a25434845e7e1de76ad251670e114f		1328577	0					
ANR	1329368	ArgumentList	_79ea46a21a9ee5ca6651f09f6e6aa059		1328577	1					
ANR	1329369	Argument	_79ea46a21a9ee5ca6651f09f6e6aa059		1328577	0					
ANR	1329370	Identifier	_79ea46a21a9ee5ca6651f09f6e6aa059		1328577	0					
ANR	1329371	Argument	_79ea46a21a9ee5ca6651f09f6e6aa059 -> _9fbc28c91251e2a435396d09f6439213		1328577	1					
ANR	1329372	PtrMemberAccess	_79ea46a21a9ee5ca6651f09f6e6aa059 -> _9fbc28c91251e2a435396d09f6439213		1328577	0					
ANR	1329373	Identifier	_79ea46a21a9ee5ca6651f09f6e6aa059		1328577	0					
ANR	1329374	Identifier	_9fbc28c91251e2a435396d09f6439213		1328577	1					
ANR	1329375	Argument	TRUE		1328577	2					
ANR	1329376	Identifier	TRUE		1328577	0					
ANR	1329377	Argument	FALSE		1328577	3					
ANR	1329378	Identifier	FALSE		1328577	0					
ANR	1329379	PrimaryExpression	0		1328577	1					
ANR	1329380	ExpressionStatement	"_91dcd04c7b4525839f4ec3aae98ce896 ( _79ea46a21a9ee5ca6651f09f6e6aa059 , OBEX_EV_LINKERR , _79ea46a21a9ee5ca6651f09f6e6aa059 -> _9fbc28c91251e2a435396d09f6439213 -> _33f05a4d510f9b468d24ff75e04fec9f , 0 , TRUE )"	149:16:8677:8876	1328577	1	True				
ANR	1329381	CallExpression	"_91dcd04c7b4525839f4ec3aae98ce896 ( _79ea46a21a9ee5ca6651f09f6e6aa059 , OBEX_EV_LINKERR , _79ea46a21a9ee5ca6651f09f6e6aa059 -> _9fbc28c91251e2a435396d09f6439213 -> _33f05a4d510f9b468d24ff75e04fec9f , 0 , TRUE )"		1328577	0					
ANR	1329382	Callee	_91dcd04c7b4525839f4ec3aae98ce896		1328577	0					
ANR	1329383	Identifier	_91dcd04c7b4525839f4ec3aae98ce896		1328577	0					
ANR	1329384	ArgumentList	_79ea46a21a9ee5ca6651f09f6e6aa059		1328577	1					
ANR	1329385	Argument	_79ea46a21a9ee5ca6651f09f6e6aa059		1328577	0					
ANR	1329386	Identifier	_79ea46a21a9ee5ca6651f09f6e6aa059		1328577	0					
ANR	1329387	Argument	OBEX_EV_LINKERR		1328577	1					
ANR	1329388	Identifier	OBEX_EV_LINKERR		1328577	0					
ANR	1329389	Argument	_79ea46a21a9ee5ca6651f09f6e6aa059 -> _9fbc28c91251e2a435396d09f6439213 -> _33f05a4d510f9b468d24ff75e04fec9f		1328577	2					
ANR	1329390	PtrMemberAccess	_79ea46a21a9ee5ca6651f09f6e6aa059 -> _9fbc28c91251e2a435396d09f6439213 -> _33f05a4d510f9b468d24ff75e04fec9f		1328577	0					
ANR	1329391	PtrMemberAccess	_79ea46a21a9ee5ca6651f09f6e6aa059 -> _9fbc28c91251e2a435396d09f6439213		1328577	0					
ANR	1329392	Identifier	_79ea46a21a9ee5ca6651f09f6e6aa059		1328577	0					
ANR	1329393	Identifier	_9fbc28c91251e2a435396d09f6439213		1328577	1					
ANR	1329394	Identifier	_33f05a4d510f9b468d24ff75e04fec9f		1328577	1					
ANR	1329395	Argument	0		1328577	3					
ANR	1329396	PrimaryExpression	0		1328577	0					
ANR	1329397	Argument	TRUE		1328577	4					
ANR	1329398	Identifier	TRUE		1328577	0					
ANR	1329399	ElseStatement	else		1328577	0					
ANR	1329400	ExpressionStatement	"_91dcd04c7b4525839f4ec3aae98ce896 ( _79ea46a21a9ee5ca6651f09f6e6aa059 , OBEX_EV_PROGRESS , _79ea46a21a9ee5ca6651f09f6e6aa059 -> _9fbc28c91251e2a435396d09f6439213 -> _33f05a4d510f9b468d24ff75e04fec9f , 0 , FALSE )"	151:16:8911:9112	1328577	0	True				
ANR	1329401	CallExpression	"_91dcd04c7b4525839f4ec3aae98ce896 ( _79ea46a21a9ee5ca6651f09f6e6aa059 , OBEX_EV_PROGRESS , _79ea46a21a9ee5ca6651f09f6e6aa059 -> _9fbc28c91251e2a435396d09f6439213 -> _33f05a4d510f9b468d24ff75e04fec9f , 0 , FALSE )"		1328577	0					
ANR	1329402	Callee	_91dcd04c7b4525839f4ec3aae98ce896		1328577	0					
ANR	1329403	Identifier	_91dcd04c7b4525839f4ec3aae98ce896		1328577	0					
ANR	1329404	ArgumentList	_79ea46a21a9ee5ca6651f09f6e6aa059		1328577	1					
ANR	1329405	Argument	_79ea46a21a9ee5ca6651f09f6e6aa059		1328577	0					
ANR	1329406	Identifier	_79ea46a21a9ee5ca6651f09f6e6aa059		1328577	0					
ANR	1329407	Argument	OBEX_EV_PROGRESS		1328577	1					
ANR	1329408	Identifier	OBEX_EV_PROGRESS		1328577	0					
ANR	1329409	Argument	_79ea46a21a9ee5ca6651f09f6e6aa059 -> _9fbc28c91251e2a435396d09f6439213 -> _33f05a4d510f9b468d24ff75e04fec9f		1328577	2					
ANR	1329410	PtrMemberAccess	_79ea46a21a9ee5ca6651f09f6e6aa059 -> _9fbc28c91251e2a435396d09f6439213 -> _33f05a4d510f9b468d24ff75e04fec9f		1328577	0					
ANR	1329411	PtrMemberAccess	_79ea46a21a9ee5ca6651f09f6e6aa059 -> _9fbc28c91251e2a435396d09f6439213		1328577	0					
ANR	1329412	Identifier	_79ea46a21a9ee5ca6651f09f6e6aa059		1328577	0					
ANR	1329413	Identifier	_9fbc28c91251e2a435396d09f6439213		1328577	1					
ANR	1329414	Identifier	_33f05a4d510f9b468d24ff75e04fec9f		1328577	1					
ANR	1329415	Argument	0		1328577	3					
ANR	1329416	PrimaryExpression	0		1328577	0					
ANR	1329417	Argument	FALSE		1328577	4					
ANR	1329418	Identifier	FALSE		1328577	0					
ANR	1329419	ExpressionStatement	_79ea46a21a9ee5ca6651f09f6e6aa059 -> _9fbc28c91251e2a435396d09f6439213 -> _5af58ba70791dd92af812c474e085710 = 0	152:12:9126:9233	1328577	5	True				
ANR	1329420	AssignmentExpression	_79ea46a21a9ee5ca6651f09f6e6aa059 -> _9fbc28c91251e2a435396d09f6439213 -> _5af58ba70791dd92af812c474e085710 = 0		1328577	0		=			
ANR	1329421	PtrMemberAccess	_79ea46a21a9ee5ca6651f09f6e6aa059 -> _9fbc28c91251e2a435396d09f6439213 -> _5af58ba70791dd92af812c474e085710		1328577	0					
ANR	1329422	PtrMemberAccess	_79ea46a21a9ee5ca6651f09f6e6aa059 -> _9fbc28c91251e2a435396d09f6439213		1328577	0					
ANR	1329423	Identifier	_79ea46a21a9ee5ca6651f09f6e6aa059		1328577	0					
ANR	1329424	Identifier	_9fbc28c91251e2a435396d09f6439213		1328577	1					
ANR	1329425	Identifier	_5af58ba70791dd92af812c474e085710		1328577	1					
ANR	1329426	PrimaryExpression	0		1328577	1					
ANR	1329427	ElseStatement	else		1328577	0					
ANR	1329428	CompoundStatement		135:8:8838:8838	1328577	0					
ANR	1329429	ExpressionStatement	"DEBUG ( 3 , ""Done! Rsp=%02x!\\n"" , _363406b5bcaf382b7f0dc6660a0ead91 )"	156:12:9280:9344	1328577	0	True				
ANR	1329430	CallExpression	"DEBUG ( 3 , ""Done! Rsp=%02x!\\n"" , _363406b5bcaf382b7f0dc6660a0ead91 )"		1328577	0					
ANR	1329431	Callee	DEBUG		1328577	0					
ANR	1329432	Identifier	DEBUG		1328577	0					
ANR	1329433	ArgumentList	3		1328577	1					
ANR	1329434	Argument	3		1328577	0					
ANR	1329435	PrimaryExpression	3		1328577	0					
ANR	1329436	Argument	"""Done! Rsp=%02x!\\n"""		1328577	1					
ANR	1329437	PrimaryExpression	"""Done! Rsp=%02x!\\n"""		1328577	0					
ANR	1329438	Argument	_363406b5bcaf382b7f0dc6660a0ead91		1328577	2					
ANR	1329439	Identifier	_363406b5bcaf382b7f0dc6660a0ead91		1328577	0					
ANR	1329440	ExpressionStatement	_79ea46a21a9ee5ca6651f09f6e6aa059 -> _c3277756048d625debbd650b2274d7f7 = MODE_SRV | STATE_IDLE	157:12:9358:9450	1328577	1	True				
ANR	1329441	AssignmentExpression	_79ea46a21a9ee5ca6651f09f6e6aa059 -> _c3277756048d625debbd650b2274d7f7 = MODE_SRV | STATE_IDLE		1328577	0		=			
ANR	1329442	PtrMemberAccess	_79ea46a21a9ee5ca6651f09f6e6aa059 -> _c3277756048d625debbd650b2274d7f7		1328577	0					
ANR	1329443	Identifier	_79ea46a21a9ee5ca6651f09f6e6aa059		1328577	0					
ANR	1329444	Identifier	_c3277756048d625debbd650b2274d7f7		1328577	1					
ANR	1329445	InclusiveOrExpression	MODE_SRV | STATE_IDLE		1328577	1		|			
ANR	1329446	Identifier	MODE_SRV		1328577	0					
ANR	1329447	Identifier	STATE_IDLE		1328577	1					
ANR	1329448	IfStatement	if ( _79ea46a21a9ee5ca6651f09f6e6aa059 -> _9fbc28c91251e2a435396d09f6439213 -> _12cc27f807ebf3926a1b058c09eff60e )		1328577	2					
ANR	1329449	Condition	_79ea46a21a9ee5ca6651f09f6e6aa059 -> _9fbc28c91251e2a435396d09f6439213 -> _12cc27f807ebf3926a1b058c09eff60e	158:16:9468:9570	1328577	0	True				
ANR	1329450	PtrMemberAccess	_79ea46a21a9ee5ca6651f09f6e6aa059 -> _9fbc28c91251e2a435396d09f6439213 -> _12cc27f807ebf3926a1b058c09eff60e		1328577	0					
ANR	1329451	PtrMemberAccess	_79ea46a21a9ee5ca6651f09f6e6aa059 -> _9fbc28c91251e2a435396d09f6439213		1328577	0					
ANR	1329452	Identifier	_79ea46a21a9ee5ca6651f09f6e6aa059		1328577	0					
ANR	1329453	Identifier	_9fbc28c91251e2a435396d09f6439213		1328577	1					
ANR	1329454	Identifier	_12cc27f807ebf3926a1b058c09eff60e		1328577	1					
ANR	1329455	CompoundStatement		139:12:9157:9157	1328577	1					
ANR	1329456	IfStatement	if ( _363406b5bcaf382b7f0dc6660a0ead91 == OBEX_RSP_SUCCESS )		1328577	0					
ANR	1329457	Condition	_363406b5bcaf382b7f0dc6660a0ead91 == OBEX_RSP_SUCCESS	160:20:9607:9659	1328577	0	True				
ANR	1329458	EqualityExpression	_363406b5bcaf382b7f0dc6660a0ead91 == OBEX_RSP_SUCCESS		1328577	0		==			
ANR	1329459	Identifier	_363406b5bcaf382b7f0dc6660a0ead91		1328577	0					
ANR	1329460	Identifier	OBEX_RSP_SUCCESS		1328577	1					
ANR	1329461	ExpressionStatement	"_91dcd04c7b4525839f4ec3aae98ce896 ( _79ea46a21a9ee5ca6651f09f6e6aa059 , OBEX_EV_ABORT , _79ea46a21a9ee5ca6651f09f6e6aa059 -> _9fbc28c91251e2a435396d09f6439213 -> _33f05a4d510f9b468d24ff75e04fec9f , _363406b5bcaf382b7f0dc6660a0ead91 , TRUE )"	161:20:9682:9911	1328577	1	True				
ANR	1329462	CallExpression	"_91dcd04c7b4525839f4ec3aae98ce896 ( _79ea46a21a9ee5ca6651f09f6e6aa059 , OBEX_EV_ABORT , _79ea46a21a9ee5ca6651f09f6e6aa059 -> _9fbc28c91251e2a435396d09f6439213 -> _33f05a4d510f9b468d24ff75e04fec9f , _363406b5bcaf382b7f0dc6660a0ead91 , TRUE )"		1328577	0					
ANR	1329463	Callee	_91dcd04c7b4525839f4ec3aae98ce896		1328577	0					
ANR	1329464	Identifier	_91dcd04c7b4525839f4ec3aae98ce896		1328577	0					
ANR	1329465	ArgumentList	_79ea46a21a9ee5ca6651f09f6e6aa059		1328577	1					
ANR	1329466	Argument	_79ea46a21a9ee5ca6651f09f6e6aa059		1328577	0					
ANR	1329467	Identifier	_79ea46a21a9ee5ca6651f09f6e6aa059		1328577	0					
ANR	1329468	Argument	OBEX_EV_ABORT		1328577	1					
ANR	1329469	Identifier	OBEX_EV_ABORT		1328577	0					
ANR	1329470	Argument	_79ea46a21a9ee5ca6651f09f6e6aa059 -> _9fbc28c91251e2a435396d09f6439213 -> _33f05a4d510f9b468d24ff75e04fec9f		1328577	2					
ANR	1329471	PtrMemberAccess	_79ea46a21a9ee5ca6651f09f6e6aa059 -> _9fbc28c91251e2a435396d09f6439213 -> _33f05a4d510f9b468d24ff75e04fec9f		1328577	0					
ANR	1329472	PtrMemberAccess	_79ea46a21a9ee5ca6651f09f6e6aa059 -> _9fbc28c91251e2a435396d09f6439213		1328577	0					
ANR	1329473	Identifier	_79ea46a21a9ee5ca6651f09f6e6aa059		1328577	0					
ANR	1329474	Identifier	_9fbc28c91251e2a435396d09f6439213		1328577	1					
ANR	1329475	Identifier	_33f05a4d510f9b468d24ff75e04fec9f		1328577	1					
ANR	1329476	Argument	_363406b5bcaf382b7f0dc6660a0ead91		1328577	3					
ANR	1329477	Identifier	_363406b5bcaf382b7f0dc6660a0ead91		1328577	0					
ANR	1329478	Argument	TRUE		1328577	4					
ANR	1329479	Identifier	TRUE		1328577	0					
ANR	1329480	ElseStatement	else		1328577	0					
ANR	1329481	ExpressionStatement	"_91dcd04c7b4525839f4ec3aae98ce896 ( _79ea46a21a9ee5ca6651f09f6e6aa059 , OBEX_EV_LINKERR , _79ea46a21a9ee5ca6651f09f6e6aa059 -> _9fbc28c91251e2a435396d09f6439213 -> _33f05a4d510f9b468d24ff75e04fec9f , _363406b5bcaf382b7f0dc6660a0ead91 , TRUE )"	163:20:9954:10185	1328577	0	True				
ANR	1329482	CallExpression	"_91dcd04c7b4525839f4ec3aae98ce896 ( _79ea46a21a9ee5ca6651f09f6e6aa059 , OBEX_EV_LINKERR , _79ea46a21a9ee5ca6651f09f6e6aa059 -> _9fbc28c91251e2a435396d09f6439213 -> _33f05a4d510f9b468d24ff75e04fec9f , _363406b5bcaf382b7f0dc6660a0ead91 , TRUE )"		1328577	0					
ANR	1329483	Callee	_91dcd04c7b4525839f4ec3aae98ce896		1328577	0					
ANR	1329484	Identifier	_91dcd04c7b4525839f4ec3aae98ce896		1328577	0					
ANR	1329485	ArgumentList	_79ea46a21a9ee5ca6651f09f6e6aa059		1328577	1					
ANR	1329486	Argument	_79ea46a21a9ee5ca6651f09f6e6aa059		1328577	0					
ANR	1329487	Identifier	_79ea46a21a9ee5ca6651f09f6e6aa059		1328577	0					
ANR	1329488	Argument	OBEX_EV_LINKERR		1328577	1					
ANR	1329489	Identifier	OBEX_EV_LINKERR		1328577	0					
ANR	1329490	Argument	_79ea46a21a9ee5ca6651f09f6e6aa059 -> _9fbc28c91251e2a435396d09f6439213 -> _33f05a4d510f9b468d24ff75e04fec9f		1328577	2					
ANR	1329491	PtrMemberAccess	_79ea46a21a9ee5ca6651f09f6e6aa059 -> _9fbc28c91251e2a435396d09f6439213 -> _33f05a4d510f9b468d24ff75e04fec9f		1328577	0					
ANR	1329492	PtrMemberAccess	_79ea46a21a9ee5ca6651f09f6e6aa059 -> _9fbc28c91251e2a435396d09f6439213		1328577	0					
ANR	1329493	Identifier	_79ea46a21a9ee5ca6651f09f6e6aa059		1328577	0					
ANR	1329494	Identifier	_9fbc28c91251e2a435396d09f6439213		1328577	1					
ANR	1329495	Identifier	_33f05a4d510f9b468d24ff75e04fec9f		1328577	1					
ANR	1329496	Argument	_363406b5bcaf382b7f0dc6660a0ead91		1328577	3					
ANR	1329497	Identifier	_363406b5bcaf382b7f0dc6660a0ead91		1328577	0					
ANR	1329498	Argument	TRUE		1328577	4					
ANR	1329499	Identifier	TRUE		1328577	0					
ANR	1329500	ElseStatement	else		1328577	0					
ANR	1329501	ExpressionStatement	"_91dcd04c7b4525839f4ec3aae98ce896 ( _79ea46a21a9ee5ca6651f09f6e6aa059 , OBEX_EV_REQDONE , _79ea46a21a9ee5ca6651f09f6e6aa059 -> _9fbc28c91251e2a435396d09f6439213 -> _33f05a4d510f9b468d24ff75e04fec9f , _363406b5bcaf382b7f0dc6660a0ead91 , TRUE )"	166:16:10234:10465	1328577	0	True				
ANR	1329502	CallExpression	"_91dcd04c7b4525839f4ec3aae98ce896 ( _79ea46a21a9ee5ca6651f09f6e6aa059 , OBEX_EV_REQDONE , _79ea46a21a9ee5ca6651f09f6e6aa059 -> _9fbc28c91251e2a435396d09f6439213 -> _33f05a4d510f9b468d24ff75e04fec9f , _363406b5bcaf382b7f0dc6660a0ead91 , TRUE )"		1328577	0					
ANR	1329503	Callee	_91dcd04c7b4525839f4ec3aae98ce896		1328577	0					
ANR	1329504	Identifier	_91dcd04c7b4525839f4ec3aae98ce896		1328577	0					
ANR	1329505	ArgumentList	_79ea46a21a9ee5ca6651f09f6e6aa059		1328577	1					
ANR	1329506	Argument	_79ea46a21a9ee5ca6651f09f6e6aa059		1328577	0					
ANR	1329507	Identifier	_79ea46a21a9ee5ca6651f09f6e6aa059		1328577	0					
ANR	1329508	Argument	OBEX_EV_REQDONE		1328577	1					
ANR	1329509	Identifier	OBEX_EV_REQDONE		1328577	0					
ANR	1329510	Argument	_79ea46a21a9ee5ca6651f09f6e6aa059 -> _9fbc28c91251e2a435396d09f6439213 -> _33f05a4d510f9b468d24ff75e04fec9f		1328577	2					
ANR	1329511	PtrMemberAccess	_79ea46a21a9ee5ca6651f09f6e6aa059 -> _9fbc28c91251e2a435396d09f6439213 -> _33f05a4d510f9b468d24ff75e04fec9f		1328577	0					
ANR	1329512	PtrMemberAccess	_79ea46a21a9ee5ca6651f09f6e6aa059 -> _9fbc28c91251e2a435396d09f6439213		1328577	0					
ANR	1329513	Identifier	_79ea46a21a9ee5ca6651f09f6e6aa059		1328577	0					
ANR	1329514	Identifier	_9fbc28c91251e2a435396d09f6439213		1328577	1					
ANR	1329515	Identifier	_33f05a4d510f9b468d24ff75e04fec9f		1328577	1					
ANR	1329516	Argument	_363406b5bcaf382b7f0dc6660a0ead91		1328577	3					
ANR	1329517	Identifier	_363406b5bcaf382b7f0dc6660a0ead91		1328577	0					
ANR	1329518	Argument	TRUE		1328577	4					
ANR	1329519	Identifier	TRUE		1328577	0					
ANR	1329520	BreakStatement	break ;	168:8:10485:10490	1328577	19	True				
ANR	1329521	Label	default :	169:4:10496:10503	1328577	20	True				
ANR	1329522	Identifier	default		1328577	0					
ANR	1329523	ExpressionStatement	"DEBUG ( 0 , ""Unknown state\\n"" )"	170:8:10513:10540	1328577	21	True				
ANR	1329524	CallExpression	"DEBUG ( 0 , ""Unknown state\\n"" )"		1328577	0					
ANR	1329525	Callee	DEBUG		1328577	0					
ANR	1329526	Identifier	DEBUG		1328577	0					
ANR	1329527	ArgumentList	0		1328577	1					
ANR	1329528	Argument	0		1328577	0					
ANR	1329529	PrimaryExpression	0		1328577	0					
ANR	1329530	Argument	"""Unknown state\\n"""		1328577	1					
ANR	1329531	PrimaryExpression	"""Unknown state\\n"""		1328577	0					
ANR	1329532	ExpressionStatement	"_91dcd04c7b4525839f4ec3aae98ce896 ( _79ea46a21a9ee5ca6651f09f6e6aa059 , OBEX_EV_PARSEERR , _363406b5bcaf382b7f0dc6660a0ead91 , 0 , TRUE )"	171:8:10550:10680	1328577	22	True				
ANR	1329533	CallExpression	"_91dcd04c7b4525839f4ec3aae98ce896 ( _79ea46a21a9ee5ca6651f09f6e6aa059 , OBEX_EV_PARSEERR , _363406b5bcaf382b7f0dc6660a0ead91 , 0 , TRUE )"		1328577	0					
ANR	1329534	Callee	_91dcd04c7b4525839f4ec3aae98ce896		1328577	0					
ANR	1329535	Identifier	_91dcd04c7b4525839f4ec3aae98ce896		1328577	0					
ANR	1329536	ArgumentList	_79ea46a21a9ee5ca6651f09f6e6aa059		1328577	1					
ANR	1329537	Argument	_79ea46a21a9ee5ca6651f09f6e6aa059		1328577	0					
ANR	1329538	Identifier	_79ea46a21a9ee5ca6651f09f6e6aa059		1328577	0					
ANR	1329539	Argument	OBEX_EV_PARSEERR		1328577	1					
ANR	1329540	Identifier	OBEX_EV_PARSEERR		1328577	0					
ANR	1329541	Argument	_363406b5bcaf382b7f0dc6660a0ead91		1328577	2					
ANR	1329542	Identifier	_363406b5bcaf382b7f0dc6660a0ead91		1328577	0					
ANR	1329543	Argument	0		1328577	3					
ANR	1329544	PrimaryExpression	0		1328577	0					
ANR	1329545	Argument	TRUE		1328577	4					
ANR	1329546	Identifier	TRUE		1328577	0					
ANR	1329547	ReturnStatement	return - 1 ;	172:8:10690:10699	1328577	23	True				
ANR	1329548	UnaryOperationExpression	- 1		1328577	0					
ANR	1329549	UnaryOperator	-		1328577	0					
ANR	1329550	PrimaryExpression	1		1328577	1					
ANR	1329551	ReturnStatement	return 0 ;	174:4:10711:10719	1328577	26	True				
ANR	1329552	PrimaryExpression	0		1328577	0					
ANR	1329553	ReturnType	int		1328577	1					
ANR	1329554	Identifier	_8742cc51d4e668ae576f51d7866da17b		1328577	2					
ANR	1329555	ParameterList	"obex_t * _79ea46a21a9ee5ca6651f09f6e6aa059 , buf_t * _1a1595ed104f831c26395f28b7ee4eb0 , int _37c0a7bcd5d78019faa01fc423b11722"		1328577	3					
ANR	1329556	Parameter	obex_t * _79ea46a21a9ee5ca6651f09f6e6aa059	20:38:303:343	1328577	0	True				
ANR	1329557	ParameterType	obex_t *		1328577	0					
ANR	1329558	Identifier	_79ea46a21a9ee5ca6651f09f6e6aa059		1328577	1					
ANR	1329559	Parameter	buf_t * _1a1595ed104f831c26395f28b7ee4eb0	20:81:346:385	1328577	1	True				
ANR	1329560	ParameterType	buf_t *		1328577	0					
ANR	1329561	Identifier	_1a1595ed104f831c26395f28b7ee4eb0		1328577	1					
ANR	1329562	Parameter	int _37c0a7bcd5d78019faa01fc423b11722	20:123:388:424	1328577	2	True				
ANR	1329563	ParameterType	int		1328577	0					
ANR	1329564	Identifier	_37c0a7bcd5d78019faa01fc423b11722		1328577	1					
ANR	1329565	CFGEntryNode	ENTRY		1328577		True				
ANR	1329566	CFGExitNode	EXIT		1328577		True				
ANR	1329567	Symbol	OBEX_EV_PROGRESS		1328577						
ANR	1329568	Symbol	_ebba18af2454b48faf7ecf639c7e0fd8		1328577						
ANR	1329569	Symbol	& _773ca0154508d33413937e0c00d3f987		1328577						
ANR	1329570	Symbol	OBEX_EV_REQDONE		1328577						
ANR	1329571	Symbol	O_CREAT		1328577						
ANR	1329572	Symbol	OBEX_EV_ABORT		1328577						
ANR	1329573	Symbol	_3e4cd7ded2cfbb8857c0fc7d5fe571dc		1328577						
ANR	1329574	Symbol	* * _79ea46a21a9ee5ca6651f09f6e6aa059		1328577						
ANR	1329575	Symbol	OBEX_RSP_SUCCESS		1328577						
ANR	1329576	Symbol	_c65ffb19a2f79b0e6cf6c9da5c8f87c8		1328577						
ANR	1329577	Symbol	fgets		1328577						
ANR	1329578	Symbol	* _1a1595ed104f831c26395f28b7ee4eb0		1328577						
ANR	1329579	Symbol	* _79ea46a21a9ee5ca6651f09f6e6aa059 -> _9fbc28c91251e2a435396d09f6439213		1328577						
ANR	1329580	Symbol	strlen		1328577						
ANR	1329581	Symbol	* _79ea46a21a9ee5ca6651f09f6e6aa059		1328577						
ANR	1329582	Symbol	_1a1595ed104f831c26395f28b7ee4eb0		1328577						
ANR	1329583	Symbol	OBEX_MINIMUM_MTU		1328577						
ANR	1329584	Symbol	_6b60ae4d1acf2e692442e6774575b5b3 -> _33f05a4d510f9b468d24ff75e04fec9f		1328577						
ANR	1329585	Symbol	_79ea46a21a9ee5ca6651f09f6e6aa059 -> _9fbc28c91251e2a435396d09f6439213 -> _5af58ba70791dd92af812c474e085710		1328577						
ANR	1329586	Symbol	_943d9ad60967ef88a20262e8585c6ca8		1328577						
ANR	1329587	Symbol	_79ea46a21a9ee5ca6651f09f6e6aa059 -> _9fbc28c91251e2a435396d09f6439213 -> _f8cd50fbd972dbeca314f01afae8c4dd		1328577						
ANR	1329588	Symbol	_773ca0154508d33413937e0c00d3f987		1328577						
ANR	1329589	Symbol	_1a1595ed104f831c26395f28b7ee4eb0 -> _18f21578ead41b2c1f84eae7296b06f6		1328577						
ANR	1329590	Symbol	NULL		1328577						
ANR	1329591	Symbol	_85c617d839e55b93eba7f24b7ac7b50f		1328577						
ANR	1329592	Symbol	TRUE		1328577						
ANR	1329593	Symbol	MODE_CLI		1328577						
ANR	1329594	Symbol	_6b60ae4d1acf2e692442e6774575b5b3		1328577						
ANR	1329595	Symbol	_db655635e1b324552ae7dd09300fa3bb		1328577						
ANR	1329596	Symbol	OBEX_CMD_CONNECT		1328577						
ANR	1329597	Symbol	_985257655752a80616e68b817451ffd9		1328577						
ANR	1329598	Symbol	_79ea46a21a9ee5ca6651f09f6e6aa059 -> _9fbc28c91251e2a435396d09f6439213		1328577						
ANR	1329599	Symbol	OBEX_RSP_BAD_REQUEST		1328577						
ANR	1329600	Symbol	_79ea46a21a9ee5ca6651f09f6e6aa059 -> _9fbc28c91251e2a435396d09f6439213 -> _8a5c219c51caba5b23e4645834b3bec9		1328577						
ANR	1329601	Symbol	_79ea46a21a9ee5ca6651f09f6e6aa059		1328577						
ANR	1329602	Symbol	* _3e4cd7ded2cfbb8857c0fc7d5fe571dc		1328577						
ANR	1329603	Symbol	_363406b5bcaf382b7f0dc6660a0ead91		1328577						
ANR	1329604	Symbol	_aab30171cf8ecfb0143b3afff7b5b2ea		1328577						
ANR	1329605	Symbol	OBEX_EV_LINKERR		1328577						
ANR	1329606	Symbol	_79ea46a21a9ee5ca6651f09f6e6aa059 -> _be8f551db609c0e90120955e12406995		1328577						
ANR	1329607	Symbol	_79ea46a21a9ee5ca6651f09f6e6aa059 -> _9fbc28c91251e2a435396d09f6439213 -> _33f05a4d510f9b468d24ff75e04fec9f		1328577						
ANR	1329608	Symbol	OBEX_RSP_CONTINUE		1328577						
ANR	1329609	Symbol	_6b60ae4d1acf2e692442e6774575b5b3 -> _e1c23a87e6978204073e25eb9dff0546		1328577						
ANR	1329610	Symbol	_32328eac822a1fdc17b2a676ab34fa94		1328577						
ANR	1329611	Symbol	~OBEX_FINAL		1328577						
ANR	1329612	Symbol	_a2a25434845e7e1de76ad251670e114f		1328577						
ANR	1329613	Symbol	_79ea46a21a9ee5ca6651f09f6e6aa059 -> _9fbc28c91251e2a435396d09f6439213 -> _12cc27f807ebf3926a1b058c09eff60e		1328577						
ANR	1329614	Symbol	OBEX_EV_PARSEERR		1328577						
ANR	1329615	Symbol	OBEX_EV_UNEXPECTED		1328577						
ANR	1329616	Symbol	malloc		1328577						
ANR	1329617	Symbol	* _6b60ae4d1acf2e692442e6774575b5b3		1328577						
ANR	1329618	Symbol	popen		1328577						
ANR	1329619	Symbol	_79ea46a21a9ee5ca6651f09f6e6aa059 -> _c3277756048d625debbd650b2274d7f7		1328577						
ANR	1329620	Symbol	_d5dde46edd6ed741ffe4511ac98b4ece		1328577						
ANR	1329621	Symbol	_e06584c0eb398e0c57f786dcfde604b6		1328577						
ANR	1329622	Symbol	_d2b1ecc886c6d449ca37226cc54e1f84		1328577						
ANR	1329623	Symbol	OBEX_CMD_DISCONNECT		1328577						
ANR	1329624	Symbol	ntohs		1328577						
ANR	1329625	Symbol	MODE_SRV		1328577						
ANR	1329626	Symbol	_4bc58f9a1c7cd49e32e691db18c4472e		1328577						
ANR	1329627	Symbol	STATE_IDLE		1328577						
ANR	1329628	Symbol	STATE_REC		1328577						
ANR	1329629	Symbol	_37c0a7bcd5d78019faa01fc423b11722		1328577						
ANR	1329630	Symbol	FALSE		1328577						
ANR	1329631	Symbol	* _e06584c0eb398e0c57f786dcfde604b6		1328577						
ANR	1329632	Symbol	O_WRONLY		1328577						
ANR	1329633	Symbol	open		1328577						
ANR	1329634	Symbol	_79ea46a21a9ee5ca6651f09f6e6aa059 -> _9fbc28c91251e2a435396d09f6439213 -> _447ace5ecbb1120f198140a3a184820e		1328577						
