start	end	type	var
940500	940501	DECLARES	
940502	940503	DECLARES	
940504	940505	DECLARES	
940506	940507	DECLARES	
940508	940509	DECLARES	
940510	940511	DECLARES	
940512	940513	DECLARES	
940518	940519	IS_AST_PARENT	
940518	940520	IS_AST_PARENT	
940517	940518	IS_AST_PARENT	
940516	940517	IS_AST_PARENT	
940522	940523	IS_AST_PARENT	
940522	940524	IS_AST_PARENT	
940525	940526	IS_AST_PARENT	
940528	940529	IS_AST_PARENT	
940527	940528	IS_AST_PARENT	
940531	940532	IS_AST_PARENT	
940530	940531	IS_AST_PARENT	
940533	940534	IS_AST_PARENT	
940530	940533	IS_AST_PARENT	
940535	940536	IS_AST_PARENT	
940530	940535	IS_AST_PARENT	
940527	940530	IS_AST_PARENT	
940525	940527	IS_AST_PARENT	
940522	940525	IS_AST_PARENT	
940521	940522	IS_AST_PARENT	
940516	940521	IS_AST_PARENT	
940539	940540	IS_AST_PARENT	
940539	940541	IS_AST_PARENT	
940538	940539	IS_AST_PARENT	
940537	940538	IS_AST_PARENT	
940543	940544	IS_AST_PARENT	
940543	940545	IS_AST_PARENT	
940542	940543	IS_AST_PARENT	
940537	940542	IS_AST_PARENT	
940516	940537	IS_AST_PARENT	
940547	940548	IS_AST_PARENT	
940546	940547	IS_AST_PARENT	
940550	940551	IS_AST_PARENT	
940554	940555	IS_AST_PARENT	
940557	940558	IS_AST_PARENT	
940556	940557	IS_AST_PARENT	
940560	940561	IS_AST_PARENT	
940559	940560	IS_AST_PARENT	
940562	940563	IS_AST_PARENT	
940559	940562	IS_AST_PARENT	
940556	940559	IS_AST_PARENT	
940554	940556	IS_AST_PARENT	
940553	940554	IS_AST_PARENT	
940552	940553	IS_AST_PARENT	
940552	940564	IS_AST_PARENT	
940552	940565	IS_AST_PARENT	
940550	940552	IS_AST_PARENT	
940549	940550	IS_AST_PARENT	
940546	940549	IS_AST_PARENT	
940568	940569	IS_AST_PARENT	
940572	940573	IS_AST_PARENT	
940575	940576	IS_AST_PARENT	
940574	940575	IS_AST_PARENT	
940578	940579	IS_AST_PARENT	
940577	940578	IS_AST_PARENT	
940580	940581	IS_AST_PARENT	
940577	940580	IS_AST_PARENT	
940574	940577	IS_AST_PARENT	
940572	940574	IS_AST_PARENT	
940571	940572	IS_AST_PARENT	
940570	940571	IS_AST_PARENT	
940570	940582	IS_AST_PARENT	
940570	940583	IS_AST_PARENT	
940568	940570	IS_AST_PARENT	
940567	940568	IS_AST_PARENT	
940566	940567	IS_AST_PARENT	
940546	940566	IS_AST_PARENT	
940516	940546	IS_AST_PARENT	
940584	940585	IS_AST_PARENT	
940516	940584	IS_AST_PARENT	
940515	940516	IS_AST_PARENT	
940515	940586	IS_AST_PARENT	
940515	940587	IS_AST_PARENT	
940589	940590	IS_AST_PARENT	
940589	940591	IS_AST_PARENT	
940588	940589	IS_AST_PARENT	
940592	940593	IS_AST_PARENT	
940592	940594	IS_AST_PARENT	
940588	940592	IS_AST_PARENT	
940595	940596	IS_AST_PARENT	
940595	940597	IS_AST_PARENT	
940588	940595	IS_AST_PARENT	
940598	940599	IS_AST_PARENT	
940598	940600	IS_AST_PARENT	
940588	940598	IS_AST_PARENT	
940515	940588	IS_AST_PARENT	
940601	940589	FLOWS_TO	
940589	940592	FLOWS_TO	
940592	940595	FLOWS_TO	
940595	940598	FLOWS_TO	
940598	940517	FLOWS_TO	
940517	940521	FLOWS_TO	
940521	940538	FLOWS_TO	
940538	940542	FLOWS_TO	
940538	940547	FLOWS_TO	
940542	940602	FLOWS_TO	
940547	940549	FLOWS_TO	
940547	940567	FLOWS_TO	
940549	940584	FLOWS_TO	
940567	940584	FLOWS_TO	
940584	940602	FLOWS_TO	
940567	940603	USE	
940568	940603	USE	
940571	940603	USE	
940517	940604	DEF	
940518	940604	DEF	
940549	940604	DEF	
940550	940604	DEF	
940567	940604	DEF	
940568	940604	DEF	
940584	940604	USE	
940598	940605	DEF	
940521	940605	USE	
940535	940605	USE	
940547	940605	USE	
940521	940606	DEF	
940525	940606	DEF	
940522	940606	DEF	
940538	940606	USE	
940549	940606	USE	
940560	940606	USE	
940567	940606	USE	
940578	940606	USE	
940521	940607	USE	
940525	940607	USE	
940549	940608	USE	
940550	940608	USE	
940553	940608	USE	
940595	940609	DEF	
940549	940609	USE	
940562	940609	USE	
940567	940609	USE	
940580	940609	USE	
940589	940610	DEF	
940521	940610	USE	
940531	940610	USE	
940592	940611	DEF	
940521	940611	USE	
940533	940611	USE	
940567	940584	REACHES	_02f9b8e79cd99e021a4f524db2dff1ed
940549	940584	REACHES	_02f9b8e79cd99e021a4f524db2dff1ed
940598	940521	REACHES	_70e0d742f189cd4349ebba4c07f739e4
940598	940547	REACHES	_70e0d742f189cd4349ebba4c07f739e4
940521	940538	REACHES	_8b3a176baccece543939dc5ef5c7bc23
940521	940549	REACHES	_8b3a176baccece543939dc5ef5c7bc23
940521	940567	REACHES	_8b3a176baccece543939dc5ef5c7bc23
940595	940549	REACHES	value
940595	940567	REACHES	value
940589	940521	REACHES	_727f6e8830b6c4190e8e1463200d8792
940592	940521	REACHES	key
940601	940589	CONTROLS	
940601	940592	CONTROLS	
940601	940595	CONTROLS	
940601	940598	CONTROLS	
940601	940517	CONTROLS	
940601	940521	CONTROLS	
940601	940538	CONTROLS	
940538	940542	CONTROLS	
940538	940547	CONTROLS	
940538	940584	CONTROLS	
940547	940549	CONTROLS	
940547	940567	CONTROLS	
940547	940567	DOM	
940547	940584	DOM	
940595	940598	DOM	
940538	940602	DOM	
940517	940521	DOM	
940589	940592	DOM	
940538	940547	DOM	
940592	940595	DOM	
940598	940517	DOM	
940547	940549	DOM	
940521	940538	DOM	
940538	940542	DOM	
940601	940601	DOM	
940601	940589	DOM	
940584	940567	POST_DOM	
940602	940584	POST_DOM	
940602	940602	POST_DOM	
940517	940598	POST_DOM	
940538	940521	POST_DOM	
940595	940592	POST_DOM	
940584	940547	POST_DOM	
940521	940517	POST_DOM	
940598	940595	POST_DOM	
940584	940549	POST_DOM	
940602	940542	POST_DOM	
940602	940538	POST_DOM	
940589	940601	POST_DOM	
940592	940589	POST_DOM	
940514	940515	IS_FUNCTION_OF_AST	
940514	940601	IS_FUNCTION_OF_CFG	
940499	940514	IS_FILE_OF	
940617	940618	IS_AST_PARENT	
940617	940619	IS_AST_PARENT	
940616	940617	IS_AST_PARENT	
940615	940616	IS_AST_PARENT	
940615	940620	IS_AST_PARENT	
940614	940615	IS_AST_PARENT	
940614	940621	IS_AST_PARENT	
940624	940625	IS_AST_PARENT	
940623	940624	IS_AST_PARENT	
940628	940629	IS_AST_PARENT	
940628	940630	IS_AST_PARENT	
940627	940628	IS_AST_PARENT	
940626	940627	IS_AST_PARENT	
940623	940626	IS_AST_PARENT	
940622	940623	IS_AST_PARENT	
940614	940622	IS_AST_PARENT	
940633	940634	IS_AST_PARENT	
940632	940633	IS_AST_PARENT	
940636	940637	IS_AST_PARENT	
940635	940636	IS_AST_PARENT	
940632	940635	IS_AST_PARENT	
940631	940632	IS_AST_PARENT	
940614	940631	IS_AST_PARENT	
940614	940638	IS_AST_PARENT	
940613	940614	IS_AST_PARENT	
940613	940639	IS_AST_PARENT	
940613	940640	IS_AST_PARENT	
940642	940643	IS_AST_PARENT	
940642	940644	IS_AST_PARENT	
940641	940642	IS_AST_PARENT	
940613	940641	IS_AST_PARENT	
940645	940642	FLOWS_TO	
940642	940616	FLOWS_TO	
940616	940620	FLOWS_TO	
940616	940621	FLOWS_TO	
940620	940646	FLOWS_TO	
940621	940622	FLOWS_TO	
940622	940631	FLOWS_TO	
940631	940638	FLOWS_TO	
940638	940646	FLOWS_TO	
940622	940647	USE	
940627	940647	USE	
940622	940648	USE	
940627	940648	USE	
940642	940649	DEF	
940616	940649	USE	
940622	940649	USE	
940628	940649	USE	
940631	940649	USE	
940636	940649	USE	
940642	940616	REACHES	_b102e7f57cd53814c7fc4eba64870d4c
940642	940622	REACHES	_b102e7f57cd53814c7fc4eba64870d4c
940642	940631	REACHES	_b102e7f57cd53814c7fc4eba64870d4c
940645	940642	CONTROLS	
940645	940616	CONTROLS	
940616	940620	CONTROLS	
940616	940621	CONTROLS	
940616	940622	CONTROLS	
940616	940631	CONTROLS	
940616	940638	CONTROLS	
940645	940642	DOM	
940642	940616	DOM	
940645	940645	DOM	
940616	940646	DOM	
940616	940620	DOM	
940616	940621	DOM	
940621	940622	DOM	
940622	940631	DOM	
940631	940638	DOM	
940646	940616	POST_DOM	
940616	940642	POST_DOM	
940642	940645	POST_DOM	
940646	940646	POST_DOM	
940646	940620	POST_DOM	
940638	940631	POST_DOM	
940631	940622	POST_DOM	
940622	940621	POST_DOM	
940646	940638	POST_DOM	
940612	940613	IS_FUNCTION_OF_AST	
940612	940645	IS_FUNCTION_OF_CFG	
940499	940612	IS_FILE_OF	
940654	940655	IS_AST_PARENT	
940654	940656	IS_AST_PARENT	
940657	940658	IS_AST_PARENT	
940657	940659	IS_AST_PARENT	
940654	940657	IS_AST_PARENT	
940653	940654	IS_AST_PARENT	
940652	940653	IS_AST_PARENT	
940661	940662	IS_AST_PARENT	
940661	940663	IS_AST_PARENT	
940664	940665	IS_AST_PARENT	
940666	940667	IS_AST_PARENT	
940666	940668	IS_AST_PARENT	
940664	940666	IS_AST_PARENT	
940661	940664	IS_AST_PARENT	
940660	940661	IS_AST_PARENT	
940652	940660	IS_AST_PARENT	
940670	940671	IS_AST_PARENT	
940670	940672	IS_AST_PARENT	
940673	940674	IS_AST_PARENT	
940675	940676	IS_AST_PARENT	
940675	940677	IS_AST_PARENT	
940673	940675	IS_AST_PARENT	
940670	940673	IS_AST_PARENT	
940669	940670	IS_AST_PARENT	
940652	940669	IS_AST_PARENT	
940679	940680	IS_AST_PARENT	
940679	940681	IS_AST_PARENT	
940682	940683	IS_AST_PARENT	
940682	940684	IS_AST_PARENT	
940679	940682	IS_AST_PARENT	
940678	940679	IS_AST_PARENT	
940652	940678	IS_AST_PARENT	
940687	940688	IS_AST_PARENT	
940687	940689	IS_AST_PARENT	
940686	940687	IS_AST_PARENT	
940690	940691	IS_AST_PARENT	
940692	940693	IS_AST_PARENT	
940694	940695	IS_AST_PARENT	
940696	940697	IS_AST_PARENT	
940696	940698	IS_AST_PARENT	
940694	940696	IS_AST_PARENT	
940692	940694	IS_AST_PARENT	
940690	940692	IS_AST_PARENT	
940686	940690	IS_AST_PARENT	
940685	940686	IS_AST_PARENT	
940652	940685	IS_AST_PARENT	
940702	940703	IS_AST_PARENT	
940705	940706	IS_AST_PARENT	
940708	940709	IS_AST_PARENT	
940708	940710	IS_AST_PARENT	
940707	940708	IS_AST_PARENT	
940707	940711	IS_AST_PARENT	
940705	940707	IS_AST_PARENT	
940704	940705	IS_AST_PARENT	
940712	940713	IS_AST_PARENT	
940714	940715	IS_AST_PARENT	
940714	940716	IS_AST_PARENT	
940712	940714	IS_AST_PARENT	
940704	940712	IS_AST_PARENT	
940702	940704	IS_AST_PARENT	
940701	940702	IS_AST_PARENT	
940717	940718	IS_AST_PARENT	
940719	940720	IS_AST_PARENT	
940719	940721	IS_AST_PARENT	
940717	940719	IS_AST_PARENT	
940701	940717	IS_AST_PARENT	
940700	940701	IS_AST_PARENT	
940699	940700	IS_AST_PARENT	
940724	940725	IS_AST_PARENT	
940724	940726	IS_AST_PARENT	
940727	940728	IS_AST_PARENT	
940729	940730	IS_AST_PARENT	
940729	940731	IS_AST_PARENT	
940727	940729	IS_AST_PARENT	
940724	940727	IS_AST_PARENT	
940723	940724	IS_AST_PARENT	
940722	940723	IS_AST_PARENT	
940734	940735	IS_AST_PARENT	
940734	940736	IS_AST_PARENT	
940733	940734	IS_AST_PARENT	
940737	940738	IS_AST_PARENT	
940737	940739	IS_AST_PARENT	
940733	940737	IS_AST_PARENT	
940732	940733	IS_AST_PARENT	
940722	940732	IS_AST_PARENT	
940699	940722	IS_AST_PARENT	
940741	940742	IS_AST_PARENT	
940741	940743	IS_AST_PARENT	
940741	940744	IS_AST_PARENT	
940746	940747	IS_AST_PARENT	
940748	940749	IS_AST_PARENT	
940748	940750	IS_AST_PARENT	
940746	940748	IS_AST_PARENT	
940745	940746	IS_AST_PARENT	
940741	940745	IS_AST_PARENT	
940752	940753	IS_AST_PARENT	
940752	940754	IS_AST_PARENT	
940755	940756	IS_AST_PARENT	
940757	940758	IS_AST_PARENT	
940757	940759	IS_AST_PARENT	
940755	940757	IS_AST_PARENT	
940752	940755	IS_AST_PARENT	
940751	940752	IS_AST_PARENT	
940741	940751	IS_AST_PARENT	
940761	940762	IS_AST_PARENT	
940761	940763	IS_AST_PARENT	
940764	940765	IS_AST_PARENT	
940766	940767	IS_AST_PARENT	
940766	940768	IS_AST_PARENT	
940764	940766	IS_AST_PARENT	
940761	940764	IS_AST_PARENT	
940760	940761	IS_AST_PARENT	
940741	940760	IS_AST_PARENT	
940770	940771	IS_AST_PARENT	
940770	940772	IS_AST_PARENT	
940773	940774	IS_AST_PARENT	
940775	940776	IS_AST_PARENT	
940775	940777	IS_AST_PARENT	
940773	940775	IS_AST_PARENT	
940770	940773	IS_AST_PARENT	
940769	940770	IS_AST_PARENT	
940741	940769	IS_AST_PARENT	
940741	940778	IS_AST_PARENT	
940741	940779	IS_AST_PARENT	
940741	940780	IS_AST_PARENT	
940741	940781	IS_AST_PARENT	
940741	940782	IS_AST_PARENT	
940784	940785	IS_AST_PARENT	
940786	940787	IS_AST_PARENT	
940786	940788	IS_AST_PARENT	
940784	940786	IS_AST_PARENT	
940783	940784	IS_AST_PARENT	
940741	940783	IS_AST_PARENT	
940790	940791	IS_AST_PARENT	
940790	940792	IS_AST_PARENT	
940793	940794	IS_AST_PARENT	
940795	940796	IS_AST_PARENT	
940795	940797	IS_AST_PARENT	
940793	940795	IS_AST_PARENT	
940790	940793	IS_AST_PARENT	
940789	940790	IS_AST_PARENT	
940741	940789	IS_AST_PARENT	
940800	940801	IS_AST_PARENT	
940800	940802	IS_AST_PARENT	
940799	940800	IS_AST_PARENT	
940799	940803	IS_AST_PARENT	
940798	940799	IS_AST_PARENT	
940741	940798	IS_AST_PARENT	
940806	940807	IS_AST_PARENT	
940806	940808	IS_AST_PARENT	
940805	940806	IS_AST_PARENT	
940809	940810	IS_AST_PARENT	
940809	940811	IS_AST_PARENT	
940805	940809	IS_AST_PARENT	
940804	940805	IS_AST_PARENT	
940741	940804	IS_AST_PARENT	
940813	940814	IS_AST_PARENT	
940813	940815	IS_AST_PARENT	
940812	940813	IS_AST_PARENT	
940741	940812	IS_AST_PARENT	
940740	940741	IS_AST_PARENT	
940699	940740	IS_AST_PARENT	
940652	940699	IS_AST_PARENT	
940818	940819	IS_AST_PARENT	
940818	940820	IS_AST_PARENT	
940817	940818	IS_AST_PARENT	
940816	940817	IS_AST_PARENT	
940822	940823	IS_AST_PARENT	
940822	940824	IS_AST_PARENT	
940821	940822	IS_AST_PARENT	
940816	940821	IS_AST_PARENT	
940825	940826	IS_AST_PARENT	
940825	940827	IS_AST_PARENT	
940816	940825	IS_AST_PARENT	
940830	940831	IS_AST_PARENT	
940832	940833	IS_AST_PARENT	
940835	940836	IS_AST_PARENT	
940835	940837	IS_AST_PARENT	
940834	940835	IS_AST_PARENT	
940834	940838	IS_AST_PARENT	
940832	940834	IS_AST_PARENT	
940830	940832	IS_AST_PARENT	
940829	940830	IS_AST_PARENT	
940828	940829	IS_AST_PARENT	
940840	940841	IS_AST_PARENT	
940840	940842	IS_AST_PARENT	
940839	940840	IS_AST_PARENT	
940843	940844	IS_AST_PARENT	
940843	940845	IS_AST_PARENT	
940839	940843	IS_AST_PARENT	
940828	940839	IS_AST_PARENT	
940848	940849	IS_AST_PARENT	
940848	940850	IS_AST_PARENT	
940847	940848	IS_AST_PARENT	
940846	940847	IS_AST_PARENT	
940852	940853	IS_AST_PARENT	
940852	940854	IS_AST_PARENT	
940851	940852	IS_AST_PARENT	
940846	940851	IS_AST_PARENT	
940855	940856	IS_AST_PARENT	
940855	940857	IS_AST_PARENT	
940846	940855	IS_AST_PARENT	
940861	940862	IS_AST_PARENT	
940861	940863	IS_AST_PARENT	
940860	940861	IS_AST_PARENT	
940859	940860	IS_AST_PARENT	
940865	940866	IS_AST_PARENT	
940865	940867	IS_AST_PARENT	
940864	940865	IS_AST_PARENT	
940859	940864	IS_AST_PARENT	
940868	940869	IS_AST_PARENT	
940868	940870	IS_AST_PARENT	
940859	940868	IS_AST_PARENT	
940874	940875	IS_AST_PARENT	
940874	940876	IS_AST_PARENT	
940873	940874	IS_AST_PARENT	
940873	940877	IS_AST_PARENT	
940872	940873	IS_AST_PARENT	
940878	940879	IS_AST_PARENT	
940878	940880	IS_AST_PARENT	
940872	940878	IS_AST_PARENT	
940871	940872	IS_AST_PARENT	
940859	940871	IS_AST_PARENT	
940858	940859	IS_AST_PARENT	
940846	940858	IS_AST_PARENT	
940828	940846	IS_AST_PARENT	
940882	940883	IS_AST_PARENT	
940884	940885	IS_AST_PARENT	
940884	940886	IS_AST_PARENT	
940882	940884	IS_AST_PARENT	
940881	940882	IS_AST_PARENT	
940828	940881	IS_AST_PARENT	
940887	940888	IS_AST_PARENT	
940828	940887	IS_AST_PARENT	
940816	940828	IS_AST_PARENT	
940652	940816	IS_AST_PARENT	
940889	940890	IS_AST_PARENT	
940652	940889	IS_AST_PARENT	
940651	940652	IS_AST_PARENT	
940651	940891	IS_AST_PARENT	
940651	940892	IS_AST_PARENT	
940651	940893	IS_AST_PARENT	
940894	940653	FLOWS_TO	
940653	940660	FLOWS_TO	
940660	940669	FLOWS_TO	
940669	940678	FLOWS_TO	
940678	940685	FLOWS_TO	
940685	940700	FLOWS_TO	
940700	940723	FLOWS_TO	
940700	940742	FLOWS_TO	
940723	940732	FLOWS_TO	
940732	940817	FLOWS_TO	
940742	940743	FLOWS_TO	
940743	940744	FLOWS_TO	
940744	940745	FLOWS_TO	
940745	940751	FLOWS_TO	
940751	940760	FLOWS_TO	
940760	940769	FLOWS_TO	
940769	940778	FLOWS_TO	
940778	940779	FLOWS_TO	
940779	940780	FLOWS_TO	
940780	940781	FLOWS_TO	
940781	940782	FLOWS_TO	
940782	940783	FLOWS_TO	
940783	940789	FLOWS_TO	
940789	940798	FLOWS_TO	
940798	940804	FLOWS_TO	
940804	940812	FLOWS_TO	
940812	940817	FLOWS_TO	
940821	940829	FLOWS_TO	
940821	940889	FLOWS_TO	
940817	940821	FLOWS_TO	
940825	940821	FLOWS_TO	
940829	940839	FLOWS_TO	
940839	940847	FLOWS_TO	
940851	940860	FLOWS_TO	
940851	940881	FLOWS_TO	
940847	940851	FLOWS_TO	
940855	940851	FLOWS_TO	
940864	940871	FLOWS_TO	
940864	940855	FLOWS_TO	
940860	940864	FLOWS_TO	
940868	940864	FLOWS_TO	
940871	940868	FLOWS_TO	
940881	940887	FLOWS_TO	
940887	940895	FLOWS_TO	
940889	940895	FLOWS_TO	
940669	940896	DEF	
940673	940896	DEF	
940670	940896	DEF	
940887	940896	USE	
940798	940897	DEF	
940799	940897	DEF	
940804	940897	USE	
940805	940897	USE	
940804	940897	DEF	
940805	940897	DEF	
940723	940898	USE	
940727	940898	USE	
940769	940898	USE	
940773	940898	USE	
940760	940899	DEF	
940764	940899	DEF	
940761	940899	DEF	
940798	940899	USE	
940800	940899	USE	
940804	940899	USE	
940809	940899	USE	
940806	940899	USE	
940760	940900	USE	
940764	940900	USE	
940829	940901	USE	
940835	940901	USE	
940871	940901	USE	
940874	940901	USE	
940732	940902	DEF	
940733	940902	DEF	
940789	940903	DEF	
940793	940903	DEF	
940790	940903	DEF	
940812	940903	DEF	
940813	940903	DEF	
940829	940904	USE	
940832	940904	USE	
940871	940904	DEF	
940872	940904	DEF	
940829	940905	USE	
940834	940905	USE	
940871	940905	USE	
940873	940905	USE	
940769	940906	DEF	
940773	940906	DEF	
940770	940906	DEF	
940678	940907	DEF	
940682	940907	DEF	
940679	940907	DEF	
940889	940907	USE	
940660	940908	DEF	
940664	940908	DEF	
940661	940908	DEF	
940685	940908	USE	
940687	940908	USE	
940700	940908	USE	
940708	940908	USE	
940714	940908	USE	
940719	940908	USE	
940881	940908	DEF	
940882	940908	DEF	
940871	940909	DEF	
940872	940909	DEF	
940685	940910	DEF	
940686	940910	DEF	
940700	940910	USE	
940751	940911	DEF	
940752	940911	DEF	
940755	940911	DEF	
940653	940912	DEF	
940654	940912	DEF	
940657	940912	DEF	
940821	940912	USE	
940817	940912	DEF	
940818	940912	DEF	
940825	940912	USE	
940825	940912	DEF	
940839	940913	DEF	
940840	940913	DEF	
940851	940913	USE	
940847	940913	DEF	
940848	940913	DEF	
940855	940913	USE	
940855	940913	DEF	
940871	940913	USE	
940874	940913	USE	
940839	940914	DEF	
940843	940914	DEF	
940864	940914	USE	
940860	940914	DEF	
940861	940914	DEF	
940868	940914	USE	
940868	940914	DEF	
940871	940914	USE	
940873	940914	USE	
940871	940915	USE	
940873	940915	USE	
940871	940916	DEF	
940872	940916	DEF	
940783	940917	USE	
940784	940917	USE	
940789	940917	USE	
940793	940917	USE	
940660	940918	USE	
940664	940918	USE	
940732	940918	USE	
940733	940918	USE	
940745	940918	USE	
940746	940918	USE	
940751	940918	USE	
940755	940918	USE	
940881	940918	USE	
940882	940918	USE	
940783	940919	DEF	
940784	940919	DEF	
940812	940919	USE	
940813	940919	USE	
940723	940920	DEF	
940724	940920	DEF	
940727	940920	DEF	
940732	940920	USE	
940734	940920	USE	
940745	940921	DEF	
940746	940921	DEF	
940798	940921	USE	
940799	940921	USE	
940798	940804	REACHES	* _667bfced3edc86b803827b0cb8740266
940669	940887	REACHES	_f25180727ac3b7a88029d470b9bbdff0
940760	940798	REACHES	_667bfced3edc86b803827b0cb8740266
940760	940804	REACHES	_667bfced3edc86b803827b0cb8740266
940678	940889	REACHES	_7d44282aa5dc8465ca4bfebe5144b4b7
940660	940685	REACHES	_773ca0154508d33413937e0c00d3f987
940660	940700	REACHES	_773ca0154508d33413937e0c00d3f987
940685	940700	REACHES	* _773ca0154508d33413937e0c00d3f987
940825	940821	REACHES	_85c617d839e55b93eba7f24b7ac7b50f
940817	940821	REACHES	_85c617d839e55b93eba7f24b7ac7b50f
940847	940851	REACHES	i
940855	940851	REACHES	i
940847	940855	REACHES	i
940855	940855	REACHES	i
940847	940871	REACHES	i
940855	940871	REACHES	i
940860	940864	REACHES	j
940868	940864	REACHES	j
940860	940868	REACHES	j
940868	940868	REACHES	j
940860	940871	REACHES	j
940868	940871	REACHES	j
940783	940812	REACHES	_ac31e50cc6b4e80a1a08feefef03f523
940723	940732	REACHES	_3cdc3f3dcb69a73474a208016319eed3
940745	940798	REACHES	_78fb1ab7a5f785ff732ee4595c9d84b3
940894	940653	CONTROLS	
940894	940660	CONTROLS	
940894	940669	CONTROLS	
940894	940678	CONTROLS	
940894	940685	CONTROLS	
940894	940700	CONTROLS	
940894	940817	CONTROLS	
940894	940821	CONTROLS	
940700	940723	CONTROLS	
940700	940732	CONTROLS	
940700	940742	CONTROLS	
940700	940743	CONTROLS	
940700	940744	CONTROLS	
940700	940745	CONTROLS	
940700	940751	CONTROLS	
940700	940760	CONTROLS	
940700	940769	CONTROLS	
940700	940778	CONTROLS	
940700	940779	CONTROLS	
940700	940780	CONTROLS	
940700	940781	CONTROLS	
940700	940782	CONTROLS	
940700	940783	CONTROLS	
940700	940789	CONTROLS	
940700	940798	CONTROLS	
940700	940804	CONTROLS	
940700	940812	CONTROLS	
940821	940829	CONTROLS	
940821	940839	CONTROLS	
940821	940847	CONTROLS	
940821	940851	CONTROLS	
940821	940881	CONTROLS	
940821	940887	CONTROLS	
940821	940889	CONTROLS	
940851	940860	CONTROLS	
940851	940864	CONTROLS	
940851	940855	CONTROLS	
940864	940871	CONTROLS	
940864	940868	CONTROLS	
940700	940723	DOM	
940700	940742	DOM	
940723	940732	DOM	
940829	940839	DOM	
940881	940887	DOM	
940779	940780	DOM	
940851	940860	DOM	
940678	940685	DOM	
940821	940889	DOM	
940700	940817	DOM	
940745	940751	DOM	
940871	940868	DOM	
940780	940781	DOM	
940851	940881	DOM	
940751	940760	DOM	
940760	940769	DOM	
940743	940744	DOM	
940821	940829	DOM	
940864	940871	DOM	
940782	940783	DOM	
940669	940678	DOM	
940804	940812	DOM	
940894	940894	DOM	
940653	940660	DOM	
940778	940779	DOM	
940742	940743	DOM	
940789	940798	DOM	
940817	940821	DOM	
940798	940804	DOM	
940783	940789	DOM	
940660	940669	DOM	
940839	940847	DOM	
940821	940895	DOM	
940864	940855	DOM	
940769	940778	DOM	
940860	940864	DOM	
940781	940782	DOM	
940894	940653	DOM	
940847	940851	DOM	
940685	940700	DOM	
940744	940745	DOM	
940732	940723	POST_DOM	
940743	940742	POST_DOM	
940817	940732	POST_DOM	
940847	940839	POST_DOM	
940895	940887	POST_DOM	
940781	940780	POST_DOM	
940864	940860	POST_DOM	
940700	940685	POST_DOM	
940895	940889	POST_DOM	
940821	940817	POST_DOM	
940760	940751	POST_DOM	
940864	940868	POST_DOM	
940782	940781	POST_DOM	
940887	940881	POST_DOM	
940778	940769	POST_DOM	
940769	940760	POST_DOM	
940745	940744	POST_DOM	
940839	940829	POST_DOM	
940789	940783	POST_DOM	
940868	940871	POST_DOM	
940685	940678	POST_DOM	
940817	940812	POST_DOM	
940653	940894	POST_DOM	
940821	940825	POST_DOM	
940669	940660	POST_DOM	
940780	940779	POST_DOM	
940744	940743	POST_DOM	
940804	940798	POST_DOM	
940895	940821	POST_DOM	
940812	940804	POST_DOM	
940798	940789	POST_DOM	
940678	940669	POST_DOM	
940895	940895	POST_DOM	
940851	940847	POST_DOM	
940779	940778	POST_DOM	
940851	940855	POST_DOM	
940783	940782	POST_DOM	
940855	940864	POST_DOM	
940660	940653	POST_DOM	
940881	940851	POST_DOM	
940817	940700	POST_DOM	
940751	940745	POST_DOM	
940650	940651	IS_FUNCTION_OF_AST	
940650	940894	IS_FUNCTION_OF_CFG	
940499	940650	IS_FILE_OF	
940926	940927	IS_AST_PARENT	
940926	940928	IS_AST_PARENT	
940925	940926	IS_AST_PARENT	
940924	940925	IS_AST_PARENT	
940930	940931	IS_AST_PARENT	
940930	940932	IS_AST_PARENT	
940933	940934	IS_AST_PARENT	
940933	940935	IS_AST_PARENT	
940930	940933	IS_AST_PARENT	
940929	940930	IS_AST_PARENT	
940924	940929	IS_AST_PARENT	
940939	940940	IS_AST_PARENT	
940939	940941	IS_AST_PARENT	
940938	940939	IS_AST_PARENT	
940943	940944	IS_AST_PARENT	
940942	940943	IS_AST_PARENT	
940946	940947	IS_AST_PARENT	
940945	940946	IS_AST_PARENT	
940942	940945	IS_AST_PARENT	
940938	940942	IS_AST_PARENT	
940937	940938	IS_AST_PARENT	
940936	940937	IS_AST_PARENT	
940951	940952	IS_AST_PARENT	
940950	940951	IS_AST_PARENT	
940954	940955	IS_AST_PARENT	
940953	940954	IS_AST_PARENT	
940950	940953	IS_AST_PARENT	
940949	940950	IS_AST_PARENT	
940948	940949	IS_AST_PARENT	
940956	940957	IS_AST_PARENT	
940948	940956	IS_AST_PARENT	
940936	940948	IS_AST_PARENT	
940924	940936	IS_AST_PARENT	
940961	940962	IS_AST_PARENT	
940961	940963	IS_AST_PARENT	
940960	940961	IS_AST_PARENT	
940966	940967	IS_AST_PARENT	
940965	940966	IS_AST_PARENT	
940970	940971	IS_AST_PARENT	
940970	940972	IS_AST_PARENT	
940969	940970	IS_AST_PARENT	
940968	940969	IS_AST_PARENT	
940965	940968	IS_AST_PARENT	
940964	940965	IS_AST_PARENT	
940973	940974	IS_AST_PARENT	
940976	940977	IS_AST_PARENT	
940975	940976	IS_AST_PARENT	
940979	940980	IS_AST_PARENT	
940978	940979	IS_AST_PARENT	
940981	940982	IS_AST_PARENT	
940978	940981	IS_AST_PARENT	
940975	940978	IS_AST_PARENT	
940973	940975	IS_AST_PARENT	
940964	940973	IS_AST_PARENT	
940960	940964	IS_AST_PARENT	
940959	940960	IS_AST_PARENT	
940958	940959	IS_AST_PARENT	
940985	940986	IS_AST_PARENT	
940985	940987	IS_AST_PARENT	
940988	940989	IS_AST_PARENT	
940991	940992	IS_AST_PARENT	
940990	940991	IS_AST_PARENT	
940994	940995	IS_AST_PARENT	
940993	940994	IS_AST_PARENT	
940990	940993	IS_AST_PARENT	
940988	940990	IS_AST_PARENT	
940985	940988	IS_AST_PARENT	
940984	940985	IS_AST_PARENT	
940983	940984	IS_AST_PARENT	
940998	940999	IS_AST_PARENT	
940997	940998	IS_AST_PARENT	
941001	941002	IS_AST_PARENT	
941000	941001	IS_AST_PARENT	
940997	941000	IS_AST_PARENT	
940996	940997	IS_AST_PARENT	
940983	940996	IS_AST_PARENT	
941003	941004	IS_AST_PARENT	
940983	941003	IS_AST_PARENT	
940958	940983	IS_AST_PARENT	
940924	940958	IS_AST_PARENT	
941007	941008	IS_AST_PARENT	
941006	941007	IS_AST_PARENT	
941010	941011	IS_AST_PARENT	
941009	941010	IS_AST_PARENT	
941012	941013	IS_AST_PARENT	
941009	941012	IS_AST_PARENT	
941014	941015	IS_AST_PARENT	
941009	941014	IS_AST_PARENT	
941006	941009	IS_AST_PARENT	
941005	941006	IS_AST_PARENT	
940924	941005	IS_AST_PARENT	
941017	941018	IS_AST_PARENT	
941020	941021	IS_AST_PARENT	
941019	941020	IS_AST_PARENT	
941023	941024	IS_AST_PARENT	
941022	941023	IS_AST_PARENT	
941019	941022	IS_AST_PARENT	
941017	941019	IS_AST_PARENT	
941016	941017	IS_AST_PARENT	
940924	941016	IS_AST_PARENT	
941027	941028	IS_AST_PARENT	
941027	941029	IS_AST_PARENT	
941026	941027	IS_AST_PARENT	
941025	941026	IS_AST_PARENT	
941033	941034	IS_AST_PARENT	
941032	941033	IS_AST_PARENT	
941036	941037	IS_AST_PARENT	
941035	941036	IS_AST_PARENT	
941038	941039	IS_AST_PARENT	
941035	941038	IS_AST_PARENT	
941032	941035	IS_AST_PARENT	
941031	941032	IS_AST_PARENT	
941030	941031	IS_AST_PARENT	
941040	941041	IS_AST_PARENT	
941030	941040	IS_AST_PARENT	
941025	941030	IS_AST_PARENT	
940924	941025	IS_AST_PARENT	
941045	941046	IS_AST_PARENT	
941044	941045	IS_AST_PARENT	
941048	941049	IS_AST_PARENT	
941047	941048	IS_AST_PARENT	
941044	941047	IS_AST_PARENT	
941043	941044	IS_AST_PARENT	
941042	941043	IS_AST_PARENT	
941053	941054	IS_AST_PARENT	
941055	941056	IS_AST_PARENT	
941058	941059	IS_AST_PARENT	
941057	941058	IS_AST_PARENT	
941061	941062	IS_AST_PARENT	
941060	941061	IS_AST_PARENT	
941064	941065	IS_AST_PARENT	
941064	941066	IS_AST_PARENT	
941063	941064	IS_AST_PARENT	
941060	941063	IS_AST_PARENT	
941057	941060	IS_AST_PARENT	
941055	941057	IS_AST_PARENT	
941053	941055	IS_AST_PARENT	
941052	941053	IS_AST_PARENT	
941051	941052	IS_AST_PARENT	
941068	941069	IS_AST_PARENT	
941068	941070	IS_AST_PARENT	
941067	941068	IS_AST_PARENT	
941051	941067	IS_AST_PARENT	
941050	941051	IS_AST_PARENT	
941074	941075	IS_AST_PARENT	
941074	941076	IS_AST_PARENT	
941073	941074	IS_AST_PARENT	
941077	941078	IS_AST_PARENT	
941080	941081	IS_AST_PARENT	
941079	941080	IS_AST_PARENT	
941083	941084	IS_AST_PARENT	
941082	941083	IS_AST_PARENT	
941086	941087	IS_AST_PARENT	
941086	941088	IS_AST_PARENT	
941085	941086	IS_AST_PARENT	
941082	941085	IS_AST_PARENT	
941079	941082	IS_AST_PARENT	
941077	941079	IS_AST_PARENT	
941073	941077	IS_AST_PARENT	
941072	941073	IS_AST_PARENT	
941071	941072	IS_AST_PARENT	
941090	941091	IS_AST_PARENT	
941090	941092	IS_AST_PARENT	
941089	941090	IS_AST_PARENT	
941071	941089	IS_AST_PARENT	
941050	941071	IS_AST_PARENT	
941095	941096	IS_AST_PARENT	
941095	941097	IS_AST_PARENT	
941098	941099	IS_AST_PARENT	
941098	941100	IS_AST_PARENT	
941095	941098	IS_AST_PARENT	
941094	941095	IS_AST_PARENT	
941093	941094	IS_AST_PARENT	
941102	941103	IS_AST_PARENT	
941102	941104	IS_AST_PARENT	
941105	941106	IS_AST_PARENT	
941105	941107	IS_AST_PARENT	
941102	941105	IS_AST_PARENT	
941101	941102	IS_AST_PARENT	
941093	941101	IS_AST_PARENT	
941109	941110	IS_AST_PARENT	
941109	941111	IS_AST_PARENT	
941112	941113	IS_AST_PARENT	
941114	941115	IS_AST_PARENT	
941114	941116	IS_AST_PARENT	
941112	941114	IS_AST_PARENT	
941109	941112	IS_AST_PARENT	
941108	941109	IS_AST_PARENT	
941093	941108	IS_AST_PARENT	
941118	941119	IS_AST_PARENT	
941118	941120	IS_AST_PARENT	
941121	941122	IS_AST_PARENT	
941123	941124	IS_AST_PARENT	
941123	941125	IS_AST_PARENT	
941121	941123	IS_AST_PARENT	
941118	941121	IS_AST_PARENT	
941117	941118	IS_AST_PARENT	
941093	941117	IS_AST_PARENT	
941093	941126	IS_AST_PARENT	
941093	941127	IS_AST_PARENT	
941093	941128	IS_AST_PARENT	
941093	941129	IS_AST_PARENT	
941093	941130	IS_AST_PARENT	
941093	941131	IS_AST_PARENT	
941093	941132	IS_AST_PARENT	
941093	941133	IS_AST_PARENT	
941093	941134	IS_AST_PARENT	
941093	941135	IS_AST_PARENT	
941093	941136	IS_AST_PARENT	
941093	941137	IS_AST_PARENT	
941139	941140	IS_AST_PARENT	
941139	941141	IS_AST_PARENT	
941139	941142	IS_AST_PARENT	
941139	941143	IS_AST_PARENT	
941139	941144	IS_AST_PARENT	
941139	941145	IS_AST_PARENT	
941139	941146	IS_AST_PARENT	
941139	941147	IS_AST_PARENT	
941139	941148	IS_AST_PARENT	
941139	941149	IS_AST_PARENT	
941139	941150	IS_AST_PARENT	
941139	941151	IS_AST_PARENT	
941139	941152	IS_AST_PARENT	
941139	941153	IS_AST_PARENT	
941139	941154	IS_AST_PARENT	
941139	941155	IS_AST_PARENT	
941139	941156	IS_AST_PARENT	
941139	941157	IS_AST_PARENT	
941139	941158	IS_AST_PARENT	
941139	941159	IS_AST_PARENT	
941138	941139	IS_AST_PARENT	
941138	941160	IS_AST_PARENT	
941161	941162	IS_AST_PARENT	
941161	941163	IS_AST_PARENT	
941161	941164	IS_AST_PARENT	
941161	941165	IS_AST_PARENT	
941161	941166	IS_AST_PARENT	
941161	941167	IS_AST_PARENT	
941161	941168	IS_AST_PARENT	
941161	941169	IS_AST_PARENT	
941161	941170	IS_AST_PARENT	
941161	941171	IS_AST_PARENT	
941161	941172	IS_AST_PARENT	
941161	941173	IS_AST_PARENT	
941161	941174	IS_AST_PARENT	
941161	941175	IS_AST_PARENT	
941161	941176	IS_AST_PARENT	
941161	941177	IS_AST_PARENT	
941161	941178	IS_AST_PARENT	
941161	941179	IS_AST_PARENT	
941161	941180	IS_AST_PARENT	
941161	941181	IS_AST_PARENT	
941161	941182	IS_AST_PARENT	
941161	941183	IS_AST_PARENT	
941161	941184	IS_AST_PARENT	
941138	941161	IS_AST_PARENT	
941138	941185	IS_AST_PARENT	
941186	941187	IS_AST_PARENT	
941186	941188	IS_AST_PARENT	
941186	941189	IS_AST_PARENT	
941186	941190	IS_AST_PARENT	
941186	941191	IS_AST_PARENT	
941186	941192	IS_AST_PARENT	
941186	941193	IS_AST_PARENT	
941186	941194	IS_AST_PARENT	
941186	941195	IS_AST_PARENT	
941186	941196	IS_AST_PARENT	
941186	941197	IS_AST_PARENT	
941186	941198	IS_AST_PARENT	
941186	941199	IS_AST_PARENT	
941186	941200	IS_AST_PARENT	
941138	941186	IS_AST_PARENT	
941138	941201	IS_AST_PARENT	
941202	941203	IS_AST_PARENT	
941202	941204	IS_AST_PARENT	
941202	941205	IS_AST_PARENT	
941202	941206	IS_AST_PARENT	
941202	941207	IS_AST_PARENT	
941202	941208	IS_AST_PARENT	
941202	941209	IS_AST_PARENT	
941202	941210	IS_AST_PARENT	
941202	941211	IS_AST_PARENT	
941202	941212	IS_AST_PARENT	
941202	941213	IS_AST_PARENT	
941202	941214	IS_AST_PARENT	
941202	941215	IS_AST_PARENT	
941202	941216	IS_AST_PARENT	
941138	941202	IS_AST_PARENT	
941138	941217	IS_AST_PARENT	
941218	941219	IS_AST_PARENT	
941218	941220	IS_AST_PARENT	
941218	941221	IS_AST_PARENT	
941218	941222	IS_AST_PARENT	
941218	941223	IS_AST_PARENT	
941218	941224	IS_AST_PARENT	
941218	941225	IS_AST_PARENT	
941218	941226	IS_AST_PARENT	
941218	941227	IS_AST_PARENT	
941218	941228	IS_AST_PARENT	
941218	941229	IS_AST_PARENT	
941218	941230	IS_AST_PARENT	
941218	941231	IS_AST_PARENT	
941218	941232	IS_AST_PARENT	
941218	941233	IS_AST_PARENT	
941218	941234	IS_AST_PARENT	
941218	941235	IS_AST_PARENT	
941218	941236	IS_AST_PARENT	
941218	941237	IS_AST_PARENT	
941218	941238	IS_AST_PARENT	
941218	941239	IS_AST_PARENT	
941218	941240	IS_AST_PARENT	
941218	941241	IS_AST_PARENT	
941218	941242	IS_AST_PARENT	
941218	941243	IS_AST_PARENT	
941218	941244	IS_AST_PARENT	
941138	941218	IS_AST_PARENT	
941093	941138	IS_AST_PARENT	
941093	941245	IS_AST_PARENT	
941247	941248	IS_AST_PARENT	
941247	941249	IS_AST_PARENT	
941250	941251	IS_AST_PARENT	
941252	941253	IS_AST_PARENT	
941255	941256	IS_AST_PARENT	
941255	941257	IS_AST_PARENT	
941254	941255	IS_AST_PARENT	
941254	941258	IS_AST_PARENT	
941252	941254	IS_AST_PARENT	
941250	941252	IS_AST_PARENT	
941247	941250	IS_AST_PARENT	
941246	941247	IS_AST_PARENT	
941093	941246	IS_AST_PARENT	
941260	941261	IS_AST_PARENT	
941260	941262	IS_AST_PARENT	
941263	941264	IS_AST_PARENT	
941265	941266	IS_AST_PARENT	
941265	941267	IS_AST_PARENT	
941263	941265	IS_AST_PARENT	
941260	941263	IS_AST_PARENT	
941259	941260	IS_AST_PARENT	
941093	941259	IS_AST_PARENT	
941269	941270	IS_AST_PARENT	
941269	941271	IS_AST_PARENT	
941272	941273	IS_AST_PARENT	
941274	941275	IS_AST_PARENT	
941274	941276	IS_AST_PARENT	
941272	941274	IS_AST_PARENT	
941269	941272	IS_AST_PARENT	
941268	941269	IS_AST_PARENT	
941093	941268	IS_AST_PARENT	
941278	941279	IS_AST_PARENT	
941278	941280	IS_AST_PARENT	
941277	941278	IS_AST_PARENT	
941281	941282	IS_AST_PARENT	
941281	941283	IS_AST_PARENT	
941277	941281	IS_AST_PARENT	
941093	941277	IS_AST_PARENT	
941286	941287	IS_AST_PARENT	
941286	941288	IS_AST_PARENT	
941285	941286	IS_AST_PARENT	
941290	941291	IS_AST_PARENT	
941290	941292	IS_AST_PARENT	
941289	941290	IS_AST_PARENT	
941289	941293	IS_AST_PARENT	
941285	941289	IS_AST_PARENT	
941284	941285	IS_AST_PARENT	
941093	941284	IS_AST_PARENT	
941296	941297	IS_AST_PARENT	
941296	941298	IS_AST_PARENT	
941295	941296	IS_AST_PARENT	
941299	941300	IS_AST_PARENT	
941299	941301	IS_AST_PARENT	
941295	941299	IS_AST_PARENT	
941294	941295	IS_AST_PARENT	
941093	941294	IS_AST_PARENT	
941303	941304	IS_AST_PARENT	
941303	941305	IS_AST_PARENT	
941302	941303	IS_AST_PARENT	
941093	941302	IS_AST_PARENT	
941050	941093	IS_AST_PARENT	
941307	941308	IS_AST_PARENT	
941306	941307	IS_AST_PARENT	
941311	941312	IS_AST_PARENT	
941311	941313	IS_AST_PARENT	
941314	941315	IS_AST_PARENT	
941317	941318	IS_AST_PARENT	
941316	941317	IS_AST_PARENT	
941321	941322	IS_AST_PARENT	
941321	941323	IS_AST_PARENT	
941320	941321	IS_AST_PARENT	
941319	941320	IS_AST_PARENT	
941316	941319	IS_AST_PARENT	
941314	941316	IS_AST_PARENT	
941311	941314	IS_AST_PARENT	
941310	941311	IS_AST_PARENT	
941309	941310	IS_AST_PARENT	
941326	941327	IS_AST_PARENT	
941325	941326	IS_AST_PARENT	
941329	941330	IS_AST_PARENT	
941328	941329	IS_AST_PARENT	
941331	941332	IS_AST_PARENT	
941328	941331	IS_AST_PARENT	
941334	941335	IS_AST_PARENT	
941334	941336	IS_AST_PARENT	
941333	941334	IS_AST_PARENT	
941328	941333	IS_AST_PARENT	
941325	941328	IS_AST_PARENT	
941324	941325	IS_AST_PARENT	
941309	941324	IS_AST_PARENT	
941339	941340	IS_AST_PARENT	
941338	941339	IS_AST_PARENT	
941342	941343	IS_AST_PARENT	
941341	941342	IS_AST_PARENT	
941338	941341	IS_AST_PARENT	
941337	941338	IS_AST_PARENT	
941309	941337	IS_AST_PARENT	
941344	941345	IS_AST_PARENT	
941309	941344	IS_AST_PARENT	
941306	941309	IS_AST_PARENT	
941050	941306	IS_AST_PARENT	
941042	941050	IS_AST_PARENT	
940924	941042	IS_AST_PARENT	
941348	941349	IS_AST_PARENT	
941347	941348	IS_AST_PARENT	
941351	941352	IS_AST_PARENT	
941350	941351	IS_AST_PARENT	
941347	941350	IS_AST_PARENT	
941346	941347	IS_AST_PARENT	
940924	941346	IS_AST_PARENT	
941355	941356	IS_AST_PARENT	
941354	941355	IS_AST_PARENT	
941358	941359	IS_AST_PARENT	
941357	941358	IS_AST_PARENT	
941354	941357	IS_AST_PARENT	
941353	941354	IS_AST_PARENT	
940924	941353	IS_AST_PARENT	
941362	941363	IS_AST_PARENT	
941361	941362	IS_AST_PARENT	
941365	941366	IS_AST_PARENT	
941364	941365	IS_AST_PARENT	
941361	941364	IS_AST_PARENT	
941360	941361	IS_AST_PARENT	
940924	941360	IS_AST_PARENT	
940923	940924	IS_AST_PARENT	
940923	941367	IS_AST_PARENT	
940923	941368	IS_AST_PARENT	
941370	941371	IS_AST_PARENT	
941370	941372	IS_AST_PARENT	
941369	941370	IS_AST_PARENT	
941373	941374	IS_AST_PARENT	
941373	941375	IS_AST_PARENT	
941369	941373	IS_AST_PARENT	
941376	941377	IS_AST_PARENT	
941376	941378	IS_AST_PARENT	
941369	941376	IS_AST_PARENT	
940923	941369	IS_AST_PARENT	
941379	941370	FLOWS_TO	
941370	941373	FLOWS_TO	
941373	941376	FLOWS_TO	
941376	940925	FLOWS_TO	
940925	940929	FLOWS_TO	
940929	940937	FLOWS_TO	
940937	940949	FLOWS_TO	
940937	940959	FLOWS_TO	
940949	940956	FLOWS_TO	
940956	941380	FLOWS_TO	
940959	940984	FLOWS_TO	
940959	941005	FLOWS_TO	
940984	940996	FLOWS_TO	
940996	941003	FLOWS_TO	
941003	941380	FLOWS_TO	
941005	941016	FLOWS_TO	
941016	941026	FLOWS_TO	
941026	941031	FLOWS_TO	
941026	941043	FLOWS_TO	
941031	941040	FLOWS_TO	
941040	941380	FLOWS_TO	
941043	941052	FLOWS_TO	
941043	941346	FLOWS_TO	
941052	941067	FLOWS_TO	
941052	941072	FLOWS_TO	
941067	941072	FLOWS_TO	
941072	941089	FLOWS_TO	
941072	941094	FLOWS_TO	
941089	941094	FLOWS_TO	
941094	941101	FLOWS_TO	
941101	941108	FLOWS_TO	
941108	941117	FLOWS_TO	
941117	941126	FLOWS_TO	
941126	941127	FLOWS_TO	
941127	941128	FLOWS_TO	
941128	941129	FLOWS_TO	
941129	941130	FLOWS_TO	
941130	941131	FLOWS_TO	
941131	941132	FLOWS_TO	
941132	941133	FLOWS_TO	
941133	941134	FLOWS_TO	
941134	941135	FLOWS_TO	
941135	941136	FLOWS_TO	
941136	941137	FLOWS_TO	
941137	941140	FLOWS_TO	
941140	941141	FLOWS_TO	
941141	941142	FLOWS_TO	
941142	941143	FLOWS_TO	
941143	941144	FLOWS_TO	
941144	941145	FLOWS_TO	
941145	941146	FLOWS_TO	
941146	941147	FLOWS_TO	
941147	941148	FLOWS_TO	
941148	941149	FLOWS_TO	
941149	941150	FLOWS_TO	
941150	941151	FLOWS_TO	
941151	941152	FLOWS_TO	
941152	941153	FLOWS_TO	
941153	941154	FLOWS_TO	
941154	941155	FLOWS_TO	
941155	941156	FLOWS_TO	
941156	941157	FLOWS_TO	
941157	941158	FLOWS_TO	
941158	941159	FLOWS_TO	
941159	941160	FLOWS_TO	
941160	941162	FLOWS_TO	
941162	941163	FLOWS_TO	
941163	941164	FLOWS_TO	
941164	941165	FLOWS_TO	
941165	941166	FLOWS_TO	
941166	941167	FLOWS_TO	
941167	941168	FLOWS_TO	
941168	941169	FLOWS_TO	
941169	941170	FLOWS_TO	
941170	941171	FLOWS_TO	
941171	941172	FLOWS_TO	
941172	941173	FLOWS_TO	
941173	941174	FLOWS_TO	
941174	941175	FLOWS_TO	
941175	941176	FLOWS_TO	
941176	941177	FLOWS_TO	
941177	941178	FLOWS_TO	
941178	941179	FLOWS_TO	
941179	941180	FLOWS_TO	
941180	941181	FLOWS_TO	
941181	941182	FLOWS_TO	
941182	941183	FLOWS_TO	
941183	941184	FLOWS_TO	
941184	941185	FLOWS_TO	
941185	941187	FLOWS_TO	
941187	941188	FLOWS_TO	
941188	941189	FLOWS_TO	
941189	941190	FLOWS_TO	
941190	941191	FLOWS_TO	
941191	941192	FLOWS_TO	
941192	941193	FLOWS_TO	
941193	941194	FLOWS_TO	
941194	941195	FLOWS_TO	
941195	941196	FLOWS_TO	
941196	941197	FLOWS_TO	
941197	941198	FLOWS_TO	
941198	941199	FLOWS_TO	
941199	941200	FLOWS_TO	
941200	941201	FLOWS_TO	
941201	941203	FLOWS_TO	
941203	941204	FLOWS_TO	
941204	941205	FLOWS_TO	
941205	941206	FLOWS_TO	
941206	941207	FLOWS_TO	
941207	941208	FLOWS_TO	
941208	941209	FLOWS_TO	
941209	941210	FLOWS_TO	
941210	941211	FLOWS_TO	
941211	941212	FLOWS_TO	
941212	941213	FLOWS_TO	
941213	941214	FLOWS_TO	
941214	941215	FLOWS_TO	
941215	941216	FLOWS_TO	
941216	941217	FLOWS_TO	
941217	941219	FLOWS_TO	
941219	941220	FLOWS_TO	
941220	941221	FLOWS_TO	
941221	941222	FLOWS_TO	
941222	941223	FLOWS_TO	
941223	941224	FLOWS_TO	
941224	941225	FLOWS_TO	
941225	941226	FLOWS_TO	
941226	941227	FLOWS_TO	
941227	941228	FLOWS_TO	
941228	941229	FLOWS_TO	
941229	941230	FLOWS_TO	
941230	941231	FLOWS_TO	
941231	941232	FLOWS_TO	
941232	941233	FLOWS_TO	
941233	941234	FLOWS_TO	
941234	941235	FLOWS_TO	
941235	941236	FLOWS_TO	
941236	941237	FLOWS_TO	
941237	941238	FLOWS_TO	
941238	941239	FLOWS_TO	
941239	941240	FLOWS_TO	
941240	941241	FLOWS_TO	
941241	941242	FLOWS_TO	
941242	941243	FLOWS_TO	
941243	941244	FLOWS_TO	
941244	941245	FLOWS_TO	
941245	941246	FLOWS_TO	
941246	941259	FLOWS_TO	
941259	941268	FLOWS_TO	
941268	941277	FLOWS_TO	
941277	941284	FLOWS_TO	
941284	941294	FLOWS_TO	
941294	941302	FLOWS_TO	
941302	941307	FLOWS_TO	
941307	941310	FLOWS_TO	
941307	941043	FLOWS_TO	
941310	941324	FLOWS_TO	
941324	941337	FLOWS_TO	
941337	941344	FLOWS_TO	
941344	941380	FLOWS_TO	
941346	941353	FLOWS_TO	
941353	941360	FLOWS_TO	
941360	941380	FLOWS_TO	
941016	941381	USE	
941017	941381	USE	
941052	941382	USE	
941063	941382	USE	
941072	941382	USE	
941085	941382	USE	
941117	941383	DEF	
941121	941383	DEF	
941118	941383	DEF	
941094	941384	DEF	
941095	941384	DEF	
941098	941384	DEF	
941284	941384	USE	
941285	941384	USE	
941310	941385	USE	
941320	941385	USE	
941324	941385	USE	
941333	941385	USE	
940937	941386	USE	
940959	941386	USE	
940929	941387	DEF	
940930	941387	DEF	
940933	941387	DEF	
941067	941387	DEF	
941068	941387	DEF	
941089	941387	DEF	
941090	941387	DEF	
941307	941387	USE	
940984	941388	DEF	
940988	941388	DEF	
940985	941388	DEF	
941003	941388	USE	
941310	941388	DEF	
941314	941388	DEF	
941311	941388	DEF	
941344	941388	USE	
941259	941389	DEF	
941263	941389	DEF	
941260	941389	DEF	
941302	941389	USE	
941303	941389	USE	
941052	941390	USE	
941246	941391	USE	
941254	941391	USE	
941250	941391	USE	
941373	941392	DEF	
940937	941392	USE	
940946	941392	USE	
940984	941392	USE	
940994	941392	USE	
941005	941392	USE	
941014	941392	USE	
941052	941392	USE	
941061	941392	USE	
941072	941392	USE	
941083	941392	USE	
941324	941392	USE	
941331	941392	USE	
941360	941392	USE	
941365	941392	USE	
940925	941393	DEF	
940926	941393	DEF	
941016	941393	DEF	
941017	941393	DEF	
941026	941393	USE	
941043	941393	USE	
941048	941393	USE	
941052	941393	USE	
941064	941393	USE	
941072	941393	USE	
941086	941393	USE	
941310	941393	USE	
941321	941393	USE	
941324	941393	USE	
941334	941393	USE	
941337	941393	USE	
941342	941393	USE	
941353	941393	USE	
941358	941393	USE	
941294	941394	DEF	
941295	941394	DEF	
940959	941395	USE	
941072	941395	USE	
941268	941396	DEF	
941272	941396	DEF	
941269	941396	DEF	
941302	941396	DEF	
941303	941396	DEF	
941108	941397	DEF	
941109	941397	DEF	
941112	941397	DEF	
941284	941397	USE	
941286	941397	USE	
941108	941398	USE	
941112	941398	USE	
941117	941398	USE	
941121	941398	USE	
941259	941398	USE	
941263	941398	USE	
940956	941399	USE	
941040	941399	USE	
941284	941400	DEF	
941285	941400	DEF	
941043	941401	USE	
941246	941402	DEF	
941247	941402	DEF	
941250	941402	DEF	
941294	941402	USE	
941296	941402	USE	
941277	941403	DEF	
941278	941403	DEF	
941277	941404	DEF	
941281	941404	DEF	
941246	941405	USE	
941255	941405	USE	
941370	941406	DEF	
940959	941406	USE	
940969	941406	USE	
940979	941406	USE	
941005	941406	USE	
941012	941406	USE	
941016	941406	USE	
941023	941406	USE	
941031	941406	USE	
941038	941406	USE	
941101	941407	DEF	
941102	941407	DEF	
941105	941407	DEF	
941284	941407	USE	
941285	941407	USE	
941052	941408	USE	
941063	941408	USE	
941072	941408	USE	
941085	941408	USE	
941310	941408	USE	
941320	941408	USE	
941324	941408	USE	
941333	941408	USE	
941376	941409	DEF	
941052	941409	USE	
941072	941409	USE	
940984	941410	USE	
940988	941410	USE	
941310	941410	USE	
941314	941410	USE	
941360	941410	USE	
941094	941284	REACHES	_c65ffb19a2f79b0e6cf6c9da5c8f87c8
941089	941307	REACHES	_dfd41d94e292bbb153e9e97f37474da5
941067	941307	REACHES	_dfd41d94e292bbb153e9e97f37474da5
940929	941307	REACHES	_dfd41d94e292bbb153e9e97f37474da5
940984	941003	REACHES	_02f9b8e79cd99e021a4f524db2dff1ed
941310	941344	REACHES	_02f9b8e79cd99e021a4f524db2dff1ed
941259	941302	REACHES	_1155d79c193cc7d377886024058160e9
941016	941026	REACHES	_b102e7f57cd53814c7fc4eba64870d4c
941373	940937	REACHES	key
941373	941360	REACHES	key
941373	940984	REACHES	key
941373	941005	REACHES	key
941016	941043	REACHES	_b102e7f57cd53814c7fc4eba64870d4c
941373	941052	REACHES	key
941373	941324	REACHES	key
941016	941052	REACHES	_b102e7f57cd53814c7fc4eba64870d4c
941373	941072	REACHES	key
941016	941072	REACHES	_b102e7f57cd53814c7fc4eba64870d4c
941016	941353	REACHES	_b102e7f57cd53814c7fc4eba64870d4c
941016	941337	REACHES	_b102e7f57cd53814c7fc4eba64870d4c
941016	941310	REACHES	_b102e7f57cd53814c7fc4eba64870d4c
941016	941324	REACHES	_b102e7f57cd53814c7fc4eba64870d4c
941108	941284	REACHES	_773ca0154508d33413937e0c00d3f987
941246	941294	REACHES	_85c617d839e55b93eba7f24b7ac7b50f
941370	940959	REACHES	_727f6e8830b6c4190e8e1463200d8792
941370	941005	REACHES	_727f6e8830b6c4190e8e1463200d8792
941370	941016	REACHES	_727f6e8830b6c4190e8e1463200d8792
941370	941031	REACHES	_727f6e8830b6c4190e8e1463200d8792
941101	941284	REACHES	_e06584c0eb398e0c57f786dcfde604b6
941376	941052	REACHES	_70e0d742f189cd4349ebba4c07f739e4
941376	941072	REACHES	_70e0d742f189cd4349ebba4c07f739e4
941379	941370	CONTROLS	
941379	941373	CONTROLS	
941379	941376	CONTROLS	
941379	940925	CONTROLS	
941379	940929	CONTROLS	
941379	940937	CONTROLS	
940937	940949	CONTROLS	
940937	940956	CONTROLS	
940937	940959	CONTROLS	
940959	940984	CONTROLS	
940959	940996	CONTROLS	
940959	941003	CONTROLS	
940959	941005	CONTROLS	
940959	941016	CONTROLS	
940959	941026	CONTROLS	
941026	941031	CONTROLS	
941026	941040	CONTROLS	
941026	941043	CONTROLS	
941043	941052	CONTROLS	
941043	941072	CONTROLS	
941043	941094	CONTROLS	
941043	941101	CONTROLS	
941043	941108	CONTROLS	
941043	941117	CONTROLS	
941043	941126	CONTROLS	
941043	941127	CONTROLS	
941043	941128	CONTROLS	
941043	941129	CONTROLS	
941043	941130	CONTROLS	
941043	941131	CONTROLS	
941043	941132	CONTROLS	
941043	941133	CONTROLS	
941043	941134	CONTROLS	
941043	941135	CONTROLS	
941043	941136	CONTROLS	
941043	941137	CONTROLS	
941043	941140	CONTROLS	
941043	941141	CONTROLS	
941043	941142	CONTROLS	
941043	941143	CONTROLS	
941043	941144	CONTROLS	
941043	941145	CONTROLS	
941043	941146	CONTROLS	
941043	941147	CONTROLS	
941043	941148	CONTROLS	
941043	941149	CONTROLS	
941043	941150	CONTROLS	
941043	941151	CONTROLS	
941043	941152	CONTROLS	
941043	941153	CONTROLS	
941043	941154	CONTROLS	
941043	941155	CONTROLS	
941043	941156	CONTROLS	
941043	941157	CONTROLS	
941043	941158	CONTROLS	
941043	941159	CONTROLS	
941043	941160	CONTROLS	
941043	941162	CONTROLS	
941043	941163	CONTROLS	
941043	941164	CONTROLS	
941043	941165	CONTROLS	
941043	941166	CONTROLS	
941043	941167	CONTROLS	
941043	941168	CONTROLS	
941043	941169	CONTROLS	
941043	941170	CONTROLS	
941043	941171	CONTROLS	
941043	941172	CONTROLS	
941043	941173	CONTROLS	
941043	941174	CONTROLS	
941043	941175	CONTROLS	
941043	941176	CONTROLS	
941043	941177	CONTROLS	
941043	941178	CONTROLS	
941043	941179	CONTROLS	
941043	941180	CONTROLS	
941043	941181	CONTROLS	
941043	941182	CONTROLS	
941043	941183	CONTROLS	
941043	941184	CONTROLS	
941043	941185	CONTROLS	
941043	941187	CONTROLS	
941043	941188	CONTROLS	
941043	941189	CONTROLS	
941043	941190	CONTROLS	
941043	941191	CONTROLS	
941043	941192	CONTROLS	
941043	941193	CONTROLS	
941043	941194	CONTROLS	
941043	941195	CONTROLS	
941043	941196	CONTROLS	
941043	941197	CONTROLS	
941043	941198	CONTROLS	
941043	941199	CONTROLS	
941043	941200	CONTROLS	
941043	941201	CONTROLS	
941043	941203	CONTROLS	
941043	941204	CONTROLS	
941043	941205	CONTROLS	
941043	941206	CONTROLS	
941043	941207	CONTROLS	
941043	941208	CONTROLS	
941043	941209	CONTROLS	
941043	941210	CONTROLS	
941043	941211	CONTROLS	
941043	941212	CONTROLS	
941043	941213	CONTROLS	
941043	941214	CONTROLS	
941043	941215	CONTROLS	
941043	941216	CONTROLS	
941043	941217	CONTROLS	
941043	941219	CONTROLS	
941043	941220	CONTROLS	
941043	941221	CONTROLS	
941043	941222	CONTROLS	
941043	941223	CONTROLS	
941043	941224	CONTROLS	
941043	941225	CONTROLS	
941043	941226	CONTROLS	
941043	941227	CONTROLS	
941043	941228	CONTROLS	
941043	941229	CONTROLS	
941043	941230	CONTROLS	
941043	941231	CONTROLS	
941043	941232	CONTROLS	
941043	941233	CONTROLS	
941043	941234	CONTROLS	
941043	941235	CONTROLS	
941043	941236	CONTROLS	
941043	941237	CONTROLS	
941043	941238	CONTROLS	
941043	941239	CONTROLS	
941043	941240	CONTROLS	
941043	941241	CONTROLS	
941043	941242	CONTROLS	
941043	941243	CONTROLS	
941043	941244	CONTROLS	
941043	941245	CONTROLS	
941043	941246	CONTROLS	
941043	941259	CONTROLS	
941043	941268	CONTROLS	
941043	941277	CONTROLS	
941043	941284	CONTROLS	
941043	941294	CONTROLS	
941043	941302	CONTROLS	
941043	941307	CONTROLS	
941043	941346	CONTROLS	
941043	941353	CONTROLS	
941043	941360	CONTROLS	
941052	941067	CONTROLS	
941072	941089	CONTROLS	
941307	941310	CONTROLS	
941307	941324	CONTROLS	
941307	941337	CONTROLS	
941307	941344	CONTROLS	
941307	941043	CONTROLS	
941237	941238	DOM	
941191	941192	DOM	
941216	941217	DOM	
940937	940949	DOM	
941126	941127	DOM	
941135	941136	DOM	
941232	941233	DOM	
941185	941187	DOM	
941150	941151	DOM	
941184	941185	DOM	
941194	941195	DOM	
941370	941373	DOM	
941164	941165	DOM	
941177	941178	DOM	
941026	941031	DOM	
941234	941235	DOM	
941217	941219	DOM	
941072	941094	DOM	
941188	941189	DOM	
941230	941231	DOM	
941353	941360	DOM	
941227	941228	DOM	
941142	941143	DOM	
941240	941241	DOM	
940949	940956	DOM	
940959	941005	DOM	
941176	941177	DOM	
941193	941194	DOM	
941031	941040	DOM	
941277	941284	DOM	
941094	941101	DOM	
941192	941193	DOM	
941294	941302	DOM	
941153	941154	DOM	
941231	941232	DOM	
940996	941003	DOM	
941175	941176	DOM	
941149	941150	DOM	
941052	941067	DOM	
941376	940925	DOM	
941160	941162	DOM	
941215	941216	DOM	
941201	941203	DOM	
941166	941167	DOM	
941016	941026	DOM	
941190	941191	DOM	
941235	941236	DOM	
941152	941153	DOM	
940984	940996	DOM	
941143	941144	DOM	
941242	941243	DOM	
940937	941380	DOM	
941146	941147	DOM	
941197	941198	DOM	
941145	941146	DOM	
941133	941134	DOM	
941183	941184	DOM	
941189	941190	DOM	
941245	941246	DOM	
941207	941208	DOM	
941210	941211	DOM	
941211	941212	DOM	
941108	941117	DOM	
941130	941131	DOM	
941208	941209	DOM	
941206	941207	DOM	
940925	940929	DOM	
941346	941353	DOM	
941173	941174	DOM	
941162	941163	DOM	
941239	941240	DOM	
941131	941132	DOM	
941159	941160	DOM	
941228	941229	DOM	
941196	941197	DOM	
941198	941199	DOM	
941213	941214	DOM	
941220	941221	DOM	
941222	941223	DOM	
941373	941376	DOM	
941169	941170	DOM	
941140	941141	DOM	
941209	941210	DOM	
941171	941172	DOM	
941026	941043	DOM	
941129	941130	DOM	
941241	941242	DOM	
940937	940959	DOM	
941212	941213	DOM	
941134	941135	DOM	
941221	941222	DOM	
941182	941183	DOM	
941204	941205	DOM	
941379	941379	DOM	
940929	940937	DOM	
941148	941149	DOM	
941117	941126	DOM	
941174	941175	DOM	
941178	941179	DOM	
941268	941277	DOM	
941224	941225	DOM	
941225	941226	DOM	
941155	941156	DOM	
941259	941268	DOM	
941199	941200	DOM	
941302	941307	DOM	
941310	941324	DOM	
941137	941140	DOM	
941127	941128	DOM	
941195	941196	DOM	
941233	941234	DOM	
941128	941129	DOM	
941163	941164	DOM	
941172	941173	DOM	
941052	941072	DOM	
941144	941145	DOM	
941136	941137	DOM	
941337	941344	DOM	
941156	941157	DOM	
941151	941152	DOM	
941043	941052	DOM	
941005	941016	DOM	
941324	941337	DOM	
941246	941259	DOM	
941200	941201	DOM	
940959	940984	DOM	
941205	941206	DOM	
941179	941180	DOM	
941170	941171	DOM	
941168	941169	DOM	
941219	941220	DOM	
941147	941148	DOM	
941158	941159	DOM	
941223	941224	DOM	
941307	941310	DOM	
941141	941142	DOM	
941244	941245	DOM	
941214	941215	DOM	
941165	941166	DOM	
941203	941204	DOM	
941180	941181	DOM	
941284	941294	DOM	
941181	941182	DOM	
941167	941168	DOM	
941379	941370	DOM	
941101	941108	DOM	
941132	941133	DOM	
941072	941089	DOM	
941229	941230	DOM	
941226	941227	DOM	
941157	941158	DOM	
941238	941239	DOM	
941243	941244	DOM	
941187	941188	DOM	
941236	941237	DOM	
941154	941155	DOM	
941043	941346	DOM	
941239	941238	POST_DOM	
941193	941192	POST_DOM	
941219	941217	POST_DOM	
940956	940949	POST_DOM	
941234	941233	POST_DOM	
941137	941136	POST_DOM	
941128	941127	POST_DOM	
941188	941187	POST_DOM	
941196	941195	POST_DOM	
941187	941185	POST_DOM	
941152	941151	POST_DOM	
941376	941373	POST_DOM	
941166	941165	POST_DOM	
941179	941178	POST_DOM	
941040	941031	POST_DOM	
941236	941235	POST_DOM	
941220	941219	POST_DOM	
941190	941189	POST_DOM	
941101	941094	POST_DOM	
941232	941231	POST_DOM	
941380	941360	POST_DOM	
941229	941228	POST_DOM	
941242	941241	POST_DOM	
941144	941143	POST_DOM	
941380	940956	POST_DOM	
941016	941005	POST_DOM	
941195	941194	POST_DOM	
941178	941177	POST_DOM	
941380	941040	POST_DOM	
941294	941284	POST_DOM	
941194	941193	POST_DOM	
941108	941101	POST_DOM	
941307	941302	POST_DOM	
941155	941154	POST_DOM	
941233	941232	POST_DOM	
941380	941003	POST_DOM	
941177	941176	POST_DOM	
941151	941150	POST_DOM	
941072	941067	POST_DOM	
940929	940925	POST_DOM	
941217	941216	POST_DOM	
941163	941162	POST_DOM	
941204	941203	POST_DOM	
941168	941167	POST_DOM	
941380	941026	POST_DOM	
941192	941191	POST_DOM	
941237	941236	POST_DOM	
941154	941153	POST_DOM	
941003	940996	POST_DOM	
941244	941243	POST_DOM	
941145	941144	POST_DOM	
941380	941380	POST_DOM	
941199	941198	POST_DOM	
941148	941147	POST_DOM	
941147	941146	POST_DOM	
941135	941134	POST_DOM	
941191	941190	POST_DOM	
941185	941184	POST_DOM	
941259	941246	POST_DOM	
941213	941212	POST_DOM	
941212	941211	POST_DOM	
941209	941208	POST_DOM	
941210	941209	POST_DOM	
941132	941131	POST_DOM	
941126	941117	POST_DOM	
941208	941207	POST_DOM	
940937	940929	POST_DOM	
941360	941353	POST_DOM	
941175	941174	POST_DOM	
941164	941163	POST_DOM	
941241	941240	POST_DOM	
941133	941132	POST_DOM	
941162	941160	POST_DOM	
941230	941229	POST_DOM	
941222	941221	POST_DOM	
941215	941214	POST_DOM	
941200	941199	POST_DOM	
941198	941197	POST_DOM	
941224	941223	POST_DOM	
940925	941376	POST_DOM	
941171	941170	POST_DOM	
941142	941141	POST_DOM	
941211	941210	POST_DOM	
941173	941172	POST_DOM	
941131	941130	POST_DOM	
941380	941043	POST_DOM	
941243	941242	POST_DOM	
941380	940959	POST_DOM	
941214	941213	POST_DOM	
941223	941222	POST_DOM	
941136	941135	POST_DOM	
941184	941183	POST_DOM	
941206	941205	POST_DOM	
941380	940937	POST_DOM	
941370	941379	POST_DOM	
941150	941149	POST_DOM	
941127	941126	POST_DOM	
941284	941277	POST_DOM	
941180	941179	POST_DOM	
941176	941175	POST_DOM	
941226	941225	POST_DOM	
941227	941226	POST_DOM	
941157	941156	POST_DOM	
941277	941268	POST_DOM	
941337	941324	POST_DOM	
941380	941307	POST_DOM	
941201	941200	POST_DOM	
941141	941140	POST_DOM	
941129	941128	POST_DOM	
941235	941234	POST_DOM	
941197	941196	POST_DOM	
941174	941173	POST_DOM	
941165	941164	POST_DOM	
941130	941129	POST_DOM	
941094	941072	POST_DOM	
941146	941145	POST_DOM	
941140	941137	POST_DOM	
941380	941344	POST_DOM	
941158	941157	POST_DOM	
941153	941152	POST_DOM	
941072	941052	POST_DOM	
941026	941016	POST_DOM	
941344	941337	POST_DOM	
941268	941259	POST_DOM	
941203	941201	POST_DOM	
940996	940984	POST_DOM	
941207	941206	POST_DOM	
941181	941180	POST_DOM	
941172	941171	POST_DOM	
941170	941169	POST_DOM	
941221	941220	POST_DOM	
941160	941159	POST_DOM	
941149	941148	POST_DOM	
941225	941224	POST_DOM	
941324	941310	POST_DOM	
941143	941142	POST_DOM	
941246	941245	POST_DOM	
941216	941215	POST_DOM	
941167	941166	POST_DOM	
941205	941204	POST_DOM	
941182	941181	POST_DOM	
941302	941294	POST_DOM	
941183	941182	POST_DOM	
941169	941168	POST_DOM	
941373	941370	POST_DOM	
941134	941133	POST_DOM	
941117	941108	POST_DOM	
941231	941230	POST_DOM	
941094	941089	POST_DOM	
941228	941227	POST_DOM	
941159	941158	POST_DOM	
941240	941239	POST_DOM	
941245	941244	POST_DOM	
941238	941237	POST_DOM	
941189	941188	POST_DOM	
941156	941155	POST_DOM	
941353	941346	POST_DOM	
940922	940923	IS_FUNCTION_OF_AST	
940922	941379	IS_FUNCTION_OF_CFG	
940499	940922	IS_FILE_OF	
941415	941416	IS_AST_PARENT	
941415	941417	IS_AST_PARENT	
941414	941415	IS_AST_PARENT	
941413	941414	IS_AST_PARENT	
941419	941420	IS_AST_PARENT	
941419	941421	IS_AST_PARENT	
941418	941419	IS_AST_PARENT	
941413	941418	IS_AST_PARENT	
941424	941425	IS_AST_PARENT	
941423	941424	IS_AST_PARENT	
941423	941426	IS_AST_PARENT	
941422	941423	IS_AST_PARENT	
941413	941422	IS_AST_PARENT	
941430	941431	IS_AST_PARENT	
941433	941434	IS_AST_PARENT	
941432	941433	IS_AST_PARENT	
941432	941435	IS_AST_PARENT	
941430	941432	IS_AST_PARENT	
941429	941430	IS_AST_PARENT	
941429	941436	IS_AST_PARENT	
941428	941429	IS_AST_PARENT	
941427	941428	IS_AST_PARENT	
941441	941442	IS_AST_PARENT	
941440	941441	IS_AST_PARENT	
941444	941445	IS_AST_PARENT	
941443	941444	IS_AST_PARENT	
941446	941447	IS_AST_PARENT	
941443	941446	IS_AST_PARENT	
941448	941449	IS_AST_PARENT	
941443	941448	IS_AST_PARENT	
941440	941443	IS_AST_PARENT	
941439	941440	IS_AST_PARENT	
941438	941439	IS_AST_PARENT	
941453	941454	IS_AST_PARENT	
941452	941453	IS_AST_PARENT	
941456	941457	IS_AST_PARENT	
941455	941456	IS_AST_PARENT	
941459	941460	IS_AST_PARENT	
941459	941461	IS_AST_PARENT	
941458	941459	IS_AST_PARENT	
941455	941458	IS_AST_PARENT	
941452	941455	IS_AST_PARENT	
941451	941452	IS_AST_PARENT	
941450	941451	IS_AST_PARENT	
941463	941464	IS_AST_PARENT	
941466	941467	IS_AST_PARENT	
941465	941466	IS_AST_PARENT	
941470	941471	IS_AST_PARENT	
941470	941472	IS_AST_PARENT	
941469	941470	IS_AST_PARENT	
941468	941469	IS_AST_PARENT	
941465	941468	IS_AST_PARENT	
941463	941465	IS_AST_PARENT	
941462	941463	IS_AST_PARENT	
941450	941462	IS_AST_PARENT	
941475	941476	IS_AST_PARENT	
941474	941475	IS_AST_PARENT	
941474	941477	IS_AST_PARENT	
941473	941474	IS_AST_PARENT	
941450	941473	IS_AST_PARENT	
941478	941479	IS_AST_PARENT	
941450	941478	IS_AST_PARENT	
941438	941450	IS_AST_PARENT	
941437	941438	IS_AST_PARENT	
941427	941437	IS_AST_PARENT	
941413	941427	IS_AST_PARENT	
941482	941483	IS_AST_PARENT	
941481	941482	IS_AST_PARENT	
941481	941484	IS_AST_PARENT	
941480	941481	IS_AST_PARENT	
941413	941480	IS_AST_PARENT	
941487	941488	IS_AST_PARENT	
941486	941487	IS_AST_PARENT	
941490	941491	IS_AST_PARENT	
941489	941490	IS_AST_PARENT	
941492	941493	IS_AST_PARENT	
941489	941492	IS_AST_PARENT	
941486	941489	IS_AST_PARENT	
941485	941486	IS_AST_PARENT	
941413	941485	IS_AST_PARENT	
941494	941495	IS_AST_PARENT	
941413	941494	IS_AST_PARENT	
941412	941413	IS_AST_PARENT	
941412	941496	IS_AST_PARENT	
941412	941497	IS_AST_PARENT	
941499	941500	IS_AST_PARENT	
941499	941501	IS_AST_PARENT	
941498	941499	IS_AST_PARENT	
941502	941503	IS_AST_PARENT	
941502	941504	IS_AST_PARENT	
941498	941502	IS_AST_PARENT	
941412	941498	IS_AST_PARENT	
941505	941499	FLOWS_TO	
941499	941502	FLOWS_TO	
941502	941414	FLOWS_TO	
941414	941418	FLOWS_TO	
941418	941422	FLOWS_TO	
941422	941428	FLOWS_TO	
941428	941439	FLOWS_TO	
941428	941480	FLOWS_TO	
941439	941451	FLOWS_TO	
941439	941428	FLOWS_TO	
941451	941462	FLOWS_TO	
941462	941473	FLOWS_TO	
941473	941478	FLOWS_TO	
941478	941506	FLOWS_TO	
941480	941485	FLOWS_TO	
941485	941494	FLOWS_TO	
941494	941506	FLOWS_TO	
941439	941507	USE	
941414	941508	DEF	
941415	941508	DEF	
941462	941508	DEF	
941463	941508	DEF	
941478	941508	USE	
941428	941509	USE	
941494	941509	USE	
941502	941510	DEF	
941439	941510	USE	
941448	941510	USE	
941499	941511	DEF	
941439	941511	USE	
941444	941511	USE	
941485	941511	USE	
941492	941511	USE	
941418	941512	DEF	
941419	941512	DEF	
941428	941512	DEF	
941430	941512	DEF	
941439	941512	USE	
941446	941512	USE	
941451	941512	USE	
941459	941512	USE	
941462	941512	USE	
941470	941512	USE	
941451	941513	USE	
941458	941513	USE	
941462	941513	USE	
941469	941513	USE	
941428	941514	USE	
941430	941514	USE	
941462	941515	USE	
941463	941515	USE	
941451	941516	USE	
941458	941516	USE	
941462	941516	USE	
941469	941516	USE	
941462	941478	REACHES	_02f9b8e79cd99e021a4f524db2dff1ed
941502	941439	REACHES	_d42083af77fd629200ad9733c438a7fb
941428	941439	REACHES	_1bbd616040aed602d5ab4bd957b3787f
941499	941439	REACHES	_8b3a176baccece543939dc5ef5c7bc23
941428	941451	REACHES	_1bbd616040aed602d5ab4bd957b3787f
941428	941462	REACHES	_1bbd616040aed602d5ab4bd957b3787f
941499	941485	REACHES	_8b3a176baccece543939dc5ef5c7bc23
941505	941499	CONTROLS	
941505	941502	CONTROLS	
941505	941414	CONTROLS	
941505	941418	CONTROLS	
941505	941422	CONTROLS	
941505	941428	CONTROLS	
941428	941439	CONTROLS	
941428	941480	CONTROLS	
941428	941485	CONTROLS	
941428	941494	CONTROLS	
941439	941451	CONTROLS	
941439	941462	CONTROLS	
941439	941473	CONTROLS	
941439	941478	CONTROLS	
941439	941428	CONTROLS	
941428	941506	DOM	
941480	941485	DOM	
941414	941418	DOM	
941505	941499	DOM	
941451	941462	DOM	
941428	941480	DOM	
941473	941478	DOM	
941505	941505	DOM	
941422	941428	DOM	
941439	941451	DOM	
941499	941502	DOM	
941418	941422	DOM	
941462	941473	DOM	
941428	941439	DOM	
941485	941494	DOM	
941502	941414	DOM	
941506	941506	POST_DOM	
941494	941485	POST_DOM	
941422	941418	POST_DOM	
941473	941462	POST_DOM	
941502	941499	POST_DOM	
941485	941480	POST_DOM	
941506	941478	POST_DOM	
941499	941505	POST_DOM	
941506	941428	POST_DOM	
941462	941451	POST_DOM	
941414	941502	POST_DOM	
941478	941473	POST_DOM	
941428	941422	POST_DOM	
941506	941439	POST_DOM	
941506	941494	POST_DOM	
941418	941414	POST_DOM	
941411	941412	IS_FUNCTION_OF_AST	
941411	941505	IS_FUNCTION_OF_CFG	
940499	941411	IS_FILE_OF	
941521	941522	IS_AST_PARENT	
941521	941523	IS_AST_PARENT	
941520	941521	IS_AST_PARENT	
941519	941520	IS_AST_PARENT	
941525	941526	IS_AST_PARENT	
941525	941527	IS_AST_PARENT	
941528	941529	IS_AST_PARENT	
941531	941532	IS_AST_PARENT	
941530	941531	IS_AST_PARENT	
941535	941536	IS_AST_PARENT	
941535	941537	IS_AST_PARENT	
941534	941535	IS_AST_PARENT	
941533	941534	IS_AST_PARENT	
941530	941533	IS_AST_PARENT	
941528	941530	IS_AST_PARENT	
941525	941528	IS_AST_PARENT	
941524	941525	IS_AST_PARENT	
941519	941524	IS_AST_PARENT	
941540	941541	IS_AST_PARENT	
941540	941542	IS_AST_PARENT	
941539	941540	IS_AST_PARENT	
941538	941539	IS_AST_PARENT	
941543	941544	IS_AST_PARENT	
941538	941543	IS_AST_PARENT	
941519	941538	IS_AST_PARENT	
941547	941548	IS_AST_PARENT	
941547	941549	IS_AST_PARENT	
941546	941547	IS_AST_PARENT	
941546	941550	IS_AST_PARENT	
941545	941546	IS_AST_PARENT	
941519	941545	IS_AST_PARENT	
941553	941554	IS_AST_PARENT	
941553	941555	IS_AST_PARENT	
941552	941553	IS_AST_PARENT	
941556	941557	IS_AST_PARENT	
941556	941558	IS_AST_PARENT	
941552	941556	IS_AST_PARENT	
941551	941552	IS_AST_PARENT	
941519	941551	IS_AST_PARENT	
941561	941562	IS_AST_PARENT	
941561	941563	IS_AST_PARENT	
941560	941561	IS_AST_PARENT	
941564	941565	IS_AST_PARENT	
941564	941566	IS_AST_PARENT	
941560	941564	IS_AST_PARENT	
941559	941560	IS_AST_PARENT	
941519	941559	IS_AST_PARENT	
941569	941570	IS_AST_PARENT	
941569	941571	IS_AST_PARENT	
941568	941569	IS_AST_PARENT	
941572	941573	IS_AST_PARENT	
941572	941574	IS_AST_PARENT	
941568	941572	IS_AST_PARENT	
941567	941568	IS_AST_PARENT	
941519	941567	IS_AST_PARENT	
941576	941577	IS_AST_PARENT	
941579	941580	IS_AST_PARENT	
941578	941579	IS_AST_PARENT	
941583	941584	IS_AST_PARENT	
941583	941585	IS_AST_PARENT	
941582	941583	IS_AST_PARENT	
941581	941582	IS_AST_PARENT	
941587	941588	IS_AST_PARENT	
941589	941590	IS_AST_PARENT	
941591	941592	IS_AST_PARENT	
941591	941593	IS_AST_PARENT	
941589	941591	IS_AST_PARENT	
941587	941589	IS_AST_PARENT	
941586	941587	IS_AST_PARENT	
941581	941586	IS_AST_PARENT	
941595	941596	IS_AST_PARENT	
941597	941598	IS_AST_PARENT	
941597	941599	IS_AST_PARENT	
941595	941597	IS_AST_PARENT	
941594	941595	IS_AST_PARENT	
941581	941594	IS_AST_PARENT	
941578	941581	IS_AST_PARENT	
941576	941578	IS_AST_PARENT	
941575	941576	IS_AST_PARENT	
941519	941575	IS_AST_PARENT	
941602	941603	IS_AST_PARENT	
941602	941604	IS_AST_PARENT	
941601	941602	IS_AST_PARENT	
941600	941601	IS_AST_PARENT	
941608	941609	IS_AST_PARENT	
941607	941608	IS_AST_PARENT	
941611	941612	IS_AST_PARENT	
941610	941611	IS_AST_PARENT	
941615	941616	IS_AST_PARENT	
941614	941615	IS_AST_PARENT	
941614	941617	IS_AST_PARENT	
941613	941614	IS_AST_PARENT	
941610	941613	IS_AST_PARENT	
941607	941610	IS_AST_PARENT	
941606	941607	IS_AST_PARENT	
941605	941606	IS_AST_PARENT	
941620	941621	IS_AST_PARENT	
941619	941620	IS_AST_PARENT	
941623	941624	IS_AST_PARENT	
941622	941623	IS_AST_PARENT	
941619	941622	IS_AST_PARENT	
941618	941619	IS_AST_PARENT	
941605	941618	IS_AST_PARENT	
941625	941626	IS_AST_PARENT	
941605	941625	IS_AST_PARENT	
941600	941605	IS_AST_PARENT	
941519	941600	IS_AST_PARENT	
941629	941630	IS_AST_PARENT	
941629	941631	IS_AST_PARENT	
941628	941629	IS_AST_PARENT	
941632	941633	IS_AST_PARENT	
941632	941634	IS_AST_PARENT	
941628	941632	IS_AST_PARENT	
941627	941628	IS_AST_PARENT	
941519	941627	IS_AST_PARENT	
941635	941636	IS_AST_PARENT	
941519	941635	IS_AST_PARENT	
941518	941519	IS_AST_PARENT	
941518	941637	IS_AST_PARENT	
941518	941638	IS_AST_PARENT	
941640	941641	IS_AST_PARENT	
941640	941642	IS_AST_PARENT	
941639	941640	IS_AST_PARENT	
941518	941639	IS_AST_PARENT	
941643	941640	FLOWS_TO	
941640	941520	FLOWS_TO	
941520	941524	FLOWS_TO	
941524	941539	FLOWS_TO	
941539	941543	FLOWS_TO	
941539	941545	FLOWS_TO	
941543	941644	FLOWS_TO	
941545	941551	FLOWS_TO	
941551	941559	FLOWS_TO	
941559	941567	FLOWS_TO	
941567	941575	FLOWS_TO	
941575	941601	FLOWS_TO	
941601	941606	FLOWS_TO	
941601	941627	FLOWS_TO	
941606	941618	FLOWS_TO	
941618	941625	FLOWS_TO	
941625	941644	FLOWS_TO	
941627	941635	FLOWS_TO	
941635	941644	FLOWS_TO	
941575	941645	USE	
941586	941645	USE	
941524	941646	USE	
941528	941646	USE	
941543	941647	USE	
941551	941647	USE	
941552	941647	USE	
941559	941647	USE	
941560	941647	USE	
941567	941647	USE	
941568	941647	USE	
941625	941647	USE	
941606	941648	USE	
941613	941648	USE	
941575	941649	USE	
941576	941649	USE	
941559	941650	DEF	
941560	941650	DEF	
941575	941651	USE	
941594	941651	USE	
941567	941652	DEF	
941568	941652	DEF	
941545	941653	DEF	
941546	941653	DEF	
941551	941653	DEF	
941552	941653	DEF	
941559	941653	DEF	
941560	941653	DEF	
941567	941653	DEF	
941568	941653	DEF	
941575	941653	USE	
941582	941653	USE	
941627	941653	DEF	
941628	941653	DEF	
941627	941653	USE	
941628	941653	USE	
941520	941654	DEF	
941521	941654	DEF	
941575	941654	DEF	
941576	941654	DEF	
941601	941654	USE	
941551	941655	DEF	
941552	941655	DEF	
941627	941655	DEF	
941628	941655	DEF	
941627	941656	USE	
941628	941656	USE	
941545	941657	DEF	
941546	941657	DEF	
941575	941657	USE	
941582	941657	USE	
941640	941658	DEF	
941545	941658	USE	
941546	941658	USE	
941524	941659	DEF	
941525	941659	DEF	
941528	941659	DEF	
941539	941659	USE	
941545	941659	USE	
941547	941659	USE	
941551	941659	USE	
941553	941659	USE	
941559	941659	USE	
941561	941659	USE	
941567	941659	USE	
941569	941659	USE	
941575	941659	USE	
941597	941659	USE	
941591	941659	USE	
941594	941659	USE	
941583	941659	USE	
941586	941659	USE	
941618	941659	USE	
941623	941659	USE	
941627	941659	USE	
941629	941659	USE	
941632	941659	USE	
941635	941659	USE	
941575	941601	REACHES	_02f9b8e79cd99e021a4f524db2dff1ed
941545	941575	REACHES	_b102e7f57cd53814c7fc4eba64870d4c -> _4fa65d14894d935091c2dd612b811892
941640	941545	REACHES	_a681519a130672600b6db6003ccd3118
941524	941539	REACHES	_b102e7f57cd53814c7fc4eba64870d4c
941524	941545	REACHES	_b102e7f57cd53814c7fc4eba64870d4c
941524	941551	REACHES	_b102e7f57cd53814c7fc4eba64870d4c
941524	941559	REACHES	_b102e7f57cd53814c7fc4eba64870d4c
941524	941567	REACHES	_b102e7f57cd53814c7fc4eba64870d4c
941524	941575	REACHES	_b102e7f57cd53814c7fc4eba64870d4c
941524	941618	REACHES	_b102e7f57cd53814c7fc4eba64870d4c
941524	941627	REACHES	_b102e7f57cd53814c7fc4eba64870d4c
941524	941635	REACHES	_b102e7f57cd53814c7fc4eba64870d4c
941567	941575	REACHES	* _b102e7f57cd53814c7fc4eba64870d4c
941567	941627	REACHES	* _b102e7f57cd53814c7fc4eba64870d4c
941643	941640	CONTROLS	
941643	941520	CONTROLS	
941643	941524	CONTROLS	
941643	941539	CONTROLS	
941539	941543	CONTROLS	
941539	941545	CONTROLS	
941539	941551	CONTROLS	
941539	941559	CONTROLS	
941539	941567	CONTROLS	
941539	941575	CONTROLS	
941539	941601	CONTROLS	
941601	941606	CONTROLS	
941601	941618	CONTROLS	
941601	941625	CONTROLS	
941601	941627	CONTROLS	
941601	941635	CONTROLS	
941559	941567	DOM	
941520	941524	DOM	
941524	941539	DOM	
941539	941644	DOM	
941601	941627	DOM	
941627	941635	DOM	
941539	941543	DOM	
941643	941640	DOM	
941643	941643	DOM	
941618	941625	DOM	
941567	941575	DOM	
941640	941520	DOM	
941551	941559	DOM	
941606	941618	DOM	
941539	941545	DOM	
941575	941601	DOM	
941545	941551	DOM	
941601	941606	DOM	
941575	941567	POST_DOM	
941539	941524	POST_DOM	
941644	941539	POST_DOM	
941644	941644	POST_DOM	
941644	941635	POST_DOM	
941635	941627	POST_DOM	
941644	941543	POST_DOM	
941520	941640	POST_DOM	
941640	941643	POST_DOM	
941644	941625	POST_DOM	
941601	941575	POST_DOM	
941524	941520	POST_DOM	
941625	941618	POST_DOM	
941567	941559	POST_DOM	
941551	941545	POST_DOM	
941644	941601	POST_DOM	
941559	941551	POST_DOM	
941618	941606	POST_DOM	
941517	941518	IS_FUNCTION_OF_AST	
941517	941643	IS_FUNCTION_OF_CFG	
940499	941517	IS_FILE_OF	
941664	941665	IS_AST_PARENT	
941663	941664	IS_AST_PARENT	
941670	941671	IS_AST_PARENT	
941673	941674	IS_AST_PARENT	
941672	941673	IS_AST_PARENT	
941677	941678	IS_AST_PARENT	
941677	941679	IS_AST_PARENT	
941676	941677	IS_AST_PARENT	
941675	941676	IS_AST_PARENT	
941680	941681	IS_AST_PARENT	
941675	941680	IS_AST_PARENT	
941672	941675	IS_AST_PARENT	
941670	941672	IS_AST_PARENT	
941669	941670	IS_AST_PARENT	
941682	941683	IS_AST_PARENT	
941685	941686	IS_AST_PARENT	
941684	941685	IS_AST_PARENT	
941689	941690	IS_AST_PARENT	
941689	941691	IS_AST_PARENT	
941688	941689	IS_AST_PARENT	
941687	941688	IS_AST_PARENT	
941692	941693	IS_AST_PARENT	
941687	941692	IS_AST_PARENT	
941684	941687	IS_AST_PARENT	
941682	941684	IS_AST_PARENT	
941669	941682	IS_AST_PARENT	
941668	941669	IS_AST_PARENT	
941667	941668	IS_AST_PARENT	
941695	941696	IS_AST_PARENT	
941694	941695	IS_AST_PARENT	
941667	941694	IS_AST_PARENT	
941666	941667	IS_AST_PARENT	
941663	941666	IS_AST_PARENT	
941702	941703	IS_AST_PARENT	
941705	941706	IS_AST_PARENT	
941704	941705	IS_AST_PARENT	
941709	941710	IS_AST_PARENT	
941709	941711	IS_AST_PARENT	
941708	941709	IS_AST_PARENT	
941707	941708	IS_AST_PARENT	
941712	941713	IS_AST_PARENT	
941707	941712	IS_AST_PARENT	
941704	941707	IS_AST_PARENT	
941702	941704	IS_AST_PARENT	
941701	941702	IS_AST_PARENT	
941714	941715	IS_AST_PARENT	
941717	941718	IS_AST_PARENT	
941716	941717	IS_AST_PARENT	
941721	941722	IS_AST_PARENT	
941721	941723	IS_AST_PARENT	
941720	941721	IS_AST_PARENT	
941719	941720	IS_AST_PARENT	
941724	941725	IS_AST_PARENT	
941719	941724	IS_AST_PARENT	
941716	941719	IS_AST_PARENT	
941714	941716	IS_AST_PARENT	
941701	941714	IS_AST_PARENT	
941700	941701	IS_AST_PARENT	
941699	941700	IS_AST_PARENT	
941727	941728	IS_AST_PARENT	
941726	941727	IS_AST_PARENT	
941699	941726	IS_AST_PARENT	
941698	941699	IS_AST_PARENT	
941697	941698	IS_AST_PARENT	
941663	941697	IS_AST_PARENT	
941662	941663	IS_AST_PARENT	
941729	941730	IS_AST_PARENT	
941662	941729	IS_AST_PARENT	
941661	941662	IS_AST_PARENT	
941661	941731	IS_AST_PARENT	
941661	941732	IS_AST_PARENT	
941734	941735	IS_AST_PARENT	
941734	941736	IS_AST_PARENT	
941733	941734	IS_AST_PARENT	
941737	941738	IS_AST_PARENT	
941737	941739	IS_AST_PARENT	
941733	941737	IS_AST_PARENT	
941740	941741	IS_AST_PARENT	
941740	941742	IS_AST_PARENT	
941733	941740	IS_AST_PARENT	
941661	941733	IS_AST_PARENT	
941743	941734	FLOWS_TO	
941734	941737	FLOWS_TO	
941737	941740	FLOWS_TO	
941740	941664	FLOWS_TO	
941664	941668	FLOWS_TO	
941664	941700	FLOWS_TO	
941668	941695	FLOWS_TO	
941668	941729	FLOWS_TO	
941695	941744	FLOWS_TO	
941700	941727	FLOWS_TO	
941700	941729	FLOWS_TO	
941727	941744	FLOWS_TO	
941729	941744	FLOWS_TO	
941668	941745	USE	
941688	941745	USE	
941700	941745	USE	
941720	941745	USE	
941700	941746	USE	
941740	941747	DEF	
941664	941747	USE	
941734	941748	DEF	
941668	941748	USE	
941692	941748	USE	
941680	941748	USE	
941700	941748	USE	
941724	941748	USE	
941712	941748	USE	
941737	941749	DEF	
941668	941749	USE	
941677	941749	USE	
941689	941749	USE	
941700	941749	USE	
941709	941749	USE	
941721	941749	USE	
941668	941750	USE	
941676	941750	USE	
941700	941750	USE	
941708	941750	USE	
941668	941751	USE	
941668	941752	USE	
941676	941752	USE	
941688	941752	USE	
941700	941752	USE	
941708	941752	USE	
941720	941752	USE	
941740	941664	REACHES	_d42083af77fd629200ad9733c438a7fb
941734	941668	REACHES	_8b3a176baccece543939dc5ef5c7bc23
941737	941668	REACHES	_1bbd616040aed602d5ab4bd957b3787f
941734	941700	REACHES	_8b3a176baccece543939dc5ef5c7bc23
941737	941700	REACHES	_1bbd616040aed602d5ab4bd957b3787f
941743	941734	CONTROLS	
941743	941737	CONTROLS	
941743	941740	CONTROLS	
941743	941664	CONTROLS	
941664	941668	CONTROLS	
941664	941700	CONTROLS	
941668	941695	CONTROLS	
941668	941729	CONTROLS	
941700	941727	CONTROLS	
941700	941729	CONTROLS	
941664	941744	DOM	
941743	941743	DOM	
941664	941729	DOM	
941743	941734	DOM	
941734	941737	DOM	
941668	941695	DOM	
941737	941740	DOM	
941664	941700	DOM	
941664	941668	DOM	
941700	941727	DOM	
941740	941664	DOM	
941744	941744	POST_DOM	
941734	941743	POST_DOM	
941744	941729	POST_DOM	
941740	941737	POST_DOM	
941737	941734	POST_DOM	
941744	941695	POST_DOM	
941664	941740	POST_DOM	
941744	941700	POST_DOM	
941744	941668	POST_DOM	
941744	941727	POST_DOM	
941744	941664	POST_DOM	
941660	941661	IS_FUNCTION_OF_AST	
941660	941743	IS_FUNCTION_OF_CFG	
940499	941660	IS_FILE_OF	
941757	941758	IS_AST_PARENT	
941757	941759	IS_AST_PARENT	
941756	941757	IS_AST_PARENT	
941755	941756	IS_AST_PARENT	
941761	941762	IS_AST_PARENT	
941761	941763	IS_AST_PARENT	
941760	941761	IS_AST_PARENT	
941755	941760	IS_AST_PARENT	
941765	941766	IS_AST_PARENT	
941765	941767	IS_AST_PARENT	
941764	941765	IS_AST_PARENT	
941755	941764	IS_AST_PARENT	
941769	941770	IS_AST_PARENT	
941769	941771	IS_AST_PARENT	
941768	941769	IS_AST_PARENT	
941772	941773	IS_AST_PARENT	
941772	941774	IS_AST_PARENT	
941768	941772	IS_AST_PARENT	
941755	941768	IS_AST_PARENT	
941777	941778	IS_AST_PARENT	
941776	941777	IS_AST_PARENT	
941781	941782	IS_AST_PARENT	
941781	941783	IS_AST_PARENT	
941780	941781	IS_AST_PARENT	
941779	941780	IS_AST_PARENT	
941776	941779	IS_AST_PARENT	
941775	941776	IS_AST_PARENT	
941755	941775	IS_AST_PARENT	
941786	941787	IS_AST_PARENT	
941786	941788	IS_AST_PARENT	
941785	941786	IS_AST_PARENT	
941785	941789	IS_AST_PARENT	
941784	941785	IS_AST_PARENT	
941755	941784	IS_AST_PARENT	
941791	941792	IS_AST_PARENT	
941791	941793	IS_AST_PARENT	
941794	941795	IS_AST_PARENT	
941794	941796	IS_AST_PARENT	
941791	941794	IS_AST_PARENT	
941790	941791	IS_AST_PARENT	
941755	941790	IS_AST_PARENT	
941798	941799	IS_AST_PARENT	
941798	941800	IS_AST_PARENT	
941798	941801	IS_AST_PARENT	
941797	941798	IS_AST_PARENT	
941755	941797	IS_AST_PARENT	
941803	941804	IS_AST_PARENT	
941803	941805	IS_AST_PARENT	
941806	941807	IS_AST_PARENT	
941806	941808	IS_AST_PARENT	
941803	941806	IS_AST_PARENT	
941802	941803	IS_AST_PARENT	
941755	941802	IS_AST_PARENT	
941810	941811	IS_AST_PARENT	
941813	941814	IS_AST_PARENT	
941812	941813	IS_AST_PARENT	
941816	941817	IS_AST_PARENT	
941815	941816	IS_AST_PARENT	
941812	941815	IS_AST_PARENT	
941810	941812	IS_AST_PARENT	
941809	941810	IS_AST_PARENT	
941755	941809	IS_AST_PARENT	
941821	941822	IS_AST_PARENT	
941824	941825	IS_AST_PARENT	
941823	941824	IS_AST_PARENT	
941827	941828	IS_AST_PARENT	
941826	941827	IS_AST_PARENT	
941823	941826	IS_AST_PARENT	
941821	941823	IS_AST_PARENT	
941820	941821	IS_AST_PARENT	
941820	941829	IS_AST_PARENT	
941819	941820	IS_AST_PARENT	
941818	941819	IS_AST_PARENT	
941832	941833	IS_AST_PARENT	
941832	941834	IS_AST_PARENT	
941835	941836	IS_AST_PARENT	
941837	941838	IS_AST_PARENT	
941839	941840	IS_AST_PARENT	
941842	941843	IS_AST_PARENT	
941842	941844	IS_AST_PARENT	
941841	941842	IS_AST_PARENT	
941845	941846	IS_AST_PARENT	
941847	941848	IS_AST_PARENT	
941850	941851	IS_AST_PARENT	
941850	941852	IS_AST_PARENT	
941849	941850	IS_AST_PARENT	
941849	941853	IS_AST_PARENT	
941847	941849	IS_AST_PARENT	
941845	941847	IS_AST_PARENT	
941841	941845	IS_AST_PARENT	
941839	941841	IS_AST_PARENT	
941837	941839	IS_AST_PARENT	
941835	941837	IS_AST_PARENT	
941832	941835	IS_AST_PARENT	
941831	941832	IS_AST_PARENT	
941830	941831	IS_AST_PARENT	
941858	941859	IS_AST_PARENT	
941858	941860	IS_AST_PARENT	
941857	941858	IS_AST_PARENT	
941862	941863	IS_AST_PARENT	
941862	941864	IS_AST_PARENT	
941861	941862	IS_AST_PARENT	
941861	941865	IS_AST_PARENT	
941857	941861	IS_AST_PARENT	
941856	941857	IS_AST_PARENT	
941868	941869	IS_AST_PARENT	
941868	941870	IS_AST_PARENT	
941867	941868	IS_AST_PARENT	
941872	941873	IS_AST_PARENT	
941872	941874	IS_AST_PARENT	
941871	941872	IS_AST_PARENT	
941871	941875	IS_AST_PARENT	
941867	941871	IS_AST_PARENT	
941866	941867	IS_AST_PARENT	
941878	941879	IS_AST_PARENT	
941878	941880	IS_AST_PARENT	
941877	941878	IS_AST_PARENT	
941882	941883	IS_AST_PARENT	
941882	941884	IS_AST_PARENT	
941881	941882	IS_AST_PARENT	
941881	941885	IS_AST_PARENT	
941877	941881	IS_AST_PARENT	
941876	941877	IS_AST_PARENT	
941888	941889	IS_AST_PARENT	
941888	941890	IS_AST_PARENT	
941887	941888	IS_AST_PARENT	
941892	941893	IS_AST_PARENT	
941892	941894	IS_AST_PARENT	
941891	941892	IS_AST_PARENT	
941891	941895	IS_AST_PARENT	
941887	941891	IS_AST_PARENT	
941886	941887	IS_AST_PARENT	
941898	941899	IS_AST_PARENT	
941898	941900	IS_AST_PARENT	
941897	941898	IS_AST_PARENT	
941902	941903	IS_AST_PARENT	
941902	941904	IS_AST_PARENT	
941901	941902	IS_AST_PARENT	
941901	941905	IS_AST_PARENT	
941897	941901	IS_AST_PARENT	
941896	941897	IS_AST_PARENT	
941908	941909	IS_AST_PARENT	
941908	941910	IS_AST_PARENT	
941907	941908	IS_AST_PARENT	
941912	941913	IS_AST_PARENT	
941912	941914	IS_AST_PARENT	
941911	941912	IS_AST_PARENT	
941911	941915	IS_AST_PARENT	
941907	941911	IS_AST_PARENT	
941906	941907	IS_AST_PARENT	
941917	941918	IS_AST_PARENT	
941917	941919	IS_AST_PARENT	
941916	941917	IS_AST_PARENT	
941916	941920	IS_AST_PARENT	
941906	941916	IS_AST_PARENT	
941896	941906	IS_AST_PARENT	
941886	941896	IS_AST_PARENT	
941876	941886	IS_AST_PARENT	
941866	941876	IS_AST_PARENT	
941856	941866	IS_AST_PARENT	
941855	941856	IS_AST_PARENT	
941854	941855	IS_AST_PARENT	
941924	941925	IS_AST_PARENT	
941923	941924	IS_AST_PARENT	
941927	941928	IS_AST_PARENT	
941926	941927	IS_AST_PARENT	
941930	941931	IS_AST_PARENT	
941930	941932	IS_AST_PARENT	
941929	941930	IS_AST_PARENT	
941926	941929	IS_AST_PARENT	
941935	941936	IS_AST_PARENT	
941935	941937	IS_AST_PARENT	
941934	941935	IS_AST_PARENT	
941934	941938	IS_AST_PARENT	
941933	941934	IS_AST_PARENT	
941926	941933	IS_AST_PARENT	
941923	941926	IS_AST_PARENT	
941922	941923	IS_AST_PARENT	
941921	941922	IS_AST_PARENT	
941854	941921	IS_AST_PARENT	
941830	941854	IS_AST_PARENT	
941818	941830	IS_AST_PARENT	
941755	941818	IS_AST_PARENT	
941940	941941	IS_AST_PARENT	
941940	941942	IS_AST_PARENT	
941943	941944	IS_AST_PARENT	
941943	941945	IS_AST_PARENT	
941940	941943	IS_AST_PARENT	
941939	941940	IS_AST_PARENT	
941755	941939	IS_AST_PARENT	
941947	941948	IS_AST_PARENT	
941947	941949	IS_AST_PARENT	
941950	941951	IS_AST_PARENT	
941953	941954	IS_AST_PARENT	
941952	941953	IS_AST_PARENT	
941956	941957	IS_AST_PARENT	
941955	941956	IS_AST_PARENT	
941958	941959	IS_AST_PARENT	
941955	941958	IS_AST_PARENT	
941960	941961	IS_AST_PARENT	
941955	941960	IS_AST_PARENT	
941952	941955	IS_AST_PARENT	
941950	941952	IS_AST_PARENT	
941947	941950	IS_AST_PARENT	
941946	941947	IS_AST_PARENT	
941755	941946	IS_AST_PARENT	
941964	941965	IS_AST_PARENT	
941963	941964	IS_AST_PARENT	
941967	941968	IS_AST_PARENT	
941966	941967	IS_AST_PARENT	
941970	941971	IS_AST_PARENT	
941970	941972	IS_AST_PARENT	
941969	941970	IS_AST_PARENT	
941966	941969	IS_AST_PARENT	
941973	941974	IS_AST_PARENT	
941966	941973	IS_AST_PARENT	
941963	941966	IS_AST_PARENT	
941962	941963	IS_AST_PARENT	
941755	941962	IS_AST_PARENT	
941977	941978	IS_AST_PARENT	
941976	941977	IS_AST_PARENT	
941980	941981	IS_AST_PARENT	
941979	941980	IS_AST_PARENT	
941982	941983	IS_AST_PARENT	
941979	941982	IS_AST_PARENT	
941986	941987	IS_AST_PARENT	
941985	941986	IS_AST_PARENT	
941989	941990	IS_AST_PARENT	
941988	941989	IS_AST_PARENT	
941985	941988	IS_AST_PARENT	
941984	941985	IS_AST_PARENT	
941979	941984	IS_AST_PARENT	
941976	941979	IS_AST_PARENT	
941975	941976	IS_AST_PARENT	
941755	941975	IS_AST_PARENT	
941993	941994	IS_AST_PARENT	
941993	941995	IS_AST_PARENT	
941992	941993	IS_AST_PARENT	
941992	941996	IS_AST_PARENT	
941991	941992	IS_AST_PARENT	
941755	941991	IS_AST_PARENT	
941997	941998	IS_AST_PARENT	
941755	941997	IS_AST_PARENT	
942000	942001	IS_AST_PARENT	
942002	942003	IS_AST_PARENT	
942002	942004	IS_AST_PARENT	
942000	942002	IS_AST_PARENT	
941999	942000	IS_AST_PARENT	
941755	941999	IS_AST_PARENT	
942008	942009	IS_AST_PARENT	
942008	942010	IS_AST_PARENT	
942007	942008	IS_AST_PARENT	
942012	942013	IS_AST_PARENT	
942011	942012	IS_AST_PARENT	
942016	942017	IS_AST_PARENT	
942016	942018	IS_AST_PARENT	
942015	942016	IS_AST_PARENT	
942014	942015	IS_AST_PARENT	
942011	942014	IS_AST_PARENT	
942007	942011	IS_AST_PARENT	
942006	942007	IS_AST_PARENT	
942005	942006	IS_AST_PARENT	
942020	942021	IS_AST_PARENT	
942020	942022	IS_AST_PARENT	
942019	942020	IS_AST_PARENT	
942005	942019	IS_AST_PARENT	
941755	942005	IS_AST_PARENT	
942024	942025	IS_AST_PARENT	
942027	942028	IS_AST_PARENT	
942026	942027	IS_AST_PARENT	
942030	942031	IS_AST_PARENT	
942029	942030	IS_AST_PARENT	
942032	942033	IS_AST_PARENT	
942029	942032	IS_AST_PARENT	
942026	942029	IS_AST_PARENT	
942024	942026	IS_AST_PARENT	
942023	942024	IS_AST_PARENT	
941755	942023	IS_AST_PARENT	
942036	942037	IS_AST_PARENT	
942036	942038	IS_AST_PARENT	
942035	942036	IS_AST_PARENT	
942034	942035	IS_AST_PARENT	
942040	942041	IS_AST_PARENT	
942043	942044	IS_AST_PARENT	
942043	942045	IS_AST_PARENT	
942042	942043	IS_AST_PARENT	
942046	942047	IS_AST_PARENT	
942046	942048	IS_AST_PARENT	
942042	942046	IS_AST_PARENT	
942040	942042	IS_AST_PARENT	
942039	942040	IS_AST_PARENT	
942034	942039	IS_AST_PARENT	
941755	942034	IS_AST_PARENT	
942051	942052	IS_AST_PARENT	
942051	942053	IS_AST_PARENT	
942050	942051	IS_AST_PARENT	
942049	942050	IS_AST_PARENT	
942057	942058	IS_AST_PARENT	
942056	942057	IS_AST_PARENT	
942060	942061	IS_AST_PARENT	
942059	942060	IS_AST_PARENT	
942056	942059	IS_AST_PARENT	
942055	942056	IS_AST_PARENT	
942054	942055	IS_AST_PARENT	
942062	942063	IS_AST_PARENT	
942054	942062	IS_AST_PARENT	
942049	942054	IS_AST_PARENT	
941755	942049	IS_AST_PARENT	
942065	942066	IS_AST_PARENT	
942067	942068	IS_AST_PARENT	
942067	942069	IS_AST_PARENT	
942065	942067	IS_AST_PARENT	
942064	942065	IS_AST_PARENT	
941755	942064	IS_AST_PARENT	
942071	942072	IS_AST_PARENT	
942074	942075	IS_AST_PARENT	
942073	942074	IS_AST_PARENT	
942078	942079	IS_AST_PARENT	
942078	942080	IS_AST_PARENT	
942077	942078	IS_AST_PARENT	
942076	942077	IS_AST_PARENT	
942073	942076	IS_AST_PARENT	
942071	942073	IS_AST_PARENT	
942070	942071	IS_AST_PARENT	
941755	942070	IS_AST_PARENT	
942083	942084	IS_AST_PARENT	
942083	942085	IS_AST_PARENT	
942082	942083	IS_AST_PARENT	
942081	942082	IS_AST_PARENT	
942089	942090	IS_AST_PARENT	
942088	942089	IS_AST_PARENT	
942092	942093	IS_AST_PARENT	
942091	942092	IS_AST_PARENT	
942088	942091	IS_AST_PARENT	
942087	942088	IS_AST_PARENT	
942086	942087	IS_AST_PARENT	
942094	942095	IS_AST_PARENT	
942086	942094	IS_AST_PARENT	
942081	942086	IS_AST_PARENT	
941755	942081	IS_AST_PARENT	
942098	942099	IS_AST_PARENT	
942097	942098	IS_AST_PARENT	
942101	942102	IS_AST_PARENT	
942100	942101	IS_AST_PARENT	
942103	942104	IS_AST_PARENT	
942100	942103	IS_AST_PARENT	
942105	942106	IS_AST_PARENT	
942100	942105	IS_AST_PARENT	
942097	942100	IS_AST_PARENT	
942096	942097	IS_AST_PARENT	
941755	942096	IS_AST_PARENT	
942109	942110	IS_AST_PARENT	
942111	942112	IS_AST_PARENT	
942111	942113	IS_AST_PARENT	
942109	942111	IS_AST_PARENT	
942108	942109	IS_AST_PARENT	
942108	942114	IS_AST_PARENT	
942107	942108	IS_AST_PARENT	
941755	942107	IS_AST_PARENT	
942117	942118	IS_AST_PARENT	
942119	942120	IS_AST_PARENT	
942119	942121	IS_AST_PARENT	
942117	942119	IS_AST_PARENT	
942116	942117	IS_AST_PARENT	
942115	942116	IS_AST_PARENT	
942125	942126	IS_AST_PARENT	
942124	942125	IS_AST_PARENT	
942128	942129	IS_AST_PARENT	
942127	942128	IS_AST_PARENT	
942130	942131	IS_AST_PARENT	
942127	942130	IS_AST_PARENT	
942124	942127	IS_AST_PARENT	
942123	942124	IS_AST_PARENT	
942122	942123	IS_AST_PARENT	
942134	942135	IS_AST_PARENT	
942133	942134	IS_AST_PARENT	
942137	942138	IS_AST_PARENT	
942136	942137	IS_AST_PARENT	
942133	942136	IS_AST_PARENT	
942132	942133	IS_AST_PARENT	
942122	942132	IS_AST_PARENT	
942141	942142	IS_AST_PARENT	
942141	942143	IS_AST_PARENT	
942140	942141	IS_AST_PARENT	
942140	942144	IS_AST_PARENT	
942139	942140	IS_AST_PARENT	
942122	942139	IS_AST_PARENT	
942145	942146	IS_AST_PARENT	
942122	942145	IS_AST_PARENT	
942115	942122	IS_AST_PARENT	
941755	942115	IS_AST_PARENT	
942148	942149	IS_AST_PARENT	
942151	942152	IS_AST_PARENT	
942150	942151	IS_AST_PARENT	
942154	942155	IS_AST_PARENT	
942153	942154	IS_AST_PARENT	
942156	942157	IS_AST_PARENT	
942153	942156	IS_AST_PARENT	
942150	942153	IS_AST_PARENT	
942148	942150	IS_AST_PARENT	
942147	942148	IS_AST_PARENT	
941755	942147	IS_AST_PARENT	
942160	942161	IS_AST_PARENT	
942160	942162	IS_AST_PARENT	
942159	942160	IS_AST_PARENT	
942158	942159	IS_AST_PARENT	
942166	942167	IS_AST_PARENT	
942165	942166	IS_AST_PARENT	
942169	942170	IS_AST_PARENT	
942168	942169	IS_AST_PARENT	
942171	942172	IS_AST_PARENT	
942168	942171	IS_AST_PARENT	
942165	942168	IS_AST_PARENT	
942164	942165	IS_AST_PARENT	
942163	942164	IS_AST_PARENT	
942175	942176	IS_AST_PARENT	
942174	942175	IS_AST_PARENT	
942178	942179	IS_AST_PARENT	
942177	942178	IS_AST_PARENT	
942174	942177	IS_AST_PARENT	
942173	942174	IS_AST_PARENT	
942163	942173	IS_AST_PARENT	
942182	942183	IS_AST_PARENT	
942182	942184	IS_AST_PARENT	
942181	942182	IS_AST_PARENT	
942181	942185	IS_AST_PARENT	
942180	942181	IS_AST_PARENT	
942163	942180	IS_AST_PARENT	
942186	942187	IS_AST_PARENT	
942163	942186	IS_AST_PARENT	
942158	942163	IS_AST_PARENT	
941755	942158	IS_AST_PARENT	
942190	942191	IS_AST_PARENT	
942190	942192	IS_AST_PARENT	
942189	942190	IS_AST_PARENT	
942189	942193	IS_AST_PARENT	
942188	942189	IS_AST_PARENT	
941755	942188	IS_AST_PARENT	
942196	942197	IS_AST_PARENT	
942196	942198	IS_AST_PARENT	
942195	942196	IS_AST_PARENT	
942195	942199	IS_AST_PARENT	
942194	942195	IS_AST_PARENT	
941755	942194	IS_AST_PARENT	
942202	942203	IS_AST_PARENT	
942202	942204	IS_AST_PARENT	
942201	942202	IS_AST_PARENT	
942205	942206	IS_AST_PARENT	
942205	942207	IS_AST_PARENT	
942201	942205	IS_AST_PARENT	
942200	942201	IS_AST_PARENT	
941755	942200	IS_AST_PARENT	
942210	942211	IS_AST_PARENT	
942210	942212	IS_AST_PARENT	
942209	942210	IS_AST_PARENT	
942209	942213	IS_AST_PARENT	
942208	942209	IS_AST_PARENT	
941755	942208	IS_AST_PARENT	
942216	942217	IS_AST_PARENT	
942215	942216	IS_AST_PARENT	
942219	942220	IS_AST_PARENT	
942218	942219	IS_AST_PARENT	
942222	942223	IS_AST_PARENT	
942222	942224	IS_AST_PARENT	
942221	942222	IS_AST_PARENT	
942218	942221	IS_AST_PARENT	
942226	942227	IS_AST_PARENT	
942226	942228	IS_AST_PARENT	
942225	942226	IS_AST_PARENT	
942218	942225	IS_AST_PARENT	
942215	942218	IS_AST_PARENT	
942214	942215	IS_AST_PARENT	
941755	942214	IS_AST_PARENT	
942229	942230	IS_AST_PARENT	
941755	942229	IS_AST_PARENT	
941754	941755	IS_AST_PARENT	
941754	942231	IS_AST_PARENT	
941754	942232	IS_AST_PARENT	
942234	942235	IS_AST_PARENT	
942234	942236	IS_AST_PARENT	
942233	942234	IS_AST_PARENT	
941754	942233	IS_AST_PARENT	
942237	942234	FLOWS_TO	
942234	941756	FLOWS_TO	
941756	941760	FLOWS_TO	
941760	941764	FLOWS_TO	
941764	941768	FLOWS_TO	
941768	941775	FLOWS_TO	
941775	941784	FLOWS_TO	
941784	941790	FLOWS_TO	
941790	941797	FLOWS_TO	
941797	941802	FLOWS_TO	
941802	941809	FLOWS_TO	
941809	941819	FLOWS_TO	
941819	941831	FLOWS_TO	
941819	941939	FLOWS_TO	
941831	941855	FLOWS_TO	
941855	941922	FLOWS_TO	
941855	941819	FLOWS_TO	
941922	941819	FLOWS_TO	
941939	941946	FLOWS_TO	
941946	941962	FLOWS_TO	
941962	941975	FLOWS_TO	
941975	941991	FLOWS_TO	
941991	941997	FLOWS_TO	
941997	941999	FLOWS_TO	
941999	942006	FLOWS_TO	
942006	942019	FLOWS_TO	
942006	942023	FLOWS_TO	
942019	942006	FLOWS_TO	
942023	942035	FLOWS_TO	
942035	942039	FLOWS_TO	
942035	942050	FLOWS_TO	
942039	942050	FLOWS_TO	
942050	942055	FLOWS_TO	
942050	942064	FLOWS_TO	
942055	942062	FLOWS_TO	
942062	942238	FLOWS_TO	
942064	942070	FLOWS_TO	
942070	942082	FLOWS_TO	
942082	942087	FLOWS_TO	
942082	942096	FLOWS_TO	
942087	942094	FLOWS_TO	
942094	942238	FLOWS_TO	
942096	942107	FLOWS_TO	
942107	942116	FLOWS_TO	
942116	942123	FLOWS_TO	
942116	942147	FLOWS_TO	
942123	942132	FLOWS_TO	
942132	942139	FLOWS_TO	
942139	942145	FLOWS_TO	
942145	941997	FLOWS_TO	
942147	942159	FLOWS_TO	
942159	942164	FLOWS_TO	
942159	942188	FLOWS_TO	
942164	942173	FLOWS_TO	
942173	942180	FLOWS_TO	
942180	942186	FLOWS_TO	
942186	941997	FLOWS_TO	
942188	942194	FLOWS_TO	
942194	942200	FLOWS_TO	
942200	942208	FLOWS_TO	
942208	942214	FLOWS_TO	
942214	942229	FLOWS_TO	
942229	942238	FLOWS_TO	
942039	942239	USE	
942040	942239	USE	
942107	942240	DEF	
942108	942240	DEF	
941768	942241	DEF	
941769	942241	DEF	
941999	942241	DEF	
942000	942241	DEF	
942006	942241	USE	
942008	942241	USE	
942016	942241	USE	
942019	942241	USE	
942020	942241	USE	
942019	942241	DEF	
942020	942241	DEF	
942023	942241	USE	
942030	942241	USE	
942050	942241	USE	
942064	942241	USE	
942065	942241	USE	
942096	942241	USE	
942103	942241	USE	
941946	942242	DEF	
941947	942242	DEF	
941950	942242	DEF	
941962	942242	USE	
941967	942242	USE	
941975	942242	USE	
941980	942242	USE	
942006	942243	USE	
942015	942243	USE	
942023	942244	USE	
942024	942244	USE	
941775	942245	USE	
941780	942245	USE	
941784	942245	DEF	
941785	942245	DEF	
942194	942245	DEF	
942195	942245	DEF	
942214	942245	USE	
942221	942245	USE	
941991	942246	DEF	
941992	942246	DEF	
942200	942246	DEF	
942201	942246	DEF	
942214	942246	USE	
942225	942246	USE	
941831	942247	USE	
941835	942247	USE	
941760	942248	DEF	
941761	942248	DEF	
942147	942248	DEF	
942148	942248	DEF	
942159	942248	USE	
942188	942248	USE	
942190	942248	USE	
942200	942248	USE	
942201	942248	USE	
941975	942249	USE	
941984	942249	USE	
942107	942250	DEF	
942108	942250	DEF	
942116	942250	USE	
941819	942251	USE	
941821	942251	USE	
941946	942252	USE	
941958	942252	USE	
941756	942253	DEF	
941757	942253	DEF	
942070	942253	DEF	
942071	942253	DEF	
942082	942253	USE	
942096	942253	USE	
942101	942253	USE	
942107	942253	USE	
942109	942253	USE	
942116	942253	USE	
942119	942253	USE	
942123	942253	USE	
942130	942253	USE	
942132	942253	USE	
942137	942253	USE	
942147	942253	USE	
942154	942253	USE	
942164	942253	USE	
942171	942253	USE	
942173	942253	USE	
942178	942253	USE	
942194	942253	USE	
942195	942253	USE	
941999	942254	USE	
942000	942254	USE	
942139	942254	DEF	
942140	942254	DEF	
942180	942254	DEF	
942181	942254	DEF	
942208	942254	DEF	
942209	942254	DEF	
941790	942255	DEF	
941791	942255	DEF	
941809	942255	DEF	
941810	942255	DEF	
941819	942255	USE	
941827	942255	USE	
941768	942256	DEF	
941772	942256	DEF	
942023	942256	DEF	
942024	942256	DEF	
942035	942256	USE	
942039	942256	DEF	
942040	942256	DEF	
942050	942256	USE	
942064	942256	USE	
942065	942256	USE	
942139	942256	USE	
942140	942256	USE	
942180	942256	USE	
942181	942256	USE	
942208	942256	USE	
942209	942256	USE	
942039	942257	USE	
942040	942257	USE	
942234	942258	DEF	
941775	942258	USE	
941781	942258	USE	
941784	942258	USE	
941786	942258	USE	
941991	942258	USE	
941993	942258	USE	
941999	942258	USE	
942002	942258	USE	
942039	942258	USE	
942043	942258	USE	
942046	942258	USE	
942139	942258	USE	
942141	942258	USE	
942180	942258	USE	
942182	942258	USE	
942194	942258	USE	
942196	942258	USE	
942200	942258	USE	
942202	942258	USE	
942208	942258	USE	
942210	942258	USE	
942214	942258	USE	
942226	942258	USE	
942222	942258	USE	
941939	942259	DEF	
941940	942259	DEF	
941943	942259	DEF	
941962	942259	USE	
941969	942259	USE	
942070	942260	USE	
942071	942260	USE	
941784	942261	USE	
941785	942261	USE	
941790	942261	USE	
941794	942261	USE	
941790	942261	DEF	
941794	942261	DEF	
941802	942261	DEF	
941806	942261	DEF	
941802	942261	USE	
941806	942261	USE	
941819	942261	USE	
941991	942261	USE	
941992	942261	USE	
941764	942262	DEF	
941765	942262	DEF	
942064	942262	DEF	
942065	942262	DEF	
942070	942262	USE	
942077	942262	USE	
942096	942262	USE	
942105	942262	USE	
942107	942262	USE	
942109	942262	USE	
942006	942263	USE	
942107	942264	DEF	
942108	942264	DEF	
941802	942265	DEF	
941803	942265	DEF	
941819	942265	DEF	
941821	942265	DEF	
941831	942265	USE	
941835	942265	USE	
941922	942265	USE	
941930	942265	USE	
941946	942266	USE	
941956	942266	USE	
941855	942267	USE	
941797	942268	DEF	
941798	942268	DEF	
941922	942268	USE	
941927	942268	USE	
941975	942268	USE	
941982	942268	USE	
941989	942268	USE	
941922	942269	USE	
941929	942269	USE	
941775	942270	USE	
941780	942270	USE	
941784	942270	DEF	
941785	942270	DEF	
941991	942270	DEF	
941992	942270	DEF	
941999	942270	USE	
942000	942270	USE	
942039	942270	USE	
942040	942270	USE	
942139	942270	DEF	
942140	942270	DEF	
942180	942270	DEF	
942181	942270	DEF	
942194	942270	DEF	
942195	942270	DEF	
942200	942270	DEF	
942201	942270	DEF	
942208	942270	DEF	
942209	942270	DEF	
942214	942270	USE	
942221	942270	USE	
942225	942270	USE	
942188	942271	DEF	
942189	942271	DEF	
942147	942272	USE	
942148	942272	USE	
941809	942273	USE	
941810	942273	USE	
941922	942274	USE	
941929	942274	USE	
941831	942275	DEF	
941835	942275	DEF	
941832	942275	DEF	
941855	942275	USE	
941898	942275	USE	
941912	942275	USE	
941917	942275	USE	
941858	942275	USE	
941868	942275	USE	
941888	942275	USE	
941862	942275	USE	
941872	942275	USE	
941902	942275	USE	
941892	942275	USE	
941908	942275	USE	
941878	942275	USE	
941882	942275	USE	
941946	942276	USE	
941950	942276	USE	
942019	942019	REACHES	_65960cc4a15ebf9dbc72ff21b2c21df0
941946	941962	REACHES	_ebba18af2454b48faf7ecf639c7e0fd8
941946	941975	REACHES	_ebba18af2454b48faf7ecf639c7e0fd8
942019	942006	REACHES	_65960cc4a15ebf9dbc72ff21b2c21df0
941999	942006	REACHES	_65960cc4a15ebf9dbc72ff21b2c21df0
941999	942019	REACHES	_65960cc4a15ebf9dbc72ff21b2c21df0
942019	942023	REACHES	_65960cc4a15ebf9dbc72ff21b2c21df0
941999	942023	REACHES	_65960cc4a15ebf9dbc72ff21b2c21df0
942019	942096	REACHES	_65960cc4a15ebf9dbc72ff21b2c21df0
942019	942064	REACHES	_65960cc4a15ebf9dbc72ff21b2c21df0
941999	942064	REACHES	_65960cc4a15ebf9dbc72ff21b2c21df0
941999	942050	REACHES	_65960cc4a15ebf9dbc72ff21b2c21df0
942019	942050	REACHES	_65960cc4a15ebf9dbc72ff21b2c21df0
941999	942096	REACHES	_65960cc4a15ebf9dbc72ff21b2c21df0
942194	942214	REACHES	_b102e7f57cd53814c7fc4eba64870d4c -> key
942200	942214	REACHES	_b102e7f57cd53814c7fc4eba64870d4c -> value
942147	942159	REACHES	_7862a56a62e470a618a48745782deade
942147	942188	REACHES	_7862a56a62e470a618a48745782deade
942147	942200	REACHES	_7862a56a62e470a618a48745782deade
942139	941999	REACHES	_b102e7f57cd53814c7fc4eba64870d4c -> _bc6a0a3caa821d7629ad30e414aabb17
942180	941999	REACHES	_b102e7f57cd53814c7fc4eba64870d4c -> _bc6a0a3caa821d7629ad30e414aabb17
941790	941802	REACHES	NULL
941802	941819	REACHES	NULL
941802	941991	REACHES	NULL
942064	942070	REACHES	_e1c23a87e6978204073e25eb9dff0546
942064	942096	REACHES	_e1c23a87e6978204073e25eb9dff0546
942064	942107	REACHES	_e1c23a87e6978204073e25eb9dff0546
941797	941922	REACHES	_f7899880eaf2f3223fdd8910645367f1
941797	941975	REACHES	_f7899880eaf2f3223fdd8910645367f1
942107	942116	REACHES	* _02f9b8e79cd99e021a4f524db2dff1ed
942070	942116	REACHES	_02f9b8e79cd99e021a4f524db2dff1ed
942070	942082	REACHES	_02f9b8e79cd99e021a4f524db2dff1ed
942070	942096	REACHES	_02f9b8e79cd99e021a4f524db2dff1ed
942070	942107	REACHES	_02f9b8e79cd99e021a4f524db2dff1ed
942070	942123	REACHES	_02f9b8e79cd99e021a4f524db2dff1ed
942070	942132	REACHES	_02f9b8e79cd99e021a4f524db2dff1ed
942070	942147	REACHES	_02f9b8e79cd99e021a4f524db2dff1ed
942070	942194	REACHES	_02f9b8e79cd99e021a4f524db2dff1ed
942070	942164	REACHES	_02f9b8e79cd99e021a4f524db2dff1ed
942070	942173	REACHES	_02f9b8e79cd99e021a4f524db2dff1ed
941809	941819	REACHES	_65d2bce8035d97425bba186b9e54ba53
942023	942035	REACHES	_01bfc206b2459f45c412fc58b92ed914
942039	942050	REACHES	_01bfc206b2459f45c412fc58b92ed914
942023	942050	REACHES	_01bfc206b2459f45c412fc58b92ed914
942023	942208	REACHES	_01bfc206b2459f45c412fc58b92ed914
942039	942064	REACHES	_01bfc206b2459f45c412fc58b92ed914
942023	942064	REACHES	_01bfc206b2459f45c412fc58b92ed914
942039	942139	REACHES	_01bfc206b2459f45c412fc58b92ed914
942023	942139	REACHES	_01bfc206b2459f45c412fc58b92ed914
942039	942180	REACHES	_01bfc206b2459f45c412fc58b92ed914
942023	942180	REACHES	_01bfc206b2459f45c412fc58b92ed914
942039	942208	REACHES	_01bfc206b2459f45c412fc58b92ed914
942234	941775	REACHES	_b102e7f57cd53814c7fc4eba64870d4c
942234	941784	REACHES	_b102e7f57cd53814c7fc4eba64870d4c
942234	941991	REACHES	_b102e7f57cd53814c7fc4eba64870d4c
942234	942214	REACHES	_b102e7f57cd53814c7fc4eba64870d4c
942234	941999	REACHES	_b102e7f57cd53814c7fc4eba64870d4c
942234	942039	REACHES	_b102e7f57cd53814c7fc4eba64870d4c
942234	942139	REACHES	_b102e7f57cd53814c7fc4eba64870d4c
942234	942180	REACHES	_b102e7f57cd53814c7fc4eba64870d4c
942234	942194	REACHES	_b102e7f57cd53814c7fc4eba64870d4c
942234	942208	REACHES	_b102e7f57cd53814c7fc4eba64870d4c
942234	942200	REACHES	_b102e7f57cd53814c7fc4eba64870d4c
941939	941962	REACHES	_407b18875ca45c47dd543c8590151905
941819	941831	REACHES	_0fb1d802455fe4adcf8ada575dd8aa77
941819	941922	REACHES	_0fb1d802455fe4adcf8ada575dd8aa77
941991	942238	REACHES	* _b102e7f57cd53814c7fc4eba64870d4c
942180	942238	REACHES	* _b102e7f57cd53814c7fc4eba64870d4c
942208	942214	REACHES	* _b102e7f57cd53814c7fc4eba64870d4c
942139	942039	REACHES	* _b102e7f57cd53814c7fc4eba64870d4c
942208	942238	REACHES	* _b102e7f57cd53814c7fc4eba64870d4c
942139	942238	REACHES	* _b102e7f57cd53814c7fc4eba64870d4c
942180	941999	REACHES	* _b102e7f57cd53814c7fc4eba64870d4c
941991	941999	REACHES	* _b102e7f57cd53814c7fc4eba64870d4c
942139	941999	REACHES	* _b102e7f57cd53814c7fc4eba64870d4c
942180	942039	REACHES	* _b102e7f57cd53814c7fc4eba64870d4c
941991	942039	REACHES	* _b102e7f57cd53814c7fc4eba64870d4c
941831	941855	REACHES	_85dff3bf79f5f3569c88a7f96196fed7
942237	942234	CONTROLS	
942237	941756	CONTROLS	
942237	941760	CONTROLS	
942237	941764	CONTROLS	
942237	941768	CONTROLS	
942237	941775	CONTROLS	
942237	941784	CONTROLS	
942237	941790	CONTROLS	
942237	941797	CONTROLS	
942237	941802	CONTROLS	
942237	941809	CONTROLS	
942237	941819	CONTROLS	
942237	941939	CONTROLS	
942237	941946	CONTROLS	
942237	941962	CONTROLS	
942237	941975	CONTROLS	
942237	941991	CONTROLS	
942237	941997	CONTROLS	
942237	941999	CONTROLS	
942237	942006	CONTROLS	
942237	942023	CONTROLS	
942237	942035	CONTROLS	
942237	942050	CONTROLS	
941819	941831	CONTROLS	
941819	941855	CONTROLS	
941855	941922	CONTROLS	
942006	942019	CONTROLS	
942035	942039	CONTROLS	
942050	942055	CONTROLS	
942050	942062	CONTROLS	
942050	942064	CONTROLS	
942050	942070	CONTROLS	
942050	942082	CONTROLS	
942082	942087	CONTROLS	
942082	942094	CONTROLS	
942082	942096	CONTROLS	
942082	942107	CONTROLS	
942082	942116	CONTROLS	
942116	942123	CONTROLS	
942116	942132	CONTROLS	
942116	942139	CONTROLS	
942116	942145	CONTROLS	
942116	941997	CONTROLS	
942116	941999	CONTROLS	
942116	942006	CONTROLS	
942116	942023	CONTROLS	
942116	942035	CONTROLS	
942116	942050	CONTROLS	
942116	942147	CONTROLS	
942116	942159	CONTROLS	
942159	942164	CONTROLS	
942159	942173	CONTROLS	
942159	942180	CONTROLS	
942159	942186	CONTROLS	
942159	941997	CONTROLS	
942159	941999	CONTROLS	
942159	942006	CONTROLS	
942159	942023	CONTROLS	
942159	942035	CONTROLS	
942159	942050	CONTROLS	
942159	942188	CONTROLS	
942159	942194	CONTROLS	
942159	942200	CONTROLS	
942159	942208	CONTROLS	
942159	942214	CONTROLS	
942159	942229	CONTROLS	
941962	941975	DOM	
941831	941855	DOM	
941991	941997	DOM	
941855	941922	DOM	
942107	942116	DOM	
941999	942006	DOM	
942237	942237	DOM	
941775	941784	DOM	
941768	941775	DOM	
942214	942229	DOM	
941946	941962	DOM	
941997	941999	DOM	
942159	942188	DOM	
942050	942055	DOM	
942082	942087	DOM	
942035	942039	DOM	
942237	942234	DOM	
942064	942070	DOM	
942132	942139	DOM	
942006	942019	DOM	
942173	942180	DOM	
942087	942094	DOM	
941939	941946	DOM	
942123	942132	DOM	
941819	941939	DOM	
941809	941819	DOM	
942096	942107	DOM	
942164	942173	DOM	
942082	942096	DOM	
942006	942023	DOM	
942023	942035	DOM	
941760	941764	DOM	
942055	942062	DOM	
942050	942064	DOM	
942139	942145	DOM	
942234	941756	DOM	
942194	942200	DOM	
942116	942123	DOM	
941797	941802	DOM	
942208	942214	DOM	
942116	942147	DOM	
941819	941831	DOM	
942147	942159	DOM	
942180	942186	DOM	
942188	942194	DOM	
941784	941790	DOM	
941756	941760	DOM	
942050	942238	DOM	
941802	941809	DOM	
942070	942082	DOM	
941764	941768	DOM	
941790	941797	DOM	
942159	942164	DOM	
942200	942208	DOM	
941975	941991	DOM	
942035	942050	DOM	
941991	941975	POST_DOM	
941819	941855	POST_DOM	
941999	941997	POST_DOM	
941819	941922	POST_DOM	
942238	942116	POST_DOM	
942023	942006	POST_DOM	
941790	941784	POST_DOM	
942234	942237	POST_DOM	
941784	941775	POST_DOM	
942238	942229	POST_DOM	
941975	941962	POST_DOM	
942006	941999	POST_DOM	
942194	942188	POST_DOM	
942062	942055	POST_DOM	
942094	942087	POST_DOM	
942050	942039	POST_DOM	
941756	942234	POST_DOM	
942082	942070	POST_DOM	
942145	942139	POST_DOM	
942186	942180	POST_DOM	
942006	942019	POST_DOM	
942238	942094	POST_DOM	
941962	941946	POST_DOM	
942139	942132	POST_DOM	
941946	941939	POST_DOM	
941939	941819	POST_DOM	
942116	942107	POST_DOM	
942180	942173	POST_DOM	
942107	942096	POST_DOM	
942050	942035	POST_DOM	
942035	942023	POST_DOM	
941768	941764	POST_DOM	
942238	942062	POST_DOM	
941997	942145	POST_DOM	
942070	942064	POST_DOM	
941760	941756	POST_DOM	
942208	942200	POST_DOM	
942132	942123	POST_DOM	
941809	941802	POST_DOM	
942229	942214	POST_DOM	
942159	942147	POST_DOM	
941855	941831	POST_DOM	
942238	942159	POST_DOM	
941997	942186	POST_DOM	
942200	942194	POST_DOM	
941797	941790	POST_DOM	
942238	942238	POST_DOM	
941764	941760	POST_DOM	
941819	941809	POST_DOM	
942238	942082	POST_DOM	
941775	941768	POST_DOM	
941802	941797	POST_DOM	
942173	942164	POST_DOM	
942214	942208	POST_DOM	
942238	942050	POST_DOM	
941997	941991	POST_DOM	
941753	941754	IS_FUNCTION_OF_AST	
941753	942237	IS_FUNCTION_OF_CFG	
940499	941753	IS_FILE_OF	
