start	end	type	var
1575625	1575626	DECLARES	
1575627	1575628	DECLARES	
1575633	1575634	IS_AST_PARENT	
1575633	1575635	IS_AST_PARENT	
1575632	1575633	IS_AST_PARENT	
1575631	1575632	IS_AST_PARENT	
1575637	1575638	IS_AST_PARENT	
1575637	1575639	IS_AST_PARENT	
1575636	1575637	IS_AST_PARENT	
1575631	1575636	IS_AST_PARENT	
1575641	1575642	IS_AST_PARENT	
1575641	1575643	IS_AST_PARENT	
1575640	1575641	IS_AST_PARENT	
1575631	1575640	IS_AST_PARENT	
1575645	1575646	IS_AST_PARENT	
1575645	1575647	IS_AST_PARENT	
1575644	1575645	IS_AST_PARENT	
1575631	1575644	IS_AST_PARENT	
1575649	1575650	IS_AST_PARENT	
1575649	1575651	IS_AST_PARENT	
1575649	1575652	IS_AST_PARENT	
1575648	1575649	IS_AST_PARENT	
1575631	1575648	IS_AST_PARENT	
1575655	1575656	IS_AST_PARENT	
1575654	1575655	IS_AST_PARENT	
1575658	1575659	IS_AST_PARENT	
1575657	1575658	IS_AST_PARENT	
1575654	1575657	IS_AST_PARENT	
1575653	1575654	IS_AST_PARENT	
1575631	1575653	IS_AST_PARENT	
1575661	1575662	IS_AST_PARENT	
1575664	1575665	IS_AST_PARENT	
1575663	1575664	IS_AST_PARENT	
1575667	1575668	IS_AST_PARENT	
1575666	1575667	IS_AST_PARENT	
1575669	1575670	IS_AST_PARENT	
1575666	1575669	IS_AST_PARENT	
1575671	1575672	IS_AST_PARENT	
1575666	1575671	IS_AST_PARENT	
1575663	1575666	IS_AST_PARENT	
1575661	1575663	IS_AST_PARENT	
1575660	1575661	IS_AST_PARENT	
1575631	1575660	IS_AST_PARENT	
1575675	1575676	IS_AST_PARENT	
1575675	1575677	IS_AST_PARENT	
1575674	1575675	IS_AST_PARENT	
1575673	1575674	IS_AST_PARENT	
1575681	1575682	IS_AST_PARENT	
1575680	1575681	IS_AST_PARENT	
1575684	1575685	IS_AST_PARENT	
1575683	1575684	IS_AST_PARENT	
1575686	1575687	IS_AST_PARENT	
1575683	1575686	IS_AST_PARENT	
1575688	1575689	IS_AST_PARENT	
1575683	1575688	IS_AST_PARENT	
1575680	1575683	IS_AST_PARENT	
1575679	1575680	IS_AST_PARENT	
1575678	1575679	IS_AST_PARENT	
1575692	1575693	IS_AST_PARENT	
1575691	1575692	IS_AST_PARENT	
1575695	1575696	IS_AST_PARENT	
1575694	1575695	IS_AST_PARENT	
1575691	1575694	IS_AST_PARENT	
1575690	1575691	IS_AST_PARENT	
1575678	1575690	IS_AST_PARENT	
1575673	1575678	IS_AST_PARENT	
1575631	1575673	IS_AST_PARENT	
1575698	1575699	IS_AST_PARENT	
1575698	1575700	IS_AST_PARENT	
1575697	1575698	IS_AST_PARENT	
1575631	1575697	IS_AST_PARENT	
1575702	1575703	IS_AST_PARENT	
1575702	1575704	IS_AST_PARENT	
1575701	1575702	IS_AST_PARENT	
1575631	1575701	IS_AST_PARENT	
1575706	1575707	IS_AST_PARENT	
1575706	1575708	IS_AST_PARENT	
1575705	1575706	IS_AST_PARENT	
1575631	1575705	IS_AST_PARENT	
1575710	1575711	IS_AST_PARENT	
1575710	1575712	IS_AST_PARENT	
1575713	1575714	IS_AST_PARENT	
1575713	1575715	IS_AST_PARENT	
1575710	1575713	IS_AST_PARENT	
1575709	1575710	IS_AST_PARENT	
1575631	1575709	IS_AST_PARENT	
1575717	1575718	IS_AST_PARENT	
1575717	1575719	IS_AST_PARENT	
1575717	1575720	IS_AST_PARENT	
1575716	1575717	IS_AST_PARENT	
1575721	1575722	IS_AST_PARENT	
1575721	1575723	IS_AST_PARENT	
1575721	1575724	IS_AST_PARENT	
1575716	1575721	IS_AST_PARENT	
1575631	1575716	IS_AST_PARENT	
1575727	1575728	IS_AST_PARENT	
1575727	1575729	IS_AST_PARENT	
1575726	1575727	IS_AST_PARENT	
1575726	1575730	IS_AST_PARENT	
1575725	1575726	IS_AST_PARENT	
1575631	1575725	IS_AST_PARENT	
1575734	1575735	IS_AST_PARENT	
1575734	1575736	IS_AST_PARENT	
1575733	1575734	IS_AST_PARENT	
1575733	1575737	IS_AST_PARENT	
1575732	1575733	IS_AST_PARENT	
1575739	1575740	IS_AST_PARENT	
1575738	1575739	IS_AST_PARENT	
1575742	1575743	IS_AST_PARENT	
1575741	1575742	IS_AST_PARENT	
1575738	1575741	IS_AST_PARENT	
1575732	1575738	IS_AST_PARENT	
1575731	1575732	IS_AST_PARENT	
1575631	1575731	IS_AST_PARENT	
1575746	1575747	IS_AST_PARENT	
1575746	1575748	IS_AST_PARENT	
1575745	1575746	IS_AST_PARENT	
1575750	1575751	IS_AST_PARENT	
1575749	1575750	IS_AST_PARENT	
1575753	1575754	IS_AST_PARENT	
1575752	1575753	IS_AST_PARENT	
1575749	1575752	IS_AST_PARENT	
1575745	1575749	IS_AST_PARENT	
1575744	1575745	IS_AST_PARENT	
1575631	1575744	IS_AST_PARENT	
1575756	1575757	IS_AST_PARENT	
1575755	1575756	IS_AST_PARENT	
1575762	1575763	IS_AST_PARENT	
1575765	1575766	IS_AST_PARENT	
1575764	1575765	IS_AST_PARENT	
1575768	1575769	IS_AST_PARENT	
1575767	1575768	IS_AST_PARENT	
1575770	1575771	IS_AST_PARENT	
1575767	1575770	IS_AST_PARENT	
1575772	1575773	IS_AST_PARENT	
1575767	1575772	IS_AST_PARENT	
1575764	1575767	IS_AST_PARENT	
1575762	1575764	IS_AST_PARENT	
1575761	1575762	IS_AST_PARENT	
1575761	1575774	IS_AST_PARENT	
1575760	1575761	IS_AST_PARENT	
1575759	1575760	IS_AST_PARENT	
1575780	1575781	IS_AST_PARENT	
1575779	1575780	IS_AST_PARENT	
1575783	1575784	IS_AST_PARENT	
1575782	1575783	IS_AST_PARENT	
1575786	1575787	IS_AST_PARENT	
1575788	1575789	IS_AST_PARENT	
1575788	1575790	IS_AST_PARENT	
1575786	1575788	IS_AST_PARENT	
1575785	1575786	IS_AST_PARENT	
1575782	1575785	IS_AST_PARENT	
1575792	1575793	IS_AST_PARENT	
1575792	1575794	IS_AST_PARENT	
1575791	1575792	IS_AST_PARENT	
1575782	1575791	IS_AST_PARENT	
1575779	1575782	IS_AST_PARENT	
1575778	1575779	IS_AST_PARENT	
1575778	1575795	IS_AST_PARENT	
1575777	1575778	IS_AST_PARENT	
1575776	1575777	IS_AST_PARENT	
1575799	1575800	IS_AST_PARENT	
1575798	1575799	IS_AST_PARENT	
1575802	1575803	IS_AST_PARENT	
1575801	1575802	IS_AST_PARENT	
1575804	1575805	IS_AST_PARENT	
1575801	1575804	IS_AST_PARENT	
1575798	1575801	IS_AST_PARENT	
1575797	1575798	IS_AST_PARENT	
1575796	1575797	IS_AST_PARENT	
1575808	1575809	IS_AST_PARENT	
1575807	1575808	IS_AST_PARENT	
1575811	1575812	IS_AST_PARENT	
1575810	1575811	IS_AST_PARENT	
1575813	1575814	IS_AST_PARENT	
1575810	1575813	IS_AST_PARENT	
1575807	1575810	IS_AST_PARENT	
1575806	1575807	IS_AST_PARENT	
1575796	1575806	IS_AST_PARENT	
1575816	1575817	IS_AST_PARENT	
1575815	1575816	IS_AST_PARENT	
1575821	1575822	IS_AST_PARENT	
1575820	1575821	IS_AST_PARENT	
1575824	1575825	IS_AST_PARENT	
1575823	1575824	IS_AST_PARENT	
1575826	1575827	IS_AST_PARENT	
1575823	1575826	IS_AST_PARENT	
1575830	1575831	IS_AST_PARENT	
1575829	1575830	IS_AST_PARENT	
1575833	1575834	IS_AST_PARENT	
1575832	1575833	IS_AST_PARENT	
1575829	1575832	IS_AST_PARENT	
1575828	1575829	IS_AST_PARENT	
1575823	1575828	IS_AST_PARENT	
1575835	1575836	IS_AST_PARENT	
1575823	1575835	IS_AST_PARENT	
1575820	1575823	IS_AST_PARENT	
1575819	1575820	IS_AST_PARENT	
1575818	1575819	IS_AST_PARENT	
1575841	1575842	IS_AST_PARENT	
1575840	1575841	IS_AST_PARENT	
1575844	1575845	IS_AST_PARENT	
1575843	1575844	IS_AST_PARENT	
1575846	1575847	IS_AST_PARENT	
1575843	1575846	IS_AST_PARENT	
1575849	1575850	IS_AST_PARENT	
1575849	1575851	IS_AST_PARENT	
1575848	1575849	IS_AST_PARENT	
1575843	1575848	IS_AST_PARENT	
1575852	1575853	IS_AST_PARENT	
1575843	1575852	IS_AST_PARENT	
1575840	1575843	IS_AST_PARENT	
1575839	1575840	IS_AST_PARENT	
1575838	1575839	IS_AST_PARENT	
1575837	1575838	IS_AST_PARENT	
1575857	1575858	IS_AST_PARENT	
1575856	1575857	IS_AST_PARENT	
1575860	1575861	IS_AST_PARENT	
1575859	1575860	IS_AST_PARENT	
1575856	1575859	IS_AST_PARENT	
1575855	1575856	IS_AST_PARENT	
1575855	1575862	IS_AST_PARENT	
1575854	1575855	IS_AST_PARENT	
1575837	1575854	IS_AST_PARENT	
1575818	1575837	IS_AST_PARENT	
1575867	1575868	IS_AST_PARENT	
1575866	1575867	IS_AST_PARENT	
1575870	1575871	IS_AST_PARENT	
1575869	1575870	IS_AST_PARENT	
1575872	1575873	IS_AST_PARENT	
1575869	1575872	IS_AST_PARENT	
1575866	1575869	IS_AST_PARENT	
1575865	1575866	IS_AST_PARENT	
1575865	1575874	IS_AST_PARENT	
1575864	1575865	IS_AST_PARENT	
1575863	1575864	IS_AST_PARENT	
1575878	1575879	IS_AST_PARENT	
1575877	1575878	IS_AST_PARENT	
1575881	1575882	IS_AST_PARENT	
1575880	1575881	IS_AST_PARENT	
1575883	1575884	IS_AST_PARENT	
1575880	1575883	IS_AST_PARENT	
1575877	1575880	IS_AST_PARENT	
1575876	1575877	IS_AST_PARENT	
1575875	1575876	IS_AST_PARENT	
1575887	1575888	IS_AST_PARENT	
1575886	1575887	IS_AST_PARENT	
1575890	1575891	IS_AST_PARENT	
1575889	1575890	IS_AST_PARENT	
1575892	1575893	IS_AST_PARENT	
1575889	1575892	IS_AST_PARENT	
1575896	1575897	IS_AST_PARENT	
1575895	1575896	IS_AST_PARENT	
1575899	1575900	IS_AST_PARENT	
1575898	1575899	IS_AST_PARENT	
1575895	1575898	IS_AST_PARENT	
1575894	1575895	IS_AST_PARENT	
1575889	1575894	IS_AST_PARENT	
1575901	1575902	IS_AST_PARENT	
1575889	1575901	IS_AST_PARENT	
1575886	1575889	IS_AST_PARENT	
1575885	1575886	IS_AST_PARENT	
1575875	1575885	IS_AST_PARENT	
1575875	1575903	IS_AST_PARENT	
1575863	1575875	IS_AST_PARENT	
1575907	1575908	IS_AST_PARENT	
1575907	1575909	IS_AST_PARENT	
1575910	1575911	IS_AST_PARENT	
1575913	1575914	IS_AST_PARENT	
1575912	1575913	IS_AST_PARENT	
1575916	1575917	IS_AST_PARENT	
1575915	1575916	IS_AST_PARENT	
1575918	1575919	IS_AST_PARENT	
1575915	1575918	IS_AST_PARENT	
1575912	1575915	IS_AST_PARENT	
1575910	1575912	IS_AST_PARENT	
1575907	1575910	IS_AST_PARENT	
1575906	1575907	IS_AST_PARENT	
1575905	1575906	IS_AST_PARENT	
1575922	1575923	IS_AST_PARENT	
1575922	1575924	IS_AST_PARENT	
1575921	1575922	IS_AST_PARENT	
1575920	1575921	IS_AST_PARENT	
1575928	1575929	IS_AST_PARENT	
1575927	1575928	IS_AST_PARENT	
1575931	1575932	IS_AST_PARENT	
1575930	1575931	IS_AST_PARENT	
1575934	1575935	IS_AST_PARENT	
1575934	1575936	IS_AST_PARENT	
1575933	1575934	IS_AST_PARENT	
1575930	1575933	IS_AST_PARENT	
1575937	1575938	IS_AST_PARENT	
1575930	1575937	IS_AST_PARENT	
1575927	1575930	IS_AST_PARENT	
1575926	1575927	IS_AST_PARENT	
1575925	1575926	IS_AST_PARENT	
1575941	1575942	IS_AST_PARENT	
1575944	1575945	IS_AST_PARENT	
1575943	1575944	IS_AST_PARENT	
1575947	1575948	IS_AST_PARENT	
1575946	1575947	IS_AST_PARENT	
1575943	1575946	IS_AST_PARENT	
1575941	1575943	IS_AST_PARENT	
1575940	1575941	IS_AST_PARENT	
1575939	1575940	IS_AST_PARENT	
1575952	1575953	IS_AST_PARENT	
1575951	1575952	IS_AST_PARENT	
1575955	1575956	IS_AST_PARENT	
1575954	1575955	IS_AST_PARENT	
1575957	1575958	IS_AST_PARENT	
1575954	1575957	IS_AST_PARENT	
1575961	1575962	IS_AST_PARENT	
1575960	1575961	IS_AST_PARENT	
1575964	1575965	IS_AST_PARENT	
1575963	1575964	IS_AST_PARENT	
1575960	1575963	IS_AST_PARENT	
1575959	1575960	IS_AST_PARENT	
1575954	1575959	IS_AST_PARENT	
1575966	1575967	IS_AST_PARENT	
1575954	1575966	IS_AST_PARENT	
1575951	1575954	IS_AST_PARENT	
1575950	1575951	IS_AST_PARENT	
1575949	1575950	IS_AST_PARENT	
1575970	1575971	IS_AST_PARENT	
1575969	1575970	IS_AST_PARENT	
1575973	1575974	IS_AST_PARENT	
1575972	1575973	IS_AST_PARENT	
1575976	1575977	IS_AST_PARENT	
1575976	1575978	IS_AST_PARENT	
1575975	1575976	IS_AST_PARENT	
1575972	1575975	IS_AST_PARENT	
1575979	1575980	IS_AST_PARENT	
1575972	1575979	IS_AST_PARENT	
1575969	1575972	IS_AST_PARENT	
1575968	1575969	IS_AST_PARENT	
1575949	1575968	IS_AST_PARENT	
1575939	1575949	IS_AST_PARENT	
1575925	1575939	IS_AST_PARENT	
1575983	1575984	IS_AST_PARENT	
1575982	1575983	IS_AST_PARENT	
1575986	1575987	IS_AST_PARENT	
1575985	1575986	IS_AST_PARENT	
1575982	1575985	IS_AST_PARENT	
1575981	1575982	IS_AST_PARENT	
1575925	1575981	IS_AST_PARENT	
1575989	1575990	IS_AST_PARENT	
1575989	1575991	IS_AST_PARENT	
1575988	1575989	IS_AST_PARENT	
1575925	1575988	IS_AST_PARENT	
1575920	1575925	IS_AST_PARENT	
1575905	1575920	IS_AST_PARENT	
1575904	1575905	IS_AST_PARENT	
1575863	1575904	IS_AST_PARENT	
1575818	1575863	IS_AST_PARENT	
1575994	1575995	IS_AST_PARENT	
1575993	1575994	IS_AST_PARENT	
1575997	1575998	IS_AST_PARENT	
1575996	1575997	IS_AST_PARENT	
1575999	1576000	IS_AST_PARENT	
1575996	1575999	IS_AST_PARENT	
1575993	1575996	IS_AST_PARENT	
1575992	1575993	IS_AST_PARENT	
1575818	1575992	IS_AST_PARENT	
1575815	1575818	IS_AST_PARENT	
1575796	1575815	IS_AST_PARENT	
1575776	1575796	IS_AST_PARENT	
1575775	1575776	IS_AST_PARENT	
1576003	1576004	IS_AST_PARENT	
1576002	1576003	IS_AST_PARENT	
1576006	1576007	IS_AST_PARENT	
1576005	1576006	IS_AST_PARENT	
1576002	1576005	IS_AST_PARENT	
1576001	1576002	IS_AST_PARENT	
1575775	1576001	IS_AST_PARENT	
1575759	1575775	IS_AST_PARENT	
1575758	1575759	IS_AST_PARENT	
1576010	1576011	IS_AST_PARENT	
1576009	1576010	IS_AST_PARENT	
1576013	1576014	IS_AST_PARENT	
1576012	1576013	IS_AST_PARENT	
1576009	1576012	IS_AST_PARENT	
1576008	1576009	IS_AST_PARENT	
1575758	1576008	IS_AST_PARENT	
1575755	1575758	IS_AST_PARENT	
1575631	1575755	IS_AST_PARENT	
1576018	1576019	IS_AST_PARENT	
1576021	1576022	IS_AST_PARENT	
1576020	1576021	IS_AST_PARENT	
1576024	1576025	IS_AST_PARENT	
1576023	1576024	IS_AST_PARENT	
1576026	1576027	IS_AST_PARENT	
1576023	1576026	IS_AST_PARENT	
1576028	1576029	IS_AST_PARENT	
1576023	1576028	IS_AST_PARENT	
1576020	1576023	IS_AST_PARENT	
1576018	1576020	IS_AST_PARENT	
1576017	1576018	IS_AST_PARENT	
1576017	1576030	IS_AST_PARENT	
1576016	1576017	IS_AST_PARENT	
1576015	1576016	IS_AST_PARENT	
1576033	1576034	IS_AST_PARENT	
1576032	1576033	IS_AST_PARENT	
1576035	1576036	IS_AST_PARENT	
1576040	1576041	IS_AST_PARENT	
1576043	1576044	IS_AST_PARENT	
1576042	1576043	IS_AST_PARENT	
1576046	1576047	IS_AST_PARENT	
1576045	1576046	IS_AST_PARENT	
1576048	1576049	IS_AST_PARENT	
1576045	1576048	IS_AST_PARENT	
1576050	1576051	IS_AST_PARENT	
1576045	1576050	IS_AST_PARENT	
1576042	1576045	IS_AST_PARENT	
1576040	1576042	IS_AST_PARENT	
1576039	1576040	IS_AST_PARENT	
1576052	1576053	IS_AST_PARENT	
1576052	1576054	IS_AST_PARENT	
1576039	1576052	IS_AST_PARENT	
1576038	1576039	IS_AST_PARENT	
1576037	1576038	IS_AST_PARENT	
1576058	1576059	IS_AST_PARENT	
1576057	1576058	IS_AST_PARENT	
1576061	1576062	IS_AST_PARENT	
1576060	1576061	IS_AST_PARENT	
1576063	1576064	IS_AST_PARENT	
1576060	1576063	IS_AST_PARENT	
1576065	1576066	IS_AST_PARENT	
1576060	1576065	IS_AST_PARENT	
1576057	1576060	IS_AST_PARENT	
1576056	1576057	IS_AST_PARENT	
1576055	1576056	IS_AST_PARENT	
1576069	1576070	IS_AST_PARENT	
1576068	1576069	IS_AST_PARENT	
1576072	1576073	IS_AST_PARENT	
1576071	1576072	IS_AST_PARENT	
1576068	1576071	IS_AST_PARENT	
1576067	1576068	IS_AST_PARENT	
1576055	1576067	IS_AST_PARENT	
1576037	1576055	IS_AST_PARENT	
1576035	1576037	IS_AST_PARENT	
1576035	1576074	IS_AST_PARENT	
1576032	1576035	IS_AST_PARENT	
1576031	1576032	IS_AST_PARENT	
1576015	1576031	IS_AST_PARENT	
1575631	1576015	IS_AST_PARENT	
1576077	1576078	IS_AST_PARENT	
1576077	1576079	IS_AST_PARENT	
1576076	1576077	IS_AST_PARENT	
1576075	1576076	IS_AST_PARENT	
1576083	1576084	IS_AST_PARENT	
1576082	1576083	IS_AST_PARENT	
1576087	1576088	IS_AST_PARENT	
1576087	1576089	IS_AST_PARENT	
1576086	1576087	IS_AST_PARENT	
1576085	1576086	IS_AST_PARENT	
1576082	1576085	IS_AST_PARENT	
1576081	1576082	IS_AST_PARENT	
1576080	1576081	IS_AST_PARENT	
1576092	1576093	IS_AST_PARENT	
1576091	1576092	IS_AST_PARENT	
1576095	1576096	IS_AST_PARENT	
1576094	1576095	IS_AST_PARENT	
1576091	1576094	IS_AST_PARENT	
1576090	1576091	IS_AST_PARENT	
1576080	1576090	IS_AST_PARENT	
1576075	1576080	IS_AST_PARENT	
1575631	1576075	IS_AST_PARENT	
1576098	1576099	IS_AST_PARENT	
1576101	1576102	IS_AST_PARENT	
1576100	1576101	IS_AST_PARENT	
1576104	1576105	IS_AST_PARENT	
1576103	1576104	IS_AST_PARENT	
1576106	1576107	IS_AST_PARENT	
1576103	1576106	IS_AST_PARENT	
1576108	1576109	IS_AST_PARENT	
1576103	1576108	IS_AST_PARENT	
1576110	1576111	IS_AST_PARENT	
1576103	1576110	IS_AST_PARENT	
1576112	1576113	IS_AST_PARENT	
1576103	1576112	IS_AST_PARENT	
1576114	1576115	IS_AST_PARENT	
1576103	1576114	IS_AST_PARENT	
1576116	1576117	IS_AST_PARENT	
1576103	1576116	IS_AST_PARENT	
1576118	1576119	IS_AST_PARENT	
1576103	1576118	IS_AST_PARENT	
1576120	1576121	IS_AST_PARENT	
1576103	1576120	IS_AST_PARENT	
1576122	1576123	IS_AST_PARENT	
1576103	1576122	IS_AST_PARENT	
1576124	1576125	IS_AST_PARENT	
1576103	1576124	IS_AST_PARENT	
1576126	1576127	IS_AST_PARENT	
1576103	1576126	IS_AST_PARENT	
1576128	1576129	IS_AST_PARENT	
1576103	1576128	IS_AST_PARENT	
1576130	1576131	IS_AST_PARENT	
1576103	1576130	IS_AST_PARENT	
1576132	1576133	IS_AST_PARENT	
1576103	1576132	IS_AST_PARENT	
1576134	1576135	IS_AST_PARENT	
1576103	1576134	IS_AST_PARENT	
1576136	1576137	IS_AST_PARENT	
1576103	1576136	IS_AST_PARENT	
1576138	1576139	IS_AST_PARENT	
1576103	1576138	IS_AST_PARENT	
1576140	1576141	IS_AST_PARENT	
1576103	1576140	IS_AST_PARENT	
1576142	1576143	IS_AST_PARENT	
1576103	1576142	IS_AST_PARENT	
1576144	1576145	IS_AST_PARENT	
1576103	1576144	IS_AST_PARENT	
1576146	1576147	IS_AST_PARENT	
1576103	1576146	IS_AST_PARENT	
1576148	1576149	IS_AST_PARENT	
1576103	1576148	IS_AST_PARENT	
1576100	1576103	IS_AST_PARENT	
1576098	1576100	IS_AST_PARENT	
1576097	1576098	IS_AST_PARENT	
1575631	1576097	IS_AST_PARENT	
1576152	1576153	IS_AST_PARENT	
1576154	1576155	IS_AST_PARENT	
1576154	1576156	IS_AST_PARENT	
1576152	1576154	IS_AST_PARENT	
1576151	1576152	IS_AST_PARENT	
1576150	1576151	IS_AST_PARENT	
1576160	1576161	IS_AST_PARENT	
1576159	1576160	IS_AST_PARENT	
1576163	1576164	IS_AST_PARENT	
1576162	1576163	IS_AST_PARENT	
1576165	1576166	IS_AST_PARENT	
1576162	1576165	IS_AST_PARENT	
1576169	1576170	IS_AST_PARENT	
1576168	1576169	IS_AST_PARENT	
1576172	1576173	IS_AST_PARENT	
1576171	1576172	IS_AST_PARENT	
1576168	1576171	IS_AST_PARENT	
1576167	1576168	IS_AST_PARENT	
1576162	1576167	IS_AST_PARENT	
1576159	1576162	IS_AST_PARENT	
1576158	1576159	IS_AST_PARENT	
1576157	1576158	IS_AST_PARENT	
1576174	1576175	IS_AST_PARENT	
1576157	1576174	IS_AST_PARENT	
1576150	1576157	IS_AST_PARENT	
1575631	1576150	IS_AST_PARENT	
1576178	1576179	IS_AST_PARENT	
1576177	1576178	IS_AST_PARENT	
1576181	1576182	IS_AST_PARENT	
1576180	1576181	IS_AST_PARENT	
1576177	1576180	IS_AST_PARENT	
1576176	1576177	IS_AST_PARENT	
1575631	1576176	IS_AST_PARENT	
1576184	1576185	IS_AST_PARENT	
1576187	1576188	IS_AST_PARENT	
1576186	1576187	IS_AST_PARENT	
1576192	1576193	IS_AST_PARENT	
1576191	1576192	IS_AST_PARENT	
1576195	1576196	IS_AST_PARENT	
1576194	1576195	IS_AST_PARENT	
1576191	1576194	IS_AST_PARENT	
1576190	1576191	IS_AST_PARENT	
1576189	1576190	IS_AST_PARENT	
1576197	1576198	IS_AST_PARENT	
1576189	1576197	IS_AST_PARENT	
1576200	1576201	IS_AST_PARENT	
1576200	1576202	IS_AST_PARENT	
1576199	1576200	IS_AST_PARENT	
1576189	1576199	IS_AST_PARENT	
1576203	1576204	IS_AST_PARENT	
1576189	1576203	IS_AST_PARENT	
1576205	1576206	IS_AST_PARENT	
1576189	1576205	IS_AST_PARENT	
1576207	1576208	IS_AST_PARENT	
1576189	1576207	IS_AST_PARENT	
1576209	1576210	IS_AST_PARENT	
1576189	1576209	IS_AST_PARENT	
1576211	1576212	IS_AST_PARENT	
1576189	1576211	IS_AST_PARENT	
1576186	1576189	IS_AST_PARENT	
1576184	1576186	IS_AST_PARENT	
1576183	1576184	IS_AST_PARENT	
1575631	1576183	IS_AST_PARENT	
1576215	1576216	IS_AST_PARENT	
1576217	1576218	IS_AST_PARENT	
1576217	1576219	IS_AST_PARENT	
1576215	1576217	IS_AST_PARENT	
1576214	1576215	IS_AST_PARENT	
1576213	1576214	IS_AST_PARENT	
1576223	1576224	IS_AST_PARENT	
1576222	1576223	IS_AST_PARENT	
1576226	1576227	IS_AST_PARENT	
1576225	1576226	IS_AST_PARENT	
1576228	1576229	IS_AST_PARENT	
1576225	1576228	IS_AST_PARENT	
1576232	1576233	IS_AST_PARENT	
1576231	1576232	IS_AST_PARENT	
1576235	1576236	IS_AST_PARENT	
1576234	1576235	IS_AST_PARENT	
1576231	1576234	IS_AST_PARENT	
1576230	1576231	IS_AST_PARENT	
1576225	1576230	IS_AST_PARENT	
1576222	1576225	IS_AST_PARENT	
1576221	1576222	IS_AST_PARENT	
1576220	1576221	IS_AST_PARENT	
1576237	1576238	IS_AST_PARENT	
1576220	1576237	IS_AST_PARENT	
1576213	1576220	IS_AST_PARENT	
1575631	1576213	IS_AST_PARENT	
1576241	1576242	IS_AST_PARENT	
1576241	1576243	IS_AST_PARENT	
1576244	1576245	IS_AST_PARENT	
1576244	1576246	IS_AST_PARENT	
1576241	1576244	IS_AST_PARENT	
1576240	1576241	IS_AST_PARENT	
1576239	1576240	IS_AST_PARENT	
1576248	1576249	IS_AST_PARENT	
1576248	1576250	IS_AST_PARENT	
1576251	1576252	IS_AST_PARENT	
1576253	1576254	IS_AST_PARENT	
1576253	1576255	IS_AST_PARENT	
1576251	1576253	IS_AST_PARENT	
1576248	1576251	IS_AST_PARENT	
1576247	1576248	IS_AST_PARENT	
1576239	1576247	IS_AST_PARENT	
1576239	1576256	IS_AST_PARENT	
1576239	1576257	IS_AST_PARENT	
1576239	1576258	IS_AST_PARENT	
1576239	1576259	IS_AST_PARENT	
1576239	1576260	IS_AST_PARENT	
1576239	1576261	IS_AST_PARENT	
1576239	1576262	IS_AST_PARENT	
1576239	1576263	IS_AST_PARENT	
1576239	1576264	IS_AST_PARENT	
1576239	1576265	IS_AST_PARENT	
1576267	1576268	IS_AST_PARENT	
1576267	1576269	IS_AST_PARENT	
1576267	1576270	IS_AST_PARENT	
1576267	1576271	IS_AST_PARENT	
1576267	1576272	IS_AST_PARENT	
1576266	1576267	IS_AST_PARENT	
1576266	1576273	IS_AST_PARENT	
1576274	1576275	IS_AST_PARENT	
1576274	1576276	IS_AST_PARENT	
1576274	1576277	IS_AST_PARENT	
1576274	1576278	IS_AST_PARENT	
1576274	1576279	IS_AST_PARENT	
1576266	1576274	IS_AST_PARENT	
1576266	1576280	IS_AST_PARENT	
1576281	1576282	IS_AST_PARENT	
1576281	1576283	IS_AST_PARENT	
1576281	1576284	IS_AST_PARENT	
1576281	1576285	IS_AST_PARENT	
1576281	1576286	IS_AST_PARENT	
1576266	1576281	IS_AST_PARENT	
1576266	1576287	IS_AST_PARENT	
1576288	1576289	IS_AST_PARENT	
1576288	1576290	IS_AST_PARENT	
1576288	1576291	IS_AST_PARENT	
1576288	1576292	IS_AST_PARENT	
1576288	1576293	IS_AST_PARENT	
1576266	1576288	IS_AST_PARENT	
1576266	1576294	IS_AST_PARENT	
1576295	1576296	IS_AST_PARENT	
1576295	1576297	IS_AST_PARENT	
1576295	1576298	IS_AST_PARENT	
1576295	1576299	IS_AST_PARENT	
1576295	1576300	IS_AST_PARENT	
1576266	1576295	IS_AST_PARENT	
1576239	1576266	IS_AST_PARENT	
1576239	1576301	IS_AST_PARENT	
1576303	1576304	IS_AST_PARENT	
1576303	1576305	IS_AST_PARENT	
1576306	1576307	IS_AST_PARENT	
1576306	1576308	IS_AST_PARENT	
1576303	1576306	IS_AST_PARENT	
1576302	1576303	IS_AST_PARENT	
1576239	1576302	IS_AST_PARENT	
1576310	1576311	IS_AST_PARENT	
1576310	1576312	IS_AST_PARENT	
1576313	1576314	IS_AST_PARENT	
1576315	1576316	IS_AST_PARENT	
1576318	1576319	IS_AST_PARENT	
1576318	1576320	IS_AST_PARENT	
1576317	1576318	IS_AST_PARENT	
1576317	1576321	IS_AST_PARENT	
1576315	1576317	IS_AST_PARENT	
1576313	1576315	IS_AST_PARENT	
1576310	1576313	IS_AST_PARENT	
1576309	1576310	IS_AST_PARENT	
1576239	1576309	IS_AST_PARENT	
1576323	1576324	IS_AST_PARENT	
1576323	1576325	IS_AST_PARENT	
1576322	1576323	IS_AST_PARENT	
1576326	1576327	IS_AST_PARENT	
1576326	1576328	IS_AST_PARENT	
1576322	1576326	IS_AST_PARENT	
1576239	1576322	IS_AST_PARENT	
1576330	1576331	IS_AST_PARENT	
1576332	1576333	IS_AST_PARENT	
1576332	1576334	IS_AST_PARENT	
1576330	1576332	IS_AST_PARENT	
1576329	1576330	IS_AST_PARENT	
1576239	1576329	IS_AST_PARENT	
1576337	1576338	IS_AST_PARENT	
1576337	1576339	IS_AST_PARENT	
1576336	1576337	IS_AST_PARENT	
1576340	1576341	IS_AST_PARENT	
1576340	1576342	IS_AST_PARENT	
1576336	1576340	IS_AST_PARENT	
1576335	1576336	IS_AST_PARENT	
1576239	1576335	IS_AST_PARENT	
1575631	1576239	IS_AST_PARENT	
1576344	1576345	IS_AST_PARENT	
1576347	1576348	IS_AST_PARENT	
1576346	1576347	IS_AST_PARENT	
1576351	1576352	IS_AST_PARENT	
1576353	1576354	IS_AST_PARENT	
1576353	1576355	IS_AST_PARENT	
1576351	1576353	IS_AST_PARENT	
1576350	1576351	IS_AST_PARENT	
1576349	1576350	IS_AST_PARENT	
1576356	1576357	IS_AST_PARENT	
1576349	1576356	IS_AST_PARENT	
1576358	1576359	IS_AST_PARENT	
1576349	1576358	IS_AST_PARENT	
1576360	1576361	IS_AST_PARENT	
1576349	1576360	IS_AST_PARENT	
1576346	1576349	IS_AST_PARENT	
1576344	1576346	IS_AST_PARENT	
1576343	1576344	IS_AST_PARENT	
1575631	1576343	IS_AST_PARENT	
1576364	1576365	IS_AST_PARENT	
1576366	1576367	IS_AST_PARENT	
1576366	1576368	IS_AST_PARENT	
1576364	1576366	IS_AST_PARENT	
1576363	1576364	IS_AST_PARENT	
1576362	1576363	IS_AST_PARENT	
1576372	1576373	IS_AST_PARENT	
1576371	1576372	IS_AST_PARENT	
1576375	1576376	IS_AST_PARENT	
1576374	1576375	IS_AST_PARENT	
1576377	1576378	IS_AST_PARENT	
1576374	1576377	IS_AST_PARENT	
1576381	1576382	IS_AST_PARENT	
1576380	1576381	IS_AST_PARENT	
1576384	1576385	IS_AST_PARENT	
1576383	1576384	IS_AST_PARENT	
1576380	1576383	IS_AST_PARENT	
1576379	1576380	IS_AST_PARENT	
1576374	1576379	IS_AST_PARENT	
1576371	1576374	IS_AST_PARENT	
1576370	1576371	IS_AST_PARENT	
1576369	1576370	IS_AST_PARENT	
1576386	1576387	IS_AST_PARENT	
1576369	1576386	IS_AST_PARENT	
1576362	1576369	IS_AST_PARENT	
1575631	1576362	IS_AST_PARENT	
1576390	1576391	IS_AST_PARENT	
1576389	1576390	IS_AST_PARENT	
1576393	1576394	IS_AST_PARENT	
1576392	1576393	IS_AST_PARENT	
1576395	1576396	IS_AST_PARENT	
1576392	1576395	IS_AST_PARENT	
1576399	1576400	IS_AST_PARENT	
1576398	1576399	IS_AST_PARENT	
1576402	1576403	IS_AST_PARENT	
1576401	1576402	IS_AST_PARENT	
1576398	1576401	IS_AST_PARENT	
1576397	1576398	IS_AST_PARENT	
1576392	1576397	IS_AST_PARENT	
1576389	1576392	IS_AST_PARENT	
1576388	1576389	IS_AST_PARENT	
1575631	1576388	IS_AST_PARENT	
1576405	1576406	IS_AST_PARENT	
1576408	1576409	IS_AST_PARENT	
1576407	1576408	IS_AST_PARENT	
1576411	1576412	IS_AST_PARENT	
1576410	1576411	IS_AST_PARENT	
1576407	1576410	IS_AST_PARENT	
1576405	1576407	IS_AST_PARENT	
1576404	1576405	IS_AST_PARENT	
1575631	1576404	IS_AST_PARENT	
1576415	1576416	IS_AST_PARENT	
1576417	1576418	IS_AST_PARENT	
1576417	1576419	IS_AST_PARENT	
1576415	1576417	IS_AST_PARENT	
1576414	1576415	IS_AST_PARENT	
1576413	1576414	IS_AST_PARENT	
1576423	1576424	IS_AST_PARENT	
1576422	1576423	IS_AST_PARENT	
1576426	1576427	IS_AST_PARENT	
1576425	1576426	IS_AST_PARENT	
1576428	1576429	IS_AST_PARENT	
1576425	1576428	IS_AST_PARENT	
1576432	1576433	IS_AST_PARENT	
1576431	1576432	IS_AST_PARENT	
1576435	1576436	IS_AST_PARENT	
1576434	1576435	IS_AST_PARENT	
1576431	1576434	IS_AST_PARENT	
1576430	1576431	IS_AST_PARENT	
1576425	1576430	IS_AST_PARENT	
1576422	1576425	IS_AST_PARENT	
1576421	1576422	IS_AST_PARENT	
1576420	1576421	IS_AST_PARENT	
1576437	1576438	IS_AST_PARENT	
1576420	1576437	IS_AST_PARENT	
1576413	1576420	IS_AST_PARENT	
1576443	1576444	IS_AST_PARENT	
1576442	1576443	IS_AST_PARENT	
1576446	1576447	IS_AST_PARENT	
1576445	1576446	IS_AST_PARENT	
1576448	1576449	IS_AST_PARENT	
1576445	1576448	IS_AST_PARENT	
1576450	1576451	IS_AST_PARENT	
1576445	1576450	IS_AST_PARENT	
1576442	1576445	IS_AST_PARENT	
1576441	1576442	IS_AST_PARENT	
1576440	1576441	IS_AST_PARENT	
1576439	1576440	IS_AST_PARENT	
1576413	1576439	IS_AST_PARENT	
1575631	1576413	IS_AST_PARENT	
1576454	1576455	IS_AST_PARENT	
1576453	1576454	IS_AST_PARENT	
1576457	1576458	IS_AST_PARENT	
1576456	1576457	IS_AST_PARENT	
1576453	1576456	IS_AST_PARENT	
1576452	1576453	IS_AST_PARENT	
1575631	1576452	IS_AST_PARENT	
1576459	1576460	IS_AST_PARENT	
1575631	1576459	IS_AST_PARENT	
1576461	1576462	IS_AST_PARENT	
1575631	1576461	IS_AST_PARENT	
1576465	1576466	IS_AST_PARENT	
1576464	1576465	IS_AST_PARENT	
1576468	1576469	IS_AST_PARENT	
1576467	1576468	IS_AST_PARENT	
1576464	1576467	IS_AST_PARENT	
1576463	1576464	IS_AST_PARENT	
1575631	1576463	IS_AST_PARENT	
1576470	1576471	IS_AST_PARENT	
1575631	1576470	IS_AST_PARENT	
1575630	1575631	IS_AST_PARENT	
1575630	1576472	IS_AST_PARENT	
1575630	1576473	IS_AST_PARENT	
1576475	1576476	IS_AST_PARENT	
1576475	1576477	IS_AST_PARENT	
1576474	1576475	IS_AST_PARENT	
1576478	1576479	IS_AST_PARENT	
1576478	1576480	IS_AST_PARENT	
1576474	1576478	IS_AST_PARENT	
1575630	1576474	IS_AST_PARENT	
1576481	1576475	FLOWS_TO	
1576475	1576478	FLOWS_TO	
1576478	1575632	FLOWS_TO	
1575632	1575636	FLOWS_TO	
1575636	1575640	FLOWS_TO	
1575640	1575644	FLOWS_TO	
1575644	1575648	FLOWS_TO	
1575648	1575653	FLOWS_TO	
1575653	1575660	FLOWS_TO	
1575660	1575674	FLOWS_TO	
1575674	1575679	FLOWS_TO	
1575674	1575697	FLOWS_TO	
1575679	1575690	FLOWS_TO	
1575690	1575697	FLOWS_TO	
1575697	1575701	FLOWS_TO	
1575701	1575705	FLOWS_TO	
1575705	1575709	FLOWS_TO	
1575709	1575716	FLOWS_TO	
1575716	1575725	FLOWS_TO	
1575725	1575731	FLOWS_TO	
1575731	1575744	FLOWS_TO	
1575744	1575756	FLOWS_TO	
1575756	1575760	FLOWS_TO	
1575756	1576016	FLOWS_TO	
1575760	1575777	FLOWS_TO	
1575760	1576008	FLOWS_TO	
1575777	1575797	FLOWS_TO	
1575777	1576001	FLOWS_TO	
1575797	1575806	FLOWS_TO	
1575806	1575816	FLOWS_TO	
1575816	1575819	FLOWS_TO	
1575816	1576001	FLOWS_TO	
1575819	1575839	FLOWS_TO	
1575854	1575839	FLOWS_TO	
1575854	1575864	FLOWS_TO	
1575839	1575854	FLOWS_TO	
1575864	1575876	FLOWS_TO	
1575864	1575906	FLOWS_TO	
1575876	1575885	FLOWS_TO	
1575885	1575903	FLOWS_TO	
1575903	1576001	FLOWS_TO	
1575906	1575921	FLOWS_TO	
1575921	1575926	FLOWS_TO	
1575921	1575992	FLOWS_TO	
1575926	1575940	FLOWS_TO	
1575940	1575950	FLOWS_TO	
1575940	1575981	FLOWS_TO	
1575950	1575968	FLOWS_TO	
1575968	1575940	FLOWS_TO	
1575981	1575988	FLOWS_TO	
1575988	1575992	FLOWS_TO	
1575992	1575816	FLOWS_TO	
1576001	1576008	FLOWS_TO	
1576008	1575756	FLOWS_TO	
1576016	1576033	FLOWS_TO	
1576016	1576076	FLOWS_TO	
1576033	1576036	FLOWS_TO	
1576033	1576016	FLOWS_TO	
1576036	1576038	FLOWS_TO	
1576038	1576056	FLOWS_TO	
1576038	1576074	FLOWS_TO	
1576056	1576067	FLOWS_TO	
1576067	1576074	FLOWS_TO	
1576074	1576016	FLOWS_TO	
1576076	1576081	FLOWS_TO	
1576076	1576097	FLOWS_TO	
1576081	1576090	FLOWS_TO	
1576090	1576097	FLOWS_TO	
1576097	1576151	FLOWS_TO	
1576151	1576158	FLOWS_TO	
1576151	1576176	FLOWS_TO	
1576158	1576174	FLOWS_TO	
1576174	1576461	FLOWS_TO	
1576176	1576183	FLOWS_TO	
1576183	1576214	FLOWS_TO	
1576214	1576221	FLOWS_TO	
1576214	1576240	FLOWS_TO	
1576221	1576237	FLOWS_TO	
1576237	1576461	FLOWS_TO	
1576240	1576247	FLOWS_TO	
1576247	1576256	FLOWS_TO	
1576256	1576257	FLOWS_TO	
1576257	1576258	FLOWS_TO	
1576258	1576259	FLOWS_TO	
1576259	1576260	FLOWS_TO	
1576260	1576261	FLOWS_TO	
1576261	1576262	FLOWS_TO	
1576262	1576263	FLOWS_TO	
1576263	1576264	FLOWS_TO	
1576264	1576265	FLOWS_TO	
1576265	1576268	FLOWS_TO	
1576268	1576269	FLOWS_TO	
1576269	1576270	FLOWS_TO	
1576270	1576271	FLOWS_TO	
1576271	1576272	FLOWS_TO	
1576272	1576273	FLOWS_TO	
1576273	1576275	FLOWS_TO	
1576275	1576276	FLOWS_TO	
1576276	1576277	FLOWS_TO	
1576277	1576278	FLOWS_TO	
1576278	1576279	FLOWS_TO	
1576279	1576280	FLOWS_TO	
1576280	1576282	FLOWS_TO	
1576282	1576283	FLOWS_TO	
1576283	1576284	FLOWS_TO	
1576284	1576285	FLOWS_TO	
1576285	1576286	FLOWS_TO	
1576286	1576287	FLOWS_TO	
1576287	1576289	FLOWS_TO	
1576289	1576290	FLOWS_TO	
1576290	1576291	FLOWS_TO	
1576291	1576292	FLOWS_TO	
1576292	1576293	FLOWS_TO	
1576293	1576294	FLOWS_TO	
1576294	1576296	FLOWS_TO	
1576296	1576297	FLOWS_TO	
1576297	1576298	FLOWS_TO	
1576298	1576299	FLOWS_TO	
1576299	1576300	FLOWS_TO	
1576300	1576301	FLOWS_TO	
1576301	1576302	FLOWS_TO	
1576302	1576309	FLOWS_TO	
1576309	1576322	FLOWS_TO	
1576322	1576329	FLOWS_TO	
1576329	1576335	FLOWS_TO	
1576335	1576343	FLOWS_TO	
1576343	1576363	FLOWS_TO	
1576363	1576370	FLOWS_TO	
1576363	1576388	FLOWS_TO	
1576370	1576386	FLOWS_TO	
1576386	1576461	FLOWS_TO	
1576388	1576404	FLOWS_TO	
1576404	1576414	FLOWS_TO	
1576414	1576421	FLOWS_TO	
1576414	1576441	FLOWS_TO	
1576421	1576437	FLOWS_TO	
1576437	1576461	FLOWS_TO	
1576441	1576452	FLOWS_TO	
1576452	1576459	FLOWS_TO	
1576459	1576482	FLOWS_TO	
1576461	1576463	FLOWS_TO	
1576463	1576470	FLOWS_TO	
1576470	1576482	FLOWS_TO	
1576183	1576483	USE	
1576199	1576483	USE	
1576343	1576483	USE	
1576350	1576483	USE	
1575744	1576484	USE	
1575745	1576484	USE	
1576038	1576485	USE	
1576048	1576485	USE	
1576056	1576485	USE	
1576065	1576485	USE	
1576478	1576486	DEF	
1576016	1576486	USE	
1576026	1576486	USE	
1576081	1576486	USE	
1576087	1576486	USE	
1576038	1576487	USE	
1576040	1576487	USE	
1576240	1576488	DEF	
1576244	1576488	DEF	
1576241	1576488	DEF	
1576329	1576488	USE	
1576330	1576488	USE	
1575640	1576489	DEF	
1575641	1576489	DEF	
1575697	1576489	DEF	
1575698	1576489	DEF	
1576038	1576489	DEF	
1576040	1576489	DEF	
1576076	1576489	USE	
1576343	1576489	USE	
1576358	1576489	USE	
1576302	1576490	DEF	
1576303	1576490	DEF	
1576306	1576490	DEF	
1576329	1576490	DEF	
1576330	1576490	DEF	
1576183	1576491	USE	
1576190	1576491	USE	
1575819	1576492	USE	
1575828	1576492	USE	
1575854	1576492	USE	
1575885	1576492	USE	
1575894	1576492	USE	
1575950	1576492	USE	
1575959	1576492	USE	
1576016	1576493	USE	
1576018	1576493	USE	
1576081	1576494	USE	
1576086	1576494	USE	
1576335	1576495	USE	
1576336	1576495	USE	
1575644	1576496	DEF	
1575645	1576496	DEF	
1576097	1576496	DEF	
1576098	1576496	DEF	
1576151	1576496	USE	
1576183	1576496	DEF	
1576184	1576496	DEF	
1576214	1576496	USE	
1576343	1576496	DEF	
1576344	1576496	DEF	
1576363	1576496	USE	
1575660	1576497	USE	
1575669	1576497	USE	
1575674	1576497	USE	
1575864	1576497	USE	
1575921	1576497	USE	
1575988	1576497	USE	
1575989	1576497	USE	
1576097	1576497	USE	
1576142	1576497	USE	
1576183	1576497	USE	
1576205	1576497	USE	
1576158	1576498	USE	
1576167	1576498	USE	
1576221	1576498	USE	
1576230	1576498	USE	
1576370	1576498	USE	
1576379	1576498	USE	
1576421	1576498	USE	
1576430	1576498	USE	
1575648	1576499	DEF	
1575649	1576499	DEF	
1575660	1576499	USE	
1575671	1576499	USE	
1575679	1576499	USE	
1575688	1576499	USE	
1575725	1576500	DEF	
1575726	1576500	DEF	
1576309	1576501	USE	
1576313	1576501	USE	
1576317	1576501	USE	
1575725	1576502	USE	
1575726	1576502	USE	
1576097	1576503	USE	
1576104	1576503	USE	
1576388	1576504	USE	
1576397	1576504	USE	
1575679	1576505	USE	
1575684	1576505	USE	
1576056	1576505	USE	
1576061	1576505	USE	
1576158	1576505	USE	
1576163	1576505	USE	
1576221	1576505	USE	
1576226	1576505	USE	
1576370	1576505	USE	
1576375	1576505	USE	
1576388	1576505	USE	
1576393	1576505	USE	
1576421	1576505	USE	
1576426	1576505	USE	
1576441	1576505	USE	
1576446	1576505	USE	
1576097	1576506	USE	
1576110	1576506	USE	
1576343	1576507	USE	
1576344	1576507	USE	
1575690	1576508	USE	
1575695	1576508	USE	
1576090	1576508	USE	
1576095	1576508	USE	
1576470	1576508	USE	
1575864	1576509	USE	
1576183	1576510	USE	
1576195	1576510	USE	
1576038	1576511	USE	
1576050	1576511	USE	
1576459	1576512	USE	
1576309	1576513	USE	
1576318	1576513	USE	
1575777	1576514	USE	
1575785	1576514	USE	
1575731	1576515	USE	
1575732	1576515	USE	
1576183	1576516	USE	
1576199	1576516	USE	
1576343	1576516	USE	
1576350	1576516	USE	
1575636	1576517	DEF	
1575637	1576517	DEF	
1575660	1576517	DEF	
1575661	1576517	DEF	
1575674	1576517	USE	
1576038	1576517	USE	
1576046	1576517	USE	
1576097	1576517	USE	
1576146	1576517	USE	
1576158	1576517	USE	
1576172	1576517	USE	
1576176	1576517	USE	
1576181	1576517	USE	
1576183	1576517	USE	
1576209	1576517	USE	
1576221	1576517	USE	
1576235	1576517	USE	
1576343	1576517	USE	
1576360	1576517	USE	
1576370	1576517	USE	
1576384	1576517	USE	
1576388	1576517	USE	
1576402	1576517	USE	
1576404	1576517	USE	
1576411	1576517	USE	
1576421	1576517	USE	
1576435	1576517	USE	
1576452	1576517	USE	
1576457	1576517	USE	
1576463	1576517	USE	
1576468	1576517	USE	
1576097	1576518	USE	
1576098	1576518	USE	
1575705	1576519	DEF	
1575706	1576519	DEF	
1575725	1576519	DEF	
1575726	1576519	DEF	
1575725	1576519	USE	
1575727	1576519	USE	
1575731	1576519	DEF	
1575732	1576519	DEF	
1575731	1576519	USE	
1575734	1576519	USE	
1575733	1576519	USE	
1575744	1576519	USE	
1575746	1576519	USE	
1575744	1576519	DEF	
1575745	1576519	DEF	
1575660	1576520	USE	
1575667	1576520	USE	
1575760	1576521	USE	
1575770	1576521	USE	
1576097	1576522	USE	
1576106	1576522	USE	
1576097	1576523	USE	
1576108	1576523	USE	
1575731	1576524	DEF	
1575732	1576524	DEF	
1576016	1576525	USE	
1575632	1576526	DEF	
1575633	1576526	DEF	
1576016	1576526	DEF	
1576018	1576526	DEF	
1576033	1576526	USE	
1576404	1576526	DEF	
1576405	1576526	DEF	
1576414	1576526	USE	
1576441	1576526	USE	
1576450	1576526	USE	
1575777	1576527	USE	
1575731	1576528	USE	
1575733	1576528	USE	
1575731	1576528	DEF	
1575732	1576528	DEF	
1575906	1576529	USE	
1575910	1576529	USE	
1576322	1576530	DEF	
1576323	1576530	DEF	
1576247	1576531	DEF	
1576251	1576531	DEF	
1576248	1576531	DEF	
1576322	1576532	DEF	
1576326	1576532	DEF	
1575716	1576533	DEF	
1575717	1576533	DEF	
1575797	1576533	USE	
1575802	1576533	USE	
1575819	1576533	USE	
1575826	1576533	USE	
1575833	1576533	USE	
1575876	1576533	USE	
1575881	1576533	USE	
1575885	1576533	USE	
1575899	1576533	USE	
1575892	1576533	USE	
1575926	1576533	USE	
1575931	1576533	USE	
1575950	1576533	USE	
1575964	1576533	USE	
1575957	1576533	USE	
1575968	1576533	USE	
1575973	1576533	USE	
1575992	1576533	USE	
1575997	1576533	USE	
1575716	1576534	DEF	
1575721	1576534	DEF	
1575806	1576534	USE	
1575811	1576534	USE	
1575854	1576534	USE	
1575860	1576534	USE	
1575839	1576534	USE	
1575846	1576534	USE	
1575864	1576534	USE	
1575870	1576534	USE	
1575906	1576534	USE	
1575916	1576534	USE	
1576097	1576535	USE	
1576124	1576535	USE	
1575906	1576536	DEF	
1575910	1576536	DEF	
1575907	1576536	DEF	
1575921	1576536	USE	
1575926	1576536	USE	
1575937	1576536	USE	
1575940	1576536	USE	
1575947	1576536	USE	
1575968	1576536	USE	
1575979	1576536	USE	
1575981	1576536	USE	
1575986	1576536	USE	
1575988	1576536	DEF	
1575989	1576536	DEF	
1575660	1576537	USE	
1575661	1576537	USE	
1576343	1576538	USE	
1576356	1576538	USE	
1576309	1576539	DEF	
1576313	1576539	DEF	
1576310	1576539	DEF	
1576335	1576539	USE	
1576337	1576539	USE	
1576335	1576540	DEF	
1576336	1576540	DEF	
1576475	1576541	DEF	
1576016	1576541	USE	
1576024	1576541	USE	
1575709	1576542	DEF	
1575710	1576542	DEF	
1575713	1576542	DEF	
1575731	1576542	USE	
1575742	1576542	USE	
1575940	1576543	USE	
1575744	1576544	DEF	
1575745	1576544	DEF	
1575760	1576545	USE	
1575762	1576545	USE	
1575701	1576546	DEF	
1575702	1576546	DEF	
1575760	1576546	DEF	
1575762	1576546	DEF	
1575777	1576546	USE	
1575783	1576546	USE	
1575819	1576546	USE	
1575824	1576546	USE	
1575839	1576546	USE	
1575844	1576546	USE	
1575885	1576546	USE	
1575890	1576546	USE	
1575950	1576546	USE	
1575955	1576546	USE	
1576001	1576546	USE	
1576006	1576546	USE	
1576404	1576547	USE	
1576405	1576547	USE	
1575760	1576548	USE	
1575768	1576548	USE	
1576183	1576549	USE	
1576184	1576549	USE	
1576343	1576550	USE	
1576350	1576550	USE	
1576478	1576016	REACHES	_6a59e8f303876f7fd91cfdb33b285e0f
1576478	1576081	REACHES	_6a59e8f303876f7fd91cfdb33b285e0f
1576240	1576329	REACHES	_02d3b7f9d30c2a108592a530b76111e0
1576038	1576076	REACHES	_a982460aa2f5998d217ddadc89a15a13
1575697	1576076	REACHES	_a982460aa2f5998d217ddadc89a15a13
1575697	1576343	REACHES	_a982460aa2f5998d217ddadc89a15a13
1576038	1576343	REACHES	_a982460aa2f5998d217ddadc89a15a13
1576097	1576151	REACHES	_4bee834b6e0681cb0ec8cbfbf2aa32e2
1576183	1576214	REACHES	_4bee834b6e0681cb0ec8cbfbf2aa32e2
1576343	1576363	REACHES	_4bee834b6e0681cb0ec8cbfbf2aa32e2
1575648	1575660	REACHES	_7f0e812009ddaf9f6b7e6edf39ed83c3
1575648	1575679	REACHES	_7f0e812009ddaf9f6b7e6edf39ed83c3
1575660	1576176	REACHES	_1e8c677e8b658b8e4f8e759619e250fd
1575660	1575674	REACHES	_1e8c677e8b658b8e4f8e759619e250fd
1575660	1576463	REACHES	_1e8c677e8b658b8e4f8e759619e250fd
1575660	1576038	REACHES	_1e8c677e8b658b8e4f8e759619e250fd
1575660	1576097	REACHES	_1e8c677e8b658b8e4f8e759619e250fd
1575660	1576158	REACHES	_1e8c677e8b658b8e4f8e759619e250fd
1575660	1576183	REACHES	_1e8c677e8b658b8e4f8e759619e250fd
1575660	1576388	REACHES	_1e8c677e8b658b8e4f8e759619e250fd
1575660	1576421	REACHES	_1e8c677e8b658b8e4f8e759619e250fd
1575660	1576404	REACHES	_1e8c677e8b658b8e4f8e759619e250fd
1575660	1576221	REACHES	_1e8c677e8b658b8e4f8e759619e250fd
1575660	1576343	REACHES	_1e8c677e8b658b8e4f8e759619e250fd
1575660	1576452	REACHES	_1e8c677e8b658b8e4f8e759619e250fd
1575660	1576370	REACHES	_1e8c677e8b658b8e4f8e759619e250fd
1575705	1575725	REACHES	_864aaf7703500ced7cd918569165ce24
1575725	1575731	REACHES	_864aaf7703500ced7cd918569165ce24
1575731	1575744	REACHES	_864aaf7703500ced7cd918569165ce24
1576016	1576033	REACHES	_b1bb4eb05c10f206fca724cd75144ae5
1576404	1576414	REACHES	_b1bb4eb05c10f206fca724cd75144ae5
1576404	1576441	REACHES	_b1bb4eb05c10f206fca724cd75144ae5
1575716	1575806	REACHES	_1492660038b1188b2c35ca33ad0fa107
1575716	1575797	REACHES	_b8ef332547d38163c240bb9940515a04
1575716	1575819	REACHES	_b8ef332547d38163c240bb9940515a04
1575716	1575950	REACHES	_b8ef332547d38163c240bb9940515a04
1575716	1575854	REACHES	_1492660038b1188b2c35ca33ad0fa107
1575716	1575839	REACHES	_1492660038b1188b2c35ca33ad0fa107
1575716	1575864	REACHES	_1492660038b1188b2c35ca33ad0fa107
1575716	1575876	REACHES	_b8ef332547d38163c240bb9940515a04
1575716	1575992	REACHES	_b8ef332547d38163c240bb9940515a04
1575716	1575885	REACHES	_b8ef332547d38163c240bb9940515a04
1575716	1575906	REACHES	_1492660038b1188b2c35ca33ad0fa107
1575716	1575926	REACHES	_b8ef332547d38163c240bb9940515a04
1575716	1575968	REACHES	_b8ef332547d38163c240bb9940515a04
1575906	1575921	REACHES	_83ef4098e5d29f455050da3ad8989079
1575906	1575926	REACHES	_83ef4098e5d29f455050da3ad8989079
1575906	1575940	REACHES	_83ef4098e5d29f455050da3ad8989079
1575906	1575968	REACHES	_83ef4098e5d29f455050da3ad8989079
1575906	1575981	REACHES	_83ef4098e5d29f455050da3ad8989079
1576309	1576335	REACHES	_6d4a244c8759994fdd1b72ca4bf4c948
1576475	1576016	REACHES	_9a97bf3896e457126600989f13d35b45
1575709	1575731	REACHES	_2921aa76d8ce3249f6f2338b5213685d
1575760	1575777	REACHES	_12323eede49ac97b15796e10fb1cd133
1575760	1575819	REACHES	_12323eede49ac97b15796e10fb1cd133
1575760	1575839	REACHES	_12323eede49ac97b15796e10fb1cd133
1575760	1575885	REACHES	_12323eede49ac97b15796e10fb1cd133
1575760	1575950	REACHES	_12323eede49ac97b15796e10fb1cd133
1575760	1576001	REACHES	_12323eede49ac97b15796e10fb1cd133
1576481	1576475	CONTROLS	
1576481	1576478	CONTROLS	
1576481	1575632	CONTROLS	
1576481	1575636	CONTROLS	
1576481	1575640	CONTROLS	
1576481	1575644	CONTROLS	
1576481	1575648	CONTROLS	
1576481	1575653	CONTROLS	
1576481	1575660	CONTROLS	
1576481	1575674	CONTROLS	
1576481	1575697	CONTROLS	
1576481	1575701	CONTROLS	
1576481	1575705	CONTROLS	
1576481	1575709	CONTROLS	
1576481	1575716	CONTROLS	
1576481	1575725	CONTROLS	
1576481	1575731	CONTROLS	
1576481	1575744	CONTROLS	
1576481	1575756	CONTROLS	
1576481	1576016	CONTROLS	
1576481	1576076	CONTROLS	
1576481	1576097	CONTROLS	
1576481	1576151	CONTROLS	
1575674	1575679	CONTROLS	
1575674	1575690	CONTROLS	
1575756	1575760	CONTROLS	
1575756	1576008	CONTROLS	
1575760	1575777	CONTROLS	
1575760	1576001	CONTROLS	
1575777	1575797	CONTROLS	
1575777	1575806	CONTROLS	
1575777	1575816	CONTROLS	
1575816	1575819	CONTROLS	
1575816	1575839	CONTROLS	
1575816	1575854	CONTROLS	
1575816	1575864	CONTROLS	
1575854	1575839	CONTROLS	
1575864	1575876	CONTROLS	
1575864	1575885	CONTROLS	
1575864	1575903	CONTROLS	
1575864	1575906	CONTROLS	
1575864	1575921	CONTROLS	
1575864	1575992	CONTROLS	
1575864	1575816	CONTROLS	
1575921	1575926	CONTROLS	
1575921	1575940	CONTROLS	
1575921	1575981	CONTROLS	
1575921	1575988	CONTROLS	
1575940	1575950	CONTROLS	
1575940	1575968	CONTROLS	
1576016	1576033	CONTROLS	
1576033	1576036	CONTROLS	
1576033	1576038	CONTROLS	
1576033	1576074	CONTROLS	
1576038	1576056	CONTROLS	
1576038	1576067	CONTROLS	
1576076	1576081	CONTROLS	
1576076	1576090	CONTROLS	
1576151	1576158	CONTROLS	
1576151	1576174	CONTROLS	
1576151	1576461	CONTROLS	
1576151	1576463	CONTROLS	
1576151	1576470	CONTROLS	
1576151	1576176	CONTROLS	
1576151	1576183	CONTROLS	
1576151	1576214	CONTROLS	
1576214	1576221	CONTROLS	
1576214	1576237	CONTROLS	
1576214	1576461	CONTROLS	
1576214	1576463	CONTROLS	
1576214	1576470	CONTROLS	
1576214	1576240	CONTROLS	
1576214	1576247	CONTROLS	
1576214	1576256	CONTROLS	
1576214	1576257	CONTROLS	
1576214	1576258	CONTROLS	
1576214	1576259	CONTROLS	
1576214	1576260	CONTROLS	
1576214	1576261	CONTROLS	
1576214	1576262	CONTROLS	
1576214	1576263	CONTROLS	
1576214	1576264	CONTROLS	
1576214	1576265	CONTROLS	
1576214	1576268	CONTROLS	
1576214	1576269	CONTROLS	
1576214	1576270	CONTROLS	
1576214	1576271	CONTROLS	
1576214	1576272	CONTROLS	
1576214	1576273	CONTROLS	
1576214	1576275	CONTROLS	
1576214	1576276	CONTROLS	
1576214	1576277	CONTROLS	
1576214	1576278	CONTROLS	
1576214	1576279	CONTROLS	
1576214	1576280	CONTROLS	
1576214	1576282	CONTROLS	
1576214	1576283	CONTROLS	
1576214	1576284	CONTROLS	
1576214	1576285	CONTROLS	
1576214	1576286	CONTROLS	
1576214	1576287	CONTROLS	
1576214	1576289	CONTROLS	
1576214	1576290	CONTROLS	
1576214	1576291	CONTROLS	
1576214	1576292	CONTROLS	
1576214	1576293	CONTROLS	
1576214	1576294	CONTROLS	
1576214	1576296	CONTROLS	
1576214	1576297	CONTROLS	
1576214	1576298	CONTROLS	
1576214	1576299	CONTROLS	
1576214	1576300	CONTROLS	
1576214	1576301	CONTROLS	
1576214	1576302	CONTROLS	
1576214	1576309	CONTROLS	
1576214	1576322	CONTROLS	
1576214	1576329	CONTROLS	
1576214	1576335	CONTROLS	
1576214	1576343	CONTROLS	
1576214	1576363	CONTROLS	
1576363	1576370	CONTROLS	
1576363	1576386	CONTROLS	
1576363	1576461	CONTROLS	
1576363	1576463	CONTROLS	
1576363	1576470	CONTROLS	
1576363	1576388	CONTROLS	
1576363	1576404	CONTROLS	
1576363	1576414	CONTROLS	
1576414	1576421	CONTROLS	
1576414	1576437	CONTROLS	
1576414	1576461	CONTROLS	
1576414	1576463	CONTROLS	
1576414	1576470	CONTROLS	
1576414	1576441	CONTROLS	
1576414	1576452	CONTROLS	
1576414	1576459	CONTROLS	
1575854	1575864	DOM	
1575864	1575906	DOM	
1576076	1576097	DOM	
1576285	1576286	DOM	
1576322	1576329	DOM	
1576343	1576363	DOM	
1575839	1575854	DOM	
1576452	1576459	DOM	
1575716	1575725	DOM	
1575648	1575653	DOM	
1576441	1576452	DOM	
1576258	1576259	DOM	
1576260	1576261	DOM	
1576287	1576289	DOM	
1575921	1575992	DOM	
1576481	1576475	DOM	
1575701	1575705	DOM	
1575777	1576001	DOM	
1576302	1576309	DOM	
1576293	1576294	DOM	
1575885	1575903	DOM	
1576278	1576279	DOM	
1575725	1575731	DOM	
1576264	1576265	DOM	
1576151	1576158	DOM	
1575940	1575981	DOM	
1576463	1576470	DOM	
1576280	1576282	DOM	
1575864	1575876	DOM	
1575816	1575819	DOM	
1575950	1575968	DOM	
1576290	1576291	DOM	
1575709	1575716	DOM	
1575940	1575950	DOM	
1576363	1576370	DOM	
1576151	1576176	DOM	
1576283	1576284	DOM	
1575705	1575709	DOM	
1576247	1576256	DOM	
1576475	1576478	DOM	
1575660	1575674	DOM	
1576272	1576273	DOM	
1576277	1576278	DOM	
1575640	1575644	DOM	
1576294	1576296	DOM	
1576335	1576343	DOM	
1576270	1576271	DOM	
1575674	1575697	DOM	
1576221	1576237	DOM	
1576275	1576276	DOM	
1576289	1576290	DOM	
1576282	1576283	DOM	
1576016	1576076	DOM	
1575756	1576016	DOM	
1575756	1575760	DOM	
1575760	1576008	DOM	
1576265	1576268	DOM	
1576257	1576258	DOM	
1576363	1576388	DOM	
1575760	1575777	DOM	
1576301	1576302	DOM	
1576414	1576421	DOM	
1576421	1576437	DOM	
1576269	1576270	DOM	
1576296	1576297	DOM	
1576279	1576280	DOM	
1575806	1575816	DOM	
1575697	1575701	DOM	
1576404	1576414	DOM	
1576036	1576038	DOM	
1576291	1576292	DOM	
1575679	1575690	DOM	
1575744	1575756	DOM	
1576284	1576285	DOM	
1576038	1576074	DOM	
1576268	1576269	DOM	
1576297	1576298	DOM	
1576299	1576300	DOM	
1576370	1576386	DOM	
1576300	1576301	DOM	
1576273	1576275	DOM	
1576033	1576036	DOM	
1576309	1576322	DOM	
1576481	1576481	DOM	
1575777	1575797	DOM	
1576158	1576174	DOM	
1576214	1576221	DOM	
1575632	1575636	DOM	
1576056	1576067	DOM	
1576263	1576264	DOM	
1575636	1575640	DOM	
1576214	1576240	DOM	
1576176	1576183	DOM	
1576261	1576262	DOM	
1576151	1576461	DOM	
1575644	1575648	DOM	
1575674	1575679	DOM	
1575981	1575988	DOM	
1575797	1575806	DOM	
1575653	1575660	DOM	
1576414	1576441	DOM	
1576183	1576214	DOM	
1576151	1576482	DOM	
1576081	1576090	DOM	
1576240	1576247	DOM	
1576276	1576277	DOM	
1575921	1575926	DOM	
1575906	1575921	DOM	
1576076	1576081	DOM	
1576461	1576463	DOM	
1575731	1575744	DOM	
1576329	1576335	DOM	
1576256	1576257	DOM	
1576097	1576151	DOM	
1576259	1576260	DOM	
1576286	1576287	DOM	
1576478	1575632	DOM	
1575926	1575940	DOM	
1576271	1576272	DOM	
1576262	1576263	DOM	
1576298	1576299	DOM	
1575876	1575885	DOM	
1576016	1576033	DOM	
1576038	1576056	DOM	
1575819	1575839	DOM	
1576292	1576293	DOM	
1576388	1576404	DOM	
1576001	1575864	POST_DOM	
1576151	1576097	POST_DOM	
1575921	1575906	POST_DOM	
1576287	1576286	POST_DOM	
1576335	1576329	POST_DOM	
1576482	1576363	POST_DOM	
1575864	1575854	POST_DOM	
1576482	1576459	POST_DOM	
1575731	1575725	POST_DOM	
1576459	1576452	POST_DOM	
1575660	1575653	POST_DOM	
1576260	1576259	POST_DOM	
1576290	1576289	POST_DOM	
1576262	1576261	POST_DOM	
1575816	1575992	POST_DOM	
1576478	1576475	POST_DOM	
1575709	1575705	POST_DOM	
1576322	1576309	POST_DOM	
1576008	1576001	POST_DOM	
1576296	1576294	POST_DOM	
1576280	1576279	POST_DOM	
1576001	1575903	POST_DOM	
1575744	1575731	POST_DOM	
1576268	1576265	POST_DOM	
1576174	1576158	POST_DOM	
1575988	1575981	POST_DOM	
1576482	1576470	POST_DOM	
1576283	1576282	POST_DOM	
1575885	1575876	POST_DOM	
1575839	1575819	POST_DOM	
1575940	1575968	POST_DOM	
1576292	1576291	POST_DOM	
1575725	1575716	POST_DOM	
1575968	1575950	POST_DOM	
1576386	1576370	POST_DOM	
1576183	1576176	POST_DOM	
1576285	1576284	POST_DOM	
1575716	1575709	POST_DOM	
1576257	1576256	POST_DOM	
1575632	1576478	POST_DOM	
1575697	1575674	POST_DOM	
1576275	1576273	POST_DOM	
1576279	1576278	POST_DOM	
1575648	1575644	POST_DOM	
1576363	1576343	POST_DOM	
1576297	1576296	POST_DOM	
1576272	1576271	POST_DOM	
1575701	1575697	POST_DOM	
1576461	1576237	POST_DOM	
1576277	1576276	POST_DOM	
1576291	1576290	POST_DOM	
1576284	1576283	POST_DOM	
1576097	1576076	POST_DOM	
1576076	1576016	POST_DOM	
1576269	1576268	POST_DOM	
1575756	1576008	POST_DOM	
1576008	1575760	POST_DOM	
1576259	1576258	POST_DOM	
1576404	1576388	POST_DOM	
1576001	1575777	POST_DOM	
1576309	1576302	POST_DOM	
1576437	1576421	POST_DOM	
1576461	1576437	POST_DOM	
1576298	1576297	POST_DOM	
1576271	1576270	POST_DOM	
1576282	1576280	POST_DOM	
1576001	1575816	POST_DOM	
1575705	1575701	POST_DOM	
1576482	1576414	POST_DOM	
1576293	1576292	POST_DOM	
1576074	1576038	POST_DOM	
1575697	1575690	POST_DOM	
1576286	1576285	POST_DOM	
1576016	1575756	POST_DOM	
1576016	1576074	POST_DOM	
1576299	1576298	POST_DOM	
1576270	1576269	POST_DOM	
1576301	1576300	POST_DOM	
1576461	1576386	POST_DOM	
1576302	1576301	POST_DOM	
1576276	1576275	POST_DOM	
1576329	1576322	POST_DOM	
1576038	1576036	POST_DOM	
1576475	1576481	POST_DOM	
1575806	1575797	POST_DOM	
1576461	1576174	POST_DOM	
1576237	1576221	POST_DOM	
1576265	1576264	POST_DOM	
1575640	1575636	POST_DOM	
1576074	1576067	POST_DOM	
1575644	1575640	POST_DOM	
1576247	1576240	POST_DOM	
1576214	1576183	POST_DOM	
1576263	1576262	POST_DOM	
1576463	1576461	POST_DOM	
1575653	1575648	POST_DOM	
1575690	1575679	POST_DOM	
1575992	1575988	POST_DOM	
1575816	1575806	POST_DOM	
1575674	1575660	POST_DOM	
1576452	1576441	POST_DOM	
1576482	1576214	POST_DOM	
1576482	1576482	POST_DOM	
1576097	1576090	POST_DOM	
1576256	1576247	POST_DOM	
1576278	1576277	POST_DOM	
1575940	1575926	POST_DOM	
1575992	1575921	POST_DOM	
1576090	1576081	POST_DOM	
1576470	1576463	POST_DOM	
1576343	1576335	POST_DOM	
1575756	1575744	POST_DOM	
1576258	1576257	POST_DOM	
1576482	1576151	POST_DOM	
1576289	1576287	POST_DOM	
1576261	1576260	POST_DOM	
1575636	1575632	POST_DOM	
1576273	1576272	POST_DOM	
1575981	1575940	POST_DOM	
1576264	1576263	POST_DOM	
1576300	1576299	POST_DOM	
1575903	1575885	POST_DOM	
1576016	1576033	POST_DOM	
1576067	1576056	POST_DOM	
1576414	1576404	POST_DOM	
1576294	1576293	POST_DOM	
1575854	1575839	POST_DOM	
1575629	1575630	IS_FUNCTION_OF_AST	
1575629	1576481	IS_FUNCTION_OF_CFG	
1575624	1575629	IS_FILE_OF	
1576555	1576556	IS_AST_PARENT	
1576555	1576557	IS_AST_PARENT	
1576558	1576559	IS_AST_PARENT	
1576558	1576560	IS_AST_PARENT	
1576555	1576558	IS_AST_PARENT	
1576554	1576555	IS_AST_PARENT	
1576553	1576554	IS_AST_PARENT	
1576562	1576563	IS_AST_PARENT	
1576562	1576564	IS_AST_PARENT	
1576565	1576566	IS_AST_PARENT	
1576567	1576568	IS_AST_PARENT	
1576567	1576569	IS_AST_PARENT	
1576565	1576567	IS_AST_PARENT	
1576562	1576565	IS_AST_PARENT	
1576561	1576562	IS_AST_PARENT	
1576553	1576561	IS_AST_PARENT	
1576553	1576570	IS_AST_PARENT	
1576553	1576571	IS_AST_PARENT	
1576553	1576572	IS_AST_PARENT	
1576553	1576573	IS_AST_PARENT	
1576553	1576574	IS_AST_PARENT	
1576553	1576575	IS_AST_PARENT	
1576553	1576576	IS_AST_PARENT	
1576553	1576577	IS_AST_PARENT	
1576553	1576578	IS_AST_PARENT	
1576580	1576581	IS_AST_PARENT	
1576580	1576582	IS_AST_PARENT	
1576580	1576583	IS_AST_PARENT	
1576580	1576584	IS_AST_PARENT	
1576580	1576585	IS_AST_PARENT	
1576580	1576586	IS_AST_PARENT	
1576580	1576587	IS_AST_PARENT	
1576580	1576588	IS_AST_PARENT	
1576580	1576589	IS_AST_PARENT	
1576579	1576580	IS_AST_PARENT	
1576579	1576590	IS_AST_PARENT	
1576591	1576592	IS_AST_PARENT	
1576591	1576593	IS_AST_PARENT	
1576591	1576594	IS_AST_PARENT	
1576591	1576595	IS_AST_PARENT	
1576591	1576596	IS_AST_PARENT	
1576591	1576597	IS_AST_PARENT	
1576591	1576598	IS_AST_PARENT	
1576591	1576599	IS_AST_PARENT	
1576591	1576600	IS_AST_PARENT	
1576579	1576591	IS_AST_PARENT	
1576579	1576601	IS_AST_PARENT	
1576602	1576603	IS_AST_PARENT	
1576602	1576604	IS_AST_PARENT	
1576602	1576605	IS_AST_PARENT	
1576602	1576606	IS_AST_PARENT	
1576602	1576607	IS_AST_PARENT	
1576602	1576608	IS_AST_PARENT	
1576602	1576609	IS_AST_PARENT	
1576602	1576610	IS_AST_PARENT	
1576602	1576611	IS_AST_PARENT	
1576579	1576602	IS_AST_PARENT	
1576579	1576612	IS_AST_PARENT	
1576613	1576614	IS_AST_PARENT	
1576613	1576615	IS_AST_PARENT	
1576613	1576616	IS_AST_PARENT	
1576613	1576617	IS_AST_PARENT	
1576613	1576618	IS_AST_PARENT	
1576613	1576619	IS_AST_PARENT	
1576613	1576620	IS_AST_PARENT	
1576613	1576621	IS_AST_PARENT	
1576613	1576622	IS_AST_PARENT	
1576579	1576613	IS_AST_PARENT	
1576553	1576579	IS_AST_PARENT	
1576553	1576623	IS_AST_PARENT	
1576625	1576626	IS_AST_PARENT	
1576625	1576627	IS_AST_PARENT	
1576624	1576625	IS_AST_PARENT	
1576628	1576629	IS_AST_PARENT	
1576628	1576630	IS_AST_PARENT	
1576624	1576628	IS_AST_PARENT	
1576553	1576624	IS_AST_PARENT	
1576633	1576634	IS_AST_PARENT	
1576633	1576635	IS_AST_PARENT	
1576632	1576633	IS_AST_PARENT	
1576637	1576638	IS_AST_PARENT	
1576637	1576639	IS_AST_PARENT	
1576636	1576637	IS_AST_PARENT	
1576640	1576641	IS_AST_PARENT	
1576640	1576642	IS_AST_PARENT	
1576636	1576640	IS_AST_PARENT	
1576632	1576636	IS_AST_PARENT	
1576631	1576632	IS_AST_PARENT	
1576553	1576631	IS_AST_PARENT	
1576645	1576646	IS_AST_PARENT	
1576645	1576647	IS_AST_PARENT	
1576644	1576645	IS_AST_PARENT	
1576643	1576644	IS_AST_PARENT	
1576649	1576650	IS_AST_PARENT	
1576649	1576651	IS_AST_PARENT	
1576648	1576649	IS_AST_PARENT	
1576643	1576648	IS_AST_PARENT	
1576652	1576653	IS_AST_PARENT	
1576652	1576654	IS_AST_PARENT	
1576643	1576652	IS_AST_PARENT	
1576657	1576658	IS_AST_PARENT	
1576657	1576659	IS_AST_PARENT	
1576660	1576661	IS_AST_PARENT	
1576662	1576663	IS_AST_PARENT	
1576662	1576664	IS_AST_PARENT	
1576660	1576662	IS_AST_PARENT	
1576657	1576660	IS_AST_PARENT	
1576656	1576657	IS_AST_PARENT	
1576655	1576656	IS_AST_PARENT	
1576666	1576667	IS_AST_PARENT	
1576666	1576668	IS_AST_PARENT	
1576669	1576670	IS_AST_PARENT	
1576671	1576672	IS_AST_PARENT	
1576671	1576673	IS_AST_PARENT	
1576669	1576671	IS_AST_PARENT	
1576666	1576669	IS_AST_PARENT	
1576665	1576666	IS_AST_PARENT	
1576655	1576665	IS_AST_PARENT	
1576675	1576676	IS_AST_PARENT	
1576675	1576677	IS_AST_PARENT	
1576678	1576679	IS_AST_PARENT	
1576680	1576681	IS_AST_PARENT	
1576680	1576682	IS_AST_PARENT	
1576678	1576680	IS_AST_PARENT	
1576675	1576678	IS_AST_PARENT	
1576674	1576675	IS_AST_PARENT	
1576655	1576674	IS_AST_PARENT	
1576684	1576685	IS_AST_PARENT	
1576686	1576687	IS_AST_PARENT	
1576686	1576688	IS_AST_PARENT	
1576684	1576686	IS_AST_PARENT	
1576683	1576684	IS_AST_PARENT	
1576655	1576683	IS_AST_PARENT	
1576691	1576692	IS_AST_PARENT	
1576691	1576693	IS_AST_PARENT	
1576690	1576691	IS_AST_PARENT	
1576694	1576695	IS_AST_PARENT	
1576697	1576698	IS_AST_PARENT	
1576697	1576699	IS_AST_PARENT	
1576696	1576697	IS_AST_PARENT	
1576696	1576700	IS_AST_PARENT	
1576694	1576696	IS_AST_PARENT	
1576690	1576694	IS_AST_PARENT	
1576689	1576690	IS_AST_PARENT	
1576655	1576689	IS_AST_PARENT	
1576702	1576703	IS_AST_PARENT	
1576704	1576705	IS_AST_PARENT	
1576704	1576706	IS_AST_PARENT	
1576702	1576704	IS_AST_PARENT	
1576701	1576702	IS_AST_PARENT	
1576655	1576701	IS_AST_PARENT	
1576643	1576655	IS_AST_PARENT	
1576553	1576643	IS_AST_PARENT	
1576710	1576711	IS_AST_PARENT	
1576712	1576713	IS_AST_PARENT	
1576712	1576714	IS_AST_PARENT	
1576710	1576712	IS_AST_PARENT	
1576709	1576710	IS_AST_PARENT	
1576709	1576715	IS_AST_PARENT	
1576708	1576709	IS_AST_PARENT	
1576707	1576708	IS_AST_PARENT	
1576718	1576719	IS_AST_PARENT	
1576718	1576720	IS_AST_PARENT	
1576721	1576722	IS_AST_PARENT	
1576721	1576723	IS_AST_PARENT	
1576718	1576721	IS_AST_PARENT	
1576717	1576718	IS_AST_PARENT	
1576716	1576717	IS_AST_PARENT	
1576724	1576725	IS_AST_PARENT	
1576716	1576724	IS_AST_PARENT	
1576707	1576716	IS_AST_PARENT	
1576729	1576730	IS_AST_PARENT	
1576729	1576731	IS_AST_PARENT	
1576732	1576733	IS_AST_PARENT	
1576734	1576735	IS_AST_PARENT	
1576734	1576736	IS_AST_PARENT	
1576732	1576734	IS_AST_PARENT	
1576729	1576732	IS_AST_PARENT	
1576728	1576729	IS_AST_PARENT	
1576727	1576728	IS_AST_PARENT	
1576738	1576739	IS_AST_PARENT	
1576738	1576740	IS_AST_PARENT	
1576741	1576742	IS_AST_PARENT	
1576743	1576744	IS_AST_PARENT	
1576743	1576745	IS_AST_PARENT	
1576741	1576743	IS_AST_PARENT	
1576738	1576741	IS_AST_PARENT	
1576737	1576738	IS_AST_PARENT	
1576727	1576737	IS_AST_PARENT	
1576747	1576748	IS_AST_PARENT	
1576747	1576749	IS_AST_PARENT	
1576750	1576751	IS_AST_PARENT	
1576752	1576753	IS_AST_PARENT	
1576752	1576754	IS_AST_PARENT	
1576750	1576752	IS_AST_PARENT	
1576747	1576750	IS_AST_PARENT	
1576746	1576747	IS_AST_PARENT	
1576727	1576746	IS_AST_PARENT	
1576757	1576758	IS_AST_PARENT	
1576757	1576759	IS_AST_PARENT	
1576756	1576757	IS_AST_PARENT	
1576762	1576763	IS_AST_PARENT	
1576765	1576766	IS_AST_PARENT	
1576765	1576767	IS_AST_PARENT	
1576764	1576765	IS_AST_PARENT	
1576764	1576768	IS_AST_PARENT	
1576762	1576764	IS_AST_PARENT	
1576761	1576762	IS_AST_PARENT	
1576769	1576770	IS_AST_PARENT	
1576769	1576771	IS_AST_PARENT	
1576761	1576769	IS_AST_PARENT	
1576760	1576761	IS_AST_PARENT	
1576760	1576772	IS_AST_PARENT	
1576756	1576760	IS_AST_PARENT	
1576755	1576756	IS_AST_PARENT	
1576727	1576755	IS_AST_PARENT	
1576775	1576776	IS_AST_PARENT	
1576775	1576777	IS_AST_PARENT	
1576774	1576775	IS_AST_PARENT	
1576778	1576779	IS_AST_PARENT	
1576778	1576780	IS_AST_PARENT	
1576774	1576778	IS_AST_PARENT	
1576773	1576774	IS_AST_PARENT	
1576727	1576773	IS_AST_PARENT	
1576783	1576784	IS_AST_PARENT	
1576783	1576785	IS_AST_PARENT	
1576782	1576783	IS_AST_PARENT	
1576782	1576786	IS_AST_PARENT	
1576781	1576782	IS_AST_PARENT	
1576727	1576781	IS_AST_PARENT	
1576787	1576788	IS_AST_PARENT	
1576727	1576787	IS_AST_PARENT	
1576726	1576727	IS_AST_PARENT	
1576707	1576726	IS_AST_PARENT	
1576553	1576707	IS_AST_PARENT	
1576552	1576553	IS_AST_PARENT	
1576552	1576789	IS_AST_PARENT	
1576552	1576790	IS_AST_PARENT	
1576792	1576793	IS_AST_PARENT	
1576792	1576794	IS_AST_PARENT	
1576791	1576792	IS_AST_PARENT	
1576795	1576796	IS_AST_PARENT	
1576795	1576797	IS_AST_PARENT	
1576791	1576795	IS_AST_PARENT	
1576798	1576799	IS_AST_PARENT	
1576798	1576800	IS_AST_PARENT	
1576791	1576798	IS_AST_PARENT	
1576552	1576791	IS_AST_PARENT	
1576801	1576792	FLOWS_TO	
1576792	1576795	FLOWS_TO	
1576795	1576798	FLOWS_TO	
1576798	1576554	FLOWS_TO	
1576554	1576561	FLOWS_TO	
1576561	1576570	FLOWS_TO	
1576570	1576571	FLOWS_TO	
1576571	1576572	FLOWS_TO	
1576572	1576573	FLOWS_TO	
1576573	1576574	FLOWS_TO	
1576574	1576575	FLOWS_TO	
1576575	1576576	FLOWS_TO	
1576576	1576577	FLOWS_TO	
1576577	1576578	FLOWS_TO	
1576578	1576581	FLOWS_TO	
1576581	1576582	FLOWS_TO	
1576582	1576583	FLOWS_TO	
1576583	1576584	FLOWS_TO	
1576584	1576585	FLOWS_TO	
1576585	1576586	FLOWS_TO	
1576586	1576587	FLOWS_TO	
1576587	1576588	FLOWS_TO	
1576588	1576589	FLOWS_TO	
1576589	1576590	FLOWS_TO	
1576590	1576592	FLOWS_TO	
1576592	1576593	FLOWS_TO	
1576593	1576594	FLOWS_TO	
1576594	1576595	FLOWS_TO	
1576595	1576596	FLOWS_TO	
1576596	1576597	FLOWS_TO	
1576597	1576598	FLOWS_TO	
1576598	1576599	FLOWS_TO	
1576599	1576600	FLOWS_TO	
1576600	1576601	FLOWS_TO	
1576601	1576603	FLOWS_TO	
1576603	1576604	FLOWS_TO	
1576604	1576605	FLOWS_TO	
1576605	1576606	FLOWS_TO	
1576606	1576607	FLOWS_TO	
1576607	1576608	FLOWS_TO	
1576608	1576609	FLOWS_TO	
1576609	1576610	FLOWS_TO	
1576610	1576611	FLOWS_TO	
1576611	1576612	FLOWS_TO	
1576612	1576614	FLOWS_TO	
1576614	1576615	FLOWS_TO	
1576615	1576616	FLOWS_TO	
1576616	1576617	FLOWS_TO	
1576617	1576618	FLOWS_TO	
1576618	1576619	FLOWS_TO	
1576619	1576620	FLOWS_TO	
1576620	1576621	FLOWS_TO	
1576621	1576622	FLOWS_TO	
1576622	1576623	FLOWS_TO	
1576623	1576624	FLOWS_TO	
1576624	1576631	FLOWS_TO	
1576631	1576644	FLOWS_TO	
1576648	1576656	FLOWS_TO	
1576648	1576708	FLOWS_TO	
1576644	1576648	FLOWS_TO	
1576652	1576648	FLOWS_TO	
1576656	1576665	FLOWS_TO	
1576665	1576674	FLOWS_TO	
1576674	1576683	FLOWS_TO	
1576683	1576689	FLOWS_TO	
1576689	1576701	FLOWS_TO	
1576701	1576652	FLOWS_TO	
1576708	1576717	FLOWS_TO	
1576708	1576728	FLOWS_TO	
1576717	1576724	FLOWS_TO	
1576724	1576802	FLOWS_TO	
1576728	1576737	FLOWS_TO	
1576737	1576746	FLOWS_TO	
1576746	1576755	FLOWS_TO	
1576755	1576773	FLOWS_TO	
1576773	1576781	FLOWS_TO	
1576781	1576787	FLOWS_TO	
1576787	1576802	FLOWS_TO	
1576674	1576803	DEF	
1576675	1576803	DEF	
1576678	1576803	DEF	
1576689	1576803	USE	
1576691	1576803	USE	
1576737	1576804	DEF	
1576738	1576804	DEF	
1576741	1576804	DEF	
1576773	1576804	USE	
1576775	1576804	USE	
1576781	1576804	USE	
1576782	1576804	USE	
1576561	1576805	USE	
1576565	1576805	USE	
1576683	1576805	USE	
1576684	1576805	USE	
1576746	1576806	USE	
1576750	1576806	USE	
1576689	1576807	USE	
1576697	1576807	USE	
1576689	1576808	USE	
1576690	1576808	USE	
1576696	1576808	USE	
1576795	1576809	DEF	
1576708	1576809	USE	
1576755	1576809	USE	
1576756	1576809	USE	
1576787	1576809	USE	
1576554	1576810	DEF	
1576558	1576810	DEF	
1576555	1576810	DEF	
1576773	1576811	USE	
1576774	1576811	USE	
1576728	1576812	DEF	
1576732	1576812	DEF	
1576729	1576812	DEF	
1576755	1576812	USE	
1576756	1576812	USE	
1576624	1576813	DEF	
1576625	1576813	DEF	
1576624	1576814	DEF	
1576628	1576814	DEF	
1576631	1576815	DEF	
1576632	1576815	DEF	
1576755	1576815	DEF	
1576756	1576815	DEF	
1576781	1576816	DEF	
1576782	1576816	DEF	
1576798	1576817	DEF	
1576648	1576817	USE	
1576644	1576817	DEF	
1576645	1576817	DEF	
1576652	1576817	DEF	
1576652	1576817	USE	
1576755	1576817	USE	
1576756	1576817	USE	
1576656	1576818	DEF	
1576657	1576818	DEF	
1576660	1576818	DEF	
1576674	1576819	USE	
1576678	1576819	USE	
1576701	1576819	USE	
1576702	1576819	USE	
1576737	1576819	USE	
1576741	1576819	USE	
1576717	1576820	DEF	
1576721	1576820	DEF	
1576718	1576820	DEF	
1576724	1576820	USE	
1576561	1576821	DEF	
1576562	1576821	DEF	
1576565	1576821	DEF	
1576631	1576821	USE	
1576633	1576821	USE	
1576683	1576821	DEF	
1576684	1576821	DEF	
1576755	1576821	USE	
1576757	1576821	USE	
1576792	1576822	DEF	
1576665	1576823	DEF	
1576669	1576823	DEF	
1576666	1576823	DEF	
1576701	1576823	DEF	
1576702	1576823	DEF	
1576689	1576824	DEF	
1576690	1576824	DEF	
1576746	1576825	DEF	
1576747	1576825	DEF	
1576750	1576825	DEF	
1576781	1576825	USE	
1576783	1576825	USE	
1576773	1576826	DEF	
1576774	1576826	DEF	
1576674	1576689	REACHES	_79defcae15c7275c1fbea0488290b472
1576737	1576773	REACHES	_a8026afbddef213fcda3a6cf98859700
1576737	1576781	REACHES	_a8026afbddef213fcda3a6cf98859700
1576795	1576708	REACHES	_404f816496f5baa40cbfa2d901ea9e93
1576795	1576755	REACHES	_404f816496f5baa40cbfa2d901ea9e93
1576795	1576787	REACHES	_404f816496f5baa40cbfa2d901ea9e93
1576728	1576755	REACHES	_67aff42c63fda4fefd2f419815a46035
1576652	1576648	REACHES	_1e36791453da14d7d828edf13a32c1bf
1576644	1576648	REACHES	_1e36791453da14d7d828edf13a32c1bf
1576652	1576652	REACHES	_1e36791453da14d7d828edf13a32c1bf
1576644	1576652	REACHES	_1e36791453da14d7d828edf13a32c1bf
1576652	1576755	REACHES	_1e36791453da14d7d828edf13a32c1bf
1576644	1576755	REACHES	_1e36791453da14d7d828edf13a32c1bf
1576717	1576724	REACHES	_48ea1181d339041d3656bcabd8db93f4
1576561	1576631	REACHES	_e7ce0c1590639c73c7e55ec51cfadf2a
1576561	1576755	REACHES	_e7ce0c1590639c73c7e55ec51cfadf2a
1576683	1576755	REACHES	_e7ce0c1590639c73c7e55ec51cfadf2a
1576746	1576781	REACHES	_8d917eceee1015ddfd44c20e0cccce8c
1576801	1576792	CONTROLS	
1576801	1576795	CONTROLS	
1576801	1576798	CONTROLS	
1576801	1576554	CONTROLS	
1576801	1576561	CONTROLS	
1576801	1576570	CONTROLS	
1576801	1576571	CONTROLS	
1576801	1576572	CONTROLS	
1576801	1576573	CONTROLS	
1576801	1576574	CONTROLS	
1576801	1576575	CONTROLS	
1576801	1576576	CONTROLS	
1576801	1576577	CONTROLS	
1576801	1576578	CONTROLS	
1576801	1576581	CONTROLS	
1576801	1576582	CONTROLS	
1576801	1576583	CONTROLS	
1576801	1576584	CONTROLS	
1576801	1576585	CONTROLS	
1576801	1576586	CONTROLS	
1576801	1576587	CONTROLS	
1576801	1576588	CONTROLS	
1576801	1576589	CONTROLS	
1576801	1576590	CONTROLS	
1576801	1576592	CONTROLS	
1576801	1576593	CONTROLS	
1576801	1576594	CONTROLS	
1576801	1576595	CONTROLS	
1576801	1576596	CONTROLS	
1576801	1576597	CONTROLS	
1576801	1576598	CONTROLS	
1576801	1576599	CONTROLS	
1576801	1576600	CONTROLS	
1576801	1576601	CONTROLS	
1576801	1576603	CONTROLS	
1576801	1576604	CONTROLS	
1576801	1576605	CONTROLS	
1576801	1576606	CONTROLS	
1576801	1576607	CONTROLS	
1576801	1576608	CONTROLS	
1576801	1576609	CONTROLS	
1576801	1576610	CONTROLS	
1576801	1576611	CONTROLS	
1576801	1576612	CONTROLS	
1576801	1576614	CONTROLS	
1576801	1576615	CONTROLS	
1576801	1576616	CONTROLS	
1576801	1576617	CONTROLS	
1576801	1576618	CONTROLS	
1576801	1576619	CONTROLS	
1576801	1576620	CONTROLS	
1576801	1576621	CONTROLS	
1576801	1576622	CONTROLS	
1576801	1576623	CONTROLS	
1576801	1576624	CONTROLS	
1576801	1576631	CONTROLS	
1576801	1576644	CONTROLS	
1576801	1576648	CONTROLS	
1576801	1576708	CONTROLS	
1576648	1576656	CONTROLS	
1576648	1576665	CONTROLS	
1576648	1576674	CONTROLS	
1576648	1576683	CONTROLS	
1576648	1576689	CONTROLS	
1576648	1576701	CONTROLS	
1576648	1576652	CONTROLS	
1576708	1576717	CONTROLS	
1576708	1576724	CONTROLS	
1576708	1576728	CONTROLS	
1576708	1576737	CONTROLS	
1576708	1576746	CONTROLS	
1576708	1576755	CONTROLS	
1576708	1576773	CONTROLS	
1576708	1576781	CONTROLS	
1576708	1576787	CONTROLS	
1576597	1576598	DOM	
1576701	1576652	DOM	
1576737	1576746	DOM	
1576592	1576593	DOM	
1576605	1576606	DOM	
1576582	1576583	DOM	
1576607	1576608	DOM	
1576614	1576615	DOM	
1576615	1576616	DOM	
1576617	1576618	DOM	
1576755	1576773	DOM	
1576648	1576656	DOM	
1576554	1576561	DOM	
1576581	1576582	DOM	
1576590	1576592	DOM	
1576618	1576619	DOM	
1576596	1576597	DOM	
1576585	1576586	DOM	
1576619	1576620	DOM	
1576631	1576644	DOM	
1576795	1576798	DOM	
1576746	1576755	DOM	
1576798	1576554	DOM	
1576708	1576728	DOM	
1576611	1576612	DOM	
1576622	1576623	DOM	
1576801	1576801	DOM	
1576583	1576584	DOM	
1576572	1576573	DOM	
1576656	1576665	DOM	
1576599	1576600	DOM	
1576620	1576621	DOM	
1576594	1576595	DOM	
1576577	1576578	DOM	
1576587	1576588	DOM	
1576683	1576689	DOM	
1576621	1576622	DOM	
1576589	1576590	DOM	
1576603	1576604	DOM	
1576576	1576577	DOM	
1576608	1576609	DOM	
1576586	1576587	DOM	
1576570	1576571	DOM	
1576600	1576601	DOM	
1576616	1576617	DOM	
1576717	1576724	DOM	
1576781	1576787	DOM	
1576708	1576717	DOM	
1576689	1576701	DOM	
1576612	1576614	DOM	
1576601	1576603	DOM	
1576593	1576594	DOM	
1576595	1576596	DOM	
1576648	1576708	DOM	
1576573	1576574	DOM	
1576561	1576570	DOM	
1576644	1576648	DOM	
1576792	1576795	DOM	
1576575	1576576	DOM	
1576571	1576572	DOM	
1576606	1576607	DOM	
1576610	1576611	DOM	
1576598	1576599	DOM	
1576623	1576624	DOM	
1576728	1576737	DOM	
1576578	1576581	DOM	
1576624	1576631	DOM	
1576801	1576792	DOM	
1576574	1576575	DOM	
1576665	1576674	DOM	
1576674	1576683	DOM	
1576773	1576781	DOM	
1576708	1576802	DOM	
1576604	1576605	DOM	
1576588	1576589	DOM	
1576584	1576585	DOM	
1576609	1576610	DOM	
1576599	1576598	POST_DOM	
1576648	1576652	POST_DOM	
1576755	1576746	POST_DOM	
1576607	1576606	POST_DOM	
1576594	1576593	POST_DOM	
1576584	1576583	POST_DOM	
1576617	1576616	POST_DOM	
1576616	1576615	POST_DOM	
1576609	1576608	POST_DOM	
1576619	1576618	POST_DOM	
1576781	1576773	POST_DOM	
1576665	1576656	POST_DOM	
1576593	1576592	POST_DOM	
1576583	1576582	POST_DOM	
1576570	1576561	POST_DOM	
1576620	1576619	POST_DOM	
1576598	1576597	POST_DOM	
1576587	1576586	POST_DOM	
1576621	1576620	POST_DOM	
1576648	1576644	POST_DOM	
1576554	1576798	POST_DOM	
1576773	1576755	POST_DOM	
1576561	1576554	POST_DOM	
1576737	1576728	POST_DOM	
1576614	1576612	POST_DOM	
1576624	1576623	POST_DOM	
1576792	1576801	POST_DOM	
1576585	1576584	POST_DOM	
1576574	1576573	POST_DOM	
1576674	1576665	POST_DOM	
1576601	1576600	POST_DOM	
1576622	1576621	POST_DOM	
1576596	1576595	POST_DOM	
1576589	1576588	POST_DOM	
1576581	1576578	POST_DOM	
1576701	1576689	POST_DOM	
1576623	1576622	POST_DOM	
1576592	1576590	POST_DOM	
1576605	1576604	POST_DOM	
1576610	1576609	POST_DOM	
1576578	1576577	POST_DOM	
1576588	1576587	POST_DOM	
1576572	1576571	POST_DOM	
1576618	1576617	POST_DOM	
1576603	1576601	POST_DOM	
1576802	1576724	POST_DOM	
1576802	1576787	POST_DOM	
1576724	1576717	POST_DOM	
1576652	1576701	POST_DOM	
1576615	1576614	POST_DOM	
1576604	1576603	POST_DOM	
1576595	1576594	POST_DOM	
1576597	1576596	POST_DOM	
1576802	1576708	POST_DOM	
1576575	1576574	POST_DOM	
1576708	1576648	POST_DOM	
1576571	1576570	POST_DOM	
1576577	1576576	POST_DOM	
1576798	1576795	POST_DOM	
1576608	1576607	POST_DOM	
1576573	1576572	POST_DOM	
1576612	1576611	POST_DOM	
1576631	1576624	POST_DOM	
1576600	1576599	POST_DOM	
1576746	1576737	POST_DOM	
1576582	1576581	POST_DOM	
1576644	1576631	POST_DOM	
1576576	1576575	POST_DOM	
1576795	1576792	POST_DOM	
1576689	1576683	POST_DOM	
1576683	1576674	POST_DOM	
1576787	1576781	POST_DOM	
1576802	1576802	POST_DOM	
1576606	1576605	POST_DOM	
1576590	1576589	POST_DOM	
1576586	1576585	POST_DOM	
1576611	1576610	POST_DOM	
1576551	1576552	IS_FUNCTION_OF_AST	
1576551	1576801	IS_FUNCTION_OF_CFG	
1575624	1576551	IS_FILE_OF	
1576832	1576833	IS_AST_PARENT	
1576831	1576832	IS_AST_PARENT	
1576835	1576836	IS_AST_PARENT	
1576834	1576835	IS_AST_PARENT	
1576837	1576838	IS_AST_PARENT	
1576834	1576837	IS_AST_PARENT	
1576839	1576840	IS_AST_PARENT	
1576834	1576839	IS_AST_PARENT	
1576831	1576834	IS_AST_PARENT	
1576830	1576831	IS_AST_PARENT	
1576829	1576830	IS_AST_PARENT	
1576828	1576829	IS_AST_PARENT	
1576828	1576841	IS_AST_PARENT	
1576828	1576842	IS_AST_PARENT	
1576844	1576845	IS_AST_PARENT	
1576844	1576846	IS_AST_PARENT	
1576843	1576844	IS_AST_PARENT	
1576828	1576843	IS_AST_PARENT	
1576847	1576844	FLOWS_TO	
1576844	1576830	FLOWS_TO	
1576830	1576848	FLOWS_TO	
1576844	1576849	DEF	
1576830	1576849	USE	
1576839	1576849	USE	
1576830	1576850	USE	
1576835	1576850	USE	
1576844	1576830	REACHES	_7e4e4e5066e81159a8d9b5688884ae7f
1576847	1576844	CONTROLS	
1576847	1576830	CONTROLS	
1576844	1576830	DOM	
1576847	1576844	DOM	
1576847	1576847	DOM	
1576830	1576848	DOM	
1576848	1576830	POST_DOM	
1576830	1576844	POST_DOM	
1576848	1576848	POST_DOM	
1576844	1576847	POST_DOM	
1576827	1576828	IS_FUNCTION_OF_AST	
1576827	1576847	IS_FUNCTION_OF_CFG	
1575624	1576827	IS_FILE_OF	
