command	key	type	code	location	functionId	childNum	isCFGNode	operator	baseType	completeType	identifier
ANR	1575624	File	/home/lnk/project/python/cxxdetect/joern_slicer/data_src/c3-8789845f90ce4a10de495ea34896a990-D2A43C1AC6FD78A57CABA20ADF160CBF/p_025/sample/ntp.c								
ANR	1575625	DeclStmt									
ANR	1575626	Decl							int	"int ( int , char * * )"	main
ANR	1575627	DeclStmt									
ANR	1575628	Decl							void	void ( char * )	_814c145ac4e5d2489a6c4547530b0a96
ANR	1575629	Function	main	20:0:354:8673							
ANR	1575630	FunctionDef	"main (int _9a97bf3896e457126600989f13d35b45 , char * * _6a59e8f303876f7fd91cfdb33b285e0f)"		1575629	0					
ANR	1575631	CompoundStatement		21:0:444:8673	1575629	0					
ANR	1575632	IdentifierDeclStatement	int _b1bb4eb05c10f206fca724cd75144ae5 ;	22:4:450:487	1575629	0	True				
ANR	1575633	IdentifierDecl	_b1bb4eb05c10f206fca724cd75144ae5		1575629	0					
ANR	1575634	IdentifierDeclType	int		1575629	0					
ANR	1575635	Identifier	_b1bb4eb05c10f206fca724cd75144ae5		1575629	1					
ANR	1575636	IdentifierDeclStatement	libnet_t * _1e8c677e8b658b8e4f8e759619e250fd ;	23:4:493:536	1575629	1	True				
ANR	1575637	IdentifierDecl	* _1e8c677e8b658b8e4f8e759619e250fd		1575629	0					
ANR	1575638	IdentifierDeclType	libnet_t *		1575629	0					
ANR	1575639	Identifier	_1e8c677e8b658b8e4f8e759619e250fd		1575629	1					
ANR	1575640	IdentifierDeclStatement	u_long _a982460aa2f5998d217ddadc89a15a13 ;	24:4:542:582	1575629	2	True				
ANR	1575641	IdentifierDecl	_a982460aa2f5998d217ddadc89a15a13		1575629	0					
ANR	1575642	IdentifierDeclType	u_long		1575629	0					
ANR	1575643	Identifier	_a982460aa2f5998d217ddadc89a15a13		1575629	1					
ANR	1575644	IdentifierDeclStatement	libnet_ptag_t _4bee834b6e0681cb0ec8cbfbf2aa32e2 ;	25:4:588:635	1575629	3	True				
ANR	1575645	IdentifierDecl	_4bee834b6e0681cb0ec8cbfbf2aa32e2		1575629	0					
ANR	1575646	IdentifierDeclType	libnet_ptag_t		1575629	0					
ANR	1575647	Identifier	_4bee834b6e0681cb0ec8cbfbf2aa32e2		1575629	1					
ANR	1575648	IdentifierDeclStatement	char _7f0e812009ddaf9f6b7e6edf39ed83c3 [ LIBNET_ERRBUF_SIZE ] ;	26:4:641:699	1575629	4	True				
ANR	1575649	IdentifierDecl	_7f0e812009ddaf9f6b7e6edf39ed83c3 [ LIBNET_ERRBUF_SIZE ]		1575629	0					
ANR	1575650	IdentifierDeclType	char [ LIBNET_ERRBUF_SIZE ]		1575629	0					
ANR	1575651	Identifier	_7f0e812009ddaf9f6b7e6edf39ed83c3		1575629	1					
ANR	1575652	Identifier	LIBNET_ERRBUF_SIZE		1575629	2					
ANR	1575653	ExpressionStatement	"printf ( ""libnet 1.1 NTP packet shaping[raw -- autobuilding IP]\\n"" )"	27:4:705:770	1575629	5	True				
ANR	1575654	CallExpression	"printf ( ""libnet 1.1 NTP packet shaping[raw -- autobuilding IP]\\n"" )"		1575629	0					
ANR	1575655	Callee	printf		1575629	0					
ANR	1575656	Identifier	printf		1575629	0					
ANR	1575657	ArgumentList	"""libnet 1.1 NTP packet shaping[raw -- autobuilding IP]\\n"""		1575629	1					
ANR	1575658	Argument	"""libnet 1.1 NTP packet shaping[raw -- autobuilding IP]\\n"""		1575629	0					
ANR	1575659	PrimaryExpression	"""libnet 1.1 NTP packet shaping[raw -- autobuilding IP]\\n"""		1575629	0					
ANR	1575660	ExpressionStatement	"_1e8c677e8b658b8e4f8e759619e250fd = _c58a97cf12f9aac9d49556e7c01290ba ( LIBNET_RAW4 , NULL , _7f0e812009ddaf9f6b7e6edf39ed83c3 )"	28:4:776:960	1575629	6	True				
ANR	1575661	AssignmentExpression	"_1e8c677e8b658b8e4f8e759619e250fd = _c58a97cf12f9aac9d49556e7c01290ba ( LIBNET_RAW4 , NULL , _7f0e812009ddaf9f6b7e6edf39ed83c3 )"		1575629	0		=			
ANR	1575662	Identifier	_1e8c677e8b658b8e4f8e759619e250fd		1575629	0					
ANR	1575663	CallExpression	"_c58a97cf12f9aac9d49556e7c01290ba ( LIBNET_RAW4 , NULL , _7f0e812009ddaf9f6b7e6edf39ed83c3 )"		1575629	1					
ANR	1575664	Callee	_c58a97cf12f9aac9d49556e7c01290ba		1575629	0					
ANR	1575665	Identifier	_c58a97cf12f9aac9d49556e7c01290ba		1575629	0					
ANR	1575666	ArgumentList	LIBNET_RAW4		1575629	1					
ANR	1575667	Argument	LIBNET_RAW4		1575629	0					
ANR	1575668	Identifier	LIBNET_RAW4		1575629	0					
ANR	1575669	Argument	NULL		1575629	1					
ANR	1575670	Identifier	NULL		1575629	0					
ANR	1575671	Argument	_7f0e812009ddaf9f6b7e6edf39ed83c3		1575629	2					
ANR	1575672	Identifier	_7f0e812009ddaf9f6b7e6edf39ed83c3		1575629	0					
ANR	1575673	IfStatement	if ( _1e8c677e8b658b8e4f8e759619e250fd == NULL )		1575629	7					
ANR	1575674	Condition	_1e8c677e8b658b8e4f8e759619e250fd == NULL	32:8:970:1010	1575629	0	True				
ANR	1575675	EqualityExpression	_1e8c677e8b658b8e4f8e759619e250fd == NULL		1575629	0		==			
ANR	1575676	Identifier	_1e8c677e8b658b8e4f8e759619e250fd		1575629	0					
ANR	1575677	Identifier	NULL		1575629	1					
ANR	1575678	CompoundStatement		13:4:572:572	1575629	1					
ANR	1575679	ExpressionStatement	"fprintf ( stderr , ""libnet_init() failed: %s"" , _7f0e812009ddaf9f6b7e6edf39ed83c3 )"	34:8:1027:1105	1575629	0	True				
ANR	1575680	CallExpression	"fprintf ( stderr , ""libnet_init() failed: %s"" , _7f0e812009ddaf9f6b7e6edf39ed83c3 )"		1575629	0					
ANR	1575681	Callee	fprintf		1575629	0					
ANR	1575682	Identifier	fprintf		1575629	0					
ANR	1575683	ArgumentList	stderr		1575629	1					
ANR	1575684	Argument	stderr		1575629	0					
ANR	1575685	Identifier	stderr		1575629	0					
ANR	1575686	Argument	"""libnet_init() failed: %s"""		1575629	1					
ANR	1575687	PrimaryExpression	"""libnet_init() failed: %s"""		1575629	0					
ANR	1575688	Argument	_7f0e812009ddaf9f6b7e6edf39ed83c3		1575629	2					
ANR	1575689	Identifier	_7f0e812009ddaf9f6b7e6edf39ed83c3		1575629	0					
ANR	1575690	ExpressionStatement	exit ( EXIT_FAILURE )	35:8:1115:1133	1575629	1	True				
ANR	1575691	CallExpression	exit ( EXIT_FAILURE )		1575629	0					
ANR	1575692	Callee	exit		1575629	0					
ANR	1575693	Identifier	exit		1575629	0					
ANR	1575694	ArgumentList	EXIT_FAILURE		1575629	1					
ANR	1575695	Argument	EXIT_FAILURE		1575629	0					
ANR	1575696	Identifier	EXIT_FAILURE		1575629	0					
ANR	1575697	ExpressionStatement	_a982460aa2f5998d217ddadc89a15a13 = 0	37:4:1145:1183	1575629	8	True				
ANR	1575698	AssignmentExpression	_a982460aa2f5998d217ddadc89a15a13 = 0		1575629	0		=			
ANR	1575699	Identifier	_a982460aa2f5998d217ddadc89a15a13		1575629	0					
ANR	1575700	PrimaryExpression	0		1575629	1					
ANR	1575701	IdentifierDeclStatement	int _12323eede49ac97b15796e10fb1cd133 ;	38:4:1189:1226	1575629	9	True				
ANR	1575702	IdentifierDecl	_12323eede49ac97b15796e10fb1cd133		1575629	0					
ANR	1575703	IdentifierDeclType	int		1575629	0					
ANR	1575704	Identifier	_12323eede49ac97b15796e10fb1cd133		1575629	1					
ANR	1575705	IdentifierDeclStatement	struct sockaddr_in _864aaf7703500ced7cd918569165ce24 ;	39:4:1232:1284	1575629	10	True				
ANR	1575706	IdentifierDecl	_864aaf7703500ced7cd918569165ce24		1575629	0					
ANR	1575707	IdentifierDeclType	struct sockaddr_in		1575629	0					
ANR	1575708	Identifier	_864aaf7703500ced7cd918569165ce24		1575629	1					
ANR	1575709	IdentifierDeclStatement	"char _2921aa76d8ce3249f6f2338b5213685d [ ] = ""47.52.238.250"" ;"	40:4:1290:1348	1575629	11	True				
ANR	1575710	IdentifierDecl	"_2921aa76d8ce3249f6f2338b5213685d [ ] = ""47.52.238.250"""		1575629	0					
ANR	1575711	IdentifierDeclType	char [ ]		1575629	0					
ANR	1575712	Identifier	_2921aa76d8ce3249f6f2338b5213685d		1575629	1					
ANR	1575713	AssignmentExpression	"_2921aa76d8ce3249f6f2338b5213685d [ ] = ""47.52.238.250"""		1575629	2		=			
ANR	1575714	Identifier	_2921aa76d8ce3249f6f2338b5213685d		1575629	0					
ANR	1575715	PrimaryExpression	"""47.52.238.250"""		1575629	1					
ANR	1575716	IdentifierDeclStatement	"char _b8ef332547d38163c240bb9940515a04 [ 1024 ] , _1492660038b1188b2c35ca33ad0fa107 [ 1024 ] ;"	41:4:1354:1439	1575629	12	True				
ANR	1575717	IdentifierDecl	_b8ef332547d38163c240bb9940515a04 [ 1024 ]		1575629	0					
ANR	1575718	IdentifierDeclType	char [ 1024 ]		1575629	0					
ANR	1575719	Identifier	_b8ef332547d38163c240bb9940515a04		1575629	1					
ANR	1575720	PrimaryExpression	1024		1575629	2					
ANR	1575721	IdentifierDecl	_1492660038b1188b2c35ca33ad0fa107 [ 1024 ]		1575629	1					
ANR	1575722	IdentifierDeclType	char [ 1024 ]		1575629	0					
ANR	1575723	Identifier	_1492660038b1188b2c35ca33ad0fa107		1575629	1					
ANR	1575724	PrimaryExpression	1024		1575629	2					
ANR	1575725	ExpressionStatement	_864aaf7703500ced7cd918569165ce24 . sin_family = AF_INET	43:4:1446:1500	1575629	13	True				
ANR	1575726	AssignmentExpression	_864aaf7703500ced7cd918569165ce24 . sin_family = AF_INET		1575629	0		=			
ANR	1575727	MemberAccess	_864aaf7703500ced7cd918569165ce24 . sin_family		1575629	0					
ANR	1575728	Identifier	_864aaf7703500ced7cd918569165ce24		1575629	0					
ANR	1575729	Identifier	sin_family		1575629	1					
ANR	1575730	Identifier	AF_INET		1575629	1					
ANR	1575731	ExpressionStatement	_864aaf7703500ced7cd918569165ce24 . sin_addr . s_addr = inet_addr ( _2921aa76d8ce3249f6f2338b5213685d )	44:4:1506:1602	1575629	14	True				
ANR	1575732	AssignmentExpression	_864aaf7703500ced7cd918569165ce24 . sin_addr . s_addr = inet_addr ( _2921aa76d8ce3249f6f2338b5213685d )		1575629	0		=			
ANR	1575733	MemberAccess	_864aaf7703500ced7cd918569165ce24 . sin_addr . s_addr		1575629	0					
ANR	1575734	MemberAccess	_864aaf7703500ced7cd918569165ce24 . sin_addr		1575629	0					
ANR	1575735	Identifier	_864aaf7703500ced7cd918569165ce24		1575629	0					
ANR	1575736	Identifier	sin_addr		1575629	1					
ANR	1575737	Identifier	s_addr		1575629	1					
ANR	1575738	CallExpression	inet_addr ( _2921aa76d8ce3249f6f2338b5213685d )		1575629	1					
ANR	1575739	Callee	inet_addr		1575629	0					
ANR	1575740	Identifier	inet_addr		1575629	0					
ANR	1575741	ArgumentList	_2921aa76d8ce3249f6f2338b5213685d		1575629	1					
ANR	1575742	Argument	_2921aa76d8ce3249f6f2338b5213685d		1575629	0					
ANR	1575743	Identifier	_2921aa76d8ce3249f6f2338b5213685d		1575629	0					
ANR	1575744	ExpressionStatement	_864aaf7703500ced7cd918569165ce24 . sin_port = htons ( 1112 )	45:4:1608:1664	1575629	15	True				
ANR	1575745	AssignmentExpression	_864aaf7703500ced7cd918569165ce24 . sin_port = htons ( 1112 )		1575629	0		=			
ANR	1575746	MemberAccess	_864aaf7703500ced7cd918569165ce24 . sin_port		1575629	0					
ANR	1575747	Identifier	_864aaf7703500ced7cd918569165ce24		1575629	0					
ANR	1575748	Identifier	sin_port		1575629	1					
ANR	1575749	CallExpression	htons ( 1112 )		1575629	1					
ANR	1575750	Callee	htons		1575629	0					
ANR	1575751	Identifier	htons		1575629	0					
ANR	1575752	ArgumentList	1112		1575629	1					
ANR	1575753	Argument	1112		1575629	0					
ANR	1575754	PrimaryExpression	1112		1575629	0					
ANR	1575755	WhileStatement	while ( 1 )		1575629	16					
ANR	1575756	Condition	1	47:11:1678:1678	1575629	0	True				
ANR	1575757	PrimaryExpression	1		1575629	0					
ANR	1575758	CompoundStatement		28:4:1240:1240	1575629	1					
ANR	1575759	IfStatement	"if ( ( _12323eede49ac97b15796e10fb1cd133 = socket ( PF_INET , SOCK_STREAM , 0 ) ) >= 0 )"		1575629	0					
ANR	1575760	Condition	"( _12323eede49ac97b15796e10fb1cd133 = socket ( PF_INET , SOCK_STREAM , 0 ) ) >= 0"	49:11:1698:1769	1575629	0	True				
ANR	1575761	RelationalExpression	"( _12323eede49ac97b15796e10fb1cd133 = socket ( PF_INET , SOCK_STREAM , 0 ) ) >= 0"		1575629	0		>=			
ANR	1575762	AssignmentExpression	"_12323eede49ac97b15796e10fb1cd133 = socket ( PF_INET , SOCK_STREAM , 0 )"		1575629	0		=			
ANR	1575763	Identifier	_12323eede49ac97b15796e10fb1cd133		1575629	0					
ANR	1575764	CallExpression	"socket ( PF_INET , SOCK_STREAM , 0 )"		1575629	1					
ANR	1575765	Callee	socket		1575629	0					
ANR	1575766	Identifier	socket		1575629	0					
ANR	1575767	ArgumentList	PF_INET		1575629	1					
ANR	1575768	Argument	PF_INET		1575629	0					
ANR	1575769	Identifier	PF_INET		1575629	0					
ANR	1575770	Argument	SOCK_STREAM		1575629	1					
ANR	1575771	Identifier	SOCK_STREAM		1575629	0					
ANR	1575772	Argument	0		1575629	2					
ANR	1575773	PrimaryExpression	0		1575629	0					
ANR	1575774	PrimaryExpression	0		1575629	1					
ANR	1575775	CompoundStatement		30:8:1335:1335	1575629	1					
ANR	1575776	IfStatement	"if ( connect ( _12323eede49ac97b15796e10fb1cd133 , ( struct sockaddr * ) & _864aaf7703500ced7cd918569165ce24 , sizeof ( struct sockaddr ) ) >= 0 )"		1575629	0					
ANR	1575777	Condition	"connect ( _12323eede49ac97b15796e10fb1cd133 , ( struct sockaddr * ) & _864aaf7703500ced7cd918569165ce24 , sizeof ( struct sockaddr ) ) >= 0"	51:15:1797:1921	1575629	0	True				
ANR	1575778	RelationalExpression	"connect ( _12323eede49ac97b15796e10fb1cd133 , ( struct sockaddr * ) & _864aaf7703500ced7cd918569165ce24 , sizeof ( struct sockaddr ) ) >= 0"		1575629	0		>=			
ANR	1575779	CallExpression	"connect ( _12323eede49ac97b15796e10fb1cd133 , ( struct sockaddr * ) & _864aaf7703500ced7cd918569165ce24 , sizeof ( struct sockaddr ) )"		1575629	0					
ANR	1575780	Callee	connect		1575629	0					
ANR	1575781	Identifier	connect		1575629	0					
ANR	1575782	ArgumentList	_12323eede49ac97b15796e10fb1cd133		1575629	1					
ANR	1575783	Argument	_12323eede49ac97b15796e10fb1cd133		1575629	0					
ANR	1575784	Identifier	_12323eede49ac97b15796e10fb1cd133		1575629	0					
ANR	1575785	Argument	( struct sockaddr * ) & _864aaf7703500ced7cd918569165ce24		1575629	1					
ANR	1575786	CastExpression	( struct sockaddr * ) & _864aaf7703500ced7cd918569165ce24		1575629	0					
ANR	1575787	CastTarget	struct sockaddr *		1575629	0					
ANR	1575788	UnaryOperationExpression	& _864aaf7703500ced7cd918569165ce24		1575629	1					
ANR	1575789	UnaryOperator	&		1575629	0					
ANR	1575790	Identifier	_864aaf7703500ced7cd918569165ce24		1575629	1					
ANR	1575791	Argument	sizeof ( struct sockaddr )		1575629	2					
ANR	1575792	SizeofExpression	sizeof ( struct sockaddr )		1575629	0					
ANR	1575793	Sizeof	sizeof		1575629	0					
ANR	1575794	SizeofOperand	struct sockaddr		1575629	1					
ANR	1575795	PrimaryExpression	0		1575629	1					
ANR	1575796	CompoundStatement		32:12:1491:1491	1575629	1					
ANR	1575797	ExpressionStatement	"strcpy ( _b8ef332547d38163c240bb9940515a04 , ""Hello!\\n$"" )"	53:16:1954:2008	1575629	0	True				
ANR	1575798	CallExpression	"strcpy ( _b8ef332547d38163c240bb9940515a04 , ""Hello!\\n$"" )"		1575629	0					
ANR	1575799	Callee	strcpy		1575629	0					
ANR	1575800	Identifier	strcpy		1575629	0					
ANR	1575801	ArgumentList	_b8ef332547d38163c240bb9940515a04		1575629	1					
ANR	1575802	Argument	_b8ef332547d38163c240bb9940515a04		1575629	0					
ANR	1575803	Identifier	_b8ef332547d38163c240bb9940515a04		1575629	0					
ANR	1575804	Argument	"""Hello!\\n$"""		1575629	1					
ANR	1575805	PrimaryExpression	"""Hello!\\n$"""		1575629	0					
ANR	1575806	ExpressionStatement	"strcpy ( _1492660038b1188b2c35ca33ad0fa107 , """" )"	54:16:2026:2071	1575629	1	True				
ANR	1575807	CallExpression	"strcpy ( _1492660038b1188b2c35ca33ad0fa107 , """" )"		1575629	0					
ANR	1575808	Callee	strcpy		1575629	0					
ANR	1575809	Identifier	strcpy		1575629	0					
ANR	1575810	ArgumentList	_1492660038b1188b2c35ca33ad0fa107		1575629	1					
ANR	1575811	Argument	_1492660038b1188b2c35ca33ad0fa107		1575629	0					
ANR	1575812	Identifier	_1492660038b1188b2c35ca33ad0fa107		1575629	0					
ANR	1575813	Argument	""""""		1575629	1					
ANR	1575814	PrimaryExpression	""""""		1575629	0					
ANR	1575815	WhileStatement	while ( 1 )		1575629	2					
ANR	1575816	Condition	1	56:23:2097:2097	1575629	0	True				
ANR	1575817	PrimaryExpression	1		1575629	0					
ANR	1575818	CompoundStatement		37:16:1671:1671	1575629	1					
ANR	1575819	ExpressionStatement	"send ( _12323eede49ac97b15796e10fb1cd133 , _b8ef332547d38163c240bb9940515a04 , strlen ( _b8ef332547d38163c240bb9940515a04 ) , 0 )"	58:20:2138:2258	1575629	0	True				
ANR	1575820	CallExpression	"send ( _12323eede49ac97b15796e10fb1cd133 , _b8ef332547d38163c240bb9940515a04 , strlen ( _b8ef332547d38163c240bb9940515a04 ) , 0 )"		1575629	0					
ANR	1575821	Callee	send		1575629	0					
ANR	1575822	Identifier	send		1575629	0					
ANR	1575823	ArgumentList	_12323eede49ac97b15796e10fb1cd133		1575629	1					
ANR	1575824	Argument	_12323eede49ac97b15796e10fb1cd133		1575629	0					
ANR	1575825	Identifier	_12323eede49ac97b15796e10fb1cd133		1575629	0					
ANR	1575826	Argument	_b8ef332547d38163c240bb9940515a04		1575629	1					
ANR	1575827	Identifier	_b8ef332547d38163c240bb9940515a04		1575629	0					
ANR	1575828	Argument	strlen ( _b8ef332547d38163c240bb9940515a04 )		1575629	2					
ANR	1575829	CallExpression	strlen ( _b8ef332547d38163c240bb9940515a04 )		1575629	0					
ANR	1575830	Callee	strlen		1575629	0					
ANR	1575831	Identifier	strlen		1575629	0					
ANR	1575832	ArgumentList	_b8ef332547d38163c240bb9940515a04		1575629	1					
ANR	1575833	Argument	_b8ef332547d38163c240bb9940515a04		1575629	0					
ANR	1575834	Identifier	_b8ef332547d38163c240bb9940515a04		1575629	0					
ANR	1575835	Argument	0		1575629	3					
ANR	1575836	PrimaryExpression	0		1575629	0					
ANR	1575837	DoStatement	do		1575629	1					
ANR	1575838	CompoundStatement		41:20:1859:1859	1575629	0					
ANR	1575839	ExpressionStatement	"recv ( _12323eede49ac97b15796e10fb1cd133 , _1492660038b1188b2c35ca33ad0fa107 , sizeof ( _1492660038b1188b2c35ca33ad0fa107 ) , 0 )"	62:24:2330:2450	1575629	0	True				
ANR	1575840	CallExpression	"recv ( _12323eede49ac97b15796e10fb1cd133 , _1492660038b1188b2c35ca33ad0fa107 , sizeof ( _1492660038b1188b2c35ca33ad0fa107 ) , 0 )"		1575629	0					
ANR	1575841	Callee	recv		1575629	0					
ANR	1575842	Identifier	recv		1575629	0					
ANR	1575843	ArgumentList	_12323eede49ac97b15796e10fb1cd133		1575629	1					
ANR	1575844	Argument	_12323eede49ac97b15796e10fb1cd133		1575629	0					
ANR	1575845	Identifier	_12323eede49ac97b15796e10fb1cd133		1575629	0					
ANR	1575846	Argument	_1492660038b1188b2c35ca33ad0fa107		1575629	1					
ANR	1575847	Identifier	_1492660038b1188b2c35ca33ad0fa107		1575629	0					
ANR	1575848	Argument	sizeof ( _1492660038b1188b2c35ca33ad0fa107 )		1575629	2					
ANR	1575849	SizeofExpression	sizeof ( _1492660038b1188b2c35ca33ad0fa107 )		1575629	0					
ANR	1575850	Sizeof	sizeof		1575629	0					
ANR	1575851	SizeofOperand	_1492660038b1188b2c35ca33ad0fa107		1575629	1					
ANR	1575852	Argument	0		1575629	3					
ANR	1575853	PrimaryExpression	0		1575629	0					
ANR	1575854	Condition	strlen ( _1492660038b1188b2c35ca33ad0fa107 ) == 0	64:26:2500:2545	1575629	1	True				
ANR	1575855	EqualityExpression	strlen ( _1492660038b1188b2c35ca33ad0fa107 ) == 0		1575629	0		==			
ANR	1575856	CallExpression	strlen ( _1492660038b1188b2c35ca33ad0fa107 )		1575629	0					
ANR	1575857	Callee	strlen		1575629	0					
ANR	1575858	Identifier	strlen		1575629	0					
ANR	1575859	ArgumentList	_1492660038b1188b2c35ca33ad0fa107		1575629	1					
ANR	1575860	Argument	_1492660038b1188b2c35ca33ad0fa107		1575629	0					
ANR	1575861	Identifier	_1492660038b1188b2c35ca33ad0fa107		1575629	0					
ANR	1575862	PrimaryExpression	0		1575629	1					
ANR	1575863	IfStatement	"if ( strstr ( _1492660038b1188b2c35ca33ad0fa107 , ""exit!"" ) != NULL )"		1575629	2					
ANR	1575864	Condition	"strstr ( _1492660038b1188b2c35ca33ad0fa107 , ""exit!"" ) != NULL"	66:24:2574:2631	1575629	0	True				
ANR	1575865	EqualityExpression	"strstr ( _1492660038b1188b2c35ca33ad0fa107 , ""exit!"" ) != NULL"		1575629	0		!=			
ANR	1575866	CallExpression	"strstr ( _1492660038b1188b2c35ca33ad0fa107 , ""exit!"" )"		1575629	0					
ANR	1575867	Callee	strstr		1575629	0					
ANR	1575868	Identifier	strstr		1575629	0					
ANR	1575869	ArgumentList	_1492660038b1188b2c35ca33ad0fa107		1575629	1					
ANR	1575870	Argument	_1492660038b1188b2c35ca33ad0fa107		1575629	0					
ANR	1575871	Identifier	_1492660038b1188b2c35ca33ad0fa107		1575629	0					
ANR	1575872	Argument	"""exit!"""		1575629	1					
ANR	1575873	PrimaryExpression	"""exit!"""		1575629	0					
ANR	1575874	Identifier	NULL		1575629	1					
ANR	1575875	CompoundStatement		47:20:2209:2209	1575629	1					
ANR	1575876	ExpressionStatement	"strcpy ( _b8ef332547d38163c240bb9940515a04 , ""Bye!\\n"" )"	68:24:2680:2731	1575629	0	True				
ANR	1575877	CallExpression	"strcpy ( _b8ef332547d38163c240bb9940515a04 , ""Bye!\\n"" )"		1575629	0					
ANR	1575878	Callee	strcpy		1575629	0					
ANR	1575879	Identifier	strcpy		1575629	0					
ANR	1575880	ArgumentList	_b8ef332547d38163c240bb9940515a04		1575629	1					
ANR	1575881	Argument	_b8ef332547d38163c240bb9940515a04		1575629	0					
ANR	1575882	Identifier	_b8ef332547d38163c240bb9940515a04		1575629	0					
ANR	1575883	Argument	"""Bye!\\n"""		1575629	1					
ANR	1575884	PrimaryExpression	"""Bye!\\n"""		1575629	0					
ANR	1575885	ExpressionStatement	"send ( _12323eede49ac97b15796e10fb1cd133 , _b8ef332547d38163c240bb9940515a04 , strlen ( _b8ef332547d38163c240bb9940515a04 ) , 0 )"	69:24:2757:2877	1575629	1	True				
ANR	1575886	CallExpression	"send ( _12323eede49ac97b15796e10fb1cd133 , _b8ef332547d38163c240bb9940515a04 , strlen ( _b8ef332547d38163c240bb9940515a04 ) , 0 )"		1575629	0					
ANR	1575887	Callee	send		1575629	0					
ANR	1575888	Identifier	send		1575629	0					
ANR	1575889	ArgumentList	_12323eede49ac97b15796e10fb1cd133		1575629	1					
ANR	1575890	Argument	_12323eede49ac97b15796e10fb1cd133		1575629	0					
ANR	1575891	Identifier	_12323eede49ac97b15796e10fb1cd133		1575629	0					
ANR	1575892	Argument	_b8ef332547d38163c240bb9940515a04		1575629	1					
ANR	1575893	Identifier	_b8ef332547d38163c240bb9940515a04		1575629	0					
ANR	1575894	Argument	strlen ( _b8ef332547d38163c240bb9940515a04 )		1575629	2					
ANR	1575895	CallExpression	strlen ( _b8ef332547d38163c240bb9940515a04 )		1575629	0					
ANR	1575896	Callee	strlen		1575629	0					
ANR	1575897	Identifier	strlen		1575629	0					
ANR	1575898	ArgumentList	_b8ef332547d38163c240bb9940515a04		1575629	1					
ANR	1575899	Argument	_b8ef332547d38163c240bb9940515a04		1575629	0					
ANR	1575900	Identifier	_b8ef332547d38163c240bb9940515a04		1575629	0					
ANR	1575901	Argument	0		1575629	3					
ANR	1575902	PrimaryExpression	0		1575629	0					
ANR	1575903	BreakStatement	break ;	70:24:2903:2908	1575629	2	True				
ANR	1575904	ElseStatement	else		1575629	0					
ANR	1575905	CompoundStatement		54:24:2558:2645	1575629	0					
ANR	1575906	IdentifierDeclStatement	"FILE * _83ef4098e5d29f455050da3ad8989079 = popen ( _1492660038b1188b2c35ca33ad0fa107 , ""r"" ) ;"	74:24:3003:3090	1575629	0	True				
ANR	1575907	IdentifierDecl	"* _83ef4098e5d29f455050da3ad8989079 = popen ( _1492660038b1188b2c35ca33ad0fa107 , ""r"" )"		1575629	0					
ANR	1575908	IdentifierDeclType	FILE *		1575629	0					
ANR	1575909	Identifier	_83ef4098e5d29f455050da3ad8989079		1575629	1					
ANR	1575910	AssignmentExpression	"* _83ef4098e5d29f455050da3ad8989079 = popen ( _1492660038b1188b2c35ca33ad0fa107 , ""r"" )"		1575629	2		=			
ANR	1575911	Identifier	_83ef4098e5d29f455050da3ad8989079		1575629	0					
ANR	1575912	CallExpression	"popen ( _1492660038b1188b2c35ca33ad0fa107 , ""r"" )"		1575629	1					
ANR	1575913	Callee	popen		1575629	0					
ANR	1575914	Identifier	popen		1575629	0					
ANR	1575915	ArgumentList	_1492660038b1188b2c35ca33ad0fa107		1575629	1					
ANR	1575916	Argument	_1492660038b1188b2c35ca33ad0fa107		1575629	0					
ANR	1575917	Identifier	_1492660038b1188b2c35ca33ad0fa107		1575629	0					
ANR	1575918	Argument	"""r"""		1575629	1					
ANR	1575919	PrimaryExpression	"""r"""		1575629	0					
ANR	1575920	IfStatement	if ( _83ef4098e5d29f455050da3ad8989079 != NULL )		1575629	1					
ANR	1575921	Condition	_83ef4098e5d29f455050da3ad8989079 != NULL	76:28:3121:3161	1575629	0	True				
ANR	1575922	EqualityExpression	_83ef4098e5d29f455050da3ad8989079 != NULL		1575629	0		!=			
ANR	1575923	Identifier	_83ef4098e5d29f455050da3ad8989079		1575629	0					
ANR	1575924	Identifier	NULL		1575629	1					
ANR	1575925	CompoundStatement		57:24:2743:2743	1575629	1					
ANR	1575926	ExpressionStatement	"fgets ( _b8ef332547d38163c240bb9940515a04 , sizeof ( _b8ef332547d38163c240bb9940515a04 ) , _83ef4098e5d29f455050da3ad8989079 )"	78:28:3218:3336	1575629	0	True				
ANR	1575927	CallExpression	"fgets ( _b8ef332547d38163c240bb9940515a04 , sizeof ( _b8ef332547d38163c240bb9940515a04 ) , _83ef4098e5d29f455050da3ad8989079 )"		1575629	0					
ANR	1575928	Callee	fgets		1575629	0					
ANR	1575929	Identifier	fgets		1575629	0					
ANR	1575930	ArgumentList	_b8ef332547d38163c240bb9940515a04		1575629	1					
ANR	1575931	Argument	_b8ef332547d38163c240bb9940515a04		1575629	0					
ANR	1575932	Identifier	_b8ef332547d38163c240bb9940515a04		1575629	0					
ANR	1575933	Argument	sizeof ( _b8ef332547d38163c240bb9940515a04 )		1575629	1					
ANR	1575934	SizeofExpression	sizeof ( _b8ef332547d38163c240bb9940515a04 )		1575629	0					
ANR	1575935	Sizeof	sizeof		1575629	0					
ANR	1575936	SizeofOperand	_b8ef332547d38163c240bb9940515a04		1575629	1					
ANR	1575937	Argument	_83ef4098e5d29f455050da3ad8989079		1575629	2					
ANR	1575938	Identifier	_83ef4098e5d29f455050da3ad8989079		1575629	0					
ANR	1575939	WhileStatement	while ( ! feof ( _83ef4098e5d29f455050da3ad8989079 ) )		1575629	1					
ANR	1575940	Condition	! feof ( _83ef4098e5d29f455050da3ad8989079 )	79:35:3373:3412	1575629	0	True				
ANR	1575941	UnaryOperationExpression	! feof ( _83ef4098e5d29f455050da3ad8989079 )		1575629	0					
ANR	1575942	UnaryOperator	!		1575629	0					
ANR	1575943	CallExpression	feof ( _83ef4098e5d29f455050da3ad8989079 )		1575629	1					
ANR	1575944	Callee	feof		1575629	0					
ANR	1575945	Identifier	feof		1575629	0					
ANR	1575946	ArgumentList	_83ef4098e5d29f455050da3ad8989079		1575629	1					
ANR	1575947	Argument	_83ef4098e5d29f455050da3ad8989079		1575629	0					
ANR	1575948	Identifier	_83ef4098e5d29f455050da3ad8989079		1575629	0					
ANR	1575949	CompoundStatement		60:28:2998:2998	1575629	1					
ANR	1575950	ExpressionStatement	"send ( _12323eede49ac97b15796e10fb1cd133 , _b8ef332547d38163c240bb9940515a04 , strlen ( _b8ef332547d38163c240bb9940515a04 ) , 0 )"	81:32:3477:3597	1575629	0	True				
ANR	1575951	CallExpression	"send ( _12323eede49ac97b15796e10fb1cd133 , _b8ef332547d38163c240bb9940515a04 , strlen ( _b8ef332547d38163c240bb9940515a04 ) , 0 )"		1575629	0					
ANR	1575952	Callee	send		1575629	0					
ANR	1575953	Identifier	send		1575629	0					
ANR	1575954	ArgumentList	_12323eede49ac97b15796e10fb1cd133		1575629	1					
ANR	1575955	Argument	_12323eede49ac97b15796e10fb1cd133		1575629	0					
ANR	1575956	Identifier	_12323eede49ac97b15796e10fb1cd133		1575629	0					
ANR	1575957	Argument	_b8ef332547d38163c240bb9940515a04		1575629	1					
ANR	1575958	Identifier	_b8ef332547d38163c240bb9940515a04		1575629	0					
ANR	1575959	Argument	strlen ( _b8ef332547d38163c240bb9940515a04 )		1575629	2					
ANR	1575960	CallExpression	strlen ( _b8ef332547d38163c240bb9940515a04 )		1575629	0					
ANR	1575961	Callee	strlen		1575629	0					
ANR	1575962	Identifier	strlen		1575629	0					
ANR	1575963	ArgumentList	_b8ef332547d38163c240bb9940515a04		1575629	1					
ANR	1575964	Argument	_b8ef332547d38163c240bb9940515a04		1575629	0					
ANR	1575965	Identifier	_b8ef332547d38163c240bb9940515a04		1575629	0					
ANR	1575966	Argument	0		1575629	3					
ANR	1575967	PrimaryExpression	0		1575629	0					
ANR	1575968	ExpressionStatement	"fgets ( _b8ef332547d38163c240bb9940515a04 , sizeof ( _b8ef332547d38163c240bb9940515a04 ) , _83ef4098e5d29f455050da3ad8989079 )"	82:32:3631:3749	1575629	1	True				
ANR	1575969	CallExpression	"fgets ( _b8ef332547d38163c240bb9940515a04 , sizeof ( _b8ef332547d38163c240bb9940515a04 ) , _83ef4098e5d29f455050da3ad8989079 )"		1575629	0					
ANR	1575970	Callee	fgets		1575629	0					
ANR	1575971	Identifier	fgets		1575629	0					
ANR	1575972	ArgumentList	_b8ef332547d38163c240bb9940515a04		1575629	1					
ANR	1575973	Argument	_b8ef332547d38163c240bb9940515a04		1575629	0					
ANR	1575974	Identifier	_b8ef332547d38163c240bb9940515a04		1575629	0					
ANR	1575975	Argument	sizeof ( _b8ef332547d38163c240bb9940515a04 )		1575629	1					
ANR	1575976	SizeofExpression	sizeof ( _b8ef332547d38163c240bb9940515a04 )		1575629	0					
ANR	1575977	Sizeof	sizeof		1575629	0					
ANR	1575978	SizeofOperand	_b8ef332547d38163c240bb9940515a04		1575629	1					
ANR	1575979	Argument	_83ef4098e5d29f455050da3ad8989079		1575629	2					
ANR	1575980	Identifier	_83ef4098e5d29f455050da3ad8989079		1575629	0					
ANR	1575981	ExpressionStatement	fclose ( _83ef4098e5d29f455050da3ad8989079 )	84:28:3809:3850	1575629	2	True				
ANR	1575982	CallExpression	fclose ( _83ef4098e5d29f455050da3ad8989079 )		1575629	0					
ANR	1575983	Callee	fclose		1575629	0					
ANR	1575984	Identifier	fclose		1575629	0					
ANR	1575985	ArgumentList	_83ef4098e5d29f455050da3ad8989079		1575629	1					
ANR	1575986	Argument	_83ef4098e5d29f455050da3ad8989079		1575629	0					
ANR	1575987	Identifier	_83ef4098e5d29f455050da3ad8989079		1575629	0					
ANR	1575988	ExpressionStatement	_83ef4098e5d29f455050da3ad8989079 = NULL	85:28:3880:3920	1575629	3	True				
ANR	1575989	AssignmentExpression	_83ef4098e5d29f455050da3ad8989079 = NULL		1575629	0		=			
ANR	1575990	Identifier	_83ef4098e5d29f455050da3ad8989079		1575629	0					
ANR	1575991	Identifier	NULL		1575629	1					
ANR	1575992	ExpressionStatement	"strcpy ( _b8ef332547d38163c240bb9940515a04 , ""$"" )"	89:20:3991:4037	1575629	3	True				
ANR	1575993	CallExpression	"strcpy ( _b8ef332547d38163c240bb9940515a04 , ""$"" )"		1575629	0					
ANR	1575994	Callee	strcpy		1575629	0					
ANR	1575995	Identifier	strcpy		1575629	0					
ANR	1575996	ArgumentList	_b8ef332547d38163c240bb9940515a04		1575629	1					
ANR	1575997	Argument	_b8ef332547d38163c240bb9940515a04		1575629	0					
ANR	1575998	Identifier	_b8ef332547d38163c240bb9940515a04		1575629	0					
ANR	1575999	Argument	"""$"""		1575629	1					
ANR	1576000	PrimaryExpression	"""$"""		1575629	0					
ANR	1576001	ExpressionStatement	close ( _12323eede49ac97b15796e10fb1cd133 )	92:12:4083:4123	1575629	1	True				
ANR	1576002	CallExpression	close ( _12323eede49ac97b15796e10fb1cd133 )		1575629	0					
ANR	1576003	Callee	close		1575629	0					
ANR	1576004	Identifier	close		1575629	0					
ANR	1576005	ArgumentList	_12323eede49ac97b15796e10fb1cd133		1575629	1					
ANR	1576006	Argument	_12323eede49ac97b15796e10fb1cd133		1575629	0					
ANR	1576007	Identifier	_12323eede49ac97b15796e10fb1cd133		1575629	0					
ANR	1576008	ExpressionStatement	sleep ( 60 )	95:8:4144:4153	1575629	1	True				
ANR	1576009	CallExpression	sleep ( 60 )		1575629	0					
ANR	1576010	Callee	sleep		1575629	0					
ANR	1576011	Identifier	sleep		1575629	0					
ANR	1576012	ArgumentList	60		1575629	1					
ANR	1576013	Argument	60		1575629	0					
ANR	1576014	PrimaryExpression	60		1575629	0					
ANR	1576015	WhileStatement	"while ( ( _b1bb4eb05c10f206fca724cd75144ae5 = getopt ( _9a97bf3896e457126600989f13d35b45 , _6a59e8f303876f7fd91cfdb33b285e0f , ""d:"" ) ) != EOF )"		1575629	17					
ANR	1576016	Condition	"( _b1bb4eb05c10f206fca724cd75144ae5 = getopt ( _9a97bf3896e457126600989f13d35b45 , _6a59e8f303876f7fd91cfdb33b285e0f , ""d:"" ) ) != EOF"	97:10:4171:4297	1575629	0	True				
ANR	1576017	EqualityExpression	"( _b1bb4eb05c10f206fca724cd75144ae5 = getopt ( _9a97bf3896e457126600989f13d35b45 , _6a59e8f303876f7fd91cfdb33b285e0f , ""d:"" ) ) != EOF"		1575629	0		!=			
ANR	1576018	AssignmentExpression	"_b1bb4eb05c10f206fca724cd75144ae5 = getopt ( _9a97bf3896e457126600989f13d35b45 , _6a59e8f303876f7fd91cfdb33b285e0f , ""d:"" )"		1575629	0		=			
ANR	1576019	Identifier	_b1bb4eb05c10f206fca724cd75144ae5		1575629	0					
ANR	1576020	CallExpression	"getopt ( _9a97bf3896e457126600989f13d35b45 , _6a59e8f303876f7fd91cfdb33b285e0f , ""d:"" )"		1575629	1					
ANR	1576021	Callee	getopt		1575629	0					
ANR	1576022	Identifier	getopt		1575629	0					
ANR	1576023	ArgumentList	_9a97bf3896e457126600989f13d35b45		1575629	1					
ANR	1576024	Argument	_9a97bf3896e457126600989f13d35b45		1575629	0					
ANR	1576025	Identifier	_9a97bf3896e457126600989f13d35b45		1575629	0					
ANR	1576026	Argument	_6a59e8f303876f7fd91cfdb33b285e0f		1575629	1					
ANR	1576027	Identifier	_6a59e8f303876f7fd91cfdb33b285e0f		1575629	0					
ANR	1576028	Argument	"""d:"""		1575629	2					
ANR	1576029	PrimaryExpression	"""d:"""		1575629	0					
ANR	1576030	Identifier	EOF		1575629	1					
ANR	1576031	CompoundStatement		78:4:3859:3859	1575629	1					
ANR	1576032	SwitchStatement	switch ( _b1bb4eb05c10f206fca724cd75144ae5 )		1575629	0					
ANR	1576033	Condition	_b1bb4eb05c10f206fca724cd75144ae5	99:16:4322:4354	1575629	0	True				
ANR	1576034	Identifier	_b1bb4eb05c10f206fca724cd75144ae5		1575629	0					
ANR	1576035	CompoundStatement		80:8:3920:3920	1575629	1					
ANR	1576036	Label	case 'd' :	101:8:4375:4383	1575629	0	True				
ANR	1576037	IfStatement	"if ( ( _a982460aa2f5998d217ddadc89a15a13 = _2143a75abd17301a6730fe96a8ab9a82 ( _1e8c677e8b658b8e4f8e759619e250fd , optarg , LIBNET_RESOLVE ) ) == - 1 )"		1575629	1					
ANR	1576038	Condition	"( _a982460aa2f5998d217ddadc89a15a13 = _2143a75abd17301a6730fe96a8ab9a82 ( _1e8c677e8b658b8e4f8e759619e250fd , optarg , LIBNET_RESOLVE ) ) == - 1"	102:16:4401:4536	1575629	0	True				
ANR	1576039	EqualityExpression	"( _a982460aa2f5998d217ddadc89a15a13 = _2143a75abd17301a6730fe96a8ab9a82 ( _1e8c677e8b658b8e4f8e759619e250fd , optarg , LIBNET_RESOLVE ) ) == - 1"		1575629	0		==			
ANR	1576040	AssignmentExpression	"_a982460aa2f5998d217ddadc89a15a13 = _2143a75abd17301a6730fe96a8ab9a82 ( _1e8c677e8b658b8e4f8e759619e250fd , optarg , LIBNET_RESOLVE )"		1575629	0		=			
ANR	1576041	Identifier	_a982460aa2f5998d217ddadc89a15a13		1575629	0					
ANR	1576042	CallExpression	"_2143a75abd17301a6730fe96a8ab9a82 ( _1e8c677e8b658b8e4f8e759619e250fd , optarg , LIBNET_RESOLVE )"		1575629	1					
ANR	1576043	Callee	_2143a75abd17301a6730fe96a8ab9a82		1575629	0					
ANR	1576044	Identifier	_2143a75abd17301a6730fe96a8ab9a82		1575629	0					
ANR	1576045	ArgumentList	_1e8c677e8b658b8e4f8e759619e250fd		1575629	1					
ANR	1576046	Argument	_1e8c677e8b658b8e4f8e759619e250fd		1575629	0					
ANR	1576047	Identifier	_1e8c677e8b658b8e4f8e759619e250fd		1575629	0					
ANR	1576048	Argument	optarg		1575629	1					
ANR	1576049	Identifier	optarg		1575629	0					
ANR	1576050	Argument	LIBNET_RESOLVE		1575629	2					
ANR	1576051	Identifier	LIBNET_RESOLVE		1575629	0					
ANR	1576052	UnaryOperationExpression	- 1		1575629	1					
ANR	1576053	UnaryOperator	-		1575629	0					
ANR	1576054	PrimaryExpression	1		1575629	1					
ANR	1576055	CompoundStatement		83:12:4106:4106	1575629	1					
ANR	1576056	ExpressionStatement	"fprintf ( stderr , ""Bad destination IP address: %s\\n"" , optarg )"	104:16:4569:4628	1575629	0	True				
ANR	1576057	CallExpression	"fprintf ( stderr , ""Bad destination IP address: %s\\n"" , optarg )"		1575629	0					
ANR	1576058	Callee	fprintf		1575629	0					
ANR	1576059	Identifier	fprintf		1575629	0					
ANR	1576060	ArgumentList	stderr		1575629	1					
ANR	1576061	Argument	stderr		1575629	0					
ANR	1576062	Identifier	stderr		1575629	0					
ANR	1576063	Argument	"""Bad destination IP address: %s\\n"""		1575629	1					
ANR	1576064	PrimaryExpression	"""Bad destination IP address: %s\\n"""		1575629	0					
ANR	1576065	Argument	optarg		1575629	2					
ANR	1576066	Identifier	optarg		1575629	0					
ANR	1576067	ExpressionStatement	exit ( 1 )	105:16:4646:4653	1575629	1	True				
ANR	1576068	CallExpression	exit ( 1 )		1575629	0					
ANR	1576069	Callee	exit		1575629	0					
ANR	1576070	Identifier	exit		1575629	0					
ANR	1576071	ArgumentList	1		1575629	1					
ANR	1576072	Argument	1		1575629	0					
ANR	1576073	PrimaryExpression	1		1575629	0					
ANR	1576074	BreakStatement	break ;	107:12:4681:4686	1575629	2	True				
ANR	1576075	IfStatement	if ( ! _a982460aa2f5998d217ddadc89a15a13 )		1575629	18					
ANR	1576076	Condition	! _a982460aa2f5998d217ddadc89a15a13	110:8:4712:4745	1575629	0	True				
ANR	1576077	UnaryOperationExpression	! _a982460aa2f5998d217ddadc89a15a13		1575629	0					
ANR	1576078	UnaryOperator	!		1575629	0					
ANR	1576079	Identifier	_a982460aa2f5998d217ddadc89a15a13		1575629	1					
ANR	1576080	CompoundStatement		91:4:4307:4307	1575629	1					
ANR	1576081	ExpressionStatement	_814c145ac4e5d2489a6c4547530b0a96 ( _6a59e8f303876f7fd91cfdb33b285e0f [ 0 ] )	112:8:4762:4833	1575629	0	True				
ANR	1576082	CallExpression	_814c145ac4e5d2489a6c4547530b0a96 ( _6a59e8f303876f7fd91cfdb33b285e0f [ 0 ] )		1575629	0					
ANR	1576083	Callee	_814c145ac4e5d2489a6c4547530b0a96		1575629	0					
ANR	1576084	Identifier	_814c145ac4e5d2489a6c4547530b0a96		1575629	0					
ANR	1576085	ArgumentList	_6a59e8f303876f7fd91cfdb33b285e0f [ 0 ]		1575629	1					
ANR	1576086	Argument	_6a59e8f303876f7fd91cfdb33b285e0f [ 0 ]		1575629	0					
ANR	1576087	ArrayIndexing	_6a59e8f303876f7fd91cfdb33b285e0f [ 0 ]		1575629	0					
ANR	1576088	Identifier	_6a59e8f303876f7fd91cfdb33b285e0f		1575629	0					
ANR	1576089	PrimaryExpression	0		1575629	1					
ANR	1576090	ExpressionStatement	exit ( EXIT_FAILURE )	113:8:4843:4861	1575629	1	True				
ANR	1576091	CallExpression	exit ( EXIT_FAILURE )		1575629	0					
ANR	1576092	Callee	exit		1575629	0					
ANR	1576093	Identifier	exit		1575629	0					
ANR	1576094	ArgumentList	EXIT_FAILURE		1575629	1					
ANR	1576095	Argument	EXIT_FAILURE		1575629	0					
ANR	1576096	Identifier	EXIT_FAILURE		1575629	0					
ANR	1576097	ExpressionStatement	"_4bee834b6e0681cb0ec8cbfbf2aa32e2 = _9137c8d85b58225fbe6933e39d909a89 ( LIBNET_NTP_LI_AC , LIBNET_NTP_VN_4 , LIBNET_NTP_MODE_S , LIBNET_NTP_STRATUM_PRIMARY , 4 , 1 , 0xffff , 0xffff , 0xffff , 0xffff , LIBNET_NTP_REF_PPS , 0x11 , 0x22 , 0x33 , 0x44 , 0x55 , 0x66 , 0x77 , 0x88 , NULL , 0 , _1e8c677e8b658b8e4f8e759619e250fd , 0 )"	115:4:4873:5638	1575629	19	True				
ANR	1576098	AssignmentExpression	"_4bee834b6e0681cb0ec8cbfbf2aa32e2 = _9137c8d85b58225fbe6933e39d909a89 ( LIBNET_NTP_LI_AC , LIBNET_NTP_VN_4 , LIBNET_NTP_MODE_S , LIBNET_NTP_STRATUM_PRIMARY , 4 , 1 , 0xffff , 0xffff , 0xffff , 0xffff , LIBNET_NTP_REF_PPS , 0x11 , 0x22 , 0x33 , 0x44 , 0x55 , 0x66 , 0x77 , 0x88 , NULL , 0 , _1e8c677e8b658b8e4f8e759619e250fd , 0 )"		1575629	0		=			
ANR	1576099	Identifier	_4bee834b6e0681cb0ec8cbfbf2aa32e2		1575629	0					
ANR	1576100	CallExpression	"_9137c8d85b58225fbe6933e39d909a89 ( LIBNET_NTP_LI_AC , LIBNET_NTP_VN_4 , LIBNET_NTP_MODE_S , LIBNET_NTP_STRATUM_PRIMARY , 4 , 1 , 0xffff , 0xffff , 0xffff , 0xffff , LIBNET_NTP_REF_PPS , 0x11 , 0x22 , 0x33 , 0x44 , 0x55 , 0x66 , 0x77 , 0x88 , NULL , 0 , _1e8c677e8b658b8e4f8e759619e250fd , 0 )"		1575629	1					
ANR	1576101	Callee	_9137c8d85b58225fbe6933e39d909a89		1575629	0					
ANR	1576102	Identifier	_9137c8d85b58225fbe6933e39d909a89		1575629	0					
ANR	1576103	ArgumentList	LIBNET_NTP_LI_AC		1575629	1					
ANR	1576104	Argument	LIBNET_NTP_LI_AC		1575629	0					
ANR	1576105	Identifier	LIBNET_NTP_LI_AC		1575629	0					
ANR	1576106	Argument	LIBNET_NTP_VN_4		1575629	1					
ANR	1576107	Identifier	LIBNET_NTP_VN_4		1575629	0					
ANR	1576108	Argument	LIBNET_NTP_MODE_S		1575629	2					
ANR	1576109	Identifier	LIBNET_NTP_MODE_S		1575629	0					
ANR	1576110	Argument	LIBNET_NTP_STRATUM_PRIMARY		1575629	3					
ANR	1576111	Identifier	LIBNET_NTP_STRATUM_PRIMARY		1575629	0					
ANR	1576112	Argument	4		1575629	4					
ANR	1576113	PrimaryExpression	4		1575629	0					
ANR	1576114	Argument	1		1575629	5					
ANR	1576115	PrimaryExpression	1		1575629	0					
ANR	1576116	Argument	0xffff		1575629	6					
ANR	1576117	PrimaryExpression	0xffff		1575629	0					
ANR	1576118	Argument	0xffff		1575629	7					
ANR	1576119	PrimaryExpression	0xffff		1575629	0					
ANR	1576120	Argument	0xffff		1575629	8					
ANR	1576121	PrimaryExpression	0xffff		1575629	0					
ANR	1576122	Argument	0xffff		1575629	9					
ANR	1576123	PrimaryExpression	0xffff		1575629	0					
ANR	1576124	Argument	LIBNET_NTP_REF_PPS		1575629	10					
ANR	1576125	Identifier	LIBNET_NTP_REF_PPS		1575629	0					
ANR	1576126	Argument	0x11		1575629	11					
ANR	1576127	PrimaryExpression	0x11		1575629	0					
ANR	1576128	Argument	0x22		1575629	12					
ANR	1576129	PrimaryExpression	0x22		1575629	0					
ANR	1576130	Argument	0x33		1575629	13					
ANR	1576131	PrimaryExpression	0x33		1575629	0					
ANR	1576132	Argument	0x44		1575629	14					
ANR	1576133	PrimaryExpression	0x44		1575629	0					
ANR	1576134	Argument	0x55		1575629	15					
ANR	1576135	PrimaryExpression	0x55		1575629	0					
ANR	1576136	Argument	0x66		1575629	16					
ANR	1576137	PrimaryExpression	0x66		1575629	0					
ANR	1576138	Argument	0x77		1575629	17					
ANR	1576139	PrimaryExpression	0x77		1575629	0					
ANR	1576140	Argument	0x88		1575629	18					
ANR	1576141	PrimaryExpression	0x88		1575629	0					
ANR	1576142	Argument	NULL		1575629	19					
ANR	1576143	Identifier	NULL		1575629	0					
ANR	1576144	Argument	0		1575629	20					
ANR	1576145	PrimaryExpression	0		1575629	0					
ANR	1576146	Argument	_1e8c677e8b658b8e4f8e759619e250fd		1575629	21					
ANR	1576147	Identifier	_1e8c677e8b658b8e4f8e759619e250fd		1575629	0					
ANR	1576148	Argument	0		1575629	22					
ANR	1576149	PrimaryExpression	0		1575629	0					
ANR	1576150	IfStatement	if ( _4bee834b6e0681cb0ec8cbfbf2aa32e2 == - 1 )		1575629	20					
ANR	1576151	Condition	_4bee834b6e0681cb0ec8cbfbf2aa32e2 == - 1	139:8:5648:5686	1575629	0	True				
ANR	1576152	EqualityExpression	_4bee834b6e0681cb0ec8cbfbf2aa32e2 == - 1		1575629	0		==			
ANR	1576153	Identifier	_4bee834b6e0681cb0ec8cbfbf2aa32e2		1575629	0					
ANR	1576154	UnaryOperationExpression	- 1		1575629	1					
ANR	1576155	UnaryOperator	-		1575629	0					
ANR	1576156	PrimaryExpression	1		1575629	1					
ANR	1576157	CompoundStatement		120:4:5248:5248	1575629	1					
ANR	1576158	ExpressionStatement	"fprintf ( stderr , ""Can't build NTP header: %s\\n"" , _ee2025cd5ce888274f7fa037819ecd9e ( _1e8c677e8b658b8e4f8e759619e250fd ) )"	141:8:5703:5820	1575629	0	True				
ANR	1576159	CallExpression	"fprintf ( stderr , ""Can't build NTP header: %s\\n"" , _ee2025cd5ce888274f7fa037819ecd9e ( _1e8c677e8b658b8e4f8e759619e250fd ) )"		1575629	0					
ANR	1576160	Callee	fprintf		1575629	0					
ANR	1576161	Identifier	fprintf		1575629	0					
ANR	1576162	ArgumentList	stderr		1575629	1					
ANR	1576163	Argument	stderr		1575629	0					
ANR	1576164	Identifier	stderr		1575629	0					
ANR	1576165	Argument	"""Can't build NTP header: %s\\n"""		1575629	1					
ANR	1576166	PrimaryExpression	"""Can't build NTP header: %s\\n"""		1575629	0					
ANR	1576167	Argument	_ee2025cd5ce888274f7fa037819ecd9e ( _1e8c677e8b658b8e4f8e759619e250fd )		1575629	2					
ANR	1576168	CallExpression	_ee2025cd5ce888274f7fa037819ecd9e ( _1e8c677e8b658b8e4f8e759619e250fd )		1575629	0					
ANR	1576169	Callee	_ee2025cd5ce888274f7fa037819ecd9e		1575629	0					
ANR	1576170	Identifier	_ee2025cd5ce888274f7fa037819ecd9e		1575629	0					
ANR	1576171	ArgumentList	_1e8c677e8b658b8e4f8e759619e250fd		1575629	1					
ANR	1576172	Argument	_1e8c677e8b658b8e4f8e759619e250fd		1575629	0					
ANR	1576173	Identifier	_1e8c677e8b658b8e4f8e759619e250fd		1575629	0					
ANR	1576174	GotoStatement	goto bad ;	142:8:5830:5838	1575629	1	True				
ANR	1576175	Identifier	bad		1575629	0					
ANR	1576176	ExpressionStatement	_dbf5700b80855ed49254afaeff59565d ( _1e8c677e8b658b8e4f8e759619e250fd )	144:4:5850:5918	1575629	21	True				
ANR	1576177	CallExpression	_dbf5700b80855ed49254afaeff59565d ( _1e8c677e8b658b8e4f8e759619e250fd )		1575629	0					
ANR	1576178	Callee	_dbf5700b80855ed49254afaeff59565d		1575629	0					
ANR	1576179	Identifier	_dbf5700b80855ed49254afaeff59565d		1575629	0					
ANR	1576180	ArgumentList	_1e8c677e8b658b8e4f8e759619e250fd		1575629	1					
ANR	1576181	Argument	_1e8c677e8b658b8e4f8e759619e250fd		1575629	0					
ANR	1576182	Identifier	_1e8c677e8b658b8e4f8e759619e250fd		1575629	0					
ANR	1576183	ExpressionStatement	"_4bee834b6e0681cb0ec8cbfbf2aa32e2 = _f7a5a4c8fcfae3ee1363cf069dd485ce ( _4e0622cf9c924a88b79d0349e9d38591 ( LIBNET_PRu16 ) , 123 , LIBNET_UDP_H + LIBNET_NTP_H , 0 , NULL , 0 , _1e8c677e8b658b8e4f8e759619e250fd , 0 )"	145:4:5924:6287	1575629	22	True				
ANR	1576184	AssignmentExpression	"_4bee834b6e0681cb0ec8cbfbf2aa32e2 = _f7a5a4c8fcfae3ee1363cf069dd485ce ( _4e0622cf9c924a88b79d0349e9d38591 ( LIBNET_PRu16 ) , 123 , LIBNET_UDP_H + LIBNET_NTP_H , 0 , NULL , 0 , _1e8c677e8b658b8e4f8e759619e250fd , 0 )"		1575629	0		=			
ANR	1576185	Identifier	_4bee834b6e0681cb0ec8cbfbf2aa32e2		1575629	0					
ANR	1576186	CallExpression	"_f7a5a4c8fcfae3ee1363cf069dd485ce ( _4e0622cf9c924a88b79d0349e9d38591 ( LIBNET_PRu16 ) , 123 , LIBNET_UDP_H + LIBNET_NTP_H , 0 , NULL , 0 , _1e8c677e8b658b8e4f8e759619e250fd , 0 )"		1575629	1					
ANR	1576187	Callee	_f7a5a4c8fcfae3ee1363cf069dd485ce		1575629	0					
ANR	1576188	Identifier	_f7a5a4c8fcfae3ee1363cf069dd485ce		1575629	0					
ANR	1576189	ArgumentList	_4e0622cf9c924a88b79d0349e9d38591 ( LIBNET_PRu16 )		1575629	1					
ANR	1576190	Argument	_4e0622cf9c924a88b79d0349e9d38591 ( LIBNET_PRu16 )		1575629	0					
ANR	1576191	CallExpression	_4e0622cf9c924a88b79d0349e9d38591 ( LIBNET_PRu16 )		1575629	0					
ANR	1576192	Callee	_4e0622cf9c924a88b79d0349e9d38591		1575629	0					
ANR	1576193	Identifier	_4e0622cf9c924a88b79d0349e9d38591		1575629	0					
ANR	1576194	ArgumentList	LIBNET_PRu16		1575629	1					
ANR	1576195	Argument	LIBNET_PRu16		1575629	0					
ANR	1576196	Identifier	LIBNET_PRu16		1575629	0					
ANR	1576197	Argument	123		1575629	1					
ANR	1576198	PrimaryExpression	123		1575629	0					
ANR	1576199	Argument	LIBNET_UDP_H + LIBNET_NTP_H		1575629	2					
ANR	1576200	AdditiveExpression	LIBNET_UDP_H + LIBNET_NTP_H		1575629	0		+			
ANR	1576201	Identifier	LIBNET_UDP_H		1575629	0					
ANR	1576202	Identifier	LIBNET_NTP_H		1575629	1					
ANR	1576203	Argument	0		1575629	3					
ANR	1576204	PrimaryExpression	0		1575629	0					
ANR	1576205	Argument	NULL		1575629	4					
ANR	1576206	Identifier	NULL		1575629	0					
ANR	1576207	Argument	0		1575629	5					
ANR	1576208	PrimaryExpression	0		1575629	0					
ANR	1576209	Argument	_1e8c677e8b658b8e4f8e759619e250fd		1575629	6					
ANR	1576210	Identifier	_1e8c677e8b658b8e4f8e759619e250fd		1575629	0					
ANR	1576211	Argument	0		1575629	7					
ANR	1576212	PrimaryExpression	0		1575629	0					
ANR	1576213	IfStatement	if ( _4bee834b6e0681cb0ec8cbfbf2aa32e2 == - 1 )		1575629	23					
ANR	1576214	Condition	_4bee834b6e0681cb0ec8cbfbf2aa32e2 == - 1	154:8:6297:6335	1575629	0	True				
ANR	1576215	EqualityExpression	_4bee834b6e0681cb0ec8cbfbf2aa32e2 == - 1		1575629	0		==			
ANR	1576216	Identifier	_4bee834b6e0681cb0ec8cbfbf2aa32e2		1575629	0					
ANR	1576217	UnaryOperationExpression	- 1		1575629	1					
ANR	1576218	UnaryOperator	-		1575629	0					
ANR	1576219	PrimaryExpression	1		1575629	1					
ANR	1576220	CompoundStatement		135:4:5897:5897	1575629	1					
ANR	1576221	ExpressionStatement	"fprintf ( stderr , ""Can't build UDP header: %s\\n"" , _ee2025cd5ce888274f7fa037819ecd9e ( _1e8c677e8b658b8e4f8e759619e250fd ) )"	156:8:6352:6469	1575629	0	True				
ANR	1576222	CallExpression	"fprintf ( stderr , ""Can't build UDP header: %s\\n"" , _ee2025cd5ce888274f7fa037819ecd9e ( _1e8c677e8b658b8e4f8e759619e250fd ) )"		1575629	0					
ANR	1576223	Callee	fprintf		1575629	0					
ANR	1576224	Identifier	fprintf		1575629	0					
ANR	1576225	ArgumentList	stderr		1575629	1					
ANR	1576226	Argument	stderr		1575629	0					
ANR	1576227	Identifier	stderr		1575629	0					
ANR	1576228	Argument	"""Can't build UDP header: %s\\n"""		1575629	1					
ANR	1576229	PrimaryExpression	"""Can't build UDP header: %s\\n"""		1575629	0					
ANR	1576230	Argument	_ee2025cd5ce888274f7fa037819ecd9e ( _1e8c677e8b658b8e4f8e759619e250fd )		1575629	2					
ANR	1576231	CallExpression	_ee2025cd5ce888274f7fa037819ecd9e ( _1e8c677e8b658b8e4f8e759619e250fd )		1575629	0					
ANR	1576232	Callee	_ee2025cd5ce888274f7fa037819ecd9e		1575629	0					
ANR	1576233	Identifier	_ee2025cd5ce888274f7fa037819ecd9e		1575629	0					
ANR	1576234	ArgumentList	_1e8c677e8b658b8e4f8e759619e250fd		1575629	1					
ANR	1576235	Argument	_1e8c677e8b658b8e4f8e759619e250fd		1575629	0					
ANR	1576236	Identifier	_1e8c677e8b658b8e4f8e759619e250fd		1575629	0					
ANR	1576237	GotoStatement	goto bad ;	157:8:6479:6487	1575629	1	True				
ANR	1576238	Identifier	bad		1575629	0					
ANR	1576239	CompoundStatement		145:8:6758:6766	1575629	24					
ANR	1576240	IdentifierDeclStatement	short _02d3b7f9d30c2a108592a530b76111e0 = 0xE7D8L ;	160:8:6509:6558	1575629	0	True				
ANR	1576241	IdentifierDecl	_02d3b7f9d30c2a108592a530b76111e0 = 0xE7D8L		1575629	0					
ANR	1576242	IdentifierDeclType	short		1575629	0					
ANR	1576243	Identifier	_02d3b7f9d30c2a108592a530b76111e0		1575629	1					
ANR	1576244	AssignmentExpression	_02d3b7f9d30c2a108592a530b76111e0 = 0xE7D8L		1575629	2		=			
ANR	1576245	Identifier	_02d3b7f9d30c2a108592a530b76111e0		1575629	0					
ANR	1576246	PrimaryExpression	0xE7D8L		1575629	1					
ANR	1576247	IdentifierDeclStatement	int _aa2d16be0db53be887bc823b723159da = ( - 4L ) ;	161:8:6568:6613	1575629	1	True				
ANR	1576248	IdentifierDecl	_aa2d16be0db53be887bc823b723159da = ( - 4L )		1575629	0					
ANR	1576249	IdentifierDeclType	int		1575629	0					
ANR	1576250	Identifier	_aa2d16be0db53be887bc823b723159da		1575629	1					
ANR	1576251	AssignmentExpression	_aa2d16be0db53be887bc823b723159da = ( - 4L )		1575629	2		=			
ANR	1576252	Identifier	_aa2d16be0db53be887bc823b723159da		1575629	0					
ANR	1576253	UnaryOperationExpression	- 4L		1575629	1					
ANR	1576254	UnaryOperator	-		1575629	0					
ANR	1576255	PrimaryExpression	4L		1575629	1					
ANR	1576256	Statement	int	162:8:6623:6625	1575629	2	True				
ANR	1576257	Statement	*	162:12:6627:6627	1575629	3	True				
ANR	1576258	Statement	_52d904ab29d937ec64dbc51eb73e13d7	162:13:6628:6660	1575629	4	True				
ANR	1576259	Statement	[	162:46:6661:6661	1575629	5	True				
ANR	1576260	Statement	5	162:47:6662:6662	1575629	6	True				
ANR	1576261	Statement	]	162:48:6663:6663	1575629	7	True				
ANR	1576262	Statement	[	162:49:6664:6664	1575629	8	True				
ANR	1576263	Statement	2	162:50:6665:6665	1575629	9	True				
ANR	1576264	Statement	]	162:51:6666:6666	1575629	10	True				
ANR	1576265	Statement	=	162:53:6668:6668	1575629	11	True				
ANR	1576266	CompoundStatement		142:55:6225:6225	1575629	12					
ANR	1576267	CompoundStatement		142:56:6226:6226	1575629	0					
ANR	1576268	Statement	&	162:57:6672:6672	1575629	0	True				
ANR	1576269	Statement	_aa2d16be0db53be887bc823b723159da	162:58:6673:6705	1575629	1	True				
ANR	1576270	Statement	","	162:91:6706:6706	1575629	2	True				
ANR	1576271	Statement	&	162:92:6707:6707	1575629	3	True				
ANR	1576272	Statement	_aa2d16be0db53be887bc823b723159da	162:93:6708:6740	1575629	4	True				
ANR	1576273	Statement	","	162:127:6742:6742	1575629	1	True				
ANR	1576274	CompoundStatement		142:128:6298:6298	1575629	2					
ANR	1576275	Statement	&	162:129:6744:6744	1575629	0	True				
ANR	1576276	Statement	_aa2d16be0db53be887bc823b723159da	162:130:6745:6777	1575629	1	True				
ANR	1576277	Statement	","	162:163:6778:6778	1575629	2	True				
ANR	1576278	Statement	&	162:164:6779:6779	1575629	3	True				
ANR	1576279	Statement	_aa2d16be0db53be887bc823b723159da	162:165:6780:6812	1575629	4	True				
ANR	1576280	Statement	","	162:199:6814:6814	1575629	3	True				
ANR	1576281	CompoundStatement		142:200:6370:6370	1575629	4					
ANR	1576282	Statement	&	162:201:6816:6816	1575629	0	True				
ANR	1576283	Statement	_aa2d16be0db53be887bc823b723159da	162:202:6817:6849	1575629	1	True				
ANR	1576284	Statement	","	162:235:6850:6850	1575629	2	True				
ANR	1576285	Statement	&	162:236:6851:6851	1575629	3	True				
ANR	1576286	Statement	_aa2d16be0db53be887bc823b723159da	162:237:6852:6884	1575629	4	True				
ANR	1576287	Statement	","	162:271:6886:6886	1575629	5	True				
ANR	1576288	CompoundStatement		142:272:6442:6442	1575629	6					
ANR	1576289	Statement	&	162:273:6888:6888	1575629	0	True				
ANR	1576290	Statement	_aa2d16be0db53be887bc823b723159da	162:274:6889:6921	1575629	1	True				
ANR	1576291	Statement	","	162:307:6922:6922	1575629	2	True				
ANR	1576292	Statement	&	162:308:6923:6923	1575629	3	True				
ANR	1576293	Statement	_aa2d16be0db53be887bc823b723159da	162:309:6924:6956	1575629	4	True				
ANR	1576294	Statement	","	162:343:6958:6958	1575629	7	True				
ANR	1576295	CompoundStatement		142:344:6514:6514	1575629	8					
ANR	1576296	Statement	&	162:345:6960:6960	1575629	0	True				
ANR	1576297	Statement	_aa2d16be0db53be887bc823b723159da	162:346:6961:6993	1575629	1	True				
ANR	1576298	Statement	","	162:379:6994:6994	1575629	2	True				
ANR	1576299	Statement	&	162:380:6995:6995	1575629	3	True				
ANR	1576300	Statement	_aa2d16be0db53be887bc823b723159da	162:381:6996:7028	1575629	4	True				
ANR	1576301	ExpressionStatement		162:416:7031:7031	1575629	13	True				
ANR	1576302	IdentifierDeclStatement	unsigned int _a05342277735ec6a0e8a4e3276a3a5ea = 0xF0842170L ;	163:8:7041:7101	1575629	14	True				
ANR	1576303	IdentifierDecl	_a05342277735ec6a0e8a4e3276a3a5ea = 0xF0842170L		1575629	0					
ANR	1576304	IdentifierDeclType	unsigned int		1575629	0					
ANR	1576305	Identifier	_a05342277735ec6a0e8a4e3276a3a5ea		1575629	1					
ANR	1576306	AssignmentExpression	_a05342277735ec6a0e8a4e3276a3a5ea = 0xF0842170L		1575629	2		=			
ANR	1576307	Identifier	_a05342277735ec6a0e8a4e3276a3a5ea		1575629	0					
ANR	1576308	PrimaryExpression	0xF0842170L		1575629	1					
ANR	1576309	IdentifierDeclStatement	int * * _6d4a244c8759994fdd1b72ca4bf4c948 = & _52d904ab29d937ec64dbc51eb73e13d7 [ 3 ] [ 1 ] ;	164:8:7111:7193	1575629	15	True				
ANR	1576310	IdentifierDecl	* * _6d4a244c8759994fdd1b72ca4bf4c948 = & _52d904ab29d937ec64dbc51eb73e13d7 [ 3 ] [ 1 ]		1575629	0					
ANR	1576311	IdentifierDeclType	int * *		1575629	0					
ANR	1576312	Identifier	_6d4a244c8759994fdd1b72ca4bf4c948		1575629	1					
ANR	1576313	AssignmentExpression	* * _6d4a244c8759994fdd1b72ca4bf4c948 = & _52d904ab29d937ec64dbc51eb73e13d7 [ 3 ] [ 1 ]		1575629	2		=			
ANR	1576314	Identifier	_6d4a244c8759994fdd1b72ca4bf4c948		1575629	0					
ANR	1576315	UnaryOperationExpression	& _52d904ab29d937ec64dbc51eb73e13d7 [ 3 ] [ 1 ]		1575629	1					
ANR	1576316	UnaryOperator	&		1575629	0					
ANR	1576317	ArrayIndexing	_52d904ab29d937ec64dbc51eb73e13d7 [ 3 ] [ 1 ]		1575629	1					
ANR	1576318	ArrayIndexing	_52d904ab29d937ec64dbc51eb73e13d7 [ 3 ]		1575629	0					
ANR	1576319	Identifier	_52d904ab29d937ec64dbc51eb73e13d7		1575629	0					
ANR	1576320	PrimaryExpression	3		1575629	1					
ANR	1576321	PrimaryExpression	1		1575629	1					
ANR	1576322	IdentifierDeclStatement	"int i , j ;"	165:8:7203:7211	1575629	16	True				
ANR	1576323	IdentifierDecl	i		1575629	0					
ANR	1576324	IdentifierDeclType	int		1575629	0					
ANR	1576325	Identifier	i		1575629	1					
ANR	1576326	IdentifierDecl	j		1575629	1					
ANR	1576327	IdentifierDeclType	int		1575629	0					
ANR	1576328	Identifier	j		1575629	1					
ANR	1576329	ExpressionStatement	_a05342277735ec6a0e8a4e3276a3a5ea = ( _02d3b7f9d30c2a108592a530b76111e0 != _02d3b7f9d30c2a108592a530b76111e0 )	166:8:7221:7329	1575629	17	True				
ANR	1576330	AssignmentExpression	_a05342277735ec6a0e8a4e3276a3a5ea = ( _02d3b7f9d30c2a108592a530b76111e0 != _02d3b7f9d30c2a108592a530b76111e0 )		1575629	0		=			
ANR	1576331	Identifier	_a05342277735ec6a0e8a4e3276a3a5ea		1575629	0					
ANR	1576332	EqualityExpression	_02d3b7f9d30c2a108592a530b76111e0 != _02d3b7f9d30c2a108592a530b76111e0		1575629	1		!=			
ANR	1576333	Identifier	_02d3b7f9d30c2a108592a530b76111e0		1575629	0					
ANR	1576334	Identifier	_02d3b7f9d30c2a108592a530b76111e0		1575629	1					
ANR	1576335	ExpressionStatement	( * _6d4a244c8759994fdd1b72ca4bf4c948 ) = & _aa2d16be0db53be887bc823b723159da	167:8:7339:7412	1575629	18	True				
ANR	1576336	AssignmentExpression	( * _6d4a244c8759994fdd1b72ca4bf4c948 ) = & _aa2d16be0db53be887bc823b723159da		1575629	0		=			
ANR	1576337	UnaryOperationExpression	* _6d4a244c8759994fdd1b72ca4bf4c948		1575629	0					
ANR	1576338	UnaryOperator	*		1575629	0					
ANR	1576339	Identifier	_6d4a244c8759994fdd1b72ca4bf4c948		1575629	1					
ANR	1576340	UnaryOperationExpression	& _aa2d16be0db53be887bc823b723159da		1575629	1					
ANR	1576341	UnaryOperator	&		1575629	0					
ANR	1576342	Identifier	_aa2d16be0db53be887bc823b723159da		1575629	1					
ANR	1576343	ExpressionStatement	"_4bee834b6e0681cb0ec8cbfbf2aa32e2 = _0fae7ce58d4a98ecd8fb3caa021ff018 ( LIBNET_IPV4_H + LIBNET_UDP_H + LIBNET_NTP_H , IPPROTO_UDP , _a982460aa2f5998d217ddadc89a15a13 , _1e8c677e8b658b8e4f8e759619e250fd )"	169:4:7424:7702	1575629	25	True				
ANR	1576344	AssignmentExpression	"_4bee834b6e0681cb0ec8cbfbf2aa32e2 = _0fae7ce58d4a98ecd8fb3caa021ff018 ( LIBNET_IPV4_H + LIBNET_UDP_H + LIBNET_NTP_H , IPPROTO_UDP , _a982460aa2f5998d217ddadc89a15a13 , _1e8c677e8b658b8e4f8e759619e250fd )"		1575629	0		=			
ANR	1576345	Identifier	_4bee834b6e0681cb0ec8cbfbf2aa32e2		1575629	0					
ANR	1576346	CallExpression	"_0fae7ce58d4a98ecd8fb3caa021ff018 ( LIBNET_IPV4_H + LIBNET_UDP_H + LIBNET_NTP_H , IPPROTO_UDP , _a982460aa2f5998d217ddadc89a15a13 , _1e8c677e8b658b8e4f8e759619e250fd )"		1575629	1					
ANR	1576347	Callee	_0fae7ce58d4a98ecd8fb3caa021ff018		1575629	0					
ANR	1576348	Identifier	_0fae7ce58d4a98ecd8fb3caa021ff018		1575629	0					
ANR	1576349	ArgumentList	LIBNET_IPV4_H + LIBNET_UDP_H + LIBNET_NTP_H		1575629	1					
ANR	1576350	Argument	LIBNET_IPV4_H + LIBNET_UDP_H + LIBNET_NTP_H		1575629	0					
ANR	1576351	AdditiveExpression	LIBNET_IPV4_H + LIBNET_UDP_H + LIBNET_NTP_H		1575629	0		+			
ANR	1576352	Identifier	LIBNET_IPV4_H		1575629	0					
ANR	1576353	AdditiveExpression	LIBNET_UDP_H + LIBNET_NTP_H		1575629	1		+			
ANR	1576354	Identifier	LIBNET_UDP_H		1575629	0					
ANR	1576355	Identifier	LIBNET_NTP_H		1575629	1					
ANR	1576356	Argument	IPPROTO_UDP		1575629	1					
ANR	1576357	Identifier	IPPROTO_UDP		1575629	0					
ANR	1576358	Argument	_a982460aa2f5998d217ddadc89a15a13		1575629	2					
ANR	1576359	Identifier	_a982460aa2f5998d217ddadc89a15a13		1575629	0					
ANR	1576360	Argument	_1e8c677e8b658b8e4f8e759619e250fd		1575629	3					
ANR	1576361	Identifier	_1e8c677e8b658b8e4f8e759619e250fd		1575629	0					
ANR	1576362	IfStatement	if ( _4bee834b6e0681cb0ec8cbfbf2aa32e2 == - 1 )		1575629	26					
ANR	1576363	Condition	_4bee834b6e0681cb0ec8cbfbf2aa32e2 == - 1	174:8:7712:7750	1575629	0	True				
ANR	1576364	EqualityExpression	_4bee834b6e0681cb0ec8cbfbf2aa32e2 == - 1		1575629	0		==			
ANR	1576365	Identifier	_4bee834b6e0681cb0ec8cbfbf2aa32e2		1575629	0					
ANR	1576366	UnaryOperationExpression	- 1		1575629	1					
ANR	1576367	UnaryOperator	-		1575629	0					
ANR	1576368	PrimaryExpression	1		1575629	1					
ANR	1576369	CompoundStatement		155:4:7312:7312	1575629	1					
ANR	1576370	ExpressionStatement	"fprintf ( stderr , ""Can't build IP header: %s\\n"" , _ee2025cd5ce888274f7fa037819ecd9e ( _1e8c677e8b658b8e4f8e759619e250fd ) )"	176:8:7767:7883	1575629	0	True				
ANR	1576371	CallExpression	"fprintf ( stderr , ""Can't build IP header: %s\\n"" , _ee2025cd5ce888274f7fa037819ecd9e ( _1e8c677e8b658b8e4f8e759619e250fd ) )"		1575629	0					
ANR	1576372	Callee	fprintf		1575629	0					
ANR	1576373	Identifier	fprintf		1575629	0					
ANR	1576374	ArgumentList	stderr		1575629	1					
ANR	1576375	Argument	stderr		1575629	0					
ANR	1576376	Identifier	stderr		1575629	0					
ANR	1576377	Argument	"""Can't build IP header: %s\\n"""		1575629	1					
ANR	1576378	PrimaryExpression	"""Can't build IP header: %s\\n"""		1575629	0					
ANR	1576379	Argument	_ee2025cd5ce888274f7fa037819ecd9e ( _1e8c677e8b658b8e4f8e759619e250fd )		1575629	2					
ANR	1576380	CallExpression	_ee2025cd5ce888274f7fa037819ecd9e ( _1e8c677e8b658b8e4f8e759619e250fd )		1575629	0					
ANR	1576381	Callee	_ee2025cd5ce888274f7fa037819ecd9e		1575629	0					
ANR	1576382	Identifier	_ee2025cd5ce888274f7fa037819ecd9e		1575629	0					
ANR	1576383	ArgumentList	_1e8c677e8b658b8e4f8e759619e250fd		1575629	1					
ANR	1576384	Argument	_1e8c677e8b658b8e4f8e759619e250fd		1575629	0					
ANR	1576385	Identifier	_1e8c677e8b658b8e4f8e759619e250fd		1575629	0					
ANR	1576386	GotoStatement	goto bad ;	177:8:7893:7901	1575629	1	True				
ANR	1576387	Identifier	bad		1575629	0					
ANR	1576388	ExpressionStatement	"fprintf ( stderr , ""l contains a %d byte packet\\n"" , _962f9528b04dd8411b983a650079914d ( _1e8c677e8b658b8e4f8e759619e250fd ) )"	179:4:7913:8031	1575629	27	True				
ANR	1576389	CallExpression	"fprintf ( stderr , ""l contains a %d byte packet\\n"" , _962f9528b04dd8411b983a650079914d ( _1e8c677e8b658b8e4f8e759619e250fd ) )"		1575629	0					
ANR	1576390	Callee	fprintf		1575629	0					
ANR	1576391	Identifier	fprintf		1575629	0					
ANR	1576392	ArgumentList	stderr		1575629	1					
ANR	1576393	Argument	stderr		1575629	0					
ANR	1576394	Identifier	stderr		1575629	0					
ANR	1576395	Argument	"""l contains a %d byte packet\\n"""		1575629	1					
ANR	1576396	PrimaryExpression	"""l contains a %d byte packet\\n"""		1575629	0					
ANR	1576397	Argument	_962f9528b04dd8411b983a650079914d ( _1e8c677e8b658b8e4f8e759619e250fd )		1575629	2					
ANR	1576398	CallExpression	_962f9528b04dd8411b983a650079914d ( _1e8c677e8b658b8e4f8e759619e250fd )		1575629	0					
ANR	1576399	Callee	_962f9528b04dd8411b983a650079914d		1575629	0					
ANR	1576400	Identifier	_962f9528b04dd8411b983a650079914d		1575629	0					
ANR	1576401	ArgumentList	_1e8c677e8b658b8e4f8e759619e250fd		1575629	1					
ANR	1576402	Argument	_1e8c677e8b658b8e4f8e759619e250fd		1575629	0					
ANR	1576403	Identifier	_1e8c677e8b658b8e4f8e759619e250fd		1575629	0					
ANR	1576404	ExpressionStatement	_b1bb4eb05c10f206fca724cd75144ae5 = _c6ba494721671532b728ca0957f13a5d ( _1e8c677e8b658b8e4f8e759619e250fd )	180:4:8037:8141	1575629	28	True				
ANR	1576405	AssignmentExpression	_b1bb4eb05c10f206fca724cd75144ae5 = _c6ba494721671532b728ca0957f13a5d ( _1e8c677e8b658b8e4f8e759619e250fd )		1575629	0		=			
ANR	1576406	Identifier	_b1bb4eb05c10f206fca724cd75144ae5		1575629	0					
ANR	1576407	CallExpression	_c6ba494721671532b728ca0957f13a5d ( _1e8c677e8b658b8e4f8e759619e250fd )		1575629	1					
ANR	1576408	Callee	_c6ba494721671532b728ca0957f13a5d		1575629	0					
ANR	1576409	Identifier	_c6ba494721671532b728ca0957f13a5d		1575629	0					
ANR	1576410	ArgumentList	_1e8c677e8b658b8e4f8e759619e250fd		1575629	1					
ANR	1576411	Argument	_1e8c677e8b658b8e4f8e759619e250fd		1575629	0					
ANR	1576412	Identifier	_1e8c677e8b658b8e4f8e759619e250fd		1575629	0					
ANR	1576413	IfStatement	if ( _b1bb4eb05c10f206fca724cd75144ae5 == - 1 )		1575629	29					
ANR	1576414	Condition	_b1bb4eb05c10f206fca724cd75144ae5 == - 1	181:8:8151:8189	1575629	0	True				
ANR	1576415	EqualityExpression	_b1bb4eb05c10f206fca724cd75144ae5 == - 1		1575629	0		==			
ANR	1576416	Identifier	_b1bb4eb05c10f206fca724cd75144ae5		1575629	0					
ANR	1576417	UnaryOperationExpression	- 1		1575629	1					
ANR	1576418	UnaryOperator	-		1575629	0					
ANR	1576419	PrimaryExpression	1		1575629	1					
ANR	1576420	CompoundStatement		162:4:7751:7751	1575629	1					
ANR	1576421	ExpressionStatement	"fprintf ( stderr , ""Write error: %s\\n"" , _ee2025cd5ce888274f7fa037819ecd9e ( _1e8c677e8b658b8e4f8e759619e250fd ) )"	183:8:8206:8312	1575629	0	True				
ANR	1576422	CallExpression	"fprintf ( stderr , ""Write error: %s\\n"" , _ee2025cd5ce888274f7fa037819ecd9e ( _1e8c677e8b658b8e4f8e759619e250fd ) )"		1575629	0					
ANR	1576423	Callee	fprintf		1575629	0					
ANR	1576424	Identifier	fprintf		1575629	0					
ANR	1576425	ArgumentList	stderr		1575629	1					
ANR	1576426	Argument	stderr		1575629	0					
ANR	1576427	Identifier	stderr		1575629	0					
ANR	1576428	Argument	"""Write error: %s\\n"""		1575629	1					
ANR	1576429	PrimaryExpression	"""Write error: %s\\n"""		1575629	0					
ANR	1576430	Argument	_ee2025cd5ce888274f7fa037819ecd9e ( _1e8c677e8b658b8e4f8e759619e250fd )		1575629	2					
ANR	1576431	CallExpression	_ee2025cd5ce888274f7fa037819ecd9e ( _1e8c677e8b658b8e4f8e759619e250fd )		1575629	0					
ANR	1576432	Callee	_ee2025cd5ce888274f7fa037819ecd9e		1575629	0					
ANR	1576433	Identifier	_ee2025cd5ce888274f7fa037819ecd9e		1575629	0					
ANR	1576434	ArgumentList	_1e8c677e8b658b8e4f8e759619e250fd		1575629	1					
ANR	1576435	Argument	_1e8c677e8b658b8e4f8e759619e250fd		1575629	0					
ANR	1576436	Identifier	_1e8c677e8b658b8e4f8e759619e250fd		1575629	0					
ANR	1576437	GotoStatement	goto bad ;	184:8:8322:8330	1575629	1	True				
ANR	1576438	Identifier	bad		1575629	0					
ANR	1576439	ElseStatement	else		1575629	0					
ANR	1576440	CompoundStatement		167:4:7906:7906	1575629	0					
ANR	1576441	ExpressionStatement	"fprintf ( stderr , ""Wrote %d byte NTP packet; check the wire.\\n"" , _b1bb4eb05c10f206fca724cd75144ae5 )"	188:8:8361:8458	1575629	0	True				
ANR	1576442	CallExpression	"fprintf ( stderr , ""Wrote %d byte NTP packet; check the wire.\\n"" , _b1bb4eb05c10f206fca724cd75144ae5 )"		1575629	0					
ANR	1576443	Callee	fprintf		1575629	0					
ANR	1576444	Identifier	fprintf		1575629	0					
ANR	1576445	ArgumentList	stderr		1575629	1					
ANR	1576446	Argument	stderr		1575629	0					
ANR	1576447	Identifier	stderr		1575629	0					
ANR	1576448	Argument	"""Wrote %d byte NTP packet; check the wire.\\n"""		1575629	1					
ANR	1576449	PrimaryExpression	"""Wrote %d byte NTP packet; check the wire.\\n"""		1575629	0					
ANR	1576450	Argument	_b1bb4eb05c10f206fca724cd75144ae5		1575629	2					
ANR	1576451	Identifier	_b1bb4eb05c10f206fca724cd75144ae5		1575629	0					
ANR	1576452	ExpressionStatement	_72b427927672535c55a19f32397d12c9 ( _1e8c677e8b658b8e4f8e759619e250fd )	190:4:8470:8538	1575629	30	True				
ANR	1576453	CallExpression	_72b427927672535c55a19f32397d12c9 ( _1e8c677e8b658b8e4f8e759619e250fd )		1575629	0					
ANR	1576454	Callee	_72b427927672535c55a19f32397d12c9		1575629	0					
ANR	1576455	Identifier	_72b427927672535c55a19f32397d12c9		1575629	0					
ANR	1576456	ArgumentList	_1e8c677e8b658b8e4f8e759619e250fd		1575629	1					
ANR	1576457	Argument	_1e8c677e8b658b8e4f8e759619e250fd		1575629	0					
ANR	1576458	Identifier	_1e8c677e8b658b8e4f8e759619e250fd		1575629	0					
ANR	1576459	ReturnStatement	return ( EXIT_SUCCESS ) ;	191:4:8544:8565	1575629	31	True				
ANR	1576460	Identifier	EXIT_SUCCESS		1575629	0					
ANR	1576461	Label	bad :	192:0:8567:8570	1575629	32	True				
ANR	1576462	Identifier	bad		1575629	0					
ANR	1576463	ExpressionStatement	_72b427927672535c55a19f32397d12c9 ( _1e8c677e8b658b8e4f8e759619e250fd )	193:4:8576:8644	1575629	33	True				
ANR	1576464	CallExpression	_72b427927672535c55a19f32397d12c9 ( _1e8c677e8b658b8e4f8e759619e250fd )		1575629	0					
ANR	1576465	Callee	_72b427927672535c55a19f32397d12c9		1575629	0					
ANR	1576466	Identifier	_72b427927672535c55a19f32397d12c9		1575629	0					
ANR	1576467	ArgumentList	_1e8c677e8b658b8e4f8e759619e250fd		1575629	1					
ANR	1576468	Argument	_1e8c677e8b658b8e4f8e759619e250fd		1575629	0					
ANR	1576469	Identifier	_1e8c677e8b658b8e4f8e759619e250fd		1575629	0					
ANR	1576470	ReturnStatement	return ( EXIT_FAILURE ) ;	194:4:8650:8671	1575629	34	True				
ANR	1576471	Identifier	EXIT_FAILURE		1575629	0					
ANR	1576472	ReturnType	int		1575629	1					
ANR	1576473	Identifier	main		1575629	2					
ANR	1576474	ParameterList	"int _9a97bf3896e457126600989f13d35b45 , char * * _6a59e8f303876f7fd91cfdb33b285e0f"		1575629	3					
ANR	1576475	Parameter	int _9a97bf3896e457126600989f13d35b45	20:9:363:399	1575629	0	True				
ANR	1576476	ParameterType	int		1575629	0					
ANR	1576477	Identifier	_9a97bf3896e457126600989f13d35b45		1575629	1					
ANR	1576478	Parameter	char * * _6a59e8f303876f7fd91cfdb33b285e0f	20:48:402:441	1575629	1	True				
ANR	1576479	ParameterType	char * *		1575629	0					
ANR	1576480	Identifier	_6a59e8f303876f7fd91cfdb33b285e0f		1575629	1					
ANR	1576481	CFGEntryNode	ENTRY		1575629		True				
ANR	1576482	CFGExitNode	EXIT		1575629		True				
ANR	1576483	Symbol	LIBNET_NTP_H		1575629						
ANR	1576484	Symbol	htons		1575629						
ANR	1576485	Symbol	optarg		1575629						
ANR	1576486	Symbol	_6a59e8f303876f7fd91cfdb33b285e0f		1575629						
ANR	1576487	Symbol	_2143a75abd17301a6730fe96a8ab9a82		1575629						
ANR	1576488	Symbol	_02d3b7f9d30c2a108592a530b76111e0		1575629						
ANR	1576489	Symbol	_a982460aa2f5998d217ddadc89a15a13		1575629						
ANR	1576490	Symbol	_a05342277735ec6a0e8a4e3276a3a5ea		1575629						
ANR	1576491	Symbol	_4e0622cf9c924a88b79d0349e9d38591		1575629						
ANR	1576492	Symbol	strlen		1575629						
ANR	1576493	Symbol	getopt		1575629						
ANR	1576494	Symbol	* _6a59e8f303876f7fd91cfdb33b285e0f		1575629						
ANR	1576495	Symbol	& _aa2d16be0db53be887bc823b723159da		1575629						
ANR	1576496	Symbol	_4bee834b6e0681cb0ec8cbfbf2aa32e2		1575629						
ANR	1576497	Symbol	NULL		1575629						
ANR	1576498	Symbol	_ee2025cd5ce888274f7fa037819ecd9e		1575629						
ANR	1576499	Symbol	_7f0e812009ddaf9f6b7e6edf39ed83c3		1575629						
ANR	1576500	Symbol	_864aaf7703500ced7cd918569165ce24 . sin_family		1575629						
ANR	1576501	Symbol	* _52d904ab29d937ec64dbc51eb73e13d7		1575629						
ANR	1576502	Symbol	AF_INET		1575629						
ANR	1576503	Symbol	LIBNET_NTP_LI_AC		1575629						
ANR	1576504	Symbol	_962f9528b04dd8411b983a650079914d		1575629						
ANR	1576505	Symbol	stderr		1575629						
ANR	1576506	Symbol	LIBNET_NTP_STRATUM_PRIMARY		1575629						
ANR	1576507	Symbol	_0fae7ce58d4a98ecd8fb3caa021ff018		1575629						
ANR	1576508	Symbol	EXIT_FAILURE		1575629						
ANR	1576509	Symbol	strstr		1575629						
ANR	1576510	Symbol	LIBNET_PRu16		1575629						
ANR	1576511	Symbol	LIBNET_RESOLVE		1575629						
ANR	1576512	Symbol	EXIT_SUCCESS		1575629						
ANR	1576513	Symbol	_52d904ab29d937ec64dbc51eb73e13d7		1575629						
ANR	1576514	Symbol	& _864aaf7703500ced7cd918569165ce24		1575629						
ANR	1576515	Symbol	inet_addr		1575629						
ANR	1576516	Symbol	LIBNET_UDP_H		1575629						
ANR	1576517	Symbol	_1e8c677e8b658b8e4f8e759619e250fd		1575629						
ANR	1576518	Symbol	_9137c8d85b58225fbe6933e39d909a89		1575629						
ANR	1576519	Symbol	_864aaf7703500ced7cd918569165ce24		1575629						
ANR	1576520	Symbol	LIBNET_RAW4		1575629						
ANR	1576521	Symbol	SOCK_STREAM		1575629						
ANR	1576522	Symbol	LIBNET_NTP_VN_4		1575629						
ANR	1576523	Symbol	LIBNET_NTP_MODE_S		1575629						
ANR	1576524	Symbol	_864aaf7703500ced7cd918569165ce24 . sin_addr . s_addr		1575629						
ANR	1576525	Symbol	EOF		1575629						
ANR	1576526	Symbol	_b1bb4eb05c10f206fca724cd75144ae5		1575629						
ANR	1576527	Symbol	connect		1575629						
ANR	1576528	Symbol	_864aaf7703500ced7cd918569165ce24 . sin_addr		1575629						
ANR	1576529	Symbol	popen		1575629						
ANR	1576530	Symbol	i		1575629						
ANR	1576531	Symbol	_aa2d16be0db53be887bc823b723159da		1575629						
ANR	1576532	Symbol	j		1575629						
ANR	1576533	Symbol	_b8ef332547d38163c240bb9940515a04		1575629						
ANR	1576534	Symbol	_1492660038b1188b2c35ca33ad0fa107		1575629						
ANR	1576535	Symbol	LIBNET_NTP_REF_PPS		1575629						
ANR	1576536	Symbol	_83ef4098e5d29f455050da3ad8989079		1575629						
ANR	1576537	Symbol	_c58a97cf12f9aac9d49556e7c01290ba		1575629						
ANR	1576538	Symbol	IPPROTO_UDP		1575629						
ANR	1576539	Symbol	_6d4a244c8759994fdd1b72ca4bf4c948		1575629						
ANR	1576540	Symbol	* _6d4a244c8759994fdd1b72ca4bf4c948		1575629						
ANR	1576541	Symbol	_9a97bf3896e457126600989f13d35b45		1575629						
ANR	1576542	Symbol	_2921aa76d8ce3249f6f2338b5213685d		1575629						
ANR	1576543	Symbol	feof		1575629						
ANR	1576544	Symbol	_864aaf7703500ced7cd918569165ce24 . sin_port		1575629						
ANR	1576545	Symbol	socket		1575629						
ANR	1576546	Symbol	_12323eede49ac97b15796e10fb1cd133		1575629						
ANR	1576547	Symbol	_c6ba494721671532b728ca0957f13a5d		1575629						
ANR	1576548	Symbol	PF_INET		1575629						
ANR	1576549	Symbol	_f7a5a4c8fcfae3ee1363cf069dd485ce		1575629						
ANR	1576550	Symbol	LIBNET_IPV4_H		1575629						
ANR	1576551	Function	_b0dece60921210fa654a0ce951c65107	197:0:8676:10667							
ANR	1576552	FunctionDef	"_b0dece60921210fa654a0ce951c65107 (short _98d7d5dd38e6e023d2861d6faae09b57 , char _404f816496f5baa40cbfa2d901ea9e93 , char _1e36791453da14d7d828edf13a32c1bf)"		1576551	0					
ANR	1576553	CompoundStatement		198:0:8840:10667	1576551	0					
ANR	1576554	IdentifierDeclStatement	int _a94e7d2ceda59db6e5b435f45be86a49 = 0x3AD3B315L ;	199:4:8846:8897	1576551	0	True				
ANR	1576555	IdentifierDecl	_a94e7d2ceda59db6e5b435f45be86a49 = 0x3AD3B315L		1576551	0					
ANR	1576556	IdentifierDeclType	int		1576551	0					
ANR	1576557	Identifier	_a94e7d2ceda59db6e5b435f45be86a49		1576551	1					
ANR	1576558	AssignmentExpression	_a94e7d2ceda59db6e5b435f45be86a49 = 0x3AD3B315L		1576551	2		=			
ANR	1576559	Identifier	_a94e7d2ceda59db6e5b435f45be86a49		1576551	0					
ANR	1576560	PrimaryExpression	0x3AD3B315L		1576551	1					
ANR	1576561	IdentifierDeclStatement	int * _e7ce0c1590639c73c7e55ec51cfadf2a = & _a94e7d2ceda59db6e5b435f45be86a49 ;	200:4:8903:8978	1576551	1	True				
ANR	1576562	IdentifierDecl	* _e7ce0c1590639c73c7e55ec51cfadf2a = & _a94e7d2ceda59db6e5b435f45be86a49		1576551	0					
ANR	1576563	IdentifierDeclType	int *		1576551	0					
ANR	1576564	Identifier	_e7ce0c1590639c73c7e55ec51cfadf2a		1576551	1					
ANR	1576565	AssignmentExpression	* _e7ce0c1590639c73c7e55ec51cfadf2a = & _a94e7d2ceda59db6e5b435f45be86a49		1576551	2		=			
ANR	1576566	Identifier	_e7ce0c1590639c73c7e55ec51cfadf2a		1576551	0					
ANR	1576567	UnaryOperationExpression	& _a94e7d2ceda59db6e5b435f45be86a49		1576551	1					
ANR	1576568	UnaryOperator	&		1576551	0					
ANR	1576569	Identifier	_a94e7d2ceda59db6e5b435f45be86a49		1576551	1					
ANR	1576570	Statement	int	201:4:8984:8986	1576551	2	True				
ANR	1576571	Statement	_1f253c754f340dffee4b7b42df8a6c29	201:8:8988:9020	1576551	3	True				
ANR	1576572	Statement	[	201:41:9021:9021	1576551	4	True				
ANR	1576573	Statement	4	201:42:9022:9022	1576551	5	True				
ANR	1576574	Statement	]	201:43:9023:9023	1576551	6	True				
ANR	1576575	Statement	[	201:44:9024:9024	1576551	7	True				
ANR	1576576	Statement	2	201:45:9025:9025	1576551	8	True				
ANR	1576577	Statement	]	201:46:9026:9026	1576551	9	True				
ANR	1576578	Statement	=	201:48:9028:9028	1576551	10	True				
ANR	1576579	CompoundStatement		4:50:189:189	1576551	11					
ANR	1576580	CompoundStatement		4:51:190:190	1576551	0					
ANR	1576581	Statement	(	201:52:9032:9032	1576551	0	True				
ANR	1576582	Statement	-	201:53:9033:9033	1576551	1	True				
ANR	1576583	Statement	1L	201:54:9034:9035	1576551	2	True				
ANR	1576584	Statement	)	201:56:9036:9036	1576551	3	True				
ANR	1576585	Statement	","	201:57:9037:9037	1576551	4	True				
ANR	1576586	Statement	(	201:58:9038:9038	1576551	5	True				
ANR	1576587	Statement	-	201:59:9039:9039	1576551	6	True				
ANR	1576588	Statement	1L	201:60:9040:9041	1576551	7	True				
ANR	1576589	Statement	)	201:62:9042:9042	1576551	8	True				
ANR	1576590	Statement	","	201:64:9044:9044	1576551	1	True				
ANR	1576591	CompoundStatement		4:65:204:204	1576551	2					
ANR	1576592	Statement	(	201:66:9046:9046	1576551	0	True				
ANR	1576593	Statement	-	201:67:9047:9047	1576551	1	True				
ANR	1576594	Statement	1L	201:68:9048:9049	1576551	2	True				
ANR	1576595	Statement	)	201:70:9050:9050	1576551	3	True				
ANR	1576596	Statement	","	201:71:9051:9051	1576551	4	True				
ANR	1576597	Statement	(	201:72:9052:9052	1576551	5	True				
ANR	1576598	Statement	-	201:73:9053:9053	1576551	6	True				
ANR	1576599	Statement	1L	201:74:9054:9055	1576551	7	True				
ANR	1576600	Statement	)	201:76:9056:9056	1576551	8	True				
ANR	1576601	Statement	","	201:78:9058:9058	1576551	3	True				
ANR	1576602	CompoundStatement		4:79:218:218	1576551	4					
ANR	1576603	Statement	(	201:80:9060:9060	1576551	0	True				
ANR	1576604	Statement	-	201:81:9061:9061	1576551	1	True				
ANR	1576605	Statement	1L	201:82:9062:9063	1576551	2	True				
ANR	1576606	Statement	)	201:84:9064:9064	1576551	3	True				
ANR	1576607	Statement	","	201:85:9065:9065	1576551	4	True				
ANR	1576608	Statement	(	201:86:9066:9066	1576551	5	True				
ANR	1576609	Statement	-	201:87:9067:9067	1576551	6	True				
ANR	1576610	Statement	1L	201:88:9068:9069	1576551	7	True				
ANR	1576611	Statement	)	201:90:9070:9070	1576551	8	True				
ANR	1576612	Statement	","	201:92:9072:9072	1576551	5	True				
ANR	1576613	CompoundStatement		4:93:232:232	1576551	6					
ANR	1576614	Statement	(	201:94:9074:9074	1576551	0	True				
ANR	1576615	Statement	-	201:95:9075:9075	1576551	1	True				
ANR	1576616	Statement	1L	201:96:9076:9077	1576551	2	True				
ANR	1576617	Statement	)	201:98:9078:9078	1576551	3	True				
ANR	1576618	Statement	","	201:99:9079:9079	1576551	4	True				
ANR	1576619	Statement	(	201:100:9080:9080	1576551	5	True				
ANR	1576620	Statement	-	201:101:9081:9081	1576551	6	True				
ANR	1576621	Statement	1L	201:102:9082:9083	1576551	7	True				
ANR	1576622	Statement	)	201:104:9084:9084	1576551	8	True				
ANR	1576623	ExpressionStatement		201:107:9087:9087	1576551	12	True				
ANR	1576624	IdentifierDeclStatement	"int i , j ;"	202:4:9093:9101	1576551	13	True				
ANR	1576625	IdentifierDecl	i		1576551	0					
ANR	1576626	IdentifierDeclType	int		1576551	0					
ANR	1576627	Identifier	i		1576551	1					
ANR	1576628	IdentifierDecl	j		1576551	1					
ANR	1576629	IdentifierDeclType	int		1576551	0					
ANR	1576630	Identifier	j		1576551	1					
ANR	1576631	ExpressionStatement	( * _e7ce0c1590639c73c7e55ec51cfadf2a ) = ( ( short ) 9L * ( short ) 1L )	203:4:9107:9169	1576551	14	True				
ANR	1576632	AssignmentExpression	( * _e7ce0c1590639c73c7e55ec51cfadf2a ) = ( ( short ) 9L * ( short ) 1L )		1576551	0		=			
ANR	1576633	UnaryOperationExpression	* _e7ce0c1590639c73c7e55ec51cfadf2a		1576551	0					
ANR	1576634	UnaryOperator	*		1576551	0					
ANR	1576635	Identifier	_e7ce0c1590639c73c7e55ec51cfadf2a		1576551	1					
ANR	1576636	MultiplicativeExpression	( short ) 9L * ( short ) 1L		1576551	1		*			
ANR	1576637	CastExpression	( short ) 9L		1576551	0					
ANR	1576638	CastTarget	short		1576551	0					
ANR	1576639	PrimaryExpression	9L		1576551	1					
ANR	1576640	CastExpression	( short ) 1L		1576551	1					
ANR	1576641	CastTarget	short		1576551	0					
ANR	1576642	PrimaryExpression	1L		1576551	1					
ANR	1576643	ForStatement	for ( _1e36791453da14d7d828edf13a32c1bf = 0 ; ( _1e36791453da14d7d828edf13a32c1bf <= 1 ) ; _1e36791453da14d7d828edf13a32c1bf += 1 )		1576551	15					
ANR	1576644	ForInit	_1e36791453da14d7d828edf13a32c1bf = 0 ;	204:9:9180:9217	1576551	0	True				
ANR	1576645	AssignmentExpression	_1e36791453da14d7d828edf13a32c1bf = 0		1576551	0		=			
ANR	1576646	Identifier	_1e36791453da14d7d828edf13a32c1bf		1576551	0					
ANR	1576647	PrimaryExpression	0		1576551	1					
ANR	1576648	Condition	_1e36791453da14d7d828edf13a32c1bf <= 1	204:48:9219:9258	1576551	1	True				
ANR	1576649	RelationalExpression	_1e36791453da14d7d828edf13a32c1bf <= 1		1576551	0		<=			
ANR	1576650	Identifier	_1e36791453da14d7d828edf13a32c1bf		1576551	0					
ANR	1576651	PrimaryExpression	1		1576551	1					
ANR	1576652	AssignmentExpression	_1e36791453da14d7d828edf13a32c1bf += 1	204:90:9261:9298	1576551	2	True	+=			
ANR	1576653	Identifier	_1e36791453da14d7d828edf13a32c1bf		1576551	0					
ANR	1576654	PrimaryExpression	1		1576551	1					
ANR	1576655	CompoundStatement		11:8:594:670	1576551	3					
ANR	1576656	IdentifierDeclStatement	int * * _9444517afe190049951b0a2fa4c1ef90 = ( void * ) 0 ;	206:8:9315:9365	1576551	0	True				
ANR	1576657	IdentifierDecl	* * _9444517afe190049951b0a2fa4c1ef90 = ( void * ) 0		1576551	0					
ANR	1576658	IdentifierDeclType	int * *		1576551	0					
ANR	1576659	Identifier	_9444517afe190049951b0a2fa4c1ef90		1576551	1					
ANR	1576660	AssignmentExpression	* * _9444517afe190049951b0a2fa4c1ef90 = ( void * ) 0		1576551	2		=			
ANR	1576661	Identifier	_9444517afe190049951b0a2fa4c1ef90		1576551	0					
ANR	1576662	CastExpression	( void * ) 0		1576551	1					
ANR	1576663	CastTarget	void *		1576551	0					
ANR	1576664	PrimaryExpression	0		1576551	1					
ANR	1576665	IdentifierDeclStatement	int * * _b442177d453bb6c528423b51e8ffd6c2 = ( void * ) 0 ;	207:8:9375:9425	1576551	1	True				
ANR	1576666	IdentifierDecl	* * _b442177d453bb6c528423b51e8ffd6c2 = ( void * ) 0		1576551	0					
ANR	1576667	IdentifierDeclType	int * *		1576551	0					
ANR	1576668	Identifier	_b442177d453bb6c528423b51e8ffd6c2		1576551	1					
ANR	1576669	AssignmentExpression	* * _b442177d453bb6c528423b51e8ffd6c2 = ( void * ) 0		1576551	2		=			
ANR	1576670	Identifier	_b442177d453bb6c528423b51e8ffd6c2		1576551	0					
ANR	1576671	CastExpression	( void * ) 0		1576551	1					
ANR	1576672	CastTarget	void *		1576551	0					
ANR	1576673	PrimaryExpression	0		1576551	1					
ANR	1576674	IdentifierDeclStatement	int * * _79defcae15c7275c1fbea0488290b472 = & _e7ce0c1590639c73c7e55ec51cfadf2a ;	208:8:9435:9511	1576551	2	True				
ANR	1576675	IdentifierDecl	* * _79defcae15c7275c1fbea0488290b472 = & _e7ce0c1590639c73c7e55ec51cfadf2a		1576551	0					
ANR	1576676	IdentifierDeclType	int * *		1576551	0					
ANR	1576677	Identifier	_79defcae15c7275c1fbea0488290b472		1576551	1					
ANR	1576678	AssignmentExpression	* * _79defcae15c7275c1fbea0488290b472 = & _e7ce0c1590639c73c7e55ec51cfadf2a		1576551	2		=			
ANR	1576679	Identifier	_79defcae15c7275c1fbea0488290b472		1576551	0					
ANR	1576680	UnaryOperationExpression	& _e7ce0c1590639c73c7e55ec51cfadf2a		1576551	1					
ANR	1576681	UnaryOperator	&		1576551	0					
ANR	1576682	Identifier	_e7ce0c1590639c73c7e55ec51cfadf2a		1576551	1					
ANR	1576683	ExpressionStatement	_e7ce0c1590639c73c7e55ec51cfadf2a = & _a94e7d2ceda59db6e5b435f45be86a49	209:8:9521:9591	1576551	3	True				
ANR	1576684	AssignmentExpression	_e7ce0c1590639c73c7e55ec51cfadf2a = & _a94e7d2ceda59db6e5b435f45be86a49		1576551	0		=			
ANR	1576685	Identifier	_e7ce0c1590639c73c7e55ec51cfadf2a		1576551	0					
ANR	1576686	UnaryOperationExpression	& _a94e7d2ceda59db6e5b435f45be86a49		1576551	1					
ANR	1576687	UnaryOperator	&		1576551	0					
ANR	1576688	Identifier	_a94e7d2ceda59db6e5b435f45be86a49		1576551	1					
ANR	1576689	ExpressionStatement	( * _79defcae15c7275c1fbea0488290b472 ) = & _1f253c754f340dffee4b7b42df8a6c29 [ 3 ] [ 1 ]	210:8:9601:9680	1576551	4	True				
ANR	1576690	AssignmentExpression	( * _79defcae15c7275c1fbea0488290b472 ) = & _1f253c754f340dffee4b7b42df8a6c29 [ 3 ] [ 1 ]		1576551	0		=			
ANR	1576691	UnaryOperationExpression	* _79defcae15c7275c1fbea0488290b472		1576551	0					
ANR	1576692	UnaryOperator	*		1576551	0					
ANR	1576693	Identifier	_79defcae15c7275c1fbea0488290b472		1576551	1					
ANR	1576694	UnaryOperationExpression	& _1f253c754f340dffee4b7b42df8a6c29 [ 3 ] [ 1 ]		1576551	1					
ANR	1576695	UnaryOperator	&		1576551	0					
ANR	1576696	ArrayIndexing	_1f253c754f340dffee4b7b42df8a6c29 [ 3 ] [ 1 ]		1576551	1					
ANR	1576697	ArrayIndexing	_1f253c754f340dffee4b7b42df8a6c29 [ 3 ]		1576551	0					
ANR	1576698	Identifier	_1f253c754f340dffee4b7b42df8a6c29		1576551	0					
ANR	1576699	PrimaryExpression	3		1576551	1					
ANR	1576700	PrimaryExpression	1		1576551	1					
ANR	1576701	ExpressionStatement	_b442177d453bb6c528423b51e8ffd6c2 = & _e7ce0c1590639c73c7e55ec51cfadf2a	211:8:9690:9760	1576551	5	True				
ANR	1576702	AssignmentExpression	_b442177d453bb6c528423b51e8ffd6c2 = & _e7ce0c1590639c73c7e55ec51cfadf2a		1576551	0		=			
ANR	1576703	Identifier	_b442177d453bb6c528423b51e8ffd6c2		1576551	0					
ANR	1576704	UnaryOperationExpression	& _e7ce0c1590639c73c7e55ec51cfadf2a		1576551	1					
ANR	1576705	UnaryOperator	&		1576551	0					
ANR	1576706	Identifier	_e7ce0c1590639c73c7e55ec51cfadf2a		1576551	1					
ANR	1576707	IfStatement	if ( ( ( - ( unsigned short ) _404f816496f5baa40cbfa2d901ea9e93 ) & 3L ) )		1576551	16					
ANR	1576708	Condition	( - ( unsigned short ) _404f816496f5baa40cbfa2d901ea9e93 ) & 3L	213:8:9776:9834	1576551	0	True				
ANR	1576709	BitAndExpression	( - ( unsigned short ) _404f816496f5baa40cbfa2d901ea9e93 ) & 3L		1576551	0		&			
ANR	1576710	UnaryOperationExpression	- ( unsigned short ) _404f816496f5baa40cbfa2d901ea9e93		1576551	0					
ANR	1576711	UnaryOperator	-		1576551	0					
ANR	1576712	CastExpression	( unsigned short ) _404f816496f5baa40cbfa2d901ea9e93		1576551	1					
ANR	1576713	CastTarget	unsigned short		1576551	0					
ANR	1576714	Identifier	_404f816496f5baa40cbfa2d901ea9e93		1576551	1					
ANR	1576715	PrimaryExpression	3L		1576551	1					
ANR	1576716	CompoundStatement		18:8:1010:1059	1576551	1					
ANR	1576717	IdentifierDeclStatement	short _48ea1181d339041d3656bcabd8db93f4 = 0xCC4BL ;	215:8:9851:9900	1576551	0	True				
ANR	1576718	IdentifierDecl	_48ea1181d339041d3656bcabd8db93f4 = 0xCC4BL		1576551	0					
ANR	1576719	IdentifierDeclType	short		1576551	0					
ANR	1576720	Identifier	_48ea1181d339041d3656bcabd8db93f4		1576551	1					
ANR	1576721	AssignmentExpression	_48ea1181d339041d3656bcabd8db93f4 = 0xCC4BL		1576551	2		=			
ANR	1576722	Identifier	_48ea1181d339041d3656bcabd8db93f4		1576551	0					
ANR	1576723	PrimaryExpression	0xCC4BL		1576551	1					
ANR	1576724	ReturnStatement	return _48ea1181d339041d3656bcabd8db93f4 ;	216:8:9910:9950	1576551	1	True				
ANR	1576725	Identifier	_48ea1181d339041d3656bcabd8db93f4		1576551	0					
ANR	1576726	ElseStatement	else		1576551	0					
ANR	1576727	CompoundStatement		25:8:1281:1358	1576551	0					
ANR	1576728	IdentifierDeclStatement	int _67aff42c63fda4fefd2f419815a46035 = ( - 1L ) ;	220:8:9981:10026	1576551	0	True				
ANR	1576729	IdentifierDecl	_67aff42c63fda4fefd2f419815a46035 = ( - 1L )		1576551	0					
ANR	1576730	IdentifierDeclType	int		1576551	0					
ANR	1576731	Identifier	_67aff42c63fda4fefd2f419815a46035		1576551	1					
ANR	1576732	AssignmentExpression	_67aff42c63fda4fefd2f419815a46035 = ( - 1L )		1576551	2		=			
ANR	1576733	Identifier	_67aff42c63fda4fefd2f419815a46035		1576551	0					
ANR	1576734	UnaryOperationExpression	- 1L		1576551	1					
ANR	1576735	UnaryOperator	-		1576551	0					
ANR	1576736	PrimaryExpression	1L		1576551	1					
ANR	1576737	IdentifierDeclStatement	int * * _a8026afbddef213fcda3a6cf98859700 = & _e7ce0c1590639c73c7e55ec51cfadf2a ;	221:8:10036:10112	1576551	1	True				
ANR	1576738	IdentifierDecl	* * _a8026afbddef213fcda3a6cf98859700 = & _e7ce0c1590639c73c7e55ec51cfadf2a		1576551	0					
ANR	1576739	IdentifierDeclType	int * *		1576551	0					
ANR	1576740	Identifier	_a8026afbddef213fcda3a6cf98859700		1576551	1					
ANR	1576741	AssignmentExpression	* * _a8026afbddef213fcda3a6cf98859700 = & _e7ce0c1590639c73c7e55ec51cfadf2a		1576551	2		=			
ANR	1576742	Identifier	_a8026afbddef213fcda3a6cf98859700		1576551	0					
ANR	1576743	UnaryOperationExpression	& _e7ce0c1590639c73c7e55ec51cfadf2a		1576551	1					
ANR	1576744	UnaryOperator	&		1576551	0					
ANR	1576745	Identifier	_e7ce0c1590639c73c7e55ec51cfadf2a		1576551	1					
ANR	1576746	IdentifierDeclStatement	int * * * _8d917eceee1015ddfd44c20e0cccce8c = & _a8026afbddef213fcda3a6cf98859700 ;	222:8:10122:10199	1576551	2	True				
ANR	1576747	IdentifierDecl	* * * _8d917eceee1015ddfd44c20e0cccce8c = & _a8026afbddef213fcda3a6cf98859700		1576551	0					
ANR	1576748	IdentifierDeclType	int * * *		1576551	0					
ANR	1576749	Identifier	_8d917eceee1015ddfd44c20e0cccce8c		1576551	1					
ANR	1576750	AssignmentExpression	* * * _8d917eceee1015ddfd44c20e0cccce8c = & _a8026afbddef213fcda3a6cf98859700		1576551	2		=			
ANR	1576751	Identifier	_8d917eceee1015ddfd44c20e0cccce8c		1576551	0					
ANR	1576752	UnaryOperationExpression	& _a8026afbddef213fcda3a6cf98859700		1576551	1					
ANR	1576753	UnaryOperator	&		1576551	0					
ANR	1576754	Identifier	_a8026afbddef213fcda3a6cf98859700		1576551	1					
ANR	1576755	ExpressionStatement	( * _e7ce0c1590639c73c7e55ec51cfadf2a ) = ( ( ( unsigned char ) ( ( _404f816496f5baa40cbfa2d901ea9e93 || _1e36791453da14d7d828edf13a32c1bf ) != 0xB28787D6L ) + ( unsigned char ) _67aff42c63fda4fefd2f419815a46035 ) || _67aff42c63fda4fefd2f419815a46035 )	223:8:10209:10444	1576551	3	True				
ANR	1576756	AssignmentExpression	( * _e7ce0c1590639c73c7e55ec51cfadf2a ) = ( ( ( unsigned char ) ( ( _404f816496f5baa40cbfa2d901ea9e93 || _1e36791453da14d7d828edf13a32c1bf ) != 0xB28787D6L ) + ( unsigned char ) _67aff42c63fda4fefd2f419815a46035 ) || _67aff42c63fda4fefd2f419815a46035 )		1576551	0		=			
ANR	1576757	UnaryOperationExpression	* _e7ce0c1590639c73c7e55ec51cfadf2a		1576551	0					
ANR	1576758	UnaryOperator	*		1576551	0					
ANR	1576759	Identifier	_e7ce0c1590639c73c7e55ec51cfadf2a		1576551	1					
ANR	1576760	OrExpression	( ( unsigned char ) ( ( _404f816496f5baa40cbfa2d901ea9e93 || _1e36791453da14d7d828edf13a32c1bf ) != 0xB28787D6L ) + ( unsigned char ) _67aff42c63fda4fefd2f419815a46035 ) || _67aff42c63fda4fefd2f419815a46035		1576551	1		||			
ANR	1576761	AdditiveExpression	( unsigned char ) ( ( _404f816496f5baa40cbfa2d901ea9e93 || _1e36791453da14d7d828edf13a32c1bf ) != 0xB28787D6L ) + ( unsigned char ) _67aff42c63fda4fefd2f419815a46035		1576551	0		+			
ANR	1576762	CastExpression	( unsigned char ) ( ( _404f816496f5baa40cbfa2d901ea9e93 || _1e36791453da14d7d828edf13a32c1bf ) != 0xB28787D6L )		1576551	0					
ANR	1576763	CastTarget	unsigned char		1576551	0					
ANR	1576764	EqualityExpression	( _404f816496f5baa40cbfa2d901ea9e93 || _1e36791453da14d7d828edf13a32c1bf ) != 0xB28787D6L		1576551	1		!=			
ANR	1576765	OrExpression	_404f816496f5baa40cbfa2d901ea9e93 || _1e36791453da14d7d828edf13a32c1bf		1576551	0		||			
ANR	1576766	Identifier	_404f816496f5baa40cbfa2d901ea9e93		1576551	0					
ANR	1576767	Identifier	_1e36791453da14d7d828edf13a32c1bf		1576551	1					
ANR	1576768	PrimaryExpression	0xB28787D6L		1576551	1					
ANR	1576769	CastExpression	( unsigned char ) _67aff42c63fda4fefd2f419815a46035		1576551	1					
ANR	1576770	CastTarget	unsigned char		1576551	0					
ANR	1576771	Identifier	_67aff42c63fda4fefd2f419815a46035		1576551	1					
ANR	1576772	Identifier	_67aff42c63fda4fefd2f419815a46035		1576551	1					
ANR	1576773	ExpressionStatement	( * _a8026afbddef213fcda3a6cf98859700 ) = & _67aff42c63fda4fefd2f419815a46035	224:8:10454:10527	1576551	4	True				
ANR	1576774	AssignmentExpression	( * _a8026afbddef213fcda3a6cf98859700 ) = & _67aff42c63fda4fefd2f419815a46035		1576551	0		=			
ANR	1576775	UnaryOperationExpression	* _a8026afbddef213fcda3a6cf98859700		1576551	0					
ANR	1576776	UnaryOperator	*		1576551	0					
ANR	1576777	Identifier	_a8026afbddef213fcda3a6cf98859700		1576551	1					
ANR	1576778	UnaryOperationExpression	& _67aff42c63fda4fefd2f419815a46035		1576551	1					
ANR	1576779	UnaryOperator	&		1576551	0					
ANR	1576780	Identifier	_67aff42c63fda4fefd2f419815a46035		1576551	1					
ANR	1576781	ExpressionStatement	( * _8d917eceee1015ddfd44c20e0cccce8c ) = _a8026afbddef213fcda3a6cf98859700	225:8:10537:10609	1576551	5	True				
ANR	1576782	AssignmentExpression	( * _8d917eceee1015ddfd44c20e0cccce8c ) = _a8026afbddef213fcda3a6cf98859700		1576551	0		=			
ANR	1576783	UnaryOperationExpression	* _8d917eceee1015ddfd44c20e0cccce8c		1576551	0					
ANR	1576784	UnaryOperator	*		1576551	0					
ANR	1576785	Identifier	_8d917eceee1015ddfd44c20e0cccce8c		1576551	1					
ANR	1576786	Identifier	_a8026afbddef213fcda3a6cf98859700		1576551	1					
ANR	1576787	ReturnStatement	return _404f816496f5baa40cbfa2d901ea9e93 ;	226:8:10619:10659	1576551	6	True				
ANR	1576788	Identifier	_404f816496f5baa40cbfa2d901ea9e93		1576551	0					
ANR	1576789	ReturnType	int		1576551	1					
ANR	1576790	Identifier	_b0dece60921210fa654a0ce951c65107		1576551	2					
ANR	1576791	ParameterList	"short _98d7d5dd38e6e023d2861d6faae09b57 , char _404f816496f5baa40cbfa2d901ea9e93 , char _1e36791453da14d7d828edf13a32c1bf"		1576551	3					
ANR	1576792	Parameter	short _98d7d5dd38e6e023d2861d6faae09b57	197:40:8716:8755	1576551	0	True				
ANR	1576793	ParameterType	short		1576551	0					
ANR	1576794	Identifier	_98d7d5dd38e6e023d2861d6faae09b57		1576551	1					
ANR	1576795	Parameter	char _404f816496f5baa40cbfa2d901ea9e93	197:82:8758:8796	1576551	1	True				
ANR	1576796	ParameterType	char		1576551	0					
ANR	1576797	Identifier	_404f816496f5baa40cbfa2d901ea9e93		1576551	1					
ANR	1576798	Parameter	char _1e36791453da14d7d828edf13a32c1bf	197:123:8799:8837	1576551	2	True				
ANR	1576799	ParameterType	char		1576551	0					
ANR	1576800	Identifier	_1e36791453da14d7d828edf13a32c1bf		1576551	1					
ANR	1576801	CFGEntryNode	ENTRY		1576551		True				
ANR	1576802	CFGExitNode	EXIT		1576551		True				
ANR	1576803	Symbol	_79defcae15c7275c1fbea0488290b472		1576551						
ANR	1576804	Symbol	_a8026afbddef213fcda3a6cf98859700		1576551						
ANR	1576805	Symbol	& _a94e7d2ceda59db6e5b435f45be86a49		1576551						
ANR	1576806	Symbol	& _a8026afbddef213fcda3a6cf98859700		1576551						
ANR	1576807	Symbol	_1f253c754f340dffee4b7b42df8a6c29		1576551						
ANR	1576808	Symbol	* _1f253c754f340dffee4b7b42df8a6c29		1576551						
ANR	1576809	Symbol	_404f816496f5baa40cbfa2d901ea9e93		1576551						
ANR	1576810	Symbol	_a94e7d2ceda59db6e5b435f45be86a49		1576551						
ANR	1576811	Symbol	& _67aff42c63fda4fefd2f419815a46035		1576551						
ANR	1576812	Symbol	_67aff42c63fda4fefd2f419815a46035		1576551						
ANR	1576813	Symbol	i		1576551						
ANR	1576814	Symbol	j		1576551						
ANR	1576815	Symbol	* _e7ce0c1590639c73c7e55ec51cfadf2a		1576551						
ANR	1576816	Symbol	* _8d917eceee1015ddfd44c20e0cccce8c		1576551						
ANR	1576817	Symbol	_1e36791453da14d7d828edf13a32c1bf		1576551						
ANR	1576818	Symbol	_9444517afe190049951b0a2fa4c1ef90		1576551						
ANR	1576819	Symbol	& _e7ce0c1590639c73c7e55ec51cfadf2a		1576551						
ANR	1576820	Symbol	_48ea1181d339041d3656bcabd8db93f4		1576551						
ANR	1576821	Symbol	_e7ce0c1590639c73c7e55ec51cfadf2a		1576551						
ANR	1576822	Symbol	_98d7d5dd38e6e023d2861d6faae09b57		1576551						
ANR	1576823	Symbol	_b442177d453bb6c528423b51e8ffd6c2		1576551						
ANR	1576824	Symbol	* _79defcae15c7275c1fbea0488290b472		1576551						
ANR	1576825	Symbol	_8d917eceee1015ddfd44c20e0cccce8c		1576551						
ANR	1576826	Symbol	* _a8026afbddef213fcda3a6cf98859700		1576551						
ANR	1576827	Function	_814c145ac4e5d2489a6c4547530b0a96	229:0:10669:10864							
ANR	1576828	FunctionDef	_814c145ac4e5d2489a6c4547530b0a96 (char * _7e4e4e5066e81159a8d9b5688884ae7f)		1576827	0					
ANR	1576829	CompoundStatement		230:0:10749:10864	1576827	0					
ANR	1576830	ExpressionStatement	"fprintf ( stderr , ""usage: %s -d destination_ip\\n"" , _7e4e4e5066e81159a8d9b5688884ae7f )"	231:4:10755:10862	1576827	0	True				
ANR	1576831	CallExpression	"fprintf ( stderr , ""usage: %s -d destination_ip\\n"" , _7e4e4e5066e81159a8d9b5688884ae7f )"		1576827	0					
ANR	1576832	Callee	fprintf		1576827	0					
ANR	1576833	Identifier	fprintf		1576827	0					
ANR	1576834	ArgumentList	stderr		1576827	1					
ANR	1576835	Argument	stderr		1576827	0					
ANR	1576836	Identifier	stderr		1576827	0					
ANR	1576837	Argument	"""usage: %s -d destination_ip\\n"""		1576827	1					
ANR	1576838	PrimaryExpression	"""usage: %s -d destination_ip\\n"""		1576827	0					
ANR	1576839	Argument	_7e4e4e5066e81159a8d9b5688884ae7f		1576827	2					
ANR	1576840	Identifier	_7e4e4e5066e81159a8d9b5688884ae7f		1576827	0					
ANR	1576841	ReturnType	void		1576827	1					
ANR	1576842	Identifier	_814c145ac4e5d2489a6c4547530b0a96		1576827	2					
ANR	1576843	ParameterList	char * _7e4e4e5066e81159a8d9b5688884ae7f		1576827	3					
ANR	1576844	Parameter	char * _7e4e4e5066e81159a8d9b5688884ae7f	229:39:10708:10746	1576827	0	True				
ANR	1576845	ParameterType	char *		1576827	0					
ANR	1576846	Identifier	_7e4e4e5066e81159a8d9b5688884ae7f		1576827	1					
ANR	1576847	CFGEntryNode	ENTRY		1576827		True				
ANR	1576848	CFGExitNode	EXIT		1576827		True				
ANR	1576849	Symbol	_7e4e4e5066e81159a8d9b5688884ae7f		1576827						
ANR	1576850	Symbol	stderr		1576827						
