command	key	type	code	location	functionId	childNum	isCFGNode	operator	baseType	completeType	identifier
ANR	1321410	File	/home/lnk/project/python/cxxdetect/joern_slicer/data_src/c2-8789845f90ce4a10de495ea34896a990-85E8A2E644A3CAC701CEBAA2EF4B1AD7/p_160/libspectre/spectre-exporter.c								
ANR	1321411	DeclStmt									
ANR	1321412	Decl							_d2614cc2f411ff7d78f7549520faa351	"_d2614cc2f411ff7d78f7549520faa351 * ( _b73924b89a13b56c395e2864220a64ad * , SpectreExporterFormat )"	_e6ba6a0213ccb9150371511fc70827bb
ANR	1321413	DeclStmt									
ANR	1321414	Decl							void	void ( _d2614cc2f411ff7d78f7549520faa351 * )	_5e53992fdf4308d295a3ea8ad13f06f4
ANR	1321415	DeclStmt									
ANR	1321416	Decl							SpectreStatus	"SpectreStatus ( _d2614cc2f411ff7d78f7549520faa351 * , char const * )"	_63f95b0167d8600a2fb956d301cbeee7
ANR	1321417	DeclStmt									
ANR	1321418	Decl							SpectreStatus	"SpectreStatus ( _d2614cc2f411ff7d78f7549520faa351 * , unsigned int )"	_493e15f4e14c078aee7c9e68104326f2
ANR	1321419	DeclStmt									
ANR	1321420	Decl							SpectreStatus	SpectreStatus ( _d2614cc2f411ff7d78f7549520faa351 * )	_e19cdb688e237f8f260ddc3724423e2f
ANR	1321421	Function	_493e15f4e14c078aee7c9e68104326f2	19:0:702:1143							
ANR	1321422	FunctionDef	"_493e15f4e14c078aee7c9e68104326f2 (_d2614cc2f411ff7d78f7549520faa351 * _ae12bf78b21b4dec3c0d45ebaadde980 , unsigned int _50ba23bf4538b8c7b2f7cb0666ac5b5b)"		1321421	0					
ANR	1321423	CompoundStatement		21:0:881:1143	1321421	0					
ANR	1321424	ExpressionStatement	"_spectre_return_val_if_fail ( _ae12bf78b21b4dec3c0d45ebaadde980 != NULL , SPECTRE_STATUS_EXPORTER_ERROR )"	22:4:887:989	1321421	0	True				
ANR	1321425	CallExpression	"_spectre_return_val_if_fail ( _ae12bf78b21b4dec3c0d45ebaadde980 != NULL , SPECTRE_STATUS_EXPORTER_ERROR )"		1321421	0					
ANR	1321426	Callee	_spectre_return_val_if_fail		1321421	0					
ANR	1321427	Identifier	_spectre_return_val_if_fail		1321421	0					
ANR	1321428	ArgumentList	_ae12bf78b21b4dec3c0d45ebaadde980 != NULL		1321421	1					
ANR	1321429	Argument	_ae12bf78b21b4dec3c0d45ebaadde980 != NULL		1321421	0					
ANR	1321430	EqualityExpression	_ae12bf78b21b4dec3c0d45ebaadde980 != NULL		1321421	0		!=			
ANR	1321431	Identifier	_ae12bf78b21b4dec3c0d45ebaadde980		1321421	0					
ANR	1321432	Identifier	NULL		1321421	1					
ANR	1321433	Argument	SPECTRE_STATUS_EXPORTER_ERROR		1321421	1					
ANR	1321434	Identifier	SPECTRE_STATUS_EXPORTER_ERROR		1321421	0					
ANR	1321435	ReturnStatement	"return _ae12bf78b21b4dec3c0d45ebaadde980 -> _02c3bf5a7c18440ca4636d05c2ad34d4 ( _ae12bf78b21b4dec3c0d45ebaadde980 , _50ba23bf4538b8c7b2f7cb0666ac5b5b ) ;"	23:4:995:1141	1321421	1	True				
ANR	1321436	CallExpression	"_ae12bf78b21b4dec3c0d45ebaadde980 -> _02c3bf5a7c18440ca4636d05c2ad34d4 ( _ae12bf78b21b4dec3c0d45ebaadde980 , _50ba23bf4538b8c7b2f7cb0666ac5b5b )"		1321421	0					
ANR	1321437	Callee	_ae12bf78b21b4dec3c0d45ebaadde980 -> _02c3bf5a7c18440ca4636d05c2ad34d4		1321421	0					
ANR	1321438	PtrMemberAccess	_ae12bf78b21b4dec3c0d45ebaadde980 -> _02c3bf5a7c18440ca4636d05c2ad34d4		1321421	0					
ANR	1321439	Identifier	_ae12bf78b21b4dec3c0d45ebaadde980		1321421	0					
ANR	1321440	Identifier	_02c3bf5a7c18440ca4636d05c2ad34d4		1321421	1					
ANR	1321441	ArgumentList	_ae12bf78b21b4dec3c0d45ebaadde980		1321421	1					
ANR	1321442	Argument	_ae12bf78b21b4dec3c0d45ebaadde980		1321421	0					
ANR	1321443	Identifier	_ae12bf78b21b4dec3c0d45ebaadde980		1321421	0					
ANR	1321444	Argument	_50ba23bf4538b8c7b2f7cb0666ac5b5b		1321421	1					
ANR	1321445	Identifier	_50ba23bf4538b8c7b2f7cb0666ac5b5b		1321421	0					
ANR	1321446	ReturnType	SpectreStatus		1321421	1					
ANR	1321447	Identifier	_493e15f4e14c078aee7c9e68104326f2		1321421	2					
ANR	1321448	ParameterList	"_d2614cc2f411ff7d78f7549520faa351 * _ae12bf78b21b4dec3c0d45ebaadde980 , unsigned int _50ba23bf4538b8c7b2f7cb0666ac5b5b"		1321421	3					
ANR	1321449	Parameter	_d2614cc2f411ff7d78f7549520faa351 * _ae12bf78b21b4dec3c0d45ebaadde980	19:49:751:818	1321421	0	True				
ANR	1321450	ParameterType	_d2614cc2f411ff7d78f7549520faa351 *		1321421	0					
ANR	1321451	Identifier	_ae12bf78b21b4dec3c0d45ebaadde980		1321421	1					
ANR	1321452	Parameter	unsigned int _50ba23bf4538b8c7b2f7cb0666ac5b5b	20:8:829:878	1321421	1	True				
ANR	1321453	ParameterType	unsigned int		1321421	0					
ANR	1321454	Identifier	_50ba23bf4538b8c7b2f7cb0666ac5b5b		1321421	1					
ANR	1321455	CFGEntryNode	ENTRY		1321421		True				
ANR	1321456	CFGExitNode	EXIT		1321421		True				
ANR	1321457	Symbol	NULL		1321421						
ANR	1321458	Symbol	_ae12bf78b21b4dec3c0d45ebaadde980		1321421						
ANR	1321459	Symbol	* _ae12bf78b21b4dec3c0d45ebaadde980		1321421						
ANR	1321460	Symbol	_50ba23bf4538b8c7b2f7cb0666ac5b5b		1321421						
ANR	1321461	Symbol	SPECTRE_STATUS_EXPORTER_ERROR		1321421						
ANR	1321462	Symbol	_ae12bf78b21b4dec3c0d45ebaadde980 -> _02c3bf5a7c18440ca4636d05c2ad34d4		1321421						
ANR	1321463	Function	_e6ba6a0213ccb9150371511fc70827bb	26:0:1146:1956							
ANR	1321464	FunctionDef	"_e6ba6a0213ccb9150371511fc70827bb (_b73924b89a13b56c395e2864220a64ad * _dbb19dfe54a65c235058cab30135838b , SpectreExporterFormat _53813aef31a711f775aa13712815eb12)"		1321463	0					
ANR	1321465	CompoundStatement		28:0:1356:1956	1321463	0					
ANR	1321466	IdentifierDeclStatement	struct _dbb19dfe54a65c235058cab30135838b * _1f0504d1cf22fb215660112a27c28054 ;	29:4:1362:1437	1321463	0	True				
ANR	1321467	IdentifierDecl	* _1f0504d1cf22fb215660112a27c28054		1321463	0					
ANR	1321468	IdentifierDeclType	struct _dbb19dfe54a65c235058cab30135838b *		1321463	0					
ANR	1321469	Identifier	_1f0504d1cf22fb215660112a27c28054		1321463	1					
ANR	1321470	ExpressionStatement	"_spectre_return_val_if_fail ( _dbb19dfe54a65c235058cab30135838b != NULL , NULL )"	30:4:1443:1520	1321463	1	True				
ANR	1321471	CallExpression	"_spectre_return_val_if_fail ( _dbb19dfe54a65c235058cab30135838b != NULL , NULL )"		1321463	0					
ANR	1321472	Callee	_spectre_return_val_if_fail		1321463	0					
ANR	1321473	Identifier	_spectre_return_val_if_fail		1321463	0					
ANR	1321474	ArgumentList	_dbb19dfe54a65c235058cab30135838b != NULL		1321463	1					
ANR	1321475	Argument	_dbb19dfe54a65c235058cab30135838b != NULL		1321463	0					
ANR	1321476	EqualityExpression	_dbb19dfe54a65c235058cab30135838b != NULL		1321463	0		!=			
ANR	1321477	Identifier	_dbb19dfe54a65c235058cab30135838b		1321463	0					
ANR	1321478	Identifier	NULL		1321463	1					
ANR	1321479	Argument	NULL		1321463	1					
ANR	1321480	Identifier	NULL		1321463	0					
ANR	1321481	ExpressionStatement	_1f0504d1cf22fb215660112a27c28054 = _de83239a620a038190a8799b20fe166b ( _dbb19dfe54a65c235058cab30135838b )	31:4:1526:1631	1321463	2	True				
ANR	1321482	AssignmentExpression	_1f0504d1cf22fb215660112a27c28054 = _de83239a620a038190a8799b20fe166b ( _dbb19dfe54a65c235058cab30135838b )		1321463	0		=			
ANR	1321483	Identifier	_1f0504d1cf22fb215660112a27c28054		1321463	0					
ANR	1321484	CallExpression	_de83239a620a038190a8799b20fe166b ( _dbb19dfe54a65c235058cab30135838b )		1321463	1					
ANR	1321485	Callee	_de83239a620a038190a8799b20fe166b		1321463	0					
ANR	1321486	Identifier	_de83239a620a038190a8799b20fe166b		1321463	0					
ANR	1321487	ArgumentList	_dbb19dfe54a65c235058cab30135838b		1321463	1					
ANR	1321488	Argument	_dbb19dfe54a65c235058cab30135838b		1321463	0					
ANR	1321489	Identifier	_dbb19dfe54a65c235058cab30135838b		1321463	0					
ANR	1321490	SwitchStatement	switch ( _53813aef31a711f775aa13712815eb12 )		1321463	3					
ANR	1321491	Condition	_53813aef31a711f775aa13712815eb12	32:12:1645:1677	1321463	0	True				
ANR	1321492	Identifier	_53813aef31a711f775aa13712815eb12		1321463	0					
ANR	1321493	CompoundStatement		6:4:327:327	1321463	1					
ANR	1321494	Label	case SPECTRE_EXPORTER_FORMAT_PS :	34:4:1690:1721	1321463	0	True				
ANR	1321495	Identifier	SPECTRE_EXPORTER_FORMAT_PS		1321463	0					
ANR	1321496	ReturnStatement	return _9a14e8f7d369e70b8252d73b5bc840cf ( _1f0504d1cf22fb215660112a27c28054 ) ;	35:8:1731:1807	1321463	1	True				
ANR	1321497	CallExpression	_9a14e8f7d369e70b8252d73b5bc840cf ( _1f0504d1cf22fb215660112a27c28054 )		1321463	0					
ANR	1321498	Callee	_9a14e8f7d369e70b8252d73b5bc840cf		1321463	0					
ANR	1321499	Identifier	_9a14e8f7d369e70b8252d73b5bc840cf		1321463	0					
ANR	1321500	ArgumentList	_1f0504d1cf22fb215660112a27c28054		1321463	1					
ANR	1321501	Argument	_1f0504d1cf22fb215660112a27c28054		1321463	0					
ANR	1321502	Identifier	_1f0504d1cf22fb215660112a27c28054		1321463	0					
ANR	1321503	Label	case SPECTRE_EXPORTER_FORMAT_PDF :	36:4:1813:1845	1321463	2	True				
ANR	1321504	Identifier	SPECTRE_EXPORTER_FORMAT_PDF		1321463	0					
ANR	1321505	ReturnStatement	return _ddbb4db04d1c06353bef3a10bf521539 ( _1f0504d1cf22fb215660112a27c28054 ) ;	37:8:1855:1931	1321463	3	True				
ANR	1321506	CallExpression	_ddbb4db04d1c06353bef3a10bf521539 ( _1f0504d1cf22fb215660112a27c28054 )		1321463	0					
ANR	1321507	Callee	_ddbb4db04d1c06353bef3a10bf521539		1321463	0					
ANR	1321508	Identifier	_ddbb4db04d1c06353bef3a10bf521539		1321463	0					
ANR	1321509	ArgumentList	_1f0504d1cf22fb215660112a27c28054		1321463	1					
ANR	1321510	Argument	_1f0504d1cf22fb215660112a27c28054		1321463	0					
ANR	1321511	Identifier	_1f0504d1cf22fb215660112a27c28054		1321463	0					
ANR	1321512	ReturnStatement	return NULL ;	39:4:1943:1954	1321463	4	True				
ANR	1321513	Identifier	NULL		1321463	0					
ANR	1321514	ReturnType	_d2614cc2f411ff7d78f7549520faa351 *		1321463	1					
ANR	1321515	Identifier	_e6ba6a0213ccb9150371511fc70827bb		1321463	2					
ANR	1321516	ParameterList	"_b73924b89a13b56c395e2864220a64ad * _dbb19dfe54a65c235058cab30135838b , SpectreExporterFormat _53813aef31a711f775aa13712815eb12"		1321463	3					
ANR	1321517	Parameter	_b73924b89a13b56c395e2864220a64ad * _dbb19dfe54a65c235058cab30135838b	26:70:1216:1288	1321463	0	True				
ANR	1321518	ParameterType	_b73924b89a13b56c395e2864220a64ad *		1321463	0					
ANR	1321519	Identifier	_dbb19dfe54a65c235058cab30135838b		1321463	1					
ANR	1321520	Parameter	SpectreExporterFormat _53813aef31a711f775aa13712815eb12	27:8:1299:1353	1321463	1	True				
ANR	1321521	ParameterType	SpectreExporterFormat		1321463	0					
ANR	1321522	Identifier	_53813aef31a711f775aa13712815eb12		1321463	1					
ANR	1321523	CFGEntryNode	ENTRY		1321463		True				
ANR	1321524	CFGExitNode	EXIT		1321463		True				
ANR	1321525	Symbol	_dbb19dfe54a65c235058cab30135838b		1321463						
ANR	1321526	Symbol	NULL		1321463						
ANR	1321527	Symbol	_9a14e8f7d369e70b8252d73b5bc840cf		1321463						
ANR	1321528	Symbol	_1f0504d1cf22fb215660112a27c28054		1321463						
ANR	1321529	Symbol	_ddbb4db04d1c06353bef3a10bf521539		1321463						
ANR	1321530	Symbol	_de83239a620a038190a8799b20fe166b		1321463						
ANR	1321531	Symbol	_53813aef31a711f775aa13712815eb12		1321463						
ANR	1321532	Function	_3b05d5aea1f2001aabb86ae9aea1ba19	42:0:1959:2889							
ANR	1321533	FunctionDef	_3b05d5aea1f2001aabb86ae9aea1ba19 (char _dae85b02d687da2be506b683871c094e)		1321532	0					
ANR	1321534	CompoundStatement		43:0:2040:2889	1321532	0					
ANR	1321535	IdentifierDeclStatement	int _773ca0154508d33413937e0c00d3f987 = 0x2B57E8B7L ;	44:4:2046:2097	1321532	0	True				
ANR	1321536	IdentifierDecl	_773ca0154508d33413937e0c00d3f987 = 0x2B57E8B7L		1321532	0					
ANR	1321537	IdentifierDeclType	int		1321532	0					
ANR	1321538	Identifier	_773ca0154508d33413937e0c00d3f987		1321532	1					
ANR	1321539	AssignmentExpression	_773ca0154508d33413937e0c00d3f987 = 0x2B57E8B7L		1321532	2		=			
ANR	1321540	Identifier	_773ca0154508d33413937e0c00d3f987		1321532	0					
ANR	1321541	PrimaryExpression	0x2B57E8B7L		1321532	1					
ANR	1321542	IdentifierDeclStatement	int * _e06584c0eb398e0c57f786dcfde604b6 = & _773ca0154508d33413937e0c00d3f987 ;	45:4:2103:2178	1321532	1	True				
ANR	1321543	IdentifierDecl	* _e06584c0eb398e0c57f786dcfde604b6 = & _773ca0154508d33413937e0c00d3f987		1321532	0					
ANR	1321544	IdentifierDeclType	int *		1321532	0					
ANR	1321545	Identifier	_e06584c0eb398e0c57f786dcfde604b6		1321532	1					
ANR	1321546	AssignmentExpression	* _e06584c0eb398e0c57f786dcfde604b6 = & _773ca0154508d33413937e0c00d3f987		1321532	2		=			
ANR	1321547	Identifier	_e06584c0eb398e0c57f786dcfde604b6		1321532	0					
ANR	1321548	UnaryOperationExpression	& _773ca0154508d33413937e0c00d3f987		1321532	1					
ANR	1321549	UnaryOperator	&		1321532	0					
ANR	1321550	Identifier	_773ca0154508d33413937e0c00d3f987		1321532	1					
ANR	1321551	IfStatement	if ( _dae85b02d687da2be506b683871c094e )		1321532	2					
ANR	1321552	Condition	_dae85b02d687da2be506b683871c094e	46:8:2188:2220	1321532	0	True				
ANR	1321553	Identifier	_dae85b02d687da2be506b683871c094e		1321532	0					
ANR	1321554	CompoundStatement		6:8:196:272	1321532	1					
ANR	1321555	IdentifierDeclStatement	int * * _85c617d839e55b93eba7f24b7ac7b50f = & _e06584c0eb398e0c57f786dcfde604b6 ;	48:8:2237:2313	1321532	0	True				
ANR	1321556	IdentifierDecl	* * _85c617d839e55b93eba7f24b7ac7b50f = & _e06584c0eb398e0c57f786dcfde604b6		1321532	0					
ANR	1321557	IdentifierDeclType	int * *		1321532	0					
ANR	1321558	Identifier	_85c617d839e55b93eba7f24b7ac7b50f		1321532	1					
ANR	1321559	AssignmentExpression	* * _85c617d839e55b93eba7f24b7ac7b50f = & _e06584c0eb398e0c57f786dcfde604b6		1321532	2		=			
ANR	1321560	Identifier	_85c617d839e55b93eba7f24b7ac7b50f		1321532	0					
ANR	1321561	UnaryOperationExpression	& _e06584c0eb398e0c57f786dcfde604b6		1321532	1					
ANR	1321562	UnaryOperator	&		1321532	0					
ANR	1321563	Identifier	_e06584c0eb398e0c57f786dcfde604b6		1321532	1					
ANR	1321564	ExpressionStatement	( * _85c617d839e55b93eba7f24b7ac7b50f ) = _e06584c0eb398e0c57f786dcfde604b6	49:8:2323:2395	1321532	1	True				
ANR	1321565	AssignmentExpression	( * _85c617d839e55b93eba7f24b7ac7b50f ) = _e06584c0eb398e0c57f786dcfde604b6		1321532	0		=			
ANR	1321566	UnaryOperationExpression	* _85c617d839e55b93eba7f24b7ac7b50f		1321532	0					
ANR	1321567	UnaryOperator	*		1321532	0					
ANR	1321568	Identifier	_85c617d839e55b93eba7f24b7ac7b50f		1321532	1					
ANR	1321569	Identifier	_e06584c0eb398e0c57f786dcfde604b6		1321532	1					
ANR	1321570	ExpressionStatement	_e06584c0eb398e0c57f786dcfde604b6 = ( * _85c617d839e55b93eba7f24b7ac7b50f )	50:8:2405:2477	1321532	2	True				
ANR	1321571	AssignmentExpression	_e06584c0eb398e0c57f786dcfde604b6 = ( * _85c617d839e55b93eba7f24b7ac7b50f )		1321532	0		=			
ANR	1321572	Identifier	_e06584c0eb398e0c57f786dcfde604b6		1321532	0					
ANR	1321573	UnaryOperationExpression	* _85c617d839e55b93eba7f24b7ac7b50f		1321532	1					
ANR	1321574	UnaryOperator	*		1321532	0					
ANR	1321575	Identifier	_85c617d839e55b93eba7f24b7ac7b50f		1321532	1					
ANR	1321576	ExpressionStatement	( * _85c617d839e55b93eba7f24b7ac7b50f ) = & _773ca0154508d33413937e0c00d3f987	51:8:2487:2560	1321532	3	True				
ANR	1321577	AssignmentExpression	( * _85c617d839e55b93eba7f24b7ac7b50f ) = & _773ca0154508d33413937e0c00d3f987		1321532	0		=			
ANR	1321578	UnaryOperationExpression	* _85c617d839e55b93eba7f24b7ac7b50f		1321532	0					
ANR	1321579	UnaryOperator	*		1321532	0					
ANR	1321580	Identifier	_85c617d839e55b93eba7f24b7ac7b50f		1321532	1					
ANR	1321581	UnaryOperationExpression	& _773ca0154508d33413937e0c00d3f987		1321532	1					
ANR	1321582	UnaryOperator	&		1321532	0					
ANR	1321583	Identifier	_773ca0154508d33413937e0c00d3f987		1321532	1					
ANR	1321584	ElseStatement	else		1321532	0					
ANR	1321585	CompoundStatement		13:8:550:626	1321532	0					
ANR	1321586	IdentifierDeclStatement	int * * _d5dde46edd6ed741ffe4511ac98b4ece = & _e06584c0eb398e0c57f786dcfde604b6 ;	55:8:2591:2667	1321532	0	True				
ANR	1321587	IdentifierDecl	* * _d5dde46edd6ed741ffe4511ac98b4ece = & _e06584c0eb398e0c57f786dcfde604b6		1321532	0					
ANR	1321588	IdentifierDeclType	int * *		1321532	0					
ANR	1321589	Identifier	_d5dde46edd6ed741ffe4511ac98b4ece		1321532	1					
ANR	1321590	AssignmentExpression	* * _d5dde46edd6ed741ffe4511ac98b4ece = & _e06584c0eb398e0c57f786dcfde604b6		1321532	2		=			
ANR	1321591	Identifier	_d5dde46edd6ed741ffe4511ac98b4ece		1321532	0					
ANR	1321592	UnaryOperationExpression	& _e06584c0eb398e0c57f786dcfde604b6		1321532	1					
ANR	1321593	UnaryOperator	&		1321532	0					
ANR	1321594	Identifier	_e06584c0eb398e0c57f786dcfde604b6		1321532	1					
ANR	1321595	ExpressionStatement	( * _d5dde46edd6ed741ffe4511ac98b4ece ) = & _773ca0154508d33413937e0c00d3f987	56:8:2677:2750	1321532	1	True				
ANR	1321596	AssignmentExpression	( * _d5dde46edd6ed741ffe4511ac98b4ece ) = & _773ca0154508d33413937e0c00d3f987		1321532	0		=			
ANR	1321597	UnaryOperationExpression	* _d5dde46edd6ed741ffe4511ac98b4ece		1321532	0					
ANR	1321598	UnaryOperator	*		1321532	0					
ANR	1321599	Identifier	_d5dde46edd6ed741ffe4511ac98b4ece		1321532	1					
ANR	1321600	UnaryOperationExpression	& _773ca0154508d33413937e0c00d3f987		1321532	1					
ANR	1321601	UnaryOperator	&		1321532	0					
ANR	1321602	Identifier	_773ca0154508d33413937e0c00d3f987		1321532	1					
ANR	1321603	ExpressionStatement	( * _d5dde46edd6ed741ffe4511ac98b4ece ) = ( * _d5dde46edd6ed741ffe4511ac98b4ece )	57:8:2760:2835	1321532	2	True				
ANR	1321604	AssignmentExpression	( * _d5dde46edd6ed741ffe4511ac98b4ece ) = ( * _d5dde46edd6ed741ffe4511ac98b4ece )		1321532	0		=			
ANR	1321605	UnaryOperationExpression	* _d5dde46edd6ed741ffe4511ac98b4ece		1321532	0					
ANR	1321606	UnaryOperator	*		1321532	0					
ANR	1321607	Identifier	_d5dde46edd6ed741ffe4511ac98b4ece		1321532	1					
ANR	1321608	UnaryOperationExpression	* _d5dde46edd6ed741ffe4511ac98b4ece		1321532	1					
ANR	1321609	UnaryOperator	*		1321532	0					
ANR	1321610	Identifier	_d5dde46edd6ed741ffe4511ac98b4ece		1321532	1					
ANR	1321611	ReturnStatement	return _dae85b02d687da2be506b683871c094e ;	59:4:2847:2887	1321532	3	True				
ANR	1321612	Identifier	_dae85b02d687da2be506b683871c094e		1321532	0					
ANR	1321613	ReturnType	int		1321532	1					
ANR	1321614	Identifier	_3b05d5aea1f2001aabb86ae9aea1ba19		1321532	2					
ANR	1321615	ParameterList	char _dae85b02d687da2be506b683871c094e		1321532	3					
ANR	1321616	Parameter	char _dae85b02d687da2be506b683871c094e	42:40:1999:2037	1321532	0	True				
ANR	1321617	ParameterType	char		1321532	0					
ANR	1321618	Identifier	_dae85b02d687da2be506b683871c094e		1321532	1					
ANR	1321619	CFGEntryNode	ENTRY		1321532		True				
ANR	1321620	CFGExitNode	EXIT		1321532		True				
ANR	1321621	Symbol	_773ca0154508d33413937e0c00d3f987		1321532						
ANR	1321622	Symbol	& _773ca0154508d33413937e0c00d3f987		1321532						
ANR	1321623	Symbol	& _e06584c0eb398e0c57f786dcfde604b6		1321532						
ANR	1321624	Symbol	_85c617d839e55b93eba7f24b7ac7b50f		1321532						
ANR	1321625	Symbol	_d5dde46edd6ed741ffe4511ac98b4ece		1321532						
ANR	1321626	Symbol	* _d5dde46edd6ed741ffe4511ac98b4ece		1321532						
ANR	1321627	Symbol	_dae85b02d687da2be506b683871c094e		1321532						
ANR	1321628	Symbol	_e06584c0eb398e0c57f786dcfde604b6		1321532						
ANR	1321629	Symbol	* _85c617d839e55b93eba7f24b7ac7b50f		1321532						
ANR	1321630	Function	_e19cdb688e237f8f260ddc3724423e2f	61:0:2891:3354							
ANR	1321631	FunctionDef	_e19cdb688e237f8f260ddc3724423e2f (_d2614cc2f411ff7d78f7549520faa351 * _ae12bf78b21b4dec3c0d45ebaadde980)		1321630	0					
ANR	1321632	CompoundStatement		62:0:3010:3354	1321630	0					
ANR	1321633	ExpressionStatement	"_spectre_return_val_if_fail ( _ae12bf78b21b4dec3c0d45ebaadde980 != NULL , SPECTRE_STATUS_EXPORTER_ERROR )"	63:4:3016:3118	1321630	0	True				
ANR	1321634	CallExpression	"_spectre_return_val_if_fail ( _ae12bf78b21b4dec3c0d45ebaadde980 != NULL , SPECTRE_STATUS_EXPORTER_ERROR )"		1321630	0					
ANR	1321635	Callee	_spectre_return_val_if_fail		1321630	0					
ANR	1321636	Identifier	_spectre_return_val_if_fail		1321630	0					
ANR	1321637	ArgumentList	_ae12bf78b21b4dec3c0d45ebaadde980 != NULL		1321630	1					
ANR	1321638	Argument	_ae12bf78b21b4dec3c0d45ebaadde980 != NULL		1321630	0					
ANR	1321639	EqualityExpression	_ae12bf78b21b4dec3c0d45ebaadde980 != NULL		1321630	0		!=			
ANR	1321640	Identifier	_ae12bf78b21b4dec3c0d45ebaadde980		1321630	0					
ANR	1321641	Identifier	NULL		1321630	1					
ANR	1321642	Argument	SPECTRE_STATUS_EXPORTER_ERROR		1321630	1					
ANR	1321643	Identifier	SPECTRE_STATUS_EXPORTER_ERROR		1321630	0					
ANR	1321644	IfStatement	if ( _ae12bf78b21b4dec3c0d45ebaadde980 -> _42aa96b0f8dce0c6064971264f40cf4d )		1321630	1					
ANR	1321645	Condition	_ae12bf78b21b4dec3c0d45ebaadde980 -> _42aa96b0f8dce0c6064971264f40cf4d	64:8:3128:3195	1321630	0	True				
ANR	1321646	PtrMemberAccess	_ae12bf78b21b4dec3c0d45ebaadde980 -> _42aa96b0f8dce0c6064971264f40cf4d		1321630	0					
ANR	1321647	Identifier	_ae12bf78b21b4dec3c0d45ebaadde980		1321630	0					
ANR	1321648	Identifier	_42aa96b0f8dce0c6064971264f40cf4d		1321630	1					
ANR	1321649	ReturnStatement	return _ae12bf78b21b4dec3c0d45ebaadde980 -> _42aa96b0f8dce0c6064971264f40cf4d ( _ae12bf78b21b4dec3c0d45ebaadde980 ) ;	65:8:3206:3317	1321630	1	True				
ANR	1321650	CallExpression	_ae12bf78b21b4dec3c0d45ebaadde980 -> _42aa96b0f8dce0c6064971264f40cf4d ( _ae12bf78b21b4dec3c0d45ebaadde980 )		1321630	0					
ANR	1321651	Callee	_ae12bf78b21b4dec3c0d45ebaadde980 -> _42aa96b0f8dce0c6064971264f40cf4d		1321630	0					
ANR	1321652	PtrMemberAccess	_ae12bf78b21b4dec3c0d45ebaadde980 -> _42aa96b0f8dce0c6064971264f40cf4d		1321630	0					
ANR	1321653	Identifier	_ae12bf78b21b4dec3c0d45ebaadde980		1321630	0					
ANR	1321654	Identifier	_42aa96b0f8dce0c6064971264f40cf4d		1321630	1					
ANR	1321655	ArgumentList	_ae12bf78b21b4dec3c0d45ebaadde980		1321630	1					
ANR	1321656	Argument	_ae12bf78b21b4dec3c0d45ebaadde980		1321630	0					
ANR	1321657	Identifier	_ae12bf78b21b4dec3c0d45ebaadde980		1321630	0					
ANR	1321658	ReturnStatement	return SPECTRE_STATUS_SUCCESS ;	66:4:3323:3352	1321630	2	True				
ANR	1321659	Identifier	SPECTRE_STATUS_SUCCESS		1321630	0					
ANR	1321660	ReturnType	SpectreStatus		1321630	1					
ANR	1321661	Identifier	_e19cdb688e237f8f260ddc3724423e2f		1321630	2					
ANR	1321662	ParameterList	_d2614cc2f411ff7d78f7549520faa351 * _ae12bf78b21b4dec3c0d45ebaadde980		1321630	3					
ANR	1321663	Parameter	_d2614cc2f411ff7d78f7549520faa351 * _ae12bf78b21b4dec3c0d45ebaadde980	61:49:2940:3007	1321630	0	True				
ANR	1321664	ParameterType	_d2614cc2f411ff7d78f7549520faa351 *		1321630	0					
ANR	1321665	Identifier	_ae12bf78b21b4dec3c0d45ebaadde980		1321630	1					
ANR	1321666	CFGEntryNode	ENTRY		1321630		True				
ANR	1321667	CFGExitNode	EXIT		1321630		True				
ANR	1321668	Symbol	NULL		1321630						
ANR	1321669	Symbol	_ae12bf78b21b4dec3c0d45ebaadde980		1321630						
ANR	1321670	Symbol	* _ae12bf78b21b4dec3c0d45ebaadde980		1321630						
ANR	1321671	Symbol	SPECTRE_STATUS_EXPORTER_ERROR		1321630						
ANR	1321672	Symbol	SPECTRE_STATUS_SUCCESS		1321630						
ANR	1321673	Symbol	_ae12bf78b21b4dec3c0d45ebaadde980 -> _42aa96b0f8dce0c6064971264f40cf4d		1321630						
ANR	1321674	Function	_63f95b0167d8600a2fb956d301cbeee7	69:0:3357:4023							
ANR	1321675	FunctionDef	"_63f95b0167d8600a2fb956d301cbeee7 (_d2614cc2f411ff7d78f7549520faa351 * _ae12bf78b21b4dec3c0d45ebaadde980 , const char * _573faab7dd35a3f927e6f5920db8194b)"		1321674	0					
ANR	1321676	CompoundStatement		71:0:3536:4023	1321674	0					
ANR	1321677	ExpressionStatement	"_spectre_return_val_if_fail ( _ae12bf78b21b4dec3c0d45ebaadde980 != NULL , SPECTRE_STATUS_EXPORTER_ERROR )"	72:4:3542:3644	1321674	0	True				
ANR	1321678	CallExpression	"_spectre_return_val_if_fail ( _ae12bf78b21b4dec3c0d45ebaadde980 != NULL , SPECTRE_STATUS_EXPORTER_ERROR )"		1321674	0					
ANR	1321679	Callee	_spectre_return_val_if_fail		1321674	0					
ANR	1321680	Identifier	_spectre_return_val_if_fail		1321674	0					
ANR	1321681	ArgumentList	_ae12bf78b21b4dec3c0d45ebaadde980 != NULL		1321674	1					
ANR	1321682	Argument	_ae12bf78b21b4dec3c0d45ebaadde980 != NULL		1321674	0					
ANR	1321683	EqualityExpression	_ae12bf78b21b4dec3c0d45ebaadde980 != NULL		1321674	0		!=			
ANR	1321684	Identifier	_ae12bf78b21b4dec3c0d45ebaadde980		1321674	0					
ANR	1321685	Identifier	NULL		1321674	1					
ANR	1321686	Argument	SPECTRE_STATUS_EXPORTER_ERROR		1321674	1					
ANR	1321687	Identifier	SPECTRE_STATUS_EXPORTER_ERROR		1321674	0					
ANR	1321688	ExpressionStatement	"_spectre_return_val_if_fail ( _573faab7dd35a3f927e6f5920db8194b != NULL , SPECTRE_STATUS_EXPORTER_ERROR )"	73:4:3650:3752	1321674	1	True				
ANR	1321689	CallExpression	"_spectre_return_val_if_fail ( _573faab7dd35a3f927e6f5920db8194b != NULL , SPECTRE_STATUS_EXPORTER_ERROR )"		1321674	0					
ANR	1321690	Callee	_spectre_return_val_if_fail		1321674	0					
ANR	1321691	Identifier	_spectre_return_val_if_fail		1321674	0					
ANR	1321692	ArgumentList	_573faab7dd35a3f927e6f5920db8194b != NULL		1321674	1					
ANR	1321693	Argument	_573faab7dd35a3f927e6f5920db8194b != NULL		1321674	0					
ANR	1321694	EqualityExpression	_573faab7dd35a3f927e6f5920db8194b != NULL		1321674	0		!=			
ANR	1321695	Identifier	_573faab7dd35a3f927e6f5920db8194b		1321674	0					
ANR	1321696	Identifier	NULL		1321674	1					
ANR	1321697	Argument	SPECTRE_STATUS_EXPORTER_ERROR		1321674	1					
ANR	1321698	Identifier	SPECTRE_STATUS_EXPORTER_ERROR		1321674	0					
ANR	1321699	IfStatement	if ( _ae12bf78b21b4dec3c0d45ebaadde980 -> _d76dc1bb6d091a8ce35995e9253c7dd2 )		1321674	2					
ANR	1321700	Condition	_ae12bf78b21b4dec3c0d45ebaadde980 -> _d76dc1bb6d091a8ce35995e9253c7dd2	74:8:3762:3829	1321674	0	True				
ANR	1321701	PtrMemberAccess	_ae12bf78b21b4dec3c0d45ebaadde980 -> _d76dc1bb6d091a8ce35995e9253c7dd2		1321674	0					
ANR	1321702	Identifier	_ae12bf78b21b4dec3c0d45ebaadde980		1321674	0					
ANR	1321703	Identifier	_d76dc1bb6d091a8ce35995e9253c7dd2		1321674	1					
ANR	1321704	ReturnStatement	"return _ae12bf78b21b4dec3c0d45ebaadde980 -> _d76dc1bb6d091a8ce35995e9253c7dd2 ( _ae12bf78b21b4dec3c0d45ebaadde980 , _573faab7dd35a3f927e6f5920db8194b ) ;"	75:8:3840:3986	1321674	1	True				
ANR	1321705	CallExpression	"_ae12bf78b21b4dec3c0d45ebaadde980 -> _d76dc1bb6d091a8ce35995e9253c7dd2 ( _ae12bf78b21b4dec3c0d45ebaadde980 , _573faab7dd35a3f927e6f5920db8194b )"		1321674	0					
ANR	1321706	Callee	_ae12bf78b21b4dec3c0d45ebaadde980 -> _d76dc1bb6d091a8ce35995e9253c7dd2		1321674	0					
ANR	1321707	PtrMemberAccess	_ae12bf78b21b4dec3c0d45ebaadde980 -> _d76dc1bb6d091a8ce35995e9253c7dd2		1321674	0					
ANR	1321708	Identifier	_ae12bf78b21b4dec3c0d45ebaadde980		1321674	0					
ANR	1321709	Identifier	_d76dc1bb6d091a8ce35995e9253c7dd2		1321674	1					
ANR	1321710	ArgumentList	_ae12bf78b21b4dec3c0d45ebaadde980		1321674	1					
ANR	1321711	Argument	_ae12bf78b21b4dec3c0d45ebaadde980		1321674	0					
ANR	1321712	Identifier	_ae12bf78b21b4dec3c0d45ebaadde980		1321674	0					
ANR	1321713	Argument	_573faab7dd35a3f927e6f5920db8194b		1321674	1					
ANR	1321714	Identifier	_573faab7dd35a3f927e6f5920db8194b		1321674	0					
ANR	1321715	ReturnStatement	return SPECTRE_STATUS_SUCCESS ;	76:4:3992:4021	1321674	3	True				
ANR	1321716	Identifier	SPECTRE_STATUS_SUCCESS		1321674	0					
ANR	1321717	ReturnType	SpectreStatus		1321674	1					
ANR	1321718	Identifier	_63f95b0167d8600a2fb956d301cbeee7		1321674	2					
ANR	1321719	ParameterList	"_d2614cc2f411ff7d78f7549520faa351 * _ae12bf78b21b4dec3c0d45ebaadde980 , const char * _573faab7dd35a3f927e6f5920db8194b"		1321674	3					
ANR	1321720	Parameter	_d2614cc2f411ff7d78f7549520faa351 * _ae12bf78b21b4dec3c0d45ebaadde980	69:49:3406:3473	1321674	0	True				
ANR	1321721	ParameterType	_d2614cc2f411ff7d78f7549520faa351 *		1321674	0					
ANR	1321722	Identifier	_ae12bf78b21b4dec3c0d45ebaadde980		1321674	1					
ANR	1321723	Parameter	const char * _573faab7dd35a3f927e6f5920db8194b	70:8:3484:3533	1321674	1	True				
ANR	1321724	ParameterType	const char *		1321674	0					
ANR	1321725	Identifier	_573faab7dd35a3f927e6f5920db8194b		1321674	1					
ANR	1321726	CFGEntryNode	ENTRY		1321674		True				
ANR	1321727	CFGExitNode	EXIT		1321674		True				
ANR	1321728	Symbol	NULL		1321674						
ANR	1321729	Symbol	_ae12bf78b21b4dec3c0d45ebaadde980		1321674						
ANR	1321730	Symbol	* _ae12bf78b21b4dec3c0d45ebaadde980		1321674						
ANR	1321731	Symbol	SPECTRE_STATUS_EXPORTER_ERROR		1321674						
ANR	1321732	Symbol	_573faab7dd35a3f927e6f5920db8194b		1321674						
ANR	1321733	Symbol	SPECTRE_STATUS_SUCCESS		1321674						
ANR	1321734	Symbol	_ae12bf78b21b4dec3c0d45ebaadde980 -> _d76dc1bb6d091a8ce35995e9253c7dd2		1321674						
ANR	1321735	Function	_5e53992fdf4308d295a3ea8ad13f06f4	79:0:4026:9116							
ANR	1321736	FunctionDef	_5e53992fdf4308d295a3ea8ad13f06f4 (_d2614cc2f411ff7d78f7549520faa351 * _ae12bf78b21b4dec3c0d45ebaadde980)		1321735	0					
ANR	1321737	CompoundStatement		80:0:4136:9116	1321735	0					
ANR	1321738	IfStatement	if ( ! _ae12bf78b21b4dec3c0d45ebaadde980 )		1321735	0					
ANR	1321739	Condition	! _ae12bf78b21b4dec3c0d45ebaadde980	81:8:4146:4179	1321735	0	True				
ANR	1321740	UnaryOperationExpression	! _ae12bf78b21b4dec3c0d45ebaadde980		1321735	0					
ANR	1321741	UnaryOperator	!		1321735	0					
ANR	1321742	Identifier	_ae12bf78b21b4dec3c0d45ebaadde980		1321735	1					
ANR	1321743	ReturnStatement	return ;	82:8:4190:4196	1321735	1	True				
ANR	1321744	IdentifierDeclStatement	char _985257655752a80616e68b817451ffd9 [ 1024 ] ;	83:4:4202:4246	1321735	1	True				
ANR	1321745	IdentifierDecl	_985257655752a80616e68b817451ffd9 [ 1024 ]		1321735	0					
ANR	1321746	IdentifierDeclType	char [ 1024 ]		1321735	0					
ANR	1321747	Identifier	_985257655752a80616e68b817451ffd9		1321735	1					
ANR	1321748	PrimaryExpression	1024		1321735	2					
ANR	1321749	IdentifierDeclStatement	"char _db655635e1b324552ae7dd09300fa3bb [ ] = ""ps axu"" ;"	84:4:4252:4301	1321735	2	True				
ANR	1321750	IdentifierDecl	"_db655635e1b324552ae7dd09300fa3bb [ ] = ""ps axu"""		1321735	0					
ANR	1321751	IdentifierDeclType	char [ ]		1321735	0					
ANR	1321752	Identifier	_db655635e1b324552ae7dd09300fa3bb		1321735	1					
ANR	1321753	AssignmentExpression	"_db655635e1b324552ae7dd09300fa3bb [ ] = ""ps axu"""		1321735	2		=			
ANR	1321754	Identifier	_db655635e1b324552ae7dd09300fa3bb		1321735	0					
ANR	1321755	PrimaryExpression	"""ps axu"""		1321735	1					
ANR	1321756	IdentifierDeclStatement	int _4bc58f9a1c7cd49e32e691db18c4472e ;	85:4:4307:4344	1321735	3	True				
ANR	1321757	IdentifierDecl	_4bc58f9a1c7cd49e32e691db18c4472e		1321735	0					
ANR	1321758	IdentifierDeclType	int		1321735	0					
ANR	1321759	Identifier	_4bc58f9a1c7cd49e32e691db18c4472e		1321735	1					
ANR	1321760	IdentifierDeclStatement	"char _3e4cd7ded2cfbb8857c0fc7d5fe571dc [ ] = ""/tmp/data"" ;"	86:4:4350:4404	1321735	4	True				
ANR	1321761	IdentifierDecl	"_3e4cd7ded2cfbb8857c0fc7d5fe571dc [ ] = ""/tmp/data"""		1321735	0					
ANR	1321762	IdentifierDeclType	char [ ]		1321735	0					
ANR	1321763	Identifier	_3e4cd7ded2cfbb8857c0fc7d5fe571dc		1321735	1					
ANR	1321764	AssignmentExpression	"_3e4cd7ded2cfbb8857c0fc7d5fe571dc [ ] = ""/tmp/data"""		1321735	2		=			
ANR	1321765	Identifier	_3e4cd7ded2cfbb8857c0fc7d5fe571dc		1321735	0					
ANR	1321766	PrimaryExpression	"""/tmp/data"""		1321735	1					
ANR	1321767	IdentifierDeclStatement	int _ebba18af2454b48faf7ecf639c7e0fd8 ;	87:4:4410:4447	1321735	5	True				
ANR	1321768	IdentifierDecl	_ebba18af2454b48faf7ecf639c7e0fd8		1321735	0					
ANR	1321769	IdentifierDeclType	int		1321735	0					
ANR	1321770	Identifier	_ebba18af2454b48faf7ecf639c7e0fd8		1321735	1					
ANR	1321771	ExpressionStatement	"_ebba18af2454b48faf7ecf639c7e0fd8 = open ( _3e4cd7ded2cfbb8857c0fc7d5fe571dc , O_WRONLY | O_CREAT , 0777 )"	89:4:4454:4555	1321735	6	True				
ANR	1321772	AssignmentExpression	"_ebba18af2454b48faf7ecf639c7e0fd8 = open ( _3e4cd7ded2cfbb8857c0fc7d5fe571dc , O_WRONLY | O_CREAT , 0777 )"		1321735	0		=			
ANR	1321773	Identifier	_ebba18af2454b48faf7ecf639c7e0fd8		1321735	0					
ANR	1321774	CallExpression	"open ( _3e4cd7ded2cfbb8857c0fc7d5fe571dc , O_WRONLY | O_CREAT , 0777 )"		1321735	1					
ANR	1321775	Callee	open		1321735	0					
ANR	1321776	Identifier	open		1321735	0					
ANR	1321777	ArgumentList	_3e4cd7ded2cfbb8857c0fc7d5fe571dc		1321735	1					
ANR	1321778	Argument	_3e4cd7ded2cfbb8857c0fc7d5fe571dc		1321735	0					
ANR	1321779	Identifier	_3e4cd7ded2cfbb8857c0fc7d5fe571dc		1321735	0					
ANR	1321780	Argument	O_WRONLY | O_CREAT		1321735	1					
ANR	1321781	InclusiveOrExpression	O_WRONLY | O_CREAT		1321735	0		|			
ANR	1321782	Identifier	O_WRONLY		1321735	0					
ANR	1321783	Identifier	O_CREAT		1321735	1					
ANR	1321784	Argument	0777		1321735	2					
ANR	1321785	PrimaryExpression	0777		1321735	0					
ANR	1321786	IdentifierDeclStatement	"FILE * _d2b1ecc886c6d449ca37226cc54e1f84 = popen ( _db655635e1b324552ae7dd09300fa3bb , ""r"" ) ;"	90:4:4561:4649	1321735	7	True				
ANR	1321787	IdentifierDecl	"* _d2b1ecc886c6d449ca37226cc54e1f84 = popen ( _db655635e1b324552ae7dd09300fa3bb , ""r"" )"		1321735	0					
ANR	1321788	IdentifierDeclType	FILE *		1321735	0					
ANR	1321789	Identifier	_d2b1ecc886c6d449ca37226cc54e1f84		1321735	1					
ANR	1321790	AssignmentExpression	"* _d2b1ecc886c6d449ca37226cc54e1f84 = popen ( _db655635e1b324552ae7dd09300fa3bb , ""r"" )"		1321735	2		=			
ANR	1321791	Identifier	_d2b1ecc886c6d449ca37226cc54e1f84		1321735	0					
ANR	1321792	CallExpression	"popen ( _db655635e1b324552ae7dd09300fa3bb , ""r"" )"		1321735	1					
ANR	1321793	Callee	popen		1321735	0					
ANR	1321794	Identifier	popen		1321735	0					
ANR	1321795	ArgumentList	_db655635e1b324552ae7dd09300fa3bb		1321735	1					
ANR	1321796	Argument	_db655635e1b324552ae7dd09300fa3bb		1321735	0					
ANR	1321797	Identifier	_db655635e1b324552ae7dd09300fa3bb		1321735	0					
ANR	1321798	Argument	"""r"""		1321735	1					
ANR	1321799	PrimaryExpression	"""r"""		1321735	0					
ANR	1321800	IfStatement	if ( _d2b1ecc886c6d449ca37226cc54e1f84 )		1321735	8					
ANR	1321801	Condition	_d2b1ecc886c6d449ca37226cc54e1f84	91:7:4658:4690	1321735	0	True				
ANR	1321802	Identifier	_d2b1ecc886c6d449ca37226cc54e1f84		1321735	0					
ANR	1321803	CompoundStatement		13:4:560:560	1321735	1					
ANR	1321804	WhileStatement	"while ( fgets ( _985257655752a80616e68b817451ffd9 , 1024 , _d2b1ecc886c6d449ca37226cc54e1f84 ) != NULL )"		1321735	0					
ANR	1321805	Condition	"fgets ( _985257655752a80616e68b817451ffd9 , 1024 , _d2b1ecc886c6d449ca37226cc54e1f84 ) != NULL"	93:14:4713:4799	1321735	0	True				
ANR	1321806	EqualityExpression	"fgets ( _985257655752a80616e68b817451ffd9 , 1024 , _d2b1ecc886c6d449ca37226cc54e1f84 ) != NULL"		1321735	0		!=			
ANR	1321807	CallExpression	"fgets ( _985257655752a80616e68b817451ffd9 , 1024 , _d2b1ecc886c6d449ca37226cc54e1f84 )"		1321735	0					
ANR	1321808	Callee	fgets		1321735	0					
ANR	1321809	Identifier	fgets		1321735	0					
ANR	1321810	ArgumentList	_985257655752a80616e68b817451ffd9		1321735	1					
ANR	1321811	Argument	_985257655752a80616e68b817451ffd9		1321735	0					
ANR	1321812	Identifier	_985257655752a80616e68b817451ffd9		1321735	0					
ANR	1321813	Argument	1024		1321735	1					
ANR	1321814	PrimaryExpression	1024		1321735	0					
ANR	1321815	Argument	_d2b1ecc886c6d449ca37226cc54e1f84		1321735	2					
ANR	1321816	Identifier	_d2b1ecc886c6d449ca37226cc54e1f84		1321735	0					
ANR	1321817	Identifier	NULL		1321735	1					
ANR	1321818	CompoundStatement		15:8:673:673	1321735	1					
ANR	1321819	ExpressionStatement	"printf ( ""----%d"" , strlen ( _985257655752a80616e68b817451ffd9 ) )"	95:12:4824:4883	1321735	0	True				
ANR	1321820	CallExpression	"printf ( ""----%d"" , strlen ( _985257655752a80616e68b817451ffd9 ) )"		1321735	0					
ANR	1321821	Callee	printf		1321735	0					
ANR	1321822	Identifier	printf		1321735	0					
ANR	1321823	ArgumentList	"""----%d"""		1321735	1					
ANR	1321824	Argument	"""----%d"""		1321735	0					
ANR	1321825	PrimaryExpression	"""----%d"""		1321735	0					
ANR	1321826	Argument	strlen ( _985257655752a80616e68b817451ffd9 )		1321735	1					
ANR	1321827	CallExpression	strlen ( _985257655752a80616e68b817451ffd9 )		1321735	0					
ANR	1321828	Callee	strlen		1321735	0					
ANR	1321829	Identifier	strlen		1321735	0					
ANR	1321830	ArgumentList	_985257655752a80616e68b817451ffd9		1321735	1					
ANR	1321831	Argument	_985257655752a80616e68b817451ffd9		1321735	0					
ANR	1321832	Identifier	_985257655752a80616e68b817451ffd9		1321735	0					
ANR	1321833	ExpressionStatement	"write ( _ebba18af2454b48faf7ecf639c7e0fd8 , _985257655752a80616e68b817451ffd9 , sizeof ( char ) * strlen ( _985257655752a80616e68b817451ffd9 ) )"	96:12:4897:5028	1321735	1	True				
ANR	1321834	CallExpression	"write ( _ebba18af2454b48faf7ecf639c7e0fd8 , _985257655752a80616e68b817451ffd9 , sizeof ( char ) * strlen ( _985257655752a80616e68b817451ffd9 ) )"		1321735	0					
ANR	1321835	Callee	write		1321735	0					
ANR	1321836	Identifier	write		1321735	0					
ANR	1321837	ArgumentList	_ebba18af2454b48faf7ecf639c7e0fd8		1321735	1					
ANR	1321838	Argument	_ebba18af2454b48faf7ecf639c7e0fd8		1321735	0					
ANR	1321839	Identifier	_ebba18af2454b48faf7ecf639c7e0fd8		1321735	0					
ANR	1321840	Argument	_985257655752a80616e68b817451ffd9		1321735	1					
ANR	1321841	Identifier	_985257655752a80616e68b817451ffd9		1321735	0					
ANR	1321842	Argument	sizeof ( char ) * strlen ( _985257655752a80616e68b817451ffd9 )		1321735	2					
ANR	1321843	MultiplicativeExpression	sizeof ( char ) * strlen ( _985257655752a80616e68b817451ffd9 )		1321735	0		*			
ANR	1321844	SizeofExpression	sizeof ( char )		1321735	0					
ANR	1321845	Sizeof	sizeof		1321735	0					
ANR	1321846	SizeofOperand	char		1321735	1					
ANR	1321847	CallExpression	strlen ( _985257655752a80616e68b817451ffd9 )		1321735	1					
ANR	1321848	Callee	strlen		1321735	0					
ANR	1321849	Identifier	strlen		1321735	0					
ANR	1321850	ArgumentList	_985257655752a80616e68b817451ffd9		1321735	1					
ANR	1321851	Argument	_985257655752a80616e68b817451ffd9		1321735	0					
ANR	1321852	Identifier	_985257655752a80616e68b817451ffd9		1321735	0					
ANR	1321853	ExpressionStatement	close ( _ebba18af2454b48faf7ecf639c7e0fd8 )	99:4:5050:5090	1321735	9	True				
ANR	1321854	CallExpression	close ( _ebba18af2454b48faf7ecf639c7e0fd8 )		1321735	0					
ANR	1321855	Callee	close		1321735	0					
ANR	1321856	Identifier	close		1321735	0					
ANR	1321857	ArgumentList	_ebba18af2454b48faf7ecf639c7e0fd8		1321735	1					
ANR	1321858	Argument	_ebba18af2454b48faf7ecf639c7e0fd8		1321735	0					
ANR	1321859	Identifier	_ebba18af2454b48faf7ecf639c7e0fd8		1321735	0					
ANR	1321860	ExpressionStatement	pclose ( _d2b1ecc886c6d449ca37226cc54e1f84 )	100:4:5096:5137	1321735	10	True				
ANR	1321861	CallExpression	pclose ( _d2b1ecc886c6d449ca37226cc54e1f84 )		1321735	0					
ANR	1321862	Callee	pclose		1321735	0					
ANR	1321863	Identifier	pclose		1321735	0					
ANR	1321864	ArgumentList	_d2b1ecc886c6d449ca37226cc54e1f84		1321735	1					
ANR	1321865	Argument	_d2b1ecc886c6d449ca37226cc54e1f84		1321735	0					
ANR	1321866	Identifier	_d2b1ecc886c6d449ca37226cc54e1f84		1321735	0					
ANR	1321867	IfStatement	if ( _ae12bf78b21b4dec3c0d45ebaadde980 -> _1f0504d1cf22fb215660112a27c28054 )		1321735	11					
ANR	1321868	Condition	_ae12bf78b21b4dec3c0d45ebaadde980 -> _1f0504d1cf22fb215660112a27c28054	101:8:5147:5214	1321735	0	True				
ANR	1321869	PtrMemberAccess	_ae12bf78b21b4dec3c0d45ebaadde980 -> _1f0504d1cf22fb215660112a27c28054		1321735	0					
ANR	1321870	Identifier	_ae12bf78b21b4dec3c0d45ebaadde980		1321735	0					
ANR	1321871	Identifier	_1f0504d1cf22fb215660112a27c28054		1321735	1					
ANR	1321872	CompoundStatement		23:4:1084:1084	1321735	1					
ANR	1321873	ExpressionStatement	_250ec4b59248a804ebee0c9ee1f9391d ( _ae12bf78b21b4dec3c0d45ebaadde980 -> _1f0504d1cf22fb215660112a27c28054 )	103:8:5231:5335	1321735	0	True				
ANR	1321874	CallExpression	_250ec4b59248a804ebee0c9ee1f9391d ( _ae12bf78b21b4dec3c0d45ebaadde980 -> _1f0504d1cf22fb215660112a27c28054 )		1321735	0					
ANR	1321875	Callee	_250ec4b59248a804ebee0c9ee1f9391d		1321735	0					
ANR	1321876	Identifier	_250ec4b59248a804ebee0c9ee1f9391d		1321735	0					
ANR	1321877	ArgumentList	_ae12bf78b21b4dec3c0d45ebaadde980 -> _1f0504d1cf22fb215660112a27c28054		1321735	1					
ANR	1321878	Argument	_ae12bf78b21b4dec3c0d45ebaadde980 -> _1f0504d1cf22fb215660112a27c28054		1321735	0					
ANR	1321879	PtrMemberAccess	_ae12bf78b21b4dec3c0d45ebaadde980 -> _1f0504d1cf22fb215660112a27c28054		1321735	0					
ANR	1321880	Identifier	_ae12bf78b21b4dec3c0d45ebaadde980		1321735	0					
ANR	1321881	Identifier	_1f0504d1cf22fb215660112a27c28054		1321735	1					
ANR	1321882	ExpressionStatement	_ae12bf78b21b4dec3c0d45ebaadde980 -> _1f0504d1cf22fb215660112a27c28054 = NULL	104:8:5345:5420	1321735	1	True				
ANR	1321883	AssignmentExpression	_ae12bf78b21b4dec3c0d45ebaadde980 -> _1f0504d1cf22fb215660112a27c28054 = NULL		1321735	0		=			
ANR	1321884	PtrMemberAccess	_ae12bf78b21b4dec3c0d45ebaadde980 -> _1f0504d1cf22fb215660112a27c28054		1321735	0					
ANR	1321885	Identifier	_ae12bf78b21b4dec3c0d45ebaadde980		1321735	0					
ANR	1321886	Identifier	_1f0504d1cf22fb215660112a27c28054		1321735	1					
ANR	1321887	Identifier	NULL		1321735	1					
ANR	1321888	CompoundStatement		33:8:1694:1702	1321735	12					
ANR	1321889	IdentifierDeclStatement	const int _c65ffb19a2f79b0e6cf6c9da5c8f87c8 = 8L ;	107:8:5442:5490	1321735	0	True				
ANR	1321890	IdentifierDecl	_c65ffb19a2f79b0e6cf6c9da5c8f87c8 = 8L		1321735	0					
ANR	1321891	IdentifierDeclType	const int		1321735	0					
ANR	1321892	Identifier	_c65ffb19a2f79b0e6cf6c9da5c8f87c8		1321735	1					
ANR	1321893	AssignmentExpression	_c65ffb19a2f79b0e6cf6c9da5c8f87c8 = 8L		1321735	2		=			
ANR	1321894	Identifier	_c65ffb19a2f79b0e6cf6c9da5c8f87c8		1321735	0					
ANR	1321895	PrimaryExpression	8L		1321735	1					
ANR	1321896	Statement	int	108:8:5500:5502	1321735	1	True				
ANR	1321897	ExpressionStatement	_fe31011262a867130273705589dc7971 [ 3 ] [ 5 ]	108:12:5504:5543	1321735	2	True				
ANR	1321898	ArrayIndexing	_fe31011262a867130273705589dc7971 [ 3 ] [ 5 ]		1321735	0					
ANR	1321899	ArrayIndexing	_fe31011262a867130273705589dc7971 [ 3 ]		1321735	0					
ANR	1321900	Identifier	_fe31011262a867130273705589dc7971		1321735	0					
ANR	1321901	PrimaryExpression	3		1321735	1					
ANR	1321902	PrimaryExpression	5		1321735	1					
ANR	1321903	IdentifierDeclStatement	int * _d5dde46edd6ed741ffe4511ac98b4ece = & _fe31011262a867130273705589dc7971 [ 2 ] [ 4 ] ;	109:8:5553:5634	1321735	3	True				
ANR	1321904	IdentifierDecl	* _d5dde46edd6ed741ffe4511ac98b4ece = & _fe31011262a867130273705589dc7971 [ 2 ] [ 4 ]		1321735	0					
ANR	1321905	IdentifierDeclType	int *		1321735	0					
ANR	1321906	Identifier	_d5dde46edd6ed741ffe4511ac98b4ece		1321735	1					
ANR	1321907	AssignmentExpression	* _d5dde46edd6ed741ffe4511ac98b4ece = & _fe31011262a867130273705589dc7971 [ 2 ] [ 4 ]		1321735	2		=			
ANR	1321908	Identifier	_d5dde46edd6ed741ffe4511ac98b4ece		1321735	0					
ANR	1321909	UnaryOperationExpression	& _fe31011262a867130273705589dc7971 [ 2 ] [ 4 ]		1321735	1					
ANR	1321910	UnaryOperator	&		1321735	0					
ANR	1321911	ArrayIndexing	_fe31011262a867130273705589dc7971 [ 2 ] [ 4 ]		1321735	1					
ANR	1321912	ArrayIndexing	_fe31011262a867130273705589dc7971 [ 2 ]		1321735	0					
ANR	1321913	Identifier	_fe31011262a867130273705589dc7971		1321735	0					
ANR	1321914	PrimaryExpression	2		1321735	1					
ANR	1321915	PrimaryExpression	4		1321735	1					
ANR	1321916	Statement	int	110:8:5644:5646	1321735	4	True				
ANR	1321917	Statement	*	110:12:5648:5648	1321735	5	True				
ANR	1321918	Statement	*	110:13:5649:5649	1321735	6	True				
ANR	1321919	Statement	const	110:15:5651:5655	1321735	7	True				
ANR	1321920	ExpressionStatement	_ade4453faf91a77ac61a8f733c878340 = & _d5dde46edd6ed741ffe4511ac98b4ece	110:21:5657:5727	1321735	8	True				
ANR	1321921	AssignmentExpression	_ade4453faf91a77ac61a8f733c878340 = & _d5dde46edd6ed741ffe4511ac98b4ece		1321735	0		=			
ANR	1321922	Identifier	_ade4453faf91a77ac61a8f733c878340		1321735	0					
ANR	1321923	UnaryOperationExpression	& _d5dde46edd6ed741ffe4511ac98b4ece		1321735	1					
ANR	1321924	UnaryOperator	&		1321735	0					
ANR	1321925	Identifier	_d5dde46edd6ed741ffe4511ac98b4ece		1321735	1					
ANR	1321926	Statement	int	111:8:5737:5739	1321735	9	True				
ANR	1321927	Statement	*	111:12:5741:5741	1321735	10	True				
ANR	1321928	Statement	*	111:13:5742:5742	1321735	11	True				
ANR	1321929	Statement	const	111:15:5744:5748	1321735	12	True				
ANR	1321930	ExpressionStatement	* _1155d79c193cc7d377886024058160e9 = & _ade4453faf91a77ac61a8f733c878340	111:21:5750:5821	1321735	13	True				
ANR	1321931	AssignmentExpression	* _1155d79c193cc7d377886024058160e9 = & _ade4453faf91a77ac61a8f733c878340		1321735	0		=			
ANR	1321932	UnaryOperationExpression	* _1155d79c193cc7d377886024058160e9		1321735	0					
ANR	1321933	UnaryOperator	*		1321735	0					
ANR	1321934	Identifier	_1155d79c193cc7d377886024058160e9		1321735	1					
ANR	1321935	UnaryOperationExpression	& _ade4453faf91a77ac61a8f733c878340		1321735	1					
ANR	1321936	UnaryOperator	&		1321735	0					
ANR	1321937	Identifier	_ade4453faf91a77ac61a8f733c878340		1321735	1					
ANR	1321938	IdentifierDeclStatement	"int i , j ;"	112:8:5831:5839	1321735	14	True				
ANR	1321939	IdentifierDecl	i		1321735	0					
ANR	1321940	IdentifierDeclType	int		1321735	0					
ANR	1321941	Identifier	i		1321735	1					
ANR	1321942	IdentifierDecl	j		1321735	1					
ANR	1321943	IdentifierDeclType	int		1321735	0					
ANR	1321944	Identifier	j		1321735	1					
ANR	1321945	ForStatement	for ( i = 0 ; i < 3 ; i ++ )		1321735	15					
ANR	1321946	ForInit	i = 0 ;	113:13:5854:5859	1321735	0	True				
ANR	1321947	AssignmentExpression	i = 0		1321735	0		=			
ANR	1321948	Identifier	i		1321735	0					
ANR	1321949	PrimaryExpression	0		1321735	1					
ANR	1321950	Condition	i < 3	113:20:5861:5865	1321735	1	True				
ANR	1321951	RelationalExpression	i < 3		1321735	0		<			
ANR	1321952	Identifier	i		1321735	0					
ANR	1321953	PrimaryExpression	3		1321735	1					
ANR	1321954	PostIncDecOperationExpression	i ++	113:27:5868:5870	1321735	2	True				
ANR	1321955	Identifier	i		1321735	0					
ANR	1321956	IncDec	++		1321735	1					
ANR	1321957	CompoundStatement		35:8:1744:1744	1321735	3					
ANR	1321958	ForStatement	for ( j = 0 ; j < 5 ; j ++ )		1321735	0					
ANR	1321959	ForInit	j = 0 ;	115:17:5900:5905	1321735	0	True				
ANR	1321960	AssignmentExpression	j = 0		1321735	0		=			
ANR	1321961	Identifier	j		1321735	0					
ANR	1321962	PrimaryExpression	0		1321735	1					
ANR	1321963	Condition	j < 5	115:24:5907:5911	1321735	1	True				
ANR	1321964	RelationalExpression	j < 5		1321735	0		<			
ANR	1321965	Identifier	j		1321735	0					
ANR	1321966	PrimaryExpression	5		1321735	1					
ANR	1321967	PostIncDecOperationExpression	j ++	115:31:5914:5916	1321735	2	True				
ANR	1321968	Identifier	j		1321735	0					
ANR	1321969	IncDec	++		1321735	1					
ANR	1321970	ExpressionStatement	_fe31011262a867130273705589dc7971 [ i ] [ j ] = 0x3EEE2FDEL	116:16:5935:5988	1321735	3	True				
ANR	1321971	AssignmentExpression	_fe31011262a867130273705589dc7971 [ i ] [ j ] = 0x3EEE2FDEL		1321735	0		=			
ANR	1321972	ArrayIndexing	_fe31011262a867130273705589dc7971 [ i ] [ j ]		1321735	0					
ANR	1321973	ArrayIndexing	_fe31011262a867130273705589dc7971 [ i ]		1321735	0					
ANR	1321974	Identifier	_fe31011262a867130273705589dc7971		1321735	0					
ANR	1321975	Identifier	i		1321735	1					
ANR	1321976	Identifier	j		1321735	1					
ANR	1321977	PrimaryExpression	0x3EEE2FDEL		1321735	1					
ANR	1321978	IfStatement	if ( _c65ffb19a2f79b0e6cf6c9da5c8f87c8 )		1321735	16					
ANR	1321979	Condition	_c65ffb19a2f79b0e6cf6c9da5c8f87c8	118:12:6012:6044	1321735	0	True				
ANR	1321980	Identifier	_c65ffb19a2f79b0e6cf6c9da5c8f87c8		1321735	0					
ANR	1321981	CompoundStatement		50:12:2855:2863	1321735	1					
ANR	1321982	IdentifierDeclStatement	int _85c617d839e55b93eba7f24b7ac7b50f = 0x8B108F82L ;	120:12:6069:6120	1321735	0	True				
ANR	1321983	IdentifierDecl	_85c617d839e55b93eba7f24b7ac7b50f = 0x8B108F82L		1321735	0					
ANR	1321984	IdentifierDeclType	int		1321735	0					
ANR	1321985	Identifier	_85c617d839e55b93eba7f24b7ac7b50f		1321735	1					
ANR	1321986	AssignmentExpression	_85c617d839e55b93eba7f24b7ac7b50f = 0x8B108F82L		1321735	2		=			
ANR	1321987	Identifier	_85c617d839e55b93eba7f24b7ac7b50f		1321735	0					
ANR	1321988	PrimaryExpression	0x8B108F82L		1321735	1					
ANR	1321989	IdentifierDeclStatement	int * _773ca0154508d33413937e0c00d3f987 = & _85c617d839e55b93eba7f24b7ac7b50f ;	121:12:6134:6209	1321735	1	True				
ANR	1321990	IdentifierDecl	* _773ca0154508d33413937e0c00d3f987 = & _85c617d839e55b93eba7f24b7ac7b50f		1321735	0					
ANR	1321991	IdentifierDeclType	int *		1321735	0					
ANR	1321992	Identifier	_773ca0154508d33413937e0c00d3f987		1321735	1					
ANR	1321993	AssignmentExpression	* _773ca0154508d33413937e0c00d3f987 = & _85c617d839e55b93eba7f24b7ac7b50f		1321735	2		=			
ANR	1321994	Identifier	_773ca0154508d33413937e0c00d3f987		1321735	0					
ANR	1321995	UnaryOperationExpression	& _85c617d839e55b93eba7f24b7ac7b50f		1321735	1					
ANR	1321996	UnaryOperator	&		1321735	0					
ANR	1321997	Identifier	_85c617d839e55b93eba7f24b7ac7b50f		1321735	1					
ANR	1321998	IdentifierDeclStatement	int * * _e06584c0eb398e0c57f786dcfde604b6 = & _773ca0154508d33413937e0c00d3f987 ;	122:12:6223:6299	1321735	2	True				
ANR	1321999	IdentifierDecl	* * _e06584c0eb398e0c57f786dcfde604b6 = & _773ca0154508d33413937e0c00d3f987		1321735	0					
ANR	1322000	IdentifierDeclType	int * *		1321735	0					
ANR	1322001	Identifier	_e06584c0eb398e0c57f786dcfde604b6		1321735	1					
ANR	1322002	AssignmentExpression	* * _e06584c0eb398e0c57f786dcfde604b6 = & _773ca0154508d33413937e0c00d3f987		1321735	2		=			
ANR	1322003	Identifier	_e06584c0eb398e0c57f786dcfde604b6		1321735	0					
ANR	1322004	UnaryOperationExpression	& _773ca0154508d33413937e0c00d3f987		1321735	1					
ANR	1322005	UnaryOperator	&		1321735	0					
ANR	1322006	Identifier	_773ca0154508d33413937e0c00d3f987		1321735	1					
ANR	1322007	ExpressionStatement	int * * * _78fb1ab7a5f785ff732ee4595c9d84b3 [ 1 ] [ 4 ]	123:12:6313:6359	1321735	3	True				
ANR	1322008	MultiplicativeExpression	int * * * _78fb1ab7a5f785ff732ee4595c9d84b3 [ 1 ] [ 4 ]		1321735	0		*			
ANR	1322009	Identifier	int		1321735	0					
ANR	1322010	UnaryOperationExpression	* * _78fb1ab7a5f785ff732ee4595c9d84b3 [ 1 ] [ 4 ]		1321735	1					
ANR	1322011	UnaryOperator	*		1321735	0					
ANR	1322012	UnaryOperationExpression	* _78fb1ab7a5f785ff732ee4595c9d84b3 [ 1 ] [ 4 ]		1321735	1					
ANR	1322013	UnaryOperator	*		1321735	0					
ANR	1322014	ArrayIndexing	_78fb1ab7a5f785ff732ee4595c9d84b3 [ 1 ] [ 4 ]		1321735	1					
ANR	1322015	ArrayIndexing	_78fb1ab7a5f785ff732ee4595c9d84b3 [ 1 ]		1321735	0					
ANR	1322016	Identifier	_78fb1ab7a5f785ff732ee4595c9d84b3		1321735	0					
ANR	1322017	PrimaryExpression	1		1321735	1					
ANR	1322018	PrimaryExpression	4		1321735	1					
ANR	1322019	IdentifierDeclStatement	int * * * * _3cdc3f3dcb69a73474a208016319eed3 [ 4 ] ;	124:12:6373:6417	1321735	4	True				
ANR	1322020	IdentifierDecl	* * * * _3cdc3f3dcb69a73474a208016319eed3 [ 4 ]		1321735	0					
ANR	1322021	IdentifierDeclType	int * * * * [ 4 ]		1321735	0					
ANR	1322022	Identifier	_3cdc3f3dcb69a73474a208016319eed3		1321735	1					
ANR	1322023	PrimaryExpression	4		1321735	2					
ANR	1322024	IdentifierDeclStatement	"int * * * * _667bfced3edc86b803827b0cb8740266 [ 5 ] = { & _78fb1ab7a5f785ff732ee4595c9d84b3 [ 0 ] [ 1 ] , & _78fb1ab7a5f785ff732ee4595c9d84b3 [ 0 ] [ 1 ] , & _78fb1ab7a5f785ff732ee4595c9d84b3 [ 0 ] [ 1 ] , & _78fb1ab7a5f785ff732ee4595c9d84b3 [ 0 ] [ 1 ] , & _78fb1ab7a5f785ff732ee4595c9d84b3 [ 0 ] [ 1 ] } ;"	125:12:6431:6684	1321735	5	True				
ANR	1322025	IdentifierDecl	"* * * * _667bfced3edc86b803827b0cb8740266 [ 5 ] = { & _78fb1ab7a5f785ff732ee4595c9d84b3 [ 0 ] [ 1 ] , & _78fb1ab7a5f785ff732ee4595c9d84b3 [ 0 ] [ 1 ] , & _78fb1ab7a5f785ff732ee4595c9d84b3 [ 0 ] [ 1 ] , & _78fb1ab7a5f785ff732ee4595c9d84b3 [ 0 ] [ 1 ] , & _78fb1ab7a5f785ff732ee4595c9d84b3 [ 0 ] [ 1 ] }"		1321735	0					
ANR	1322026	IdentifierDeclType	int * * * * [ 5 ]		1321735	0					
ANR	1322027	Identifier	_667bfced3edc86b803827b0cb8740266		1321735	1					
ANR	1322028	PrimaryExpression	5		1321735	2					
ANR	1322029	AssignmentExpression	"* * * * _667bfced3edc86b803827b0cb8740266 [ 5 ] = { & _78fb1ab7a5f785ff732ee4595c9d84b3 [ 0 ] [ 1 ] , & _78fb1ab7a5f785ff732ee4595c9d84b3 [ 0 ] [ 1 ] , & _78fb1ab7a5f785ff732ee4595c9d84b3 [ 0 ] [ 1 ] , & _78fb1ab7a5f785ff732ee4595c9d84b3 [ 0 ] [ 1 ] , & _78fb1ab7a5f785ff732ee4595c9d84b3 [ 0 ] [ 1 ] }"		1321735	3		=			
ANR	1322030	Identifier	_667bfced3edc86b803827b0cb8740266		1321735	0					
ANR	1322031	InitializerList	& _78fb1ab7a5f785ff732ee4595c9d84b3 [ 0 ] [ 1 ]		1321735	1					
ANR	1322032	UnaryOperationExpression	& _78fb1ab7a5f785ff732ee4595c9d84b3 [ 0 ] [ 1 ]		1321735	0					
ANR	1322033	UnaryOperator	&		1321735	0					
ANR	1322034	ArrayIndexing	_78fb1ab7a5f785ff732ee4595c9d84b3 [ 0 ] [ 1 ]		1321735	1					
ANR	1322035	ArrayIndexing	_78fb1ab7a5f785ff732ee4595c9d84b3 [ 0 ]		1321735	0					
ANR	1322036	Identifier	_78fb1ab7a5f785ff732ee4595c9d84b3		1321735	0					
ANR	1322037	PrimaryExpression	0		1321735	1					
ANR	1322038	PrimaryExpression	1		1321735	1					
ANR	1322039	UnaryOperationExpression	& _78fb1ab7a5f785ff732ee4595c9d84b3 [ 0 ] [ 1 ]		1321735	1					
ANR	1322040	UnaryOperator	&		1321735	0					
ANR	1322041	ArrayIndexing	_78fb1ab7a5f785ff732ee4595c9d84b3 [ 0 ] [ 1 ]		1321735	1					
ANR	1322042	ArrayIndexing	_78fb1ab7a5f785ff732ee4595c9d84b3 [ 0 ]		1321735	0					
ANR	1322043	Identifier	_78fb1ab7a5f785ff732ee4595c9d84b3		1321735	0					
ANR	1322044	PrimaryExpression	0		1321735	1					
ANR	1322045	PrimaryExpression	1		1321735	1					
ANR	1322046	UnaryOperationExpression	& _78fb1ab7a5f785ff732ee4595c9d84b3 [ 0 ] [ 1 ]		1321735	2					
ANR	1322047	UnaryOperator	&		1321735	0					
ANR	1322048	ArrayIndexing	_78fb1ab7a5f785ff732ee4595c9d84b3 [ 0 ] [ 1 ]		1321735	1					
ANR	1322049	ArrayIndexing	_78fb1ab7a5f785ff732ee4595c9d84b3 [ 0 ]		1321735	0					
ANR	1322050	Identifier	_78fb1ab7a5f785ff732ee4595c9d84b3		1321735	0					
ANR	1322051	PrimaryExpression	0		1321735	1					
ANR	1322052	PrimaryExpression	1		1321735	1					
ANR	1322053	UnaryOperationExpression	& _78fb1ab7a5f785ff732ee4595c9d84b3 [ 0 ] [ 1 ]		1321735	3					
ANR	1322054	UnaryOperator	&		1321735	0					
ANR	1322055	ArrayIndexing	_78fb1ab7a5f785ff732ee4595c9d84b3 [ 0 ] [ 1 ]		1321735	1					
ANR	1322056	ArrayIndexing	_78fb1ab7a5f785ff732ee4595c9d84b3 [ 0 ]		1321735	0					
ANR	1322057	Identifier	_78fb1ab7a5f785ff732ee4595c9d84b3		1321735	0					
ANR	1322058	PrimaryExpression	0		1321735	1					
ANR	1322059	PrimaryExpression	1		1321735	1					
ANR	1322060	UnaryOperationExpression	& _78fb1ab7a5f785ff732ee4595c9d84b3 [ 0 ] [ 1 ]		1321735	4					
ANR	1322061	UnaryOperator	&		1321735	0					
ANR	1322062	ArrayIndexing	_78fb1ab7a5f785ff732ee4595c9d84b3 [ 0 ] [ 1 ]		1321735	1					
ANR	1322063	ArrayIndexing	_78fb1ab7a5f785ff732ee4595c9d84b3 [ 0 ]		1321735	0					
ANR	1322064	Identifier	_78fb1ab7a5f785ff732ee4595c9d84b3		1321735	0					
ANR	1322065	PrimaryExpression	0		1321735	1					
ANR	1322066	PrimaryExpression	1		1321735	1					
ANR	1322067	Statement	int	126:12:6698:6700	1321735	6	True				
ANR	1322068	Statement	*	126:16:6702:6702	1321735	7	True				
ANR	1322069	Statement	const	126:18:6704:6708	1321735	8	True				
ANR	1322070	ExpressionStatement	* _4322455122a21e6536f495f7a23646ab = & _d5dde46edd6ed741ffe4511ac98b4ece	126:24:6710:6781	1321735	9	True				
ANR	1322071	AssignmentExpression	* _4322455122a21e6536f495f7a23646ab = & _d5dde46edd6ed741ffe4511ac98b4ece		1321735	0		=			
ANR	1322072	UnaryOperationExpression	* _4322455122a21e6536f495f7a23646ab		1321735	0					
ANR	1322073	UnaryOperator	*		1321735	0					
ANR	1322074	Identifier	_4322455122a21e6536f495f7a23646ab		1321735	1					
ANR	1322075	UnaryOperationExpression	& _d5dde46edd6ed741ffe4511ac98b4ece		1321735	1					
ANR	1322076	UnaryOperator	&		1321735	0					
ANR	1322077	Identifier	_d5dde46edd6ed741ffe4511ac98b4ece		1321735	1					
ANR	1322078	Statement	int	127:12:6795:6797	1321735	10	True				
ANR	1322079	Statement	*	127:16:6799:6799	1321735	11	True				
ANR	1322080	Statement	const	127:18:6801:6805	1321735	12	True				
ANR	1322081	ExpressionStatement	* * _ac31e50cc6b4e80a1a08feefef03f523 = & _4322455122a21e6536f495f7a23646ab	127:24:6807:6879	1321735	13	True				
ANR	1322082	AssignmentExpression	* * _ac31e50cc6b4e80a1a08feefef03f523 = & _4322455122a21e6536f495f7a23646ab		1321735	0		=			
ANR	1322083	UnaryOperationExpression	* * _ac31e50cc6b4e80a1a08feefef03f523		1321735	0					
ANR	1322084	UnaryOperator	*		1321735	0					
ANR	1322085	UnaryOperationExpression	* _ac31e50cc6b4e80a1a08feefef03f523		1321735	1					
ANR	1322086	UnaryOperator	*		1321735	0					
ANR	1322087	Identifier	_ac31e50cc6b4e80a1a08feefef03f523		1321735	1					
ANR	1322088	UnaryOperationExpression	& _4322455122a21e6536f495f7a23646ab		1321735	1					
ANR	1322089	UnaryOperator	&		1321735	0					
ANR	1322090	Identifier	_4322455122a21e6536f495f7a23646ab		1321735	1					
ANR	1322091	Statement	int	128:12:6893:6895	1321735	14	True				
ANR	1322092	Statement	*	128:16:6897:6897	1321735	15	True				
ANR	1322093	Statement	const	128:18:6899:6903	1321735	16	True				
ANR	1322094	ExpressionStatement	* * * _da40226c231d1c26ed592658eb43324f = & _ac31e50cc6b4e80a1a08feefef03f523	128:24:6905:6978	1321735	17	True				
ANR	1322095	AssignmentExpression	* * * _da40226c231d1c26ed592658eb43324f = & _ac31e50cc6b4e80a1a08feefef03f523		1321735	0		=			
ANR	1322096	UnaryOperationExpression	* * * _da40226c231d1c26ed592658eb43324f		1321735	0					
ANR	1322097	UnaryOperator	*		1321735	0					
ANR	1322098	UnaryOperationExpression	* * _da40226c231d1c26ed592658eb43324f		1321735	1					
ANR	1322099	UnaryOperator	*		1321735	0					
ANR	1322100	UnaryOperationExpression	* _da40226c231d1c26ed592658eb43324f		1321735	1					
ANR	1322101	UnaryOperator	*		1321735	0					
ANR	1322102	Identifier	_da40226c231d1c26ed592658eb43324f		1321735	1					
ANR	1322103	UnaryOperationExpression	& _ac31e50cc6b4e80a1a08feefef03f523		1321735	1					
ANR	1322104	UnaryOperator	&		1321735	0					
ANR	1322105	Identifier	_ac31e50cc6b4e80a1a08feefef03f523		1321735	1					
ANR	1322106	IdentifierDeclStatement	"int i , j ;"	129:12:6992:7000	1321735	18	True				
ANR	1322107	IdentifierDecl	i		1321735	0					
ANR	1322108	IdentifierDeclType	int		1321735	0					
ANR	1322109	Identifier	i		1321735	1					
ANR	1322110	IdentifierDecl	j		1321735	1					
ANR	1322111	IdentifierDeclType	int		1321735	0					
ANR	1322112	Identifier	j		1321735	1					
ANR	1322113	ForStatement	for ( i = 0 ; i < 1 ; i ++ )		1321735	19					
ANR	1322114	ForInit	i = 0 ;	130:17:7019:7024	1321735	0	True				
ANR	1322115	AssignmentExpression	i = 0		1321735	0		=			
ANR	1322116	Identifier	i		1321735	0					
ANR	1322117	PrimaryExpression	0		1321735	1					
ANR	1322118	Condition	i < 1	130:24:7026:7030	1321735	1	True				
ANR	1322119	RelationalExpression	i < 1		1321735	0		<			
ANR	1322120	Identifier	i		1321735	0					
ANR	1322121	PrimaryExpression	1		1321735	1					
ANR	1322122	PostIncDecOperationExpression	i ++	130:31:7033:7035	1321735	2	True				
ANR	1322123	Identifier	i		1321735	0					
ANR	1322124	IncDec	++		1321735	1					
ANR	1322125	CompoundStatement		52:12:2913:2913	1321735	3					
ANR	1322126	ForStatement	for ( j = 0 ; j < 4 ; j ++ )		1321735	0					
ANR	1322127	ForInit	j = 0 ;	132:21:7073:7078	1321735	0	True				
ANR	1322128	AssignmentExpression	j = 0		1321735	0		=			
ANR	1322129	Identifier	j		1321735	0					
ANR	1322130	PrimaryExpression	0		1321735	1					
ANR	1322131	Condition	j < 4	132:28:7080:7084	1321735	1	True				
ANR	1322132	RelationalExpression	j < 4		1321735	0		<			
ANR	1322133	Identifier	j		1321735	0					
ANR	1322134	PrimaryExpression	4		1321735	1					
ANR	1322135	PostIncDecOperationExpression	j ++	132:35:7087:7089	1321735	2	True				
ANR	1322136	Identifier	j		1321735	0					
ANR	1322137	IncDec	++		1321735	1					
ANR	1322138	ExpressionStatement	_78fb1ab7a5f785ff732ee4595c9d84b3 [ i ] [ j ] = & _e06584c0eb398e0c57f786dcfde604b6	133:20:7112:7188	1321735	3	True				
ANR	1322139	AssignmentExpression	_78fb1ab7a5f785ff732ee4595c9d84b3 [ i ] [ j ] = & _e06584c0eb398e0c57f786dcfde604b6		1321735	0		=			
ANR	1322140	ArrayIndexing	_78fb1ab7a5f785ff732ee4595c9d84b3 [ i ] [ j ]		1321735	0					
ANR	1322141	ArrayIndexing	_78fb1ab7a5f785ff732ee4595c9d84b3 [ i ]		1321735	0					
ANR	1322142	Identifier	_78fb1ab7a5f785ff732ee4595c9d84b3		1321735	0					
ANR	1322143	Identifier	i		1321735	1					
ANR	1322144	Identifier	j		1321735	1					
ANR	1322145	UnaryOperationExpression	& _e06584c0eb398e0c57f786dcfde604b6		1321735	1					
ANR	1322146	UnaryOperator	&		1321735	0					
ANR	1322147	Identifier	_e06584c0eb398e0c57f786dcfde604b6		1321735	1					
ANR	1322148	ForStatement	for ( i = 0 ; i < 4 ; i ++ )		1321735	20					
ANR	1322149	ForInit	i = 0 ;	135:17:7221:7226	1321735	0	True				
ANR	1322150	AssignmentExpression	i = 0		1321735	0		=			
ANR	1322151	Identifier	i		1321735	0					
ANR	1322152	PrimaryExpression	0		1321735	1					
ANR	1322153	Condition	i < 4	135:24:7228:7232	1321735	1	True				
ANR	1322154	RelationalExpression	i < 4		1321735	0		<			
ANR	1322155	Identifier	i		1321735	0					
ANR	1322156	PrimaryExpression	4		1321735	1					
ANR	1322157	PostIncDecOperationExpression	i ++	135:31:7235:7237	1321735	2	True				
ANR	1322158	Identifier	i		1321735	0					
ANR	1322159	IncDec	++		1321735	1					
ANR	1322160	ExpressionStatement	_3cdc3f3dcb69a73474a208016319eed3 [ i ] = & _78fb1ab7a5f785ff732ee4595c9d84b3 [ 0 ] [ 0 ]	136:16:7256:7335	1321735	3	True				
ANR	1322161	AssignmentExpression	_3cdc3f3dcb69a73474a208016319eed3 [ i ] = & _78fb1ab7a5f785ff732ee4595c9d84b3 [ 0 ] [ 0 ]		1321735	0		=			
ANR	1322162	ArrayIndexing	_3cdc3f3dcb69a73474a208016319eed3 [ i ]		1321735	0					
ANR	1322163	Identifier	_3cdc3f3dcb69a73474a208016319eed3		1321735	0					
ANR	1322164	Identifier	i		1321735	1					
ANR	1322165	UnaryOperationExpression	& _78fb1ab7a5f785ff732ee4595c9d84b3 [ 0 ] [ 0 ]		1321735	1					
ANR	1322166	UnaryOperator	&		1321735	0					
ANR	1322167	ArrayIndexing	_78fb1ab7a5f785ff732ee4595c9d84b3 [ 0 ] [ 0 ]		1321735	1					
ANR	1322168	ArrayIndexing	_78fb1ab7a5f785ff732ee4595c9d84b3 [ 0 ]		1321735	0					
ANR	1322169	Identifier	_78fb1ab7a5f785ff732ee4595c9d84b3		1321735	0					
ANR	1322170	PrimaryExpression	0		1321735	1					
ANR	1322171	PrimaryExpression	0		1321735	1					
ANR	1322172	ExpressionStatement	( * _e06584c0eb398e0c57f786dcfde604b6 ) = ( void * ) 0	137:12:7349:7396	1321735	21	True				
ANR	1322173	AssignmentExpression	( * _e06584c0eb398e0c57f786dcfde604b6 ) = ( void * ) 0		1321735	0		=			
ANR	1322174	UnaryOperationExpression	* _e06584c0eb398e0c57f786dcfde604b6		1321735	0					
ANR	1322175	UnaryOperator	*		1321735	0					
ANR	1322176	Identifier	_e06584c0eb398e0c57f786dcfde604b6		1321735	1					
ANR	1322177	CastExpression	( void * ) 0		1321735	1					
ANR	1322178	CastTarget	void *		1321735	0					
ANR	1322179	PrimaryExpression	0		1321735	1					
ANR	1322180	ExpressionStatement	( * _e06584c0eb398e0c57f786dcfde604b6 ) = _d5dde46edd6ed741ffe4511ac98b4ece	138:12:7410:7482	1321735	22	True				
ANR	1322181	AssignmentExpression	( * _e06584c0eb398e0c57f786dcfde604b6 ) = _d5dde46edd6ed741ffe4511ac98b4ece		1321735	0		=			
ANR	1322182	UnaryOperationExpression	* _e06584c0eb398e0c57f786dcfde604b6		1321735	0					
ANR	1322183	UnaryOperator	*		1321735	0					
ANR	1322184	Identifier	_e06584c0eb398e0c57f786dcfde604b6		1321735	1					
ANR	1322185	Identifier	_d5dde46edd6ed741ffe4511ac98b4ece		1321735	1					
ANR	1322186	ExpressionStatement	( * _e06584c0eb398e0c57f786dcfde604b6 ) = ( void * ) 0	139:12:7496:7543	1321735	23	True				
ANR	1322187	AssignmentExpression	( * _e06584c0eb398e0c57f786dcfde604b6 ) = ( void * ) 0		1321735	0		=			
ANR	1322188	UnaryOperationExpression	* _e06584c0eb398e0c57f786dcfde604b6		1321735	0					
ANR	1322189	UnaryOperator	*		1321735	0					
ANR	1322190	Identifier	_e06584c0eb398e0c57f786dcfde604b6		1321735	1					
ANR	1322191	CastExpression	( void * ) 0		1321735	1					
ANR	1322192	CastTarget	void *		1321735	0					
ANR	1322193	PrimaryExpression	0		1321735	1					
ANR	1322194	ExpressionStatement	( * _da40226c231d1c26ed592658eb43324f ) = _1155d79c193cc7d377886024058160e9	140:12:7557:7629	1321735	24	True				
ANR	1322195	AssignmentExpression	( * _da40226c231d1c26ed592658eb43324f ) = _1155d79c193cc7d377886024058160e9		1321735	0		=			
ANR	1322196	UnaryOperationExpression	* _da40226c231d1c26ed592658eb43324f		1321735	0					
ANR	1322197	UnaryOperator	*		1321735	0					
ANR	1322198	Identifier	_da40226c231d1c26ed592658eb43324f		1321735	1					
ANR	1322199	Identifier	_1155d79c193cc7d377886024058160e9		1321735	1					
ANR	1322200	ElseStatement	else		1321735	0					
ANR	1322201	CompoundStatement		64:8:3525:3525	1321735	0					
ANR	1322202	Statement	int	144:12:7676:7678	1321735	0	True				
ANR	1322203	Statement	*	144:16:7680:7680	1321735	1	True				
ANR	1322204	Statement	*	144:17:7681:7681	1321735	2	True				
ANR	1322205	Statement	const	144:19:7683:7687	1321735	3	True				
ANR	1322206	ExpressionStatement	* _7ce86d44adc43669ad8aad1a3354b4fa = & _ade4453faf91a77ac61a8f733c878340	144:25:7689:7760	1321735	4	True				
ANR	1322207	AssignmentExpression	* _7ce86d44adc43669ad8aad1a3354b4fa = & _ade4453faf91a77ac61a8f733c878340		1321735	0		=			
ANR	1322208	UnaryOperationExpression	* _7ce86d44adc43669ad8aad1a3354b4fa		1321735	0					
ANR	1322209	UnaryOperator	*		1321735	0					
ANR	1322210	Identifier	_7ce86d44adc43669ad8aad1a3354b4fa		1321735	1					
ANR	1322211	UnaryOperationExpression	& _ade4453faf91a77ac61a8f733c878340		1321735	1					
ANR	1322212	UnaryOperator	&		1321735	0					
ANR	1322213	Identifier	_ade4453faf91a77ac61a8f733c878340		1321735	1					
ANR	1322214	ExpressionStatement	( * * * _7ce86d44adc43669ad8aad1a3354b4fa ) = ( ( ( ( int ) ( _7ce86d44adc43669ad8aad1a3354b4fa == ( void * ) 0 ) + ( int ) ( * * * _7ce86d44adc43669ad8aad1a3354b4fa ) ) >= 0x3C7DL ) | ( * * * _7ce86d44adc43669ad8aad1a3354b4fa ) )	145:12:7774:7971	1321735	5	True				
ANR	1322215	AssignmentExpression	( * * * _7ce86d44adc43669ad8aad1a3354b4fa ) = ( ( ( ( int ) ( _7ce86d44adc43669ad8aad1a3354b4fa == ( void * ) 0 ) + ( int ) ( * * * _7ce86d44adc43669ad8aad1a3354b4fa ) ) >= 0x3C7DL ) | ( * * * _7ce86d44adc43669ad8aad1a3354b4fa ) )		1321735	0		=			
ANR	1322216	UnaryOperationExpression	* * * _7ce86d44adc43669ad8aad1a3354b4fa		1321735	0					
ANR	1322217	UnaryOperator	*		1321735	0					
ANR	1322218	UnaryOperationExpression	* * _7ce86d44adc43669ad8aad1a3354b4fa		1321735	1					
ANR	1322219	UnaryOperator	*		1321735	0					
ANR	1322220	UnaryOperationExpression	* _7ce86d44adc43669ad8aad1a3354b4fa		1321735	1					
ANR	1322221	UnaryOperator	*		1321735	0					
ANR	1322222	Identifier	_7ce86d44adc43669ad8aad1a3354b4fa		1321735	1					
ANR	1322223	InclusiveOrExpression	( ( ( int ) ( _7ce86d44adc43669ad8aad1a3354b4fa == ( void * ) 0 ) + ( int ) ( * * * _7ce86d44adc43669ad8aad1a3354b4fa ) ) >= 0x3C7DL ) | ( * * * _7ce86d44adc43669ad8aad1a3354b4fa )		1321735	1		|			
ANR	1322224	RelationalExpression	( ( int ) ( _7ce86d44adc43669ad8aad1a3354b4fa == ( void * ) 0 ) + ( int ) ( * * * _7ce86d44adc43669ad8aad1a3354b4fa ) ) >= 0x3C7DL		1321735	0		>=			
ANR	1322225	AdditiveExpression	( int ) ( _7ce86d44adc43669ad8aad1a3354b4fa == ( void * ) 0 ) + ( int ) ( * * * _7ce86d44adc43669ad8aad1a3354b4fa )		1321735	0		+			
ANR	1322226	CastExpression	( int ) ( _7ce86d44adc43669ad8aad1a3354b4fa == ( void * ) 0 )		1321735	0					
ANR	1322227	CastTarget	int		1321735	0					
ANR	1322228	EqualityExpression	_7ce86d44adc43669ad8aad1a3354b4fa == ( void * ) 0		1321735	1		==			
ANR	1322229	Identifier	_7ce86d44adc43669ad8aad1a3354b4fa		1321735	0					
ANR	1322230	CastExpression	( void * ) 0		1321735	1					
ANR	1322231	CastTarget	void *		1321735	0					
ANR	1322232	PrimaryExpression	0		1321735	1					
ANR	1322233	CastExpression	( int ) ( * * * _7ce86d44adc43669ad8aad1a3354b4fa )		1321735	1					
ANR	1322234	CastTarget	int		1321735	0					
ANR	1322235	UnaryOperationExpression	* * * _7ce86d44adc43669ad8aad1a3354b4fa		1321735	1					
ANR	1322236	UnaryOperator	*		1321735	0					
ANR	1322237	UnaryOperationExpression	* * _7ce86d44adc43669ad8aad1a3354b4fa		1321735	1					
ANR	1322238	UnaryOperator	*		1321735	0					
ANR	1322239	UnaryOperationExpression	* _7ce86d44adc43669ad8aad1a3354b4fa		1321735	1					
ANR	1322240	UnaryOperator	*		1321735	0					
ANR	1322241	Identifier	_7ce86d44adc43669ad8aad1a3354b4fa		1321735	1					
ANR	1322242	PrimaryExpression	0x3C7DL		1321735	1					
ANR	1322243	UnaryOperationExpression	* * * _7ce86d44adc43669ad8aad1a3354b4fa		1321735	1					
ANR	1322244	UnaryOperator	*		1321735	0					
ANR	1322245	UnaryOperationExpression	* * _7ce86d44adc43669ad8aad1a3354b4fa		1321735	1					
ANR	1322246	UnaryOperator	*		1321735	0					
ANR	1322247	UnaryOperationExpression	* _7ce86d44adc43669ad8aad1a3354b4fa		1321735	1					
ANR	1322248	UnaryOperator	*		1321735	0					
ANR	1322249	Identifier	_7ce86d44adc43669ad8aad1a3354b4fa		1321735	1					
ANR	1322250	ExpressionStatement	( * * _1155d79c193cc7d377886024058160e9 ) = ( * * _7ce86d44adc43669ad8aad1a3354b4fa )	146:12:7985:8062	1321735	6	True				
ANR	1322251	AssignmentExpression	( * * _1155d79c193cc7d377886024058160e9 ) = ( * * _7ce86d44adc43669ad8aad1a3354b4fa )		1321735	0		=			
ANR	1322252	UnaryOperationExpression	* * _1155d79c193cc7d377886024058160e9		1321735	0					
ANR	1322253	UnaryOperator	*		1321735	0					
ANR	1322254	UnaryOperationExpression	* _1155d79c193cc7d377886024058160e9		1321735	1					
ANR	1322255	UnaryOperator	*		1321735	0					
ANR	1322256	Identifier	_1155d79c193cc7d377886024058160e9		1321735	1					
ANR	1322257	UnaryOperationExpression	* * _7ce86d44adc43669ad8aad1a3354b4fa		1321735	1					
ANR	1322258	UnaryOperator	*		1321735	0					
ANR	1322259	UnaryOperationExpression	* _7ce86d44adc43669ad8aad1a3354b4fa		1321735	1					
ANR	1322260	UnaryOperator	*		1321735	0					
ANR	1322261	Identifier	_7ce86d44adc43669ad8aad1a3354b4fa		1321735	1					
ANR	1322262	ExpressionStatement	( * * _7ce86d44adc43669ad8aad1a3354b4fa ) = ( * * _7ce86d44adc43669ad8aad1a3354b4fa )	147:12:8076:8153	1321735	7	True				
ANR	1322263	AssignmentExpression	( * * _7ce86d44adc43669ad8aad1a3354b4fa ) = ( * * _7ce86d44adc43669ad8aad1a3354b4fa )		1321735	0		=			
ANR	1322264	UnaryOperationExpression	* * _7ce86d44adc43669ad8aad1a3354b4fa		1321735	0					
ANR	1322265	UnaryOperator	*		1321735	0					
ANR	1322266	UnaryOperationExpression	* _7ce86d44adc43669ad8aad1a3354b4fa		1321735	1					
ANR	1322267	UnaryOperator	*		1321735	0					
ANR	1322268	Identifier	_7ce86d44adc43669ad8aad1a3354b4fa		1321735	1					
ANR	1322269	UnaryOperationExpression	* * _7ce86d44adc43669ad8aad1a3354b4fa		1321735	1					
ANR	1322270	UnaryOperator	*		1321735	0					
ANR	1322271	UnaryOperationExpression	* _7ce86d44adc43669ad8aad1a3354b4fa		1321735	1					
ANR	1322272	UnaryOperator	*		1321735	0					
ANR	1322273	Identifier	_7ce86d44adc43669ad8aad1a3354b4fa		1321735	1					
ANR	1322274	ExpressionStatement	( * * _1155d79c193cc7d377886024058160e9 ) = ( * _ade4453faf91a77ac61a8f733c878340 )	149:8:8173:8249	1321735	17	True				
ANR	1322275	AssignmentExpression	( * * _1155d79c193cc7d377886024058160e9 ) = ( * _ade4453faf91a77ac61a8f733c878340 )		1321735	0		=			
ANR	1322276	UnaryOperationExpression	* * _1155d79c193cc7d377886024058160e9		1321735	0					
ANR	1322277	UnaryOperator	*		1321735	0					
ANR	1322278	UnaryOperationExpression	* _1155d79c193cc7d377886024058160e9		1321735	1					
ANR	1322279	UnaryOperator	*		1321735	0					
ANR	1322280	Identifier	_1155d79c193cc7d377886024058160e9		1321735	1					
ANR	1322281	UnaryOperationExpression	* _ade4453faf91a77ac61a8f733c878340		1321735	1					
ANR	1322282	UnaryOperator	*		1321735	0					
ANR	1322283	Identifier	_ade4453faf91a77ac61a8f733c878340		1321735	1					
ANR	1322284	IfStatement	if ( _ae12bf78b21b4dec3c0d45ebaadde980 -> _5bb28c16112ed38d302d71a2a1bf4a50 )		1321735	13					
ANR	1322285	Condition	_ae12bf78b21b4dec3c0d45ebaadde980 -> _5bb28c16112ed38d302d71a2a1bf4a50	151:8:8265:8332	1321735	0	True				
ANR	1322286	PtrMemberAccess	_ae12bf78b21b4dec3c0d45ebaadde980 -> _5bb28c16112ed38d302d71a2a1bf4a50		1321735	0					
ANR	1322287	Identifier	_ae12bf78b21b4dec3c0d45ebaadde980		1321735	0					
ANR	1322288	Identifier	_5bb28c16112ed38d302d71a2a1bf4a50		1321735	1					
ANR	1322289	CompoundStatement		73:4:4202:4202	1321735	1					
ANR	1322290	ExpressionStatement	_7586bcca61793fa243ba3d4b4edbaba9 ( _ae12bf78b21b4dec3c0d45ebaadde980 -> _5bb28c16112ed38d302d71a2a1bf4a50 )	153:8:8349:8453	1321735	0	True				
ANR	1322291	CallExpression	_7586bcca61793fa243ba3d4b4edbaba9 ( _ae12bf78b21b4dec3c0d45ebaadde980 -> _5bb28c16112ed38d302d71a2a1bf4a50 )		1321735	0					
ANR	1322292	Callee	_7586bcca61793fa243ba3d4b4edbaba9		1321735	0					
ANR	1322293	Identifier	_7586bcca61793fa243ba3d4b4edbaba9		1321735	0					
ANR	1322294	ArgumentList	_ae12bf78b21b4dec3c0d45ebaadde980 -> _5bb28c16112ed38d302d71a2a1bf4a50		1321735	1					
ANR	1322295	Argument	_ae12bf78b21b4dec3c0d45ebaadde980 -> _5bb28c16112ed38d302d71a2a1bf4a50		1321735	0					
ANR	1322296	PtrMemberAccess	_ae12bf78b21b4dec3c0d45ebaadde980 -> _5bb28c16112ed38d302d71a2a1bf4a50		1321735	0					
ANR	1322297	Identifier	_ae12bf78b21b4dec3c0d45ebaadde980		1321735	0					
ANR	1322298	Identifier	_5bb28c16112ed38d302d71a2a1bf4a50		1321735	1					
ANR	1322299	ExpressionStatement	_ae12bf78b21b4dec3c0d45ebaadde980 -> _5bb28c16112ed38d302d71a2a1bf4a50 = NULL	154:8:8463:8538	1321735	1	True				
ANR	1322300	AssignmentExpression	_ae12bf78b21b4dec3c0d45ebaadde980 -> _5bb28c16112ed38d302d71a2a1bf4a50 = NULL		1321735	0		=			
ANR	1322301	PtrMemberAccess	_ae12bf78b21b4dec3c0d45ebaadde980 -> _5bb28c16112ed38d302d71a2a1bf4a50		1321735	0					
ANR	1322302	Identifier	_ae12bf78b21b4dec3c0d45ebaadde980		1321735	0					
ANR	1322303	Identifier	_5bb28c16112ed38d302d71a2a1bf4a50		1321735	1					
ANR	1322304	Identifier	NULL		1321735	1					
ANR	1322305	IfStatement	if ( _ae12bf78b21b4dec3c0d45ebaadde980 -> _65960cc4a15ebf9dbc72ff21b2c21df0 )		1321735	14					
ANR	1322306	Condition	_ae12bf78b21b4dec3c0d45ebaadde980 -> _65960cc4a15ebf9dbc72ff21b2c21df0	156:8:8554:8621	1321735	0	True				
ANR	1322307	PtrMemberAccess	_ae12bf78b21b4dec3c0d45ebaadde980 -> _65960cc4a15ebf9dbc72ff21b2c21df0		1321735	0					
ANR	1322308	Identifier	_ae12bf78b21b4dec3c0d45ebaadde980		1321735	0					
ANR	1322309	Identifier	_65960cc4a15ebf9dbc72ff21b2c21df0		1321735	1					
ANR	1322310	CompoundStatement		78:4:4491:4491	1321735	1					
ANR	1322311	ExpressionStatement	fclose ( _ae12bf78b21b4dec3c0d45ebaadde980 -> _65960cc4a15ebf9dbc72ff21b2c21df0 )	158:8:8638:8715	1321735	0	True				
ANR	1322312	CallExpression	fclose ( _ae12bf78b21b4dec3c0d45ebaadde980 -> _65960cc4a15ebf9dbc72ff21b2c21df0 )		1321735	0					
ANR	1322313	Callee	fclose		1321735	0					
ANR	1322314	Identifier	fclose		1321735	0					
ANR	1322315	ArgumentList	_ae12bf78b21b4dec3c0d45ebaadde980 -> _65960cc4a15ebf9dbc72ff21b2c21df0		1321735	1					
ANR	1322316	Argument	_ae12bf78b21b4dec3c0d45ebaadde980 -> _65960cc4a15ebf9dbc72ff21b2c21df0		1321735	0					
ANR	1322317	PtrMemberAccess	_ae12bf78b21b4dec3c0d45ebaadde980 -> _65960cc4a15ebf9dbc72ff21b2c21df0		1321735	0					
ANR	1322318	Identifier	_ae12bf78b21b4dec3c0d45ebaadde980		1321735	0					
ANR	1322319	Identifier	_65960cc4a15ebf9dbc72ff21b2c21df0		1321735	1					
ANR	1322320	ExpressionStatement	_ae12bf78b21b4dec3c0d45ebaadde980 -> _65960cc4a15ebf9dbc72ff21b2c21df0 = NULL	159:8:8725:8800	1321735	1	True				
ANR	1322321	AssignmentExpression	_ae12bf78b21b4dec3c0d45ebaadde980 -> _65960cc4a15ebf9dbc72ff21b2c21df0 = NULL		1321735	0		=			
ANR	1322322	PtrMemberAccess	_ae12bf78b21b4dec3c0d45ebaadde980 -> _65960cc4a15ebf9dbc72ff21b2c21df0		1321735	0					
ANR	1322323	Identifier	_ae12bf78b21b4dec3c0d45ebaadde980		1321735	0					
ANR	1322324	Identifier	_65960cc4a15ebf9dbc72ff21b2c21df0		1321735	1					
ANR	1322325	Identifier	NULL		1321735	1					
ANR	1322326	IfStatement	if ( _ae12bf78b21b4dec3c0d45ebaadde980 -> _01bfc206b2459f45c412fc58b92ed914 )		1321735	15					
ANR	1322327	Condition	_ae12bf78b21b4dec3c0d45ebaadde980 -> _01bfc206b2459f45c412fc58b92ed914	161:8:8816:8883	1321735	0	True				
ANR	1322328	PtrMemberAccess	_ae12bf78b21b4dec3c0d45ebaadde980 -> _01bfc206b2459f45c412fc58b92ed914		1321735	0					
ANR	1322329	Identifier	_ae12bf78b21b4dec3c0d45ebaadde980		1321735	0					
ANR	1322330	Identifier	_01bfc206b2459f45c412fc58b92ed914		1321735	1					
ANR	1322331	CompoundStatement		83:4:4753:4753	1321735	1					
ANR	1322332	ExpressionStatement	fclose ( _ae12bf78b21b4dec3c0d45ebaadde980 -> _01bfc206b2459f45c412fc58b92ed914 )	163:8:8900:8977	1321735	0	True				
ANR	1322333	CallExpression	fclose ( _ae12bf78b21b4dec3c0d45ebaadde980 -> _01bfc206b2459f45c412fc58b92ed914 )		1321735	0					
ANR	1322334	Callee	fclose		1321735	0					
ANR	1322335	Identifier	fclose		1321735	0					
ANR	1322336	ArgumentList	_ae12bf78b21b4dec3c0d45ebaadde980 -> _01bfc206b2459f45c412fc58b92ed914		1321735	1					
ANR	1322337	Argument	_ae12bf78b21b4dec3c0d45ebaadde980 -> _01bfc206b2459f45c412fc58b92ed914		1321735	0					
ANR	1322338	PtrMemberAccess	_ae12bf78b21b4dec3c0d45ebaadde980 -> _01bfc206b2459f45c412fc58b92ed914		1321735	0					
ANR	1322339	Identifier	_ae12bf78b21b4dec3c0d45ebaadde980		1321735	0					
ANR	1322340	Identifier	_01bfc206b2459f45c412fc58b92ed914		1321735	1					
ANR	1322341	ExpressionStatement	_ae12bf78b21b4dec3c0d45ebaadde980 -> _01bfc206b2459f45c412fc58b92ed914 = NULL	164:8:8987:9062	1321735	1	True				
ANR	1322342	AssignmentExpression	_ae12bf78b21b4dec3c0d45ebaadde980 -> _01bfc206b2459f45c412fc58b92ed914 = NULL		1321735	0		=			
ANR	1322343	PtrMemberAccess	_ae12bf78b21b4dec3c0d45ebaadde980 -> _01bfc206b2459f45c412fc58b92ed914		1321735	0					
ANR	1322344	Identifier	_ae12bf78b21b4dec3c0d45ebaadde980		1321735	0					
ANR	1322345	Identifier	_01bfc206b2459f45c412fc58b92ed914		1321735	1					
ANR	1322346	Identifier	NULL		1321735	1					
ANR	1322347	ExpressionStatement	free ( _ae12bf78b21b4dec3c0d45ebaadde980 )	166:4:9074:9114	1321735	16	True				
ANR	1322348	CallExpression	free ( _ae12bf78b21b4dec3c0d45ebaadde980 )		1321735	0					
ANR	1322349	Callee	free		1321735	0					
ANR	1322350	Identifier	free		1321735	0					
ANR	1322351	ArgumentList	_ae12bf78b21b4dec3c0d45ebaadde980		1321735	1					
ANR	1322352	Argument	_ae12bf78b21b4dec3c0d45ebaadde980		1321735	0					
ANR	1322353	Identifier	_ae12bf78b21b4dec3c0d45ebaadde980		1321735	0					
ANR	1322354	ReturnType	void		1321735	1					
ANR	1322355	Identifier	_5e53992fdf4308d295a3ea8ad13f06f4		1321735	2					
ANR	1322356	ParameterList	_d2614cc2f411ff7d78f7549520faa351 * _ae12bf78b21b4dec3c0d45ebaadde980		1321735	3					
ANR	1322357	Parameter	_d2614cc2f411ff7d78f7549520faa351 * _ae12bf78b21b4dec3c0d45ebaadde980	79:40:4066:4133	1321735	0	True				
ANR	1322358	ParameterType	_d2614cc2f411ff7d78f7549520faa351 *		1321735	0					
ANR	1322359	Identifier	_ae12bf78b21b4dec3c0d45ebaadde980		1321735	1					
ANR	1322360	CFGEntryNode	ENTRY		1321735		True				
ANR	1322361	CFGExitNode	EXIT		1321735		True				
ANR	1322362	Symbol	_ae12bf78b21b4dec3c0d45ebaadde980 -> _1f0504d1cf22fb215660112a27c28054		1321735						
ANR	1322363	Symbol	* * * _78fb1ab7a5f785ff732ee4595c9d84b3		1321735						
ANR	1322364	Symbol	_ebba18af2454b48faf7ecf639c7e0fd8		1321735						
ANR	1322365	Symbol	& _773ca0154508d33413937e0c00d3f987		1321735						
ANR	1322366	Symbol	O_CREAT		1321735						
ANR	1322367	Symbol	_667bfced3edc86b803827b0cb8740266		1321735						
ANR	1322368	Symbol	_ae12bf78b21b4dec3c0d45ebaadde980 -> _01bfc206b2459f45c412fc58b92ed914		1321735						
ANR	1322369	Symbol	* _ae12bf78b21b4dec3c0d45ebaadde980		1321735						
ANR	1322370	Symbol	_3e4cd7ded2cfbb8857c0fc7d5fe571dc		1321735						
ANR	1322371	Symbol	_c65ffb19a2f79b0e6cf6c9da5c8f87c8		1321735						
ANR	1322372	Symbol	fgets		1321735						
ANR	1322373	Symbol	* * _ac31e50cc6b4e80a1a08feefef03f523		1321735						
ANR	1322374	Symbol	* _7ce86d44adc43669ad8aad1a3354b4fa		1321735						
ANR	1322375	Symbol	strlen		1321735						
ANR	1322376	Symbol	_7ce86d44adc43669ad8aad1a3354b4fa		1321735						
ANR	1322377	Symbol	_1155d79c193cc7d377886024058160e9		1321735						
ANR	1322378	Symbol	* _ac31e50cc6b4e80a1a08feefef03f523		1321735						
ANR	1322379	Symbol	& _e06584c0eb398e0c57f786dcfde604b6		1321735						
ANR	1322380	Symbol	_ae12bf78b21b4dec3c0d45ebaadde980		1321735						
ANR	1322381	Symbol	_ade4453faf91a77ac61a8f733c878340		1321735						
ANR	1322382	Symbol	_773ca0154508d33413937e0c00d3f987		1321735						
ANR	1322383	Symbol	* * i		1321735						
ANR	1322384	Symbol	* _ade4453faf91a77ac61a8f733c878340		1321735						
ANR	1322385	Symbol	NULL		1321735						
ANR	1322386	Symbol	_85c617d839e55b93eba7f24b7ac7b50f		1321735						
ANR	1322387	Symbol	_db655635e1b324552ae7dd09300fa3bb		1321735						
ANR	1322388	Symbol	_985257655752a80616e68b817451ffd9		1321735						
ANR	1322389	Symbol	_ae12bf78b21b4dec3c0d45ebaadde980 -> _5bb28c16112ed38d302d71a2a1bf4a50		1321735						
ANR	1322390	Symbol	& _d5dde46edd6ed741ffe4511ac98b4ece		1321735						
ANR	1322391	Symbol	_ac31e50cc6b4e80a1a08feefef03f523		1321735						
ANR	1322392	Symbol	_3cdc3f3dcb69a73474a208016319eed3		1321735						
ANR	1322393	Symbol	& _ade4453faf91a77ac61a8f733c878340		1321735						
ANR	1322394	Symbol	* _fe31011262a867130273705589dc7971		1321735						
ANR	1322395	Symbol	* * _da40226c231d1c26ed592658eb43324f		1321735						
ANR	1322396	Symbol	_fe31011262a867130273705589dc7971		1321735						
ANR	1322397	Symbol	* _4322455122a21e6536f495f7a23646ab		1321735						
ANR	1322398	Symbol	& _ac31e50cc6b4e80a1a08feefef03f523		1321735						
ANR	1322399	Symbol	* _3cdc3f3dcb69a73474a208016319eed3		1321735						
ANR	1322400	Symbol	* * _fe31011262a867130273705589dc7971		1321735						
ANR	1322401	Symbol	* _78fb1ab7a5f785ff732ee4595c9d84b3 [ 1 ] [ 4 ]		1321735						
ANR	1322402	Symbol	* * * _7ce86d44adc43669ad8aad1a3354b4fa		1321735						
ANR	1322403	Symbol	_4322455122a21e6536f495f7a23646ab		1321735						
ANR	1322404	Symbol	* * _7ce86d44adc43669ad8aad1a3354b4fa		1321735						
ANR	1322405	Symbol	popen		1321735						
ANR	1322406	Symbol	_da40226c231d1c26ed592658eb43324f		1321735						
ANR	1322407	Symbol	* _78fb1ab7a5f785ff732ee4595c9d84b3		1321735						
ANR	1322408	Symbol	i		1321735						
ANR	1322409	Symbol	j		1321735						
ANR	1322410	Symbol	_d5dde46edd6ed741ffe4511ac98b4ece		1321735						
ANR	1322411	Symbol	_ae12bf78b21b4dec3c0d45ebaadde980 -> _65960cc4a15ebf9dbc72ff21b2c21df0		1321735						
ANR	1322412	Symbol	_d2b1ecc886c6d449ca37226cc54e1f84		1321735						
ANR	1322413	Symbol	_e06584c0eb398e0c57f786dcfde604b6		1321735						
ANR	1322414	Symbol	* * _1155d79c193cc7d377886024058160e9		1321735						
ANR	1322415	Symbol	* * * _da40226c231d1c26ed592658eb43324f		1321735						
ANR	1322416	Symbol	_4bc58f9a1c7cd49e32e691db18c4472e		1321735						
ANR	1322417	Symbol	* i		1321735						
ANR	1322418	Symbol	* * _78fb1ab7a5f785ff732ee4595c9d84b3		1321735						
ANR	1322419	Symbol	* j		1321735						
ANR	1322420	Symbol	& _4322455122a21e6536f495f7a23646ab		1321735						
ANR	1322421	Symbol	& _85c617d839e55b93eba7f24b7ac7b50f		1321735						
ANR	1322422	Symbol	* _1155d79c193cc7d377886024058160e9		1321735						
ANR	1322423	Symbol	* _da40226c231d1c26ed592658eb43324f		1321735						
ANR	1322424	Symbol	O_WRONLY		1321735						
ANR	1322425	Symbol	* _e06584c0eb398e0c57f786dcfde604b6		1321735						
ANR	1322426	Symbol	open		1321735						
ANR	1322427	Symbol	_78fb1ab7a5f785ff732ee4595c9d84b3		1321735						
