start	end	type	var
1052100	1052101	IS_AST_PARENT	
1052100	1052102	IS_AST_PARENT	
1052099	1052100	IS_AST_PARENT	
1052098	1052099	IS_AST_PARENT	
1052104	1052105	IS_AST_PARENT	
1052104	1052106	IS_AST_PARENT	
1052103	1052104	IS_AST_PARENT	
1052098	1052103	IS_AST_PARENT	
1052108	1052109	IS_AST_PARENT	
1052108	1052110	IS_AST_PARENT	
1052107	1052108	IS_AST_PARENT	
1052098	1052107	IS_AST_PARENT	
1052113	1052114	IS_AST_PARENT	
1052113	1052115	IS_AST_PARENT	
1052112	1052113	IS_AST_PARENT	
1052112	1052116	IS_AST_PARENT	
1052111	1052112	IS_AST_PARENT	
1052098	1052111	IS_AST_PARENT	
1052119	1052120	IS_AST_PARENT	
1052119	1052121	IS_AST_PARENT	
1052118	1052119	IS_AST_PARENT	
1052118	1052122	IS_AST_PARENT	
1052117	1052118	IS_AST_PARENT	
1052098	1052117	IS_AST_PARENT	
1052124	1052125	IS_AST_PARENT	
1052124	1052126	IS_AST_PARENT	
1052123	1052124	IS_AST_PARENT	
1052098	1052123	IS_AST_PARENT	
1052129	1052130	IS_AST_PARENT	
1052129	1052131	IS_AST_PARENT	
1052128	1052129	IS_AST_PARENT	
1052127	1052128	IS_AST_PARENT	
1052133	1052134	IS_AST_PARENT	
1052133	1052135	IS_AST_PARENT	
1052132	1052133	IS_AST_PARENT	
1052127	1052132	IS_AST_PARENT	
1052136	1052137	IS_AST_PARENT	
1052136	1052138	IS_AST_PARENT	
1052127	1052136	IS_AST_PARENT	
1052144	1052145	IS_AST_PARENT	
1052144	1052146	IS_AST_PARENT	
1052143	1052144	IS_AST_PARENT	
1052143	1052147	IS_AST_PARENT	
1052142	1052143	IS_AST_PARENT	
1052149	1052150	IS_AST_PARENT	
1052151	1052152	IS_AST_PARENT	
1052151	1052153	IS_AST_PARENT	
1052149	1052151	IS_AST_PARENT	
1052148	1052149	IS_AST_PARENT	
1052148	1052154	IS_AST_PARENT	
1052142	1052148	IS_AST_PARENT	
1052141	1052142	IS_AST_PARENT	
1052140	1052141	IS_AST_PARENT	
1052156	1052157	IS_AST_PARENT	
1052156	1052158	IS_AST_PARENT	
1052155	1052156	IS_AST_PARENT	
1052140	1052155	IS_AST_PARENT	
1052139	1052140	IS_AST_PARENT	
1052160	1052161	IS_AST_PARENT	
1052160	1052162	IS_AST_PARENT	
1052159	1052160	IS_AST_PARENT	
1052139	1052159	IS_AST_PARENT	
1052127	1052139	IS_AST_PARENT	
1052098	1052127	IS_AST_PARENT	
1052166	1052167	IS_AST_PARENT	
1052166	1052168	IS_AST_PARENT	
1052165	1052166	IS_AST_PARENT	
1052170	1052171	IS_AST_PARENT	
1052172	1052173	IS_AST_PARENT	
1052172	1052174	IS_AST_PARENT	
1052170	1052172	IS_AST_PARENT	
1052169	1052170	IS_AST_PARENT	
1052169	1052175	IS_AST_PARENT	
1052165	1052169	IS_AST_PARENT	
1052164	1052165	IS_AST_PARENT	
1052163	1052164	IS_AST_PARENT	
1052177	1052178	IS_AST_PARENT	
1052177	1052179	IS_AST_PARENT	
1052176	1052177	IS_AST_PARENT	
1052163	1052176	IS_AST_PARENT	
1052098	1052163	IS_AST_PARENT	
1052182	1052183	IS_AST_PARENT	
1052182	1052184	IS_AST_PARENT	
1052181	1052182	IS_AST_PARENT	
1052180	1052181	IS_AST_PARENT	
1052185	1052186	IS_AST_PARENT	
1052180	1052185	IS_AST_PARENT	
1052098	1052180	IS_AST_PARENT	
1052189	1052190	IS_AST_PARENT	
1052189	1052191	IS_AST_PARENT	
1052188	1052189	IS_AST_PARENT	
1052192	1052193	IS_AST_PARENT	
1052194	1052195	IS_AST_PARENT	
1052196	1052197	IS_AST_PARENT	
1052199	1052200	IS_AST_PARENT	
1052198	1052199	IS_AST_PARENT	
1052198	1052201	IS_AST_PARENT	
1052198	1052202	IS_AST_PARENT	
1052196	1052198	IS_AST_PARENT	
1052194	1052196	IS_AST_PARENT	
1052192	1052194	IS_AST_PARENT	
1052188	1052192	IS_AST_PARENT	
1052187	1052188	IS_AST_PARENT	
1052098	1052187	IS_AST_PARENT	
1052205	1052206	IS_AST_PARENT	
1052205	1052207	IS_AST_PARENT	
1052208	1052209	IS_AST_PARENT	
1052208	1052210	IS_AST_PARENT	
1052205	1052208	IS_AST_PARENT	
1052204	1052205	IS_AST_PARENT	
1052203	1052204	IS_AST_PARENT	
1052212	1052213	IS_AST_PARENT	
1052212	1052214	IS_AST_PARENT	
1052215	1052216	IS_AST_PARENT	
1052215	1052217	IS_AST_PARENT	
1052212	1052215	IS_AST_PARENT	
1052211	1052212	IS_AST_PARENT	
1052203	1052211	IS_AST_PARENT	
1052219	1052220	IS_AST_PARENT	
1052219	1052221	IS_AST_PARENT	
1052222	1052223	IS_AST_PARENT	
1052224	1052225	IS_AST_PARENT	
1052224	1052226	IS_AST_PARENT	
1052222	1052224	IS_AST_PARENT	
1052219	1052222	IS_AST_PARENT	
1052218	1052219	IS_AST_PARENT	
1052203	1052218	IS_AST_PARENT	
1052228	1052229	IS_AST_PARENT	
1052228	1052230	IS_AST_PARENT	
1052231	1052232	IS_AST_PARENT	
1052233	1052234	IS_AST_PARENT	
1052233	1052235	IS_AST_PARENT	
1052231	1052233	IS_AST_PARENT	
1052228	1052231	IS_AST_PARENT	
1052227	1052228	IS_AST_PARENT	
1052203	1052227	IS_AST_PARENT	
1052237	1052238	IS_AST_PARENT	
1052237	1052239	IS_AST_PARENT	
1052240	1052241	IS_AST_PARENT	
1052242	1052243	IS_AST_PARENT	
1052242	1052244	IS_AST_PARENT	
1052240	1052242	IS_AST_PARENT	
1052237	1052240	IS_AST_PARENT	
1052236	1052237	IS_AST_PARENT	
1052203	1052236	IS_AST_PARENT	
1052247	1052248	IS_AST_PARENT	
1052247	1052249	IS_AST_PARENT	
1052246	1052247	IS_AST_PARENT	
1052251	1052252	IS_AST_PARENT	
1052253	1052254	IS_AST_PARENT	
1052253	1052255	IS_AST_PARENT	
1052251	1052253	IS_AST_PARENT	
1052250	1052251	IS_AST_PARENT	
1052256	1052257	IS_AST_PARENT	
1052256	1052258	IS_AST_PARENT	
1052250	1052256	IS_AST_PARENT	
1052246	1052250	IS_AST_PARENT	
1052245	1052246	IS_AST_PARENT	
1052203	1052245	IS_AST_PARENT	
1052261	1052262	IS_AST_PARENT	
1052261	1052263	IS_AST_PARENT	
1052260	1052261	IS_AST_PARENT	
1052264	1052265	IS_AST_PARENT	
1052264	1052266	IS_AST_PARENT	
1052260	1052264	IS_AST_PARENT	
1052259	1052260	IS_AST_PARENT	
1052203	1052259	IS_AST_PARENT	
1052269	1052270	IS_AST_PARENT	
1052269	1052271	IS_AST_PARENT	
1052268	1052269	IS_AST_PARENT	
1052273	1052274	IS_AST_PARENT	
1052275	1052276	IS_AST_PARENT	
1052275	1052277	IS_AST_PARENT	
1052273	1052275	IS_AST_PARENT	
1052272	1052273	IS_AST_PARENT	
1052278	1052279	IS_AST_PARENT	
1052278	1052280	IS_AST_PARENT	
1052272	1052278	IS_AST_PARENT	
1052268	1052272	IS_AST_PARENT	
1052267	1052268	IS_AST_PARENT	
1052203	1052267	IS_AST_PARENT	
1052283	1052284	IS_AST_PARENT	
1052283	1052285	IS_AST_PARENT	
1052282	1052283	IS_AST_PARENT	
1052286	1052287	IS_AST_PARENT	
1052286	1052288	IS_AST_PARENT	
1052282	1052286	IS_AST_PARENT	
1052281	1052282	IS_AST_PARENT	
1052203	1052281	IS_AST_PARENT	
1052098	1052203	IS_AST_PARENT	
1052291	1052292	IS_AST_PARENT	
1052291	1052293	IS_AST_PARENT	
1052290	1052291	IS_AST_PARENT	
1052295	1052296	IS_AST_PARENT	
1052294	1052295	IS_AST_PARENT	
1052299	1052300	IS_AST_PARENT	
1052299	1052301	IS_AST_PARENT	
1052298	1052299	IS_AST_PARENT	
1052297	1052298	IS_AST_PARENT	
1052294	1052297	IS_AST_PARENT	
1052290	1052294	IS_AST_PARENT	
1052289	1052290	IS_AST_PARENT	
1052098	1052289	IS_AST_PARENT	
1052098	1052302	IS_AST_PARENT	
1052098	1052303	IS_AST_PARENT	
1052098	1052304	IS_AST_PARENT	
1052098	1052305	IS_AST_PARENT	
1052098	1052306	IS_AST_PARENT	
1052098	1052307	IS_AST_PARENT	
1052098	1052308	IS_AST_PARENT	
1052098	1052309	IS_AST_PARENT	
1052098	1052310	IS_AST_PARENT	
1052098	1052311	IS_AST_PARENT	
1052098	1052312	IS_AST_PARENT	
1052314	1052315	IS_AST_PARENT	
1052314	1052316	IS_AST_PARENT	
1052313	1052314	IS_AST_PARENT	
1052317	1052318	IS_AST_PARENT	
1052317	1052319	IS_AST_PARENT	
1052313	1052317	IS_AST_PARENT	
1052098	1052313	IS_AST_PARENT	
1052321	1052322	IS_AST_PARENT	
1052321	1052323	IS_AST_PARENT	
1052324	1052325	IS_AST_PARENT	
1052326	1052327	IS_AST_PARENT	
1052326	1052328	IS_AST_PARENT	
1052324	1052326	IS_AST_PARENT	
1052321	1052324	IS_AST_PARENT	
1052320	1052321	IS_AST_PARENT	
1052098	1052320	IS_AST_PARENT	
1052331	1052332	IS_AST_PARENT	
1052330	1052331	IS_AST_PARENT	
1052334	1052335	IS_AST_PARENT	
1052333	1052334	IS_AST_PARENT	
1052337	1052338	IS_AST_PARENT	
1052337	1052339	IS_AST_PARENT	
1052336	1052337	IS_AST_PARENT	
1052333	1052336	IS_AST_PARENT	
1052330	1052333	IS_AST_PARENT	
1052329	1052330	IS_AST_PARENT	
1052098	1052329	IS_AST_PARENT	
1052341	1052342	IS_AST_PARENT	
1052341	1052343	IS_AST_PARENT	
1052340	1052341	IS_AST_PARENT	
1052098	1052340	IS_AST_PARENT	
1052346	1052347	IS_AST_PARENT	
1052346	1052348	IS_AST_PARENT	
1052345	1052346	IS_AST_PARENT	
1052345	1052349	IS_AST_PARENT	
1052344	1052345	IS_AST_PARENT	
1052098	1052344	IS_AST_PARENT	
1052352	1052353	IS_AST_PARENT	
1052352	1052354	IS_AST_PARENT	
1052351	1052352	IS_AST_PARENT	
1052351	1052355	IS_AST_PARENT	
1052350	1052351	IS_AST_PARENT	
1052098	1052350	IS_AST_PARENT	
1052358	1052359	IS_AST_PARENT	
1052358	1052360	IS_AST_PARENT	
1052357	1052358	IS_AST_PARENT	
1052357	1052361	IS_AST_PARENT	
1052356	1052357	IS_AST_PARENT	
1052098	1052356	IS_AST_PARENT	
1052365	1052366	IS_AST_PARENT	
1052365	1052367	IS_AST_PARENT	
1052364	1052365	IS_AST_PARENT	
1052364	1052368	IS_AST_PARENT	
1052363	1052364	IS_AST_PARENT	
1052363	1052369	IS_AST_PARENT	
1052362	1052363	IS_AST_PARENT	
1052098	1052362	IS_AST_PARENT	
1052373	1052374	IS_AST_PARENT	
1052373	1052375	IS_AST_PARENT	
1052372	1052373	IS_AST_PARENT	
1052372	1052376	IS_AST_PARENT	
1052371	1052372	IS_AST_PARENT	
1052371	1052377	IS_AST_PARENT	
1052370	1052371	IS_AST_PARENT	
1052098	1052370	IS_AST_PARENT	
1052380	1052381	IS_AST_PARENT	
1052379	1052380	IS_AST_PARENT	
1052383	1052384	IS_AST_PARENT	
1052382	1052383	IS_AST_PARENT	
1052385	1052386	IS_AST_PARENT	
1052382	1052385	IS_AST_PARENT	
1052388	1052389	IS_AST_PARENT	
1052388	1052390	IS_AST_PARENT	
1052387	1052388	IS_AST_PARENT	
1052382	1052387	IS_AST_PARENT	
1052379	1052382	IS_AST_PARENT	
1052378	1052379	IS_AST_PARENT	
1052098	1052378	IS_AST_PARENT	
1052392	1052393	IS_AST_PARENT	
1052392	1052394	IS_AST_PARENT	
1052395	1052396	IS_AST_PARENT	
1052398	1052399	IS_AST_PARENT	
1052397	1052398	IS_AST_PARENT	
1052401	1052402	IS_AST_PARENT	
1052400	1052401	IS_AST_PARENT	
1052403	1052404	IS_AST_PARENT	
1052400	1052403	IS_AST_PARENT	
1052397	1052400	IS_AST_PARENT	
1052395	1052397	IS_AST_PARENT	
1052392	1052395	IS_AST_PARENT	
1052391	1052392	IS_AST_PARENT	
1052098	1052391	IS_AST_PARENT	
1052406	1052407	IS_AST_PARENT	
1052405	1052406	IS_AST_PARENT	
1052410	1052411	IS_AST_PARENT	
1052410	1052412	IS_AST_PARENT	
1052409	1052410	IS_AST_PARENT	
1052408	1052409	IS_AST_PARENT	
1052414	1052415	IS_AST_PARENT	
1052414	1052416	IS_AST_PARENT	
1052413	1052414	IS_AST_PARENT	
1052408	1052413	IS_AST_PARENT	
1052419	1052420	IS_AST_PARENT	
1052421	1052422	IS_AST_PARENT	
1052421	1052423	IS_AST_PARENT	
1052419	1052421	IS_AST_PARENT	
1052418	1052419	IS_AST_PARENT	
1052417	1052418	IS_AST_PARENT	
1052424	1052425	IS_AST_PARENT	
1052417	1052424	IS_AST_PARENT	
1052408	1052417	IS_AST_PARENT	
1052429	1052430	IS_AST_PARENT	
1052429	1052431	IS_AST_PARENT	
1052428	1052429	IS_AST_PARENT	
1052428	1052432	IS_AST_PARENT	
1052427	1052428	IS_AST_PARENT	
1052427	1052433	IS_AST_PARENT	
1052426	1052427	IS_AST_PARENT	
1052408	1052426	IS_AST_PARENT	
1052436	1052437	IS_AST_PARENT	
1052435	1052436	IS_AST_PARENT	
1052439	1052440	IS_AST_PARENT	
1052438	1052439	IS_AST_PARENT	
1052441	1052442	IS_AST_PARENT	
1052438	1052441	IS_AST_PARENT	
1052444	1052445	IS_AST_PARENT	
1052444	1052446	IS_AST_PARENT	
1052443	1052444	IS_AST_PARENT	
1052438	1052443	IS_AST_PARENT	
1052435	1052438	IS_AST_PARENT	
1052434	1052435	IS_AST_PARENT	
1052408	1052434	IS_AST_PARENT	
1052448	1052449	IS_AST_PARENT	
1052451	1052452	IS_AST_PARENT	
1052450	1052451	IS_AST_PARENT	
1052454	1052455	IS_AST_PARENT	
1052453	1052454	IS_AST_PARENT	
1052457	1052458	IS_AST_PARENT	
1052457	1052459	IS_AST_PARENT	
1052456	1052457	IS_AST_PARENT	
1052453	1052456	IS_AST_PARENT	
1052460	1052461	IS_AST_PARENT	
1052453	1052460	IS_AST_PARENT	
1052450	1052453	IS_AST_PARENT	
1052448	1052450	IS_AST_PARENT	
1052447	1052448	IS_AST_PARENT	
1052408	1052447	IS_AST_PARENT	
1052465	1052466	IS_AST_PARENT	
1052465	1052467	IS_AST_PARENT	
1052464	1052465	IS_AST_PARENT	
1052464	1052468	IS_AST_PARENT	
1052463	1052464	IS_AST_PARENT	
1052463	1052469	IS_AST_PARENT	
1052462	1052463	IS_AST_PARENT	
1052408	1052462	IS_AST_PARENT	
1052472	1052473	IS_AST_PARENT	
1052471	1052472	IS_AST_PARENT	
1052475	1052476	IS_AST_PARENT	
1052474	1052475	IS_AST_PARENT	
1052477	1052478	IS_AST_PARENT	
1052474	1052477	IS_AST_PARENT	
1052480	1052481	IS_AST_PARENT	
1052480	1052482	IS_AST_PARENT	
1052479	1052480	IS_AST_PARENT	
1052474	1052479	IS_AST_PARENT	
1052471	1052474	IS_AST_PARENT	
1052470	1052471	IS_AST_PARENT	
1052408	1052470	IS_AST_PARENT	
1052485	1052486	IS_AST_PARENT	
1052485	1052487	IS_AST_PARENT	
1052484	1052485	IS_AST_PARENT	
1052483	1052484	IS_AST_PARENT	
1052490	1052491	IS_AST_PARENT	
1052490	1052492	IS_AST_PARENT	
1052489	1052490	IS_AST_PARENT	
1052488	1052489	IS_AST_PARENT	
1052483	1052488	IS_AST_PARENT	
1052408	1052483	IS_AST_PARENT	
1052494	1052495	IS_AST_PARENT	
1052494	1052496	IS_AST_PARENT	
1052493	1052494	IS_AST_PARENT	
1052408	1052493	IS_AST_PARENT	
1052499	1052500	IS_AST_PARENT	
1052501	1052502	IS_AST_PARENT	
1052501	1052503	IS_AST_PARENT	
1052499	1052501	IS_AST_PARENT	
1052498	1052499	IS_AST_PARENT	
1052497	1052498	IS_AST_PARENT	
1052506	1052507	IS_AST_PARENT	
1052506	1052508	IS_AST_PARENT	
1052505	1052506	IS_AST_PARENT	
1052504	1052505	IS_AST_PARENT	
1052510	1052511	IS_AST_PARENT	
1052512	1052513	IS_AST_PARENT	
1052512	1052514	IS_AST_PARENT	
1052510	1052512	IS_AST_PARENT	
1052509	1052510	IS_AST_PARENT	
1052504	1052509	IS_AST_PARENT	
1052497	1052504	IS_AST_PARENT	
1052519	1052520	IS_AST_PARENT	
1052518	1052519	IS_AST_PARENT	
1052522	1052523	IS_AST_PARENT	
1052521	1052522	IS_AST_PARENT	
1052525	1052526	IS_AST_PARENT	
1052525	1052527	IS_AST_PARENT	
1052524	1052525	IS_AST_PARENT	
1052521	1052524	IS_AST_PARENT	
1052528	1052529	IS_AST_PARENT	
1052521	1052528	IS_AST_PARENT	
1052518	1052521	IS_AST_PARENT	
1052517	1052518	IS_AST_PARENT	
1052516	1052517	IS_AST_PARENT	
1052515	1052516	IS_AST_PARENT	
1052497	1052515	IS_AST_PARENT	
1052408	1052497	IS_AST_PARENT	
1052532	1052533	IS_AST_PARENT	
1052531	1052532	IS_AST_PARENT	
1052536	1052537	IS_AST_PARENT	
1052538	1052539	IS_AST_PARENT	
1052538	1052540	IS_AST_PARENT	
1052536	1052538	IS_AST_PARENT	
1052535	1052536	IS_AST_PARENT	
1052534	1052535	IS_AST_PARENT	
1052542	1052543	IS_AST_PARENT	
1052542	1052544	IS_AST_PARENT	
1052541	1052542	IS_AST_PARENT	
1052534	1052541	IS_AST_PARENT	
1052545	1052546	IS_AST_PARENT	
1052534	1052545	IS_AST_PARENT	
1052547	1052548	IS_AST_PARENT	
1052534	1052547	IS_AST_PARENT	
1052531	1052534	IS_AST_PARENT	
1052530	1052531	IS_AST_PARENT	
1052408	1052530	IS_AST_PARENT	
1052405	1052408	IS_AST_PARENT	
1052098	1052405	IS_AST_PARENT	
1052551	1052552	IS_AST_PARENT	
1052550	1052551	IS_AST_PARENT	
1052554	1052555	IS_AST_PARENT	
1052553	1052554	IS_AST_PARENT	
1052556	1052557	IS_AST_PARENT	
1052553	1052556	IS_AST_PARENT	
1052559	1052560	IS_AST_PARENT	
1052559	1052561	IS_AST_PARENT	
1052558	1052559	IS_AST_PARENT	
1052553	1052558	IS_AST_PARENT	
1052550	1052553	IS_AST_PARENT	
1052549	1052550	IS_AST_PARENT	
1052098	1052549	IS_AST_PARENT	
1052564	1052565	IS_AST_PARENT	
1052563	1052564	IS_AST_PARENT	
1052567	1052568	IS_AST_PARENT	
1052566	1052567	IS_AST_PARENT	
1052563	1052566	IS_AST_PARENT	
1052562	1052563	IS_AST_PARENT	
1052098	1052562	IS_AST_PARENT	
1052570	1052571	IS_AST_PARENT	
1052570	1052572	IS_AST_PARENT	
1052570	1052573	IS_AST_PARENT	
1052569	1052570	IS_AST_PARENT	
1052098	1052569	IS_AST_PARENT	
1052575	1052576	IS_AST_PARENT	
1052575	1052577	IS_AST_PARENT	
1052578	1052579	IS_AST_PARENT	
1052581	1052582	IS_AST_PARENT	
1052580	1052581	IS_AST_PARENT	
1052584	1052585	IS_AST_PARENT	
1052583	1052584	IS_AST_PARENT	
1052586	1052587	IS_AST_PARENT	
1052583	1052586	IS_AST_PARENT	
1052580	1052583	IS_AST_PARENT	
1052578	1052580	IS_AST_PARENT	
1052575	1052578	IS_AST_PARENT	
1052574	1052575	IS_AST_PARENT	
1052098	1052574	IS_AST_PARENT	
1052590	1052591	IS_AST_PARENT	
1052589	1052590	IS_AST_PARENT	
1052593	1052594	IS_AST_PARENT	
1052592	1052593	IS_AST_PARENT	
1052595	1052596	IS_AST_PARENT	
1052592	1052595	IS_AST_PARENT	
1052597	1052598	IS_AST_PARENT	
1052592	1052597	IS_AST_PARENT	
1052589	1052592	IS_AST_PARENT	
1052588	1052589	IS_AST_PARENT	
1052098	1052588	IS_AST_PARENT	
1052600	1052601	IS_AST_PARENT	
1052600	1052602	IS_AST_PARENT	
1052599	1052600	IS_AST_PARENT	
1052098	1052599	IS_AST_PARENT	
1052604	1052605	IS_AST_PARENT	
1052604	1052606	IS_AST_PARENT	
1052603	1052604	IS_AST_PARENT	
1052098	1052603	IS_AST_PARENT	
1052608	1052609	IS_AST_PARENT	
1052608	1052610	IS_AST_PARENT	
1052607	1052608	IS_AST_PARENT	
1052098	1052607	IS_AST_PARENT	
1052612	1052613	IS_AST_PARENT	
1052612	1052614	IS_AST_PARENT	
1052611	1052612	IS_AST_PARENT	
1052615	1052616	IS_AST_PARENT	
1052615	1052617	IS_AST_PARENT	
1052611	1052615	IS_AST_PARENT	
1052098	1052611	IS_AST_PARENT	
1052619	1052620	IS_AST_PARENT	
1052619	1052621	IS_AST_PARENT	
1052622	1052623	IS_AST_PARENT	
1052622	1052624	IS_AST_PARENT	
1052619	1052622	IS_AST_PARENT	
1052618	1052619	IS_AST_PARENT	
1052098	1052618	IS_AST_PARENT	
1052626	1052627	IS_AST_PARENT	
1052629	1052630	IS_AST_PARENT	
1052628	1052629	IS_AST_PARENT	
1052633	1052634	IS_AST_PARENT	
1052633	1052635	IS_AST_PARENT	
1052632	1052633	IS_AST_PARENT	
1052631	1052632	IS_AST_PARENT	
1052628	1052631	IS_AST_PARENT	
1052626	1052628	IS_AST_PARENT	
1052625	1052626	IS_AST_PARENT	
1052098	1052625	IS_AST_PARENT	
1052639	1052640	IS_AST_PARENT	
1052639	1052641	IS_AST_PARENT	
1052638	1052639	IS_AST_PARENT	
1052638	1052642	IS_AST_PARENT	
1052637	1052638	IS_AST_PARENT	
1052636	1052637	IS_AST_PARENT	
1052644	1052645	IS_AST_PARENT	
1052646	1052647	IS_AST_PARENT	
1052648	1052649	IS_AST_PARENT	
1052648	1052650	IS_AST_PARENT	
1052646	1052648	IS_AST_PARENT	
1052644	1052646	IS_AST_PARENT	
1052643	1052644	IS_AST_PARENT	
1052636	1052643	IS_AST_PARENT	
1052653	1052654	IS_AST_PARENT	
1052657	1052658	IS_AST_PARENT	
1052657	1052659	IS_AST_PARENT	
1052656	1052657	IS_AST_PARENT	
1052656	1052660	IS_AST_PARENT	
1052655	1052656	IS_AST_PARENT	
1052655	1052661	IS_AST_PARENT	
1052653	1052655	IS_AST_PARENT	
1052652	1052653	IS_AST_PARENT	
1052651	1052652	IS_AST_PARENT	
1052636	1052651	IS_AST_PARENT	
1052098	1052636	IS_AST_PARENT	
1052663	1052664	IS_AST_PARENT	
1052666	1052667	IS_AST_PARENT	
1052665	1052666	IS_AST_PARENT	
1052672	1052673	IS_AST_PARENT	
1052672	1052674	IS_AST_PARENT	
1052671	1052672	IS_AST_PARENT	
1052671	1052675	IS_AST_PARENT	
1052670	1052671	IS_AST_PARENT	
1052670	1052676	IS_AST_PARENT	
1052669	1052670	IS_AST_PARENT	
1052668	1052669	IS_AST_PARENT	
1052665	1052668	IS_AST_PARENT	
1052663	1052665	IS_AST_PARENT	
1052662	1052663	IS_AST_PARENT	
1052098	1052662	IS_AST_PARENT	
1052679	1052680	IS_AST_PARENT	
1052679	1052681	IS_AST_PARENT	
1052678	1052679	IS_AST_PARENT	
1052678	1052682	IS_AST_PARENT	
1052677	1052678	IS_AST_PARENT	
1052098	1052677	IS_AST_PARENT	
1052686	1052687	IS_AST_PARENT	
1052686	1052688	IS_AST_PARENT	
1052685	1052686	IS_AST_PARENT	
1052689	1052690	IS_AST_PARENT	
1052689	1052691	IS_AST_PARENT	
1052685	1052689	IS_AST_PARENT	
1052684	1052685	IS_AST_PARENT	
1052683	1052684	IS_AST_PARENT	
1052693	1052694	IS_AST_PARENT	
1052695	1052696	IS_AST_PARENT	
1052695	1052697	IS_AST_PARENT	
1052693	1052695	IS_AST_PARENT	
1052692	1052693	IS_AST_PARENT	
1052683	1052692	IS_AST_PARENT	
1052699	1052700	IS_AST_PARENT	
1052699	1052701	IS_AST_PARENT	
1052698	1052699	IS_AST_PARENT	
1052702	1052703	IS_AST_PARENT	
1052702	1052704	IS_AST_PARENT	
1052698	1052702	IS_AST_PARENT	
1052683	1052698	IS_AST_PARENT	
1052708	1052709	IS_AST_PARENT	
1052708	1052710	IS_AST_PARENT	
1052707	1052708	IS_AST_PARENT	
1052711	1052712	IS_AST_PARENT	
1052714	1052715	IS_AST_PARENT	
1052714	1052716	IS_AST_PARENT	
1052713	1052714	IS_AST_PARENT	
1052713	1052717	IS_AST_PARENT	
1052711	1052713	IS_AST_PARENT	
1052707	1052711	IS_AST_PARENT	
1052706	1052707	IS_AST_PARENT	
1052705	1052706	IS_AST_PARENT	
1052720	1052721	IS_AST_PARENT	
1052722	1052723	IS_AST_PARENT	
1052722	1052724	IS_AST_PARENT	
1052720	1052722	IS_AST_PARENT	
1052719	1052720	IS_AST_PARENT	
1052725	1052726	IS_AST_PARENT	
1052730	1052731	IS_AST_PARENT	
1052730	1052732	IS_AST_PARENT	
1052729	1052730	IS_AST_PARENT	
1052729	1052733	IS_AST_PARENT	
1052728	1052729	IS_AST_PARENT	
1052728	1052734	IS_AST_PARENT	
1052727	1052728	IS_AST_PARENT	
1052736	1052737	IS_AST_PARENT	
1052738	1052739	IS_AST_PARENT	
1052738	1052740	IS_AST_PARENT	
1052736	1052738	IS_AST_PARENT	
1052735	1052736	IS_AST_PARENT	
1052735	1052741	IS_AST_PARENT	
1052727	1052735	IS_AST_PARENT	
1052725	1052727	IS_AST_PARENT	
1052719	1052725	IS_AST_PARENT	
1052718	1052719	IS_AST_PARENT	
1052705	1052718	IS_AST_PARENT	
1052744	1052745	IS_AST_PARENT	
1052746	1052747	IS_AST_PARENT	
1052746	1052748	IS_AST_PARENT	
1052744	1052746	IS_AST_PARENT	
1052743	1052744	IS_AST_PARENT	
1052749	1052750	IS_AST_PARENT	
1052754	1052755	IS_AST_PARENT	
1052756	1052757	IS_AST_PARENT	
1052756	1052758	IS_AST_PARENT	
1052754	1052756	IS_AST_PARENT	
1052753	1052754	IS_AST_PARENT	
1052753	1052759	IS_AST_PARENT	
1052752	1052753	IS_AST_PARENT	
1052752	1052760	IS_AST_PARENT	
1052751	1052752	IS_AST_PARENT	
1052762	1052763	IS_AST_PARENT	
1052764	1052765	IS_AST_PARENT	
1052764	1052766	IS_AST_PARENT	
1052762	1052764	IS_AST_PARENT	
1052761	1052762	IS_AST_PARENT	
1052761	1052767	IS_AST_PARENT	
1052751	1052761	IS_AST_PARENT	
1052749	1052751	IS_AST_PARENT	
1052743	1052749	IS_AST_PARENT	
1052742	1052743	IS_AST_PARENT	
1052705	1052742	IS_AST_PARENT	
1052770	1052771	IS_AST_PARENT	
1052772	1052773	IS_AST_PARENT	
1052772	1052774	IS_AST_PARENT	
1052770	1052772	IS_AST_PARENT	
1052769	1052770	IS_AST_PARENT	
1052775	1052776	IS_AST_PARENT	
1052778	1052779	IS_AST_PARENT	
1052780	1052781	IS_AST_PARENT	
1052780	1052782	IS_AST_PARENT	
1052778	1052780	IS_AST_PARENT	
1052777	1052778	IS_AST_PARENT	
1052777	1052783	IS_AST_PARENT	
1052775	1052777	IS_AST_PARENT	
1052769	1052775	IS_AST_PARENT	
1052768	1052769	IS_AST_PARENT	
1052705	1052768	IS_AST_PARENT	
1052683	1052705	IS_AST_PARENT	
1052098	1052683	IS_AST_PARENT	
1052786	1052787	IS_AST_PARENT	
1052786	1052788	IS_AST_PARENT	
1052785	1052786	IS_AST_PARENT	
1052784	1052785	IS_AST_PARENT	
1052789	1052790	IS_AST_PARENT	
1052793	1052794	IS_AST_PARENT	
1052795	1052796	IS_AST_PARENT	
1052795	1052797	IS_AST_PARENT	
1052793	1052795	IS_AST_PARENT	
1052792	1052793	IS_AST_PARENT	
1052792	1052798	IS_AST_PARENT	
1052791	1052792	IS_AST_PARENT	
1052789	1052791	IS_AST_PARENT	
1052801	1052802	IS_AST_PARENT	
1052803	1052804	IS_AST_PARENT	
1052803	1052805	IS_AST_PARENT	
1052801	1052803	IS_AST_PARENT	
1052800	1052801	IS_AST_PARENT	
1052800	1052806	IS_AST_PARENT	
1052799	1052800	IS_AST_PARENT	
1052789	1052799	IS_AST_PARENT	
1052789	1052807	IS_AST_PARENT	
1052789	1052808	IS_AST_PARENT	
1052811	1052812	IS_AST_PARENT	
1052813	1052814	IS_AST_PARENT	
1052813	1052815	IS_AST_PARENT	
1052811	1052813	IS_AST_PARENT	
1052810	1052811	IS_AST_PARENT	
1052810	1052816	IS_AST_PARENT	
1052809	1052810	IS_AST_PARENT	
1052789	1052809	IS_AST_PARENT	
1052789	1052817	IS_AST_PARENT	
1052784	1052789	IS_AST_PARENT	
1052098	1052784	IS_AST_PARENT	
1052819	1052820	IS_AST_PARENT	
1052819	1052821	IS_AST_PARENT	
1052818	1052819	IS_AST_PARENT	
1052098	1052818	IS_AST_PARENT	
1052823	1052824	IS_AST_PARENT	
1052823	1052825	IS_AST_PARENT	
1052822	1052823	IS_AST_PARENT	
1052098	1052822	IS_AST_PARENT	
1052827	1052828	IS_AST_PARENT	
1052827	1052829	IS_AST_PARENT	
1052830	1052831	IS_AST_PARENT	
1052830	1052832	IS_AST_PARENT	
1052827	1052830	IS_AST_PARENT	
1052826	1052827	IS_AST_PARENT	
1052098	1052826	IS_AST_PARENT	
1052834	1052835	IS_AST_PARENT	
1052834	1052836	IS_AST_PARENT	
1052834	1052837	IS_AST_PARENT	
1052833	1052834	IS_AST_PARENT	
1052098	1052833	IS_AST_PARENT	
1052839	1052840	IS_AST_PARENT	
1052839	1052841	IS_AST_PARENT	
1052842	1052843	IS_AST_PARENT	
1052842	1052844	IS_AST_PARENT	
1052839	1052842	IS_AST_PARENT	
1052838	1052839	IS_AST_PARENT	
1052098	1052838	IS_AST_PARENT	
1052846	1052847	IS_AST_PARENT	
1052846	1052848	IS_AST_PARENT	
1052846	1052849	IS_AST_PARENT	
1052845	1052846	IS_AST_PARENT	
1052850	1052851	IS_AST_PARENT	
1052850	1052852	IS_AST_PARENT	
1052850	1052853	IS_AST_PARENT	
1052845	1052850	IS_AST_PARENT	
1052098	1052845	IS_AST_PARENT	
1052855	1052856	IS_AST_PARENT	
1052855	1052857	IS_AST_PARENT	
1052855	1052858	IS_AST_PARENT	
1052854	1052855	IS_AST_PARENT	
1052098	1052854	IS_AST_PARENT	
1052098	1052859	IS_AST_PARENT	
1052861	1052862	IS_AST_PARENT	
1052861	1052863	IS_AST_PARENT	
1052861	1052864	IS_AST_PARENT	
1052860	1052861	IS_AST_PARENT	
1052098	1052860	IS_AST_PARENT	
1052867	1052868	IS_AST_PARENT	
1052866	1052867	IS_AST_PARENT	
1052870	1052871	IS_AST_PARENT	
1052869	1052870	IS_AST_PARENT	
1052872	1052873	IS_AST_PARENT	
1052869	1052872	IS_AST_PARENT	
1052874	1052875	IS_AST_PARENT	
1052869	1052874	IS_AST_PARENT	
1052866	1052869	IS_AST_PARENT	
1052865	1052866	IS_AST_PARENT	
1052098	1052865	IS_AST_PARENT	
1052878	1052879	IS_AST_PARENT	
1052877	1052878	IS_AST_PARENT	
1052881	1052882	IS_AST_PARENT	
1052880	1052881	IS_AST_PARENT	
1052883	1052884	IS_AST_PARENT	
1052880	1052883	IS_AST_PARENT	
1052885	1052886	IS_AST_PARENT	
1052880	1052885	IS_AST_PARENT	
1052877	1052880	IS_AST_PARENT	
1052876	1052877	IS_AST_PARENT	
1052098	1052876	IS_AST_PARENT	
1052889	1052890	IS_AST_PARENT	
1052888	1052889	IS_AST_PARENT	
1052892	1052893	IS_AST_PARENT	
1052891	1052892	IS_AST_PARENT	
1052894	1052895	IS_AST_PARENT	
1052891	1052894	IS_AST_PARENT	
1052896	1052897	IS_AST_PARENT	
1052891	1052896	IS_AST_PARENT	
1052888	1052891	IS_AST_PARENT	
1052887	1052888	IS_AST_PARENT	
1052098	1052887	IS_AST_PARENT	
1052899	1052900	IS_AST_PARENT	
1052899	1052901	IS_AST_PARENT	
1052899	1052902	IS_AST_PARENT	
1052903	1052904	IS_AST_PARENT	
1052903	1052905	IS_AST_PARENT	
1052899	1052903	IS_AST_PARENT	
1052898	1052899	IS_AST_PARENT	
1052098	1052898	IS_AST_PARENT	
1052908	1052909	IS_AST_PARENT	
1052907	1052908	IS_AST_PARENT	
1052911	1052912	IS_AST_PARENT	
1052910	1052911	IS_AST_PARENT	
1052913	1052914	IS_AST_PARENT	
1052910	1052913	IS_AST_PARENT	
1052907	1052910	IS_AST_PARENT	
1052906	1052907	IS_AST_PARENT	
1052098	1052906	IS_AST_PARENT	
1052917	1052918	IS_AST_PARENT	
1052916	1052917	IS_AST_PARENT	
1052920	1052921	IS_AST_PARENT	
1052919	1052920	IS_AST_PARENT	
1052922	1052923	IS_AST_PARENT	
1052919	1052922	IS_AST_PARENT	
1052916	1052919	IS_AST_PARENT	
1052915	1052916	IS_AST_PARENT	
1052098	1052915	IS_AST_PARENT	
1052926	1052927	IS_AST_PARENT	
1052926	1052928	IS_AST_PARENT	
1052925	1052926	IS_AST_PARENT	
1052924	1052925	IS_AST_PARENT	
1052932	1052933	IS_AST_PARENT	
1052932	1052934	IS_AST_PARENT	
1052931	1052932	IS_AST_PARENT	
1052931	1052935	IS_AST_PARENT	
1052930	1052931	IS_AST_PARENT	
1052937	1052938	IS_AST_PARENT	
1052937	1052939	IS_AST_PARENT	
1052936	1052937	IS_AST_PARENT	
1052936	1052940	IS_AST_PARENT	
1052930	1052936	IS_AST_PARENT	
1052929	1052930	IS_AST_PARENT	
1052924	1052929	IS_AST_PARENT	
1052941	1052942	IS_AST_PARENT	
1052941	1052943	IS_AST_PARENT	
1052924	1052941	IS_AST_PARENT	
1052924	1052944	IS_AST_PARENT	
1052098	1052924	IS_AST_PARENT	
1052948	1052949	IS_AST_PARENT	
1052950	1052951	IS_AST_PARENT	
1052950	1052952	IS_AST_PARENT	
1052948	1052950	IS_AST_PARENT	
1052947	1052948	IS_AST_PARENT	
1052954	1052955	IS_AST_PARENT	
1052953	1052954	IS_AST_PARENT	
1052957	1052958	IS_AST_PARENT	
1052956	1052957	IS_AST_PARENT	
1052953	1052956	IS_AST_PARENT	
1052947	1052953	IS_AST_PARENT	
1052946	1052947	IS_AST_PARENT	
1052945	1052946	IS_AST_PARENT	
1052962	1052963	IS_AST_PARENT	
1052961	1052962	IS_AST_PARENT	
1052965	1052966	IS_AST_PARENT	
1052964	1052965	IS_AST_PARENT	
1052967	1052968	IS_AST_PARENT	
1052964	1052967	IS_AST_PARENT	
1052961	1052964	IS_AST_PARENT	
1052960	1052961	IS_AST_PARENT	
1052959	1052960	IS_AST_PARENT	
1052945	1052959	IS_AST_PARENT	
1052973	1052974	IS_AST_PARENT	
1052972	1052973	IS_AST_PARENT	
1052976	1052977	IS_AST_PARENT	
1052975	1052976	IS_AST_PARENT	
1052978	1052979	IS_AST_PARENT	
1052975	1052978	IS_AST_PARENT	
1052972	1052975	IS_AST_PARENT	
1052971	1052972	IS_AST_PARENT	
1052970	1052971	IS_AST_PARENT	
1052969	1052970	IS_AST_PARENT	
1052945	1052969	IS_AST_PARENT	
1052098	1052945	IS_AST_PARENT	
1052982	1052983	IS_AST_PARENT	
1052982	1052984	IS_AST_PARENT	
1052981	1052982	IS_AST_PARENT	
1052981	1052985	IS_AST_PARENT	
1052980	1052981	IS_AST_PARENT	
1052098	1052980	IS_AST_PARENT	
1052988	1052989	IS_AST_PARENT	
1052987	1052988	IS_AST_PARENT	
1052991	1052992	IS_AST_PARENT	
1052990	1052991	IS_AST_PARENT	
1052993	1052994	IS_AST_PARENT	
1052990	1052993	IS_AST_PARENT	
1052987	1052990	IS_AST_PARENT	
1052986	1052987	IS_AST_PARENT	
1052098	1052986	IS_AST_PARENT	
1052996	1052997	IS_AST_PARENT	
1052999	1053000	IS_AST_PARENT	
1052998	1052999	IS_AST_PARENT	
1053002	1053003	IS_AST_PARENT	
1053001	1053002	IS_AST_PARENT	
1053004	1053005	IS_AST_PARENT	
1053001	1053004	IS_AST_PARENT	
1053006	1053007	IS_AST_PARENT	
1053001	1053006	IS_AST_PARENT	
1052998	1053001	IS_AST_PARENT	
1052996	1052998	IS_AST_PARENT	
1052995	1052996	IS_AST_PARENT	
1052098	1052995	IS_AST_PARENT	
1053009	1053010	IS_AST_PARENT	
1053012	1053013	IS_AST_PARENT	
1053011	1053012	IS_AST_PARENT	
1053015	1053016	IS_AST_PARENT	
1053014	1053015	IS_AST_PARENT	
1053011	1053014	IS_AST_PARENT	
1053009	1053011	IS_AST_PARENT	
1053008	1053009	IS_AST_PARENT	
1052098	1053008	IS_AST_PARENT	
1053019	1053020	IS_AST_PARENT	
1053018	1053019	IS_AST_PARENT	
1053023	1053024	IS_AST_PARENT	
1053023	1053025	IS_AST_PARENT	
1053022	1053023	IS_AST_PARENT	
1053021	1053022	IS_AST_PARENT	
1053027	1053028	IS_AST_PARENT	
1053027	1053029	IS_AST_PARENT	
1053026	1053027	IS_AST_PARENT	
1053021	1053026	IS_AST_PARENT	
1053018	1053021	IS_AST_PARENT	
1053017	1053018	IS_AST_PARENT	
1052098	1053017	IS_AST_PARENT	
1053032	1053033	IS_AST_PARENT	
1053032	1053034	IS_AST_PARENT	
1053031	1053032	IS_AST_PARENT	
1053031	1053035	IS_AST_PARENT	
1053030	1053031	IS_AST_PARENT	
1052098	1053030	IS_AST_PARENT	
1053039	1053040	IS_AST_PARENT	
1053039	1053041	IS_AST_PARENT	
1053038	1053039	IS_AST_PARENT	
1053038	1053042	IS_AST_PARENT	
1053037	1053038	IS_AST_PARENT	
1053043	1053044	IS_AST_PARENT	
1053045	1053046	IS_AST_PARENT	
1053048	1053049	IS_AST_PARENT	
1053048	1053050	IS_AST_PARENT	
1053047	1053048	IS_AST_PARENT	
1053047	1053051	IS_AST_PARENT	
1053045	1053047	IS_AST_PARENT	
1053043	1053045	IS_AST_PARENT	
1053037	1053043	IS_AST_PARENT	
1053036	1053037	IS_AST_PARENT	
1052098	1053036	IS_AST_PARENT	
1053054	1053055	IS_AST_PARENT	
1053054	1053056	IS_AST_PARENT	
1053053	1053054	IS_AST_PARENT	
1053058	1053059	IS_AST_PARENT	
1053057	1053058	IS_AST_PARENT	
1053061	1053062	IS_AST_PARENT	
1053060	1053061	IS_AST_PARENT	
1053057	1053060	IS_AST_PARENT	
1053053	1053057	IS_AST_PARENT	
1053052	1053053	IS_AST_PARENT	
1052098	1053052	IS_AST_PARENT	
1053065	1053066	IS_AST_PARENT	
1053064	1053065	IS_AST_PARENT	
1053068	1053069	IS_AST_PARENT	
1053067	1053068	IS_AST_PARENT	
1053070	1053071	IS_AST_PARENT	
1053067	1053070	IS_AST_PARENT	
1053072	1053073	IS_AST_PARENT	
1053067	1053072	IS_AST_PARENT	
1053064	1053067	IS_AST_PARENT	
1053063	1053064	IS_AST_PARENT	
1052098	1053063	IS_AST_PARENT	
1053076	1053077	IS_AST_PARENT	
1053075	1053076	IS_AST_PARENT	
1053079	1053080	IS_AST_PARENT	
1053078	1053079	IS_AST_PARENT	
1053081	1053082	IS_AST_PARENT	
1053078	1053081	IS_AST_PARENT	
1053075	1053078	IS_AST_PARENT	
1053074	1053075	IS_AST_PARENT	
1052098	1053074	IS_AST_PARENT	
1053085	1053086	IS_AST_PARENT	
1053084	1053085	IS_AST_PARENT	
1053088	1053089	IS_AST_PARENT	
1053087	1053088	IS_AST_PARENT	
1053090	1053091	IS_AST_PARENT	
1053087	1053090	IS_AST_PARENT	
1053084	1053087	IS_AST_PARENT	
1053083	1053084	IS_AST_PARENT	
1052098	1053083	IS_AST_PARENT	
1053094	1053095	IS_AST_PARENT	
1053093	1053094	IS_AST_PARENT	
1053097	1053098	IS_AST_PARENT	
1053096	1053097	IS_AST_PARENT	
1053099	1053100	IS_AST_PARENT	
1053096	1053099	IS_AST_PARENT	
1053093	1053096	IS_AST_PARENT	
1053092	1053093	IS_AST_PARENT	
1052098	1053092	IS_AST_PARENT	
1053103	1053104	IS_AST_PARENT	
1053102	1053103	IS_AST_PARENT	
1053106	1053107	IS_AST_PARENT	
1053105	1053106	IS_AST_PARENT	
1053108	1053109	IS_AST_PARENT	
1053105	1053108	IS_AST_PARENT	
1053102	1053105	IS_AST_PARENT	
1053101	1053102	IS_AST_PARENT	
1052098	1053101	IS_AST_PARENT	
1053112	1053113	IS_AST_PARENT	
1053111	1053112	IS_AST_PARENT	
1053115	1053116	IS_AST_PARENT	
1053114	1053115	IS_AST_PARENT	
1053117	1053118	IS_AST_PARENT	
1053114	1053117	IS_AST_PARENT	
1053111	1053114	IS_AST_PARENT	
1053110	1053111	IS_AST_PARENT	
1052098	1053110	IS_AST_PARENT	
1053121	1053122	IS_AST_PARENT	
1053120	1053121	IS_AST_PARENT	
1053124	1053125	IS_AST_PARENT	
1053123	1053124	IS_AST_PARENT	
1053126	1053127	IS_AST_PARENT	
1053123	1053126	IS_AST_PARENT	
1053120	1053123	IS_AST_PARENT	
1053119	1053120	IS_AST_PARENT	
1052098	1053119	IS_AST_PARENT	
1053130	1053131	IS_AST_PARENT	
1053129	1053130	IS_AST_PARENT	
1053133	1053134	IS_AST_PARENT	
1053132	1053133	IS_AST_PARENT	
1053135	1053136	IS_AST_PARENT	
1053132	1053135	IS_AST_PARENT	
1053129	1053132	IS_AST_PARENT	
1053128	1053129	IS_AST_PARENT	
1052098	1053128	IS_AST_PARENT	
1053139	1053140	IS_AST_PARENT	
1053138	1053139	IS_AST_PARENT	
1053142	1053143	IS_AST_PARENT	
1053141	1053142	IS_AST_PARENT	
1053145	1053146	IS_AST_PARENT	
1053147	1053148	IS_AST_PARENT	
1053147	1053149	IS_AST_PARENT	
1053145	1053147	IS_AST_PARENT	
1053144	1053145	IS_AST_PARENT	
1053141	1053144	IS_AST_PARENT	
1053151	1053152	IS_AST_PARENT	
1053153	1053154	IS_AST_PARENT	
1053153	1053155	IS_AST_PARENT	
1053151	1053153	IS_AST_PARENT	
1053150	1053151	IS_AST_PARENT	
1053141	1053150	IS_AST_PARENT	
1053138	1053141	IS_AST_PARENT	
1053137	1053138	IS_AST_PARENT	
1052098	1053137	IS_AST_PARENT	
1053158	1053159	IS_AST_PARENT	
1053157	1053158	IS_AST_PARENT	
1053161	1053162	IS_AST_PARENT	
1053160	1053161	IS_AST_PARENT	
1053163	1053164	IS_AST_PARENT	
1053160	1053163	IS_AST_PARENT	
1053167	1053168	IS_AST_PARENT	
1053166	1053167	IS_AST_PARENT	
1053170	1053171	IS_AST_PARENT	
1053169	1053170	IS_AST_PARENT	
1053166	1053169	IS_AST_PARENT	
1053165	1053166	IS_AST_PARENT	
1053160	1053165	IS_AST_PARENT	
1053172	1053173	IS_AST_PARENT	
1053160	1053172	IS_AST_PARENT	
1053157	1053160	IS_AST_PARENT	
1053156	1053157	IS_AST_PARENT	
1052098	1053156	IS_AST_PARENT	
1053176	1053177	IS_AST_PARENT	
1053175	1053176	IS_AST_PARENT	
1053179	1053180	IS_AST_PARENT	
1053178	1053179	IS_AST_PARENT	
1053175	1053178	IS_AST_PARENT	
1053174	1053175	IS_AST_PARENT	
1052098	1053174	IS_AST_PARENT	
1053181	1053182	IS_AST_PARENT	
1052098	1053181	IS_AST_PARENT	
1052098	1053183	IS_AST_PARENT	
1052098	1053184	IS_AST_PARENT	
1052098	1053185	IS_AST_PARENT	
1052098	1053186	IS_AST_PARENT	
1052098	1053187	IS_AST_PARENT	
1052098	1053188	IS_AST_PARENT	
1052098	1053189	IS_AST_PARENT	
1053192	1053193	IS_AST_PARENT	
1053194	1053195	IS_AST_PARENT	
1053194	1053196	IS_AST_PARENT	
1053192	1053194	IS_AST_PARENT	
1053191	1053192	IS_AST_PARENT	
1053190	1053191	IS_AST_PARENT	
1053197	1053198	IS_AST_PARENT	
1053190	1053197	IS_AST_PARENT	
1052098	1053190	IS_AST_PARENT	
1053200	1053201	IS_AST_PARENT	
1053202	1053203	IS_AST_PARENT	
1053202	1053204	IS_AST_PARENT	
1053200	1053202	IS_AST_PARENT	
1053199	1053200	IS_AST_PARENT	
1052098	1053199	IS_AST_PARENT	
1053207	1053208	IS_AST_PARENT	
1053206	1053207	IS_AST_PARENT	
1053210	1053211	IS_AST_PARENT	
1053209	1053210	IS_AST_PARENT	
1053212	1053213	IS_AST_PARENT	
1053209	1053212	IS_AST_PARENT	
1053214	1053215	IS_AST_PARENT	
1053209	1053214	IS_AST_PARENT	
1053206	1053209	IS_AST_PARENT	
1053205	1053206	IS_AST_PARENT	
1052098	1053205	IS_AST_PARENT	
1053218	1053219	IS_AST_PARENT	
1053217	1053218	IS_AST_PARENT	
1053221	1053222	IS_AST_PARENT	
1053220	1053221	IS_AST_PARENT	
1053223	1053224	IS_AST_PARENT	
1053220	1053223	IS_AST_PARENT	
1053217	1053220	IS_AST_PARENT	
1053216	1053217	IS_AST_PARENT	
1052098	1053216	IS_AST_PARENT	
1053227	1053228	IS_AST_PARENT	
1053226	1053227	IS_AST_PARENT	
1053230	1053231	IS_AST_PARENT	
1053229	1053230	IS_AST_PARENT	
1053232	1053233	IS_AST_PARENT	
1053229	1053232	IS_AST_PARENT	
1053226	1053229	IS_AST_PARENT	
1053225	1053226	IS_AST_PARENT	
1052098	1053225	IS_AST_PARENT	
1053235	1053236	IS_AST_PARENT	
1053234	1053235	IS_AST_PARENT	
1053240	1053241	IS_AST_PARENT	
1053239	1053240	IS_AST_PARENT	
1053243	1053244	IS_AST_PARENT	
1053242	1053243	IS_AST_PARENT	
1053245	1053246	IS_AST_PARENT	
1053242	1053245	IS_AST_PARENT	
1053239	1053242	IS_AST_PARENT	
1053238	1053239	IS_AST_PARENT	
1053237	1053238	IS_AST_PARENT	
1053234	1053237	IS_AST_PARENT	
1053251	1053252	IS_AST_PARENT	
1053250	1053251	IS_AST_PARENT	
1053254	1053255	IS_AST_PARENT	
1053253	1053254	IS_AST_PARENT	
1053256	1053257	IS_AST_PARENT	
1053253	1053256	IS_AST_PARENT	
1053250	1053253	IS_AST_PARENT	
1053249	1053250	IS_AST_PARENT	
1053248	1053249	IS_AST_PARENT	
1053247	1053248	IS_AST_PARENT	
1053234	1053247	IS_AST_PARENT	
1052098	1053234	IS_AST_PARENT	
1053260	1053261	IS_AST_PARENT	
1053259	1053260	IS_AST_PARENT	
1053263	1053264	IS_AST_PARENT	
1053262	1053263	IS_AST_PARENT	
1053265	1053266	IS_AST_PARENT	
1053262	1053265	IS_AST_PARENT	
1053259	1053262	IS_AST_PARENT	
1053258	1053259	IS_AST_PARENT	
1052098	1053258	IS_AST_PARENT	
1053268	1053269	IS_AST_PARENT	
1053267	1053268	IS_AST_PARENT	
1053273	1053274	IS_AST_PARENT	
1053272	1053273	IS_AST_PARENT	
1053276	1053277	IS_AST_PARENT	
1053275	1053276	IS_AST_PARENT	
1053278	1053279	IS_AST_PARENT	
1053275	1053278	IS_AST_PARENT	
1053272	1053275	IS_AST_PARENT	
1053271	1053272	IS_AST_PARENT	
1053270	1053271	IS_AST_PARENT	
1053267	1053270	IS_AST_PARENT	
1052098	1053267	IS_AST_PARENT	
1053284	1053285	IS_AST_PARENT	
1053283	1053284	IS_AST_PARENT	
1053287	1053288	IS_AST_PARENT	
1053286	1053287	IS_AST_PARENT	
1053289	1053290	IS_AST_PARENT	
1053286	1053289	IS_AST_PARENT	
1053283	1053286	IS_AST_PARENT	
1053282	1053283	IS_AST_PARENT	
1053282	1053291	IS_AST_PARENT	
1053281	1053282	IS_AST_PARENT	
1053280	1053281	IS_AST_PARENT	
1053293	1053294	IS_AST_PARENT	
1053293	1053295	IS_AST_PARENT	
1053292	1053293	IS_AST_PARENT	
1053280	1053292	IS_AST_PARENT	
1052098	1053280	IS_AST_PARENT	
1053297	1053298	IS_AST_PARENT	
1053297	1053299	IS_AST_PARENT	
1053296	1053297	IS_AST_PARENT	
1052098	1053296	IS_AST_PARENT	
1053302	1053303	IS_AST_PARENT	
1053302	1053304	IS_AST_PARENT	
1053301	1053302	IS_AST_PARENT	
1053300	1053301	IS_AST_PARENT	
1053309	1053310	IS_AST_PARENT	
1053309	1053311	IS_AST_PARENT	
1053308	1053309	IS_AST_PARENT	
1053308	1053312	IS_AST_PARENT	
1053307	1053308	IS_AST_PARENT	
1053306	1053307	IS_AST_PARENT	
1053313	1053314	IS_AST_PARENT	
1053306	1053313	IS_AST_PARENT	
1053305	1053306	IS_AST_PARENT	
1053316	1053317	IS_AST_PARENT	
1053316	1053318	IS_AST_PARENT	
1053315	1053316	IS_AST_PARENT	
1053305	1053315	IS_AST_PARENT	
1053321	1053322	IS_AST_PARENT	
1053321	1053323	IS_AST_PARENT	
1053320	1053321	IS_AST_PARENT	
1053319	1053320	IS_AST_PARENT	
1053326	1053327	IS_AST_PARENT	
1053326	1053328	IS_AST_PARENT	
1053325	1053326	IS_AST_PARENT	
1053330	1053331	IS_AST_PARENT	
1053330	1053332	IS_AST_PARENT	
1053329	1053330	IS_AST_PARENT	
1053329	1053333	IS_AST_PARENT	
1053325	1053329	IS_AST_PARENT	
1053324	1053325	IS_AST_PARENT	
1053319	1053324	IS_AST_PARENT	
1053334	1053335	IS_AST_PARENT	
1053334	1053336	IS_AST_PARENT	
1053319	1053334	IS_AST_PARENT	
1053342	1053343	IS_AST_PARENT	
1053342	1053344	IS_AST_PARENT	
1053341	1053342	IS_AST_PARENT	
1053341	1053345	IS_AST_PARENT	
1053340	1053341	IS_AST_PARENT	
1053347	1053348	IS_AST_PARENT	
1053349	1053350	IS_AST_PARENT	
1053349	1053351	IS_AST_PARENT	
1053347	1053349	IS_AST_PARENT	
1053346	1053347	IS_AST_PARENT	
1053346	1053352	IS_AST_PARENT	
1053340	1053346	IS_AST_PARENT	
1053339	1053340	IS_AST_PARENT	
1053338	1053339	IS_AST_PARENT	
1053354	1053355	IS_AST_PARENT	
1053354	1053356	IS_AST_PARENT	
1053353	1053354	IS_AST_PARENT	
1053338	1053353	IS_AST_PARENT	
1053337	1053338	IS_AST_PARENT	
1053358	1053359	IS_AST_PARENT	
1053358	1053360	IS_AST_PARENT	
1053357	1053358	IS_AST_PARENT	
1053337	1053357	IS_AST_PARENT	
1053319	1053337	IS_AST_PARENT	
1053305	1053319	IS_AST_PARENT	
1053363	1053364	IS_AST_PARENT	
1053363	1053365	IS_AST_PARENT	
1053362	1053363	IS_AST_PARENT	
1053361	1053362	IS_AST_PARENT	
1053366	1053367	IS_AST_PARENT	
1053361	1053366	IS_AST_PARENT	
1053305	1053361	IS_AST_PARENT	
1053370	1053371	IS_AST_PARENT	
1053372	1053373	IS_AST_PARENT	
1053372	1053374	IS_AST_PARENT	
1053370	1053372	IS_AST_PARENT	
1053369	1053370	IS_AST_PARENT	
1053375	1053376	IS_AST_PARENT	
1053375	1053377	IS_AST_PARENT	
1053369	1053375	IS_AST_PARENT	
1053368	1053369	IS_AST_PARENT	
1053305	1053368	IS_AST_PARENT	
1053380	1053381	IS_AST_PARENT	
1053380	1053382	IS_AST_PARENT	
1053379	1053380	IS_AST_PARENT	
1053378	1053379	IS_AST_PARENT	
1053385	1053386	IS_AST_PARENT	
1053385	1053387	IS_AST_PARENT	
1053384	1053385	IS_AST_PARENT	
1053389	1053390	IS_AST_PARENT	
1053389	1053391	IS_AST_PARENT	
1053388	1053389	IS_AST_PARENT	
1053388	1053392	IS_AST_PARENT	
1053384	1053388	IS_AST_PARENT	
1053383	1053384	IS_AST_PARENT	
1053378	1053383	IS_AST_PARENT	
1053393	1053394	IS_AST_PARENT	
1053393	1053395	IS_AST_PARENT	
1053378	1053393	IS_AST_PARENT	
1053401	1053402	IS_AST_PARENT	
1053401	1053403	IS_AST_PARENT	
1053400	1053401	IS_AST_PARENT	
1053400	1053404	IS_AST_PARENT	
1053399	1053400	IS_AST_PARENT	
1053406	1053407	IS_AST_PARENT	
1053408	1053409	IS_AST_PARENT	
1053408	1053410	IS_AST_PARENT	
1053406	1053408	IS_AST_PARENT	
1053405	1053406	IS_AST_PARENT	
1053405	1053411	IS_AST_PARENT	
1053399	1053405	IS_AST_PARENT	
1053398	1053399	IS_AST_PARENT	
1053397	1053398	IS_AST_PARENT	
1053413	1053414	IS_AST_PARENT	
1053413	1053415	IS_AST_PARENT	
1053412	1053413	IS_AST_PARENT	
1053397	1053412	IS_AST_PARENT	
1053396	1053397	IS_AST_PARENT	
1053418	1053419	IS_AST_PARENT	
1053420	1053421	IS_AST_PARENT	
1053420	1053422	IS_AST_PARENT	
1053418	1053420	IS_AST_PARENT	
1053417	1053418	IS_AST_PARENT	
1053423	1053424	IS_AST_PARENT	
1053423	1053425	IS_AST_PARENT	
1053417	1053423	IS_AST_PARENT	
1053416	1053417	IS_AST_PARENT	
1053396	1053416	IS_AST_PARENT	
1053378	1053396	IS_AST_PARENT	
1053305	1053378	IS_AST_PARENT	
1053428	1053429	IS_AST_PARENT	
1053430	1053431	IS_AST_PARENT	
1053430	1053432	IS_AST_PARENT	
1053428	1053430	IS_AST_PARENT	
1053427	1053428	IS_AST_PARENT	
1053426	1053427	IS_AST_PARENT	
1053426	1053433	IS_AST_PARENT	
1053305	1053426	IS_AST_PARENT	
1053435	1053436	IS_AST_PARENT	
1053437	1053438	IS_AST_PARENT	
1053437	1053439	IS_AST_PARENT	
1053435	1053437	IS_AST_PARENT	
1053434	1053435	IS_AST_PARENT	
1053305	1053434	IS_AST_PARENT	
1053300	1053305	IS_AST_PARENT	
1052098	1053300	IS_AST_PARENT	
1053442	1053443	IS_AST_PARENT	
1053444	1053445	IS_AST_PARENT	
1053444	1053446	IS_AST_PARENT	
1053442	1053444	IS_AST_PARENT	
1053441	1053442	IS_AST_PARENT	
1053441	1053447	IS_AST_PARENT	
1053440	1053441	IS_AST_PARENT	
1052098	1053440	IS_AST_PARENT	
1053450	1053451	IS_AST_PARENT	
1053449	1053450	IS_AST_PARENT	
1053453	1053454	IS_AST_PARENT	
1053452	1053453	IS_AST_PARENT	
1053455	1053456	IS_AST_PARENT	
1053452	1053455	IS_AST_PARENT	
1053449	1053452	IS_AST_PARENT	
1053448	1053449	IS_AST_PARENT	
1052098	1053448	IS_AST_PARENT	
1053459	1053460	IS_AST_PARENT	
1053458	1053459	IS_AST_PARENT	
1053462	1053463	IS_AST_PARENT	
1053461	1053462	IS_AST_PARENT	
1053464	1053465	IS_AST_PARENT	
1053461	1053464	IS_AST_PARENT	
1053458	1053461	IS_AST_PARENT	
1053457	1053458	IS_AST_PARENT	
1052098	1053457	IS_AST_PARENT	
1053467	1053468	IS_AST_PARENT	
1053466	1053467	IS_AST_PARENT	
1053471	1053472	IS_AST_PARENT	
1053471	1053473	IS_AST_PARENT	
1053470	1053471	IS_AST_PARENT	
1053469	1053470	IS_AST_PARENT	
1053476	1053477	IS_AST_PARENT	
1053475	1053476	IS_AST_PARENT	
1053479	1053480	IS_AST_PARENT	
1053478	1053479	IS_AST_PARENT	
1053481	1053482	IS_AST_PARENT	
1053478	1053481	IS_AST_PARENT	
1053483	1053484	IS_AST_PARENT	
1053478	1053483	IS_AST_PARENT	
1053475	1053478	IS_AST_PARENT	
1053474	1053475	IS_AST_PARENT	
1053469	1053474	IS_AST_PARENT	
1053486	1053487	IS_AST_PARENT	
1053486	1053488	IS_AST_PARENT	
1053485	1053486	IS_AST_PARENT	
1053469	1053485	IS_AST_PARENT	
1053491	1053492	IS_AST_PARENT	
1053490	1053491	IS_AST_PARENT	
1053494	1053495	IS_AST_PARENT	
1053493	1053494	IS_AST_PARENT	
1053496	1053497	IS_AST_PARENT	
1053493	1053496	IS_AST_PARENT	
1053490	1053493	IS_AST_PARENT	
1053489	1053490	IS_AST_PARENT	
1053469	1053489	IS_AST_PARENT	
1053500	1053501	IS_AST_PARENT	
1053499	1053500	IS_AST_PARENT	
1053503	1053504	IS_AST_PARENT	
1053502	1053503	IS_AST_PARENT	
1053505	1053506	IS_AST_PARENT	
1053502	1053505	IS_AST_PARENT	
1053499	1053502	IS_AST_PARENT	
1053498	1053499	IS_AST_PARENT	
1053469	1053498	IS_AST_PARENT	
1053466	1053469	IS_AST_PARENT	
1052098	1053466	IS_AST_PARENT	
1053507	1053508	IS_AST_PARENT	
1052098	1053507	IS_AST_PARENT	
1052097	1052098	IS_AST_PARENT	
1052097	1053509	IS_AST_PARENT	
1052097	1053510	IS_AST_PARENT	
1053512	1053513	IS_AST_PARENT	
1053512	1053514	IS_AST_PARENT	
1053511	1053512	IS_AST_PARENT	
1053515	1053516	IS_AST_PARENT	
1053515	1053517	IS_AST_PARENT	
1053511	1053515	IS_AST_PARENT	
1053518	1053519	IS_AST_PARENT	
1053518	1053520	IS_AST_PARENT	
1053511	1053518	IS_AST_PARENT	
1053521	1053522	IS_AST_PARENT	
1053521	1053523	IS_AST_PARENT	
1053511	1053521	IS_AST_PARENT	
1053524	1053525	IS_AST_PARENT	
1053524	1053526	IS_AST_PARENT	
1053511	1053524	IS_AST_PARENT	
1053527	1053528	IS_AST_PARENT	
1053527	1053529	IS_AST_PARENT	
1053511	1053527	IS_AST_PARENT	
1053530	1053531	IS_AST_PARENT	
1053530	1053532	IS_AST_PARENT	
1053511	1053530	IS_AST_PARENT	
1053533	1053534	IS_AST_PARENT	
1053533	1053535	IS_AST_PARENT	
1053511	1053533	IS_AST_PARENT	
1052097	1053511	IS_AST_PARENT	
1053536	1053512	FLOWS_TO	
1053512	1053515	FLOWS_TO	
1053515	1053518	FLOWS_TO	
1053518	1053521	FLOWS_TO	
1053521	1053524	FLOWS_TO	
1053524	1053527	FLOWS_TO	
1053527	1053530	FLOWS_TO	
1053530	1053533	FLOWS_TO	
1053533	1052099	FLOWS_TO	
1052099	1052103	FLOWS_TO	
1052103	1052107	FLOWS_TO	
1052107	1052111	FLOWS_TO	
1052111	1052117	FLOWS_TO	
1052117	1052123	FLOWS_TO	
1052123	1052128	FLOWS_TO	
1052132	1052141	FLOWS_TO	
1052132	1052164	FLOWS_TO	
1052128	1052132	FLOWS_TO	
1052136	1052132	FLOWS_TO	
1052141	1052155	FLOWS_TO	
1052141	1052159	FLOWS_TO	
1052155	1052159	FLOWS_TO	
1052159	1052136	FLOWS_TO	
1052164	1052176	FLOWS_TO	
1052164	1052181	FLOWS_TO	
1052176	1052181	FLOWS_TO	
1052181	1052185	FLOWS_TO	
1052181	1052187	FLOWS_TO	
1052185	1053537	FLOWS_TO	
1052187	1052204	FLOWS_TO	
1052204	1052211	FLOWS_TO	
1052211	1052218	FLOWS_TO	
1052218	1052227	FLOWS_TO	
1052227	1052236	FLOWS_TO	
1052236	1052245	FLOWS_TO	
1052245	1052259	FLOWS_TO	
1052259	1052267	FLOWS_TO	
1052267	1052281	FLOWS_TO	
1052281	1052289	FLOWS_TO	
1052289	1052302	FLOWS_TO	
1052302	1052303	FLOWS_TO	
1052303	1052304	FLOWS_TO	
1052304	1052305	FLOWS_TO	
1052305	1052306	FLOWS_TO	
1052306	1052307	FLOWS_TO	
1052307	1052308	FLOWS_TO	
1052308	1052309	FLOWS_TO	
1052309	1052310	FLOWS_TO	
1052310	1052311	FLOWS_TO	
1052311	1052312	FLOWS_TO	
1052312	1052313	FLOWS_TO	
1052313	1052320	FLOWS_TO	
1052320	1052329	FLOWS_TO	
1052329	1052340	FLOWS_TO	
1052340	1052344	FLOWS_TO	
1052344	1052350	FLOWS_TO	
1052350	1052356	FLOWS_TO	
1052356	1052362	FLOWS_TO	
1052362	1052370	FLOWS_TO	
1052370	1052378	FLOWS_TO	
1052378	1052391	FLOWS_TO	
1052391	1052406	FLOWS_TO	
1052406	1052409	FLOWS_TO	
1052406	1052549	FLOWS_TO	
1052409	1052413	FLOWS_TO	
1052413	1052418	FLOWS_TO	
1052418	1052424	FLOWS_TO	
1052418	1052426	FLOWS_TO	
1052424	1053181	FLOWS_TO	
1052426	1052434	FLOWS_TO	
1052434	1052447	FLOWS_TO	
1052447	1052462	FLOWS_TO	
1052462	1052470	FLOWS_TO	
1052470	1052484	FLOWS_TO	
1052484	1052489	FLOWS_TO	
1052484	1052493	FLOWS_TO	
1052489	1052493	FLOWS_TO	
1052493	1052498	FLOWS_TO	
1052498	1052505	FLOWS_TO	
1052498	1052517	FLOWS_TO	
1052505	1052509	FLOWS_TO	
1052509	1052530	FLOWS_TO	
1052517	1052530	FLOWS_TO	
1052530	1052406	FLOWS_TO	
1052549	1052562	FLOWS_TO	
1052562	1052569	FLOWS_TO	
1052569	1052574	FLOWS_TO	
1052574	1052588	FLOWS_TO	
1052588	1052599	FLOWS_TO	
1052599	1052603	FLOWS_TO	
1052603	1052607	FLOWS_TO	
1052607	1052611	FLOWS_TO	
1052611	1052618	FLOWS_TO	
1052618	1052625	FLOWS_TO	
1052625	1052637	FLOWS_TO	
1052637	1052643	FLOWS_TO	
1052637	1052652	FLOWS_TO	
1052643	1052662	FLOWS_TO	
1052652	1052662	FLOWS_TO	
1052662	1052677	FLOWS_TO	
1052677	1052684	FLOWS_TO	
1052692	1052706	FLOWS_TO	
1052692	1052785	FLOWS_TO	
1052684	1052692	FLOWS_TO	
1052698	1052692	FLOWS_TO	
1052706	1052718	FLOWS_TO	
1052718	1052742	FLOWS_TO	
1052742	1052768	FLOWS_TO	
1052768	1052698	FLOWS_TO	
1052785	1052790	FLOWS_TO	
1052785	1052808	FLOWS_TO	
1052785	1052818	FLOWS_TO	
1052790	1052791	FLOWS_TO	
1052791	1052799	FLOWS_TO	
1052799	1052807	FLOWS_TO	
1052807	1052818	FLOWS_TO	
1052808	1052809	FLOWS_TO	
1052809	1052817	FLOWS_TO	
1052817	1052818	FLOWS_TO	
1052818	1052822	FLOWS_TO	
1052822	1052826	FLOWS_TO	
1052826	1052833	FLOWS_TO	
1052833	1052838	FLOWS_TO	
1052838	1052845	FLOWS_TO	
1052845	1052854	FLOWS_TO	
1052854	1052859	FLOWS_TO	
1052859	1052860	FLOWS_TO	
1052860	1052865	FLOWS_TO	
1052865	1052876	FLOWS_TO	
1052876	1052887	FLOWS_TO	
1052887	1052898	FLOWS_TO	
1052898	1052906	FLOWS_TO	
1052906	1052915	FLOWS_TO	
1052915	1052925	FLOWS_TO	
1052929	1052944	FLOWS_TO	
1052929	1052946	FLOWS_TO	
1052925	1052929	FLOWS_TO	
1052941	1052929	FLOWS_TO	
1052944	1052941	FLOWS_TO	
1052946	1052960	FLOWS_TO	
1052946	1052971	FLOWS_TO	
1052960	1052980	FLOWS_TO	
1052971	1052980	FLOWS_TO	
1052980	1052986	FLOWS_TO	
1052986	1052995	FLOWS_TO	
1052995	1053008	FLOWS_TO	
1053008	1053017	FLOWS_TO	
1053017	1053030	FLOWS_TO	
1053030	1053036	FLOWS_TO	
1053036	1053052	FLOWS_TO	
1053052	1053063	FLOWS_TO	
1053063	1053074	FLOWS_TO	
1053074	1053083	FLOWS_TO	
1053083	1053092	FLOWS_TO	
1053092	1053101	FLOWS_TO	
1053101	1053110	FLOWS_TO	
1053110	1053119	FLOWS_TO	
1053119	1053128	FLOWS_TO	
1053128	1053137	FLOWS_TO	
1053137	1053156	FLOWS_TO	
1053156	1053174	FLOWS_TO	
1053174	1053181	FLOWS_TO	
1053181	1053183	FLOWS_TO	
1053183	1053184	FLOWS_TO	
1053184	1053185	FLOWS_TO	
1053185	1053186	FLOWS_TO	
1053186	1053187	FLOWS_TO	
1053187	1053188	FLOWS_TO	
1053188	1053189	FLOWS_TO	
1053189	1053191	FLOWS_TO	
1053191	1053197	FLOWS_TO	
1053191	1053199	FLOWS_TO	
1053197	1053537	FLOWS_TO	
1053199	1053205	FLOWS_TO	
1053205	1053216	FLOWS_TO	
1053216	1053225	FLOWS_TO	
1053225	1053235	FLOWS_TO	
1053235	1053238	FLOWS_TO	
1053235	1053249	FLOWS_TO	
1053238	1053258	FLOWS_TO	
1053249	1053258	FLOWS_TO	
1053258	1053268	FLOWS_TO	
1053268	1053271	FLOWS_TO	
1053268	1053281	FLOWS_TO	
1053271	1053281	FLOWS_TO	
1053281	1053292	FLOWS_TO	
1053281	1053296	FLOWS_TO	
1053292	1053296	FLOWS_TO	
1053296	1053301	FLOWS_TO	
1053301	1053307	FLOWS_TO	
1053301	1053440	FLOWS_TO	
1053307	1053313	FLOWS_TO	
1053307	1053315	FLOWS_TO	
1053313	1053537	FLOWS_TO	
1053315	1053320	FLOWS_TO	
1053324	1053339	FLOWS_TO	
1053324	1053362	FLOWS_TO	
1053320	1053324	FLOWS_TO	
1053334	1053324	FLOWS_TO	
1053339	1053353	FLOWS_TO	
1053339	1053357	FLOWS_TO	
1053353	1053357	FLOWS_TO	
1053357	1053334	FLOWS_TO	
1053362	1053366	FLOWS_TO	
1053362	1053368	FLOWS_TO	
1053366	1053537	FLOWS_TO	
1053368	1053379	FLOWS_TO	
1053383	1053398	FLOWS_TO	
1053383	1053427	FLOWS_TO	
1053379	1053383	FLOWS_TO	
1053393	1053383	FLOWS_TO	
1053398	1053412	FLOWS_TO	
1053398	1053416	FLOWS_TO	
1053412	1053416	FLOWS_TO	
1053416	1053393	FLOWS_TO	
1053427	1053433	FLOWS_TO	
1053427	1053434	FLOWS_TO	
1053433	1053440	FLOWS_TO	
1053434	1053301	FLOWS_TO	
1053440	1053448	FLOWS_TO	
1053448	1053457	FLOWS_TO	
1053457	1053467	FLOWS_TO	
1053467	1053470	FLOWS_TO	
1053467	1053507	FLOWS_TO	
1053470	1053474	FLOWS_TO	
1053474	1053485	FLOWS_TO	
1053485	1053489	FLOWS_TO	
1053489	1053498	FLOWS_TO	
1053498	1053507	FLOWS_TO	
1053507	1053537	FLOWS_TO	
1052574	1053538	DEF	
1052575	1053538	DEF	
1052578	1053538	DEF	
1052588	1053538	USE	
1052593	1053538	USE	
1052854	1053539	DEF	
1052855	1053539	DEF	
1053063	1053539	USE	
1053068	1053539	USE	
1053074	1053539	USE	
1053079	1053539	USE	
1053083	1053539	USE	
1053088	1053539	USE	
1053092	1053539	USE	
1053097	1053539	USE	
1053101	1053539	USE	
1053106	1053539	USE	
1053110	1053539	USE	
1053115	1053539	USE	
1053119	1053539	USE	
1053124	1053539	USE	
1053128	1053539	USE	
1053133	1053539	USE	
1053156	1053539	USE	
1053163	1053539	USE	
1053170	1053539	USE	
1052350	1053540	USE	
1052351	1053540	USE	
1053052	1053541	USE	
1053053	1053541	USE	
1052378	1053542	USE	
1052385	1053542	USE	
1052434	1053542	USE	
1052441	1053542	USE	
1052470	1053542	USE	
1052477	1053542	USE	
1052549	1053542	USE	
1052556	1053542	USE	
1053518	1053543	DEF	
1053448	1053543	USE	
1053455	1053543	USE	
1052141	1053544	USE	
1053339	1053544	USE	
1053398	1053544	USE	
1052103	1053545	DEF	
1052104	1053545	DEF	
1053199	1053545	DEF	
1053200	1053545	DEF	
1053205	1053545	USE	
1053210	1053545	USE	
1053216	1053545	USE	
1053221	1053545	USE	
1053225	1053545	USE	
1053230	1053545	USE	
1053238	1053545	USE	
1053243	1053545	USE	
1053249	1053545	USE	
1053254	1053545	USE	
1053258	1053545	USE	
1053263	1053545	USE	
1053271	1053545	USE	
1053276	1053545	USE	
1053296	1053545	USE	
1053297	1053545	USE	
1053296	1053545	DEF	
1053297	1053545	DEF	
1053368	1053545	USE	
1053372	1053545	USE	
1053368	1053545	DEF	
1053372	1053545	DEF	
1053416	1053545	DEF	
1053420	1053545	DEF	
1053416	1053545	USE	
1053420	1053545	USE	
1053440	1053545	DEF	
1053444	1053545	DEF	
1053440	1053545	USE	
1053444	1053545	USE	
1053448	1053545	USE	
1053453	1053545	USE	
1053457	1053545	USE	
1053462	1053545	USE	
1053470	1053545	DEF	
1053471	1053545	DEF	
1053470	1053545	USE	
1053471	1053545	USE	
1053474	1053545	USE	
1053479	1053545	USE	
1053485	1053545	USE	
1053486	1053545	USE	
1053485	1053545	DEF	
1053486	1053545	DEF	
1053489	1053545	USE	
1053494	1053545	USE	
1053498	1053545	USE	
1053503	1053545	USE	
1052236	1053546	DEF	
1052240	1053546	DEF	
1052237	1053546	DEF	
1052259	1053546	USE	
1052261	1053546	USE	
1052281	1053546	USE	
1052286	1053546	USE	
1052283	1053546	USE	
1052187	1053547	USE	
1052188	1053547	USE	
1053474	1053547	USE	
1053483	1053547	USE	
1052493	1053548	DEF	
1052494	1053548	DEF	
1052505	1053548	DEF	
1052506	1053548	DEF	
1052845	1053549	DEF	
1052850	1053549	DEF	
1052887	1053549	USE	
1052892	1053549	USE	
1052960	1053549	USE	
1052965	1053549	USE	
1052971	1053549	USE	
1052976	1053549	USE	
1053083	1053549	USE	
1053090	1053549	USE	
1052611	1053550	DEF	
1052612	1053550	DEF	
1052692	1053550	USE	
1052684	1053550	DEF	
1052686	1053550	DEF	
1052698	1053550	USE	
1052702	1053550	USE	
1052698	1053550	DEF	
1052702	1053550	DEF	
1052706	1053550	USE	
1052708	1053550	USE	
1052718	1053550	USE	
1052720	1053550	USE	
1052742	1053550	USE	
1052744	1053550	USE	
1052768	1053550	USE	
1052770	1053550	USE	
1052791	1053550	USE	
1052793	1053550	USE	
1052799	1053550	USE	
1052801	1053550	USE	
1052809	1053550	USE	
1052811	1053550	USE	
1053030	1053551	DEF	
1053031	1053551	DEF	
1053527	1053552	DEF	
1052117	1053552	USE	
1052119	1053552	USE	
1052289	1053552	USE	
1052291	1053552	USE	
1053191	1053552	USE	
1053194	1053552	USE	
1053199	1053552	USE	
1053202	1053552	USE	
1052362	1053553	DEF	
1052363	1053553	DEF	
1052370	1053553	DEF	
1052371	1053553	DEF	
1052426	1053553	DEF	
1052427	1053553	DEF	
1052462	1053553	DEF	
1052463	1053553	DEF	
1052132	1053554	USE	
1052141	1053554	USE	
1052164	1053554	USE	
1053324	1053554	USE	
1053339	1053554	USE	
1053383	1053554	USE	
1053398	1053554	USE	
1053416	1053554	USE	
1053417	1053554	USE	
1053427	1053554	USE	
1052860	1053555	DEF	
1052861	1053555	DEF	
1052995	1053556	USE	
1053002	1053556	USE	
1053030	1053556	USE	
1053031	1053556	USE	
1053507	1053557	USE	
1053521	1053558	DEF	
1053216	1053558	USE	
1053223	1053558	USE	
1052826	1053559	DEF	
1052827	1053559	DEF	
1053008	1053559	DEF	
1053009	1053559	DEF	
1053036	1053559	USE	
1053048	1053559	USE	
1052329	1053560	USE	
1052336	1053560	USE	
1052549	1053560	USE	
1052558	1053560	USE	
1052569	1053561	DEF	
1052570	1053561	DEF	
1052588	1053561	USE	
1052595	1053561	USE	
1052625	1053561	USE	
1052632	1053561	USE	
1052706	1053561	USE	
1052714	1053561	USE	
1052718	1053561	USE	
1052730	1053561	USE	
1052736	1053561	USE	
1052742	1053561	USE	
1052762	1053561	USE	
1052754	1053561	USE	
1052768	1053561	USE	
1052778	1053561	USE	
1052218	1053562	USE	
1052222	1053562	USE	
1052259	1053562	USE	
1052260	1053562	USE	
1052362	1053563	USE	
1052364	1053563	USE	
1052426	1053563	USE	
1052428	1053563	USE	
1052462	1053563	USE	
1052464	1053563	USE	
1053225	1053564	USE	
1053232	1053564	USE	
1052117	1053565	DEF	
1052118	1053565	DEF	
1052289	1053565	DEF	
1052290	1053565	DEF	
1053191	1053565	USE	
1053199	1053565	USE	
1053200	1053565	USE	
1052164	1053566	USE	
1052362	1053567	USE	
1052364	1053567	USE	
1052370	1053567	USE	
1052372	1053567	USE	
1052426	1053567	USE	
1052428	1053567	USE	
1052462	1053567	USE	
1052464	1053567	USE	
1052607	1053568	DEF	
1052608	1053568	DEF	
1052662	1053568	DEF	
1052663	1053568	DEF	
1052677	1053568	USE	
1052679	1053568	USE	
1052706	1053568	USE	
1052708	1053568	USE	
1052718	1053568	USE	
1052720	1053568	USE	
1052742	1053568	USE	
1052744	1053568	USE	
1052768	1053568	USE	
1052770	1053568	USE	
1052791	1053568	USE	
1052793	1053568	USE	
1052799	1053568	USE	
1052801	1053568	USE	
1052809	1053568	USE	
1052811	1053568	USE	
1052906	1053568	USE	
1052913	1053568	USE	
1052227	1053569	DEF	
1052228	1053569	DEF	
1052231	1053569	DEF	
1052447	1053570	USE	
1052456	1053570	USE	
1052706	1053571	USE	
1052707	1053571	USE	
1052718	1053571	USE	
1052719	1053571	USE	
1052742	1053571	USE	
1052743	1053571	USE	
1052768	1053571	USE	
1052769	1053571	USE	
1052378	1053572	USE	
1052387	1053572	USE	
1052434	1053572	USE	
1052443	1053572	USE	
1052470	1053572	USE	
1052479	1053572	USE	
1052706	1053573	USE	
1052707	1053573	USE	
1052718	1053573	USE	
1052719	1053573	USE	
1052742	1053573	USE	
1052743	1053573	USE	
1052768	1053573	USE	
1052769	1053573	USE	
1052289	1053574	USE	
1052290	1053574	USE	
1052662	1053574	USE	
1052663	1053574	USE	
1052391	1053575	USE	
1052395	1053575	USE	
1053008	1053576	USE	
1053009	1053576	USE	
1052898	1053577	DEF	
1052899	1053577	DEF	
1052903	1053577	DEF	
1052906	1053577	USE	
1052911	1053577	USE	
1052915	1053577	USE	
1052922	1053577	USE	
1053197	1053578	USE	
1052111	1053579	DEF	
1052112	1053579	DEF	
1052187	1053579	DEF	
1052188	1053579	DEF	
1052289	1053579	USE	
1052298	1053579	USE	
1052822	1053580	DEF	
1052823	1053580	DEF	
1053030	1053580	USE	
1053032	1053580	USE	
1053030	1053580	DEF	
1053031	1053580	DEF	
1053036	1053580	USE	
1053039	1053580	USE	
1053036	1053580	DEF	
1053037	1053580	DEF	
1053038	1053580	USE	
1053052	1053580	USE	
1053054	1053580	USE	
1053052	1053580	DEF	
1053053	1053580	DEF	
1052818	1053581	DEF	
1052819	1053581	DEF	
1052995	1053581	DEF	
1052996	1053581	DEF	
1053137	1053581	USE	
1053142	1053581	USE	
1053156	1053581	USE	
1053161	1053581	USE	
1053174	1053581	USE	
1053179	1053581	USE	
1052706	1053582	USE	
1052707	1053582	USE	
1052718	1053582	USE	
1052719	1053582	USE	
1052742	1053582	USE	
1052743	1053582	USE	
1052768	1053582	USE	
1052769	1053582	USE	
1052588	1053583	USE	
1052597	1053583	USE	
1052865	1053584	USE	
1052874	1053584	USE	
1052876	1053584	USE	
1052885	1053584	USE	
1052887	1053584	USE	
1052896	1053584	USE	
1053063	1053584	USE	
1053072	1053584	USE	
1053036	1053585	USE	
1053043	1053585	USE	
1052574	1053586	USE	
1052586	1053586	USE	
1052618	1053587	DEF	
1052619	1053587	DEF	
1052622	1053587	DEF	
1052706	1053587	USE	
1052711	1053587	USE	
1052718	1053587	USE	
1052725	1053587	USE	
1052742	1053587	USE	
1052749	1053587	USE	
1052768	1053587	USE	
1052775	1053587	USE	
1052185	1053588	USE	
1053313	1053588	USE	
1053366	1053588	USE	
1052236	1053589	USE	
1052240	1053589	USE	
1053530	1053590	DEF	
1052111	1053590	USE	
1052113	1053590	USE	
1052187	1053590	USE	
1052189	1053590	USE	
1052289	1053590	USE	
1052299	1053590	USE	
1052574	1053591	USE	
1052578	1053591	USE	
1052677	1053592	DEF	
1052678	1053592	DEF	
1052706	1053592	DEF	
1052707	1053592	DEF	
1052718	1053592	DEF	
1052719	1053592	DEF	
1052742	1053592	DEF	
1052743	1053592	DEF	
1052768	1053592	DEF	
1052769	1053592	DEF	
1052791	1053592	DEF	
1052792	1053592	DEF	
1052799	1053592	DEF	
1052800	1053592	DEF	
1052809	1053592	DEF	
1052810	1053592	DEF	
1052164	1053593	USE	
1053301	1053593	USE	
1053307	1053593	USE	
1053512	1053594	DEF	
1052128	1053594	USE	
1052129	1053594	USE	
1052164	1053594	USE	
1052166	1053594	USE	
1053281	1053594	USE	
1053287	1053594	USE	
1053292	1053594	DEF	
1053293	1053594	DEF	
1053292	1053594	USE	
1053293	1053594	USE	
1053301	1053594	USE	
1053302	1053594	USE	
1053307	1053594	USE	
1053309	1053594	USE	
1053320	1053594	USE	
1053321	1053594	USE	
1053379	1053594	USE	
1053380	1053594	USE	
1053434	1053594	DEF	
1053435	1053594	DEF	
1052344	1053595	USE	
1052345	1053595	USE	
1053515	1053596	DEF	
1053457	1053596	USE	
1053464	1053596	USE	
1052409	1053597	DEF	
1052410	1053597	DEF	
1052489	1053597	USE	
1052490	1053597	USE	
1052625	1053598	USE	
1052626	1053598	USE	
1052946	1053598	USE	
1053156	1053598	USE	
1053165	1053598	USE	
1053036	1053599	USE	
1053043	1053599	USE	
1052313	1053600	DEF	
1052314	1053600	DEF	
1052340	1053600	USE	
1052341	1053600	USE	
1053036	1053601	DEF	
1053037	1053601	DEF	
1052245	1053602	DEF	
1052246	1053602	DEF	
1052267	1053602	USE	
1052268	1053602	USE	
1052267	1053602	DEF	
1052268	1053602	DEF	
1053036	1053603	USE	
1053037	1053603	USE	
1052187	1053604	USE	
1052188	1053604	USE	
1053205	1053604	USE	
1053214	1053604	USE	
1053296	1053604	USE	
1053297	1053604	USE	
1053036	1053605	USE	
1053037	1053605	USE	
1053281	1053606	USE	
1052204	1053607	DEF	
1052205	1053607	DEF	
1052208	1053607	DEF	
1052245	1053607	USE	
1052246	1053607	USE	
1052117	1053608	USE	
1052118	1053608	USE	
1052826	1053608	DEF	
1052830	1053608	DEF	
1052826	1053608	USE	
1052830	1053608	USE	
1052447	1053609	USE	
1052448	1053609	USE	
1052344	1053610	DEF	
1052345	1053610	DEF	
1052344	1053610	USE	
1052345	1053610	USE	
1052350	1053610	USE	
1052351	1053610	USE	
1052350	1053610	DEF	
1052351	1053610	DEF	
1052356	1053610	USE	
1052357	1053610	USE	
1052356	1053610	DEF	
1052357	1053610	DEF	
1052391	1053611	DEF	
1052395	1053611	DEF	
1052392	1053611	DEF	
1052530	1053611	USE	
1052547	1053611	USE	
1052562	1053611	USE	
1052567	1053611	USE	
1052099	1053612	DEF	
1052100	1053612	DEF	
1052123	1053612	DEF	
1052124	1053612	DEF	
1052159	1053612	USE	
1052160	1053612	USE	
1052159	1053612	DEF	
1052160	1053612	DEF	
1052176	1053612	USE	
1052177	1053612	USE	
1052176	1053612	DEF	
1052177	1053612	DEF	
1052181	1053612	USE	
1052187	1053612	USE	
1052188	1053612	USE	
1053315	1053612	DEF	
1053316	1053612	DEF	
1053357	1053612	DEF	
1053358	1053612	DEF	
1053357	1053612	USE	
1053358	1053612	USE	
1053362	1053612	USE	
1053368	1053612	USE	
1053369	1053612	USE	
1052218	1053613	DEF	
1052222	1053613	DEF	
1052219	1053613	DEF	
1052245	1053613	USE	
1052247	1053613	USE	
1052267	1053613	USE	
1052269	1053613	USE	
1052275	1053613	USE	
1053368	1053614	DEF	
1053369	1053614	DEF	
1053416	1053614	DEF	
1053417	1053614	DEF	
1053440	1053614	DEF	
1053441	1053614	DEF	
1052413	1053615	DEF	
1052414	1053615	DEF	
1052447	1053615	DEF	
1052448	1053615	DEF	
1052484	1053615	USE	
1052181	1053616	USE	
1053036	1053617	USE	
1053038	1053617	USE	
1053036	1053617	DEF	
1053037	1053617	DEF	
1053362	1053618	USE	
1052838	1053619	DEF	
1052842	1053619	DEF	
1052839	1053619	DEF	
1052929	1053619	USE	
1052937	1053619	USE	
1052932	1053619	USE	
1052925	1053619	DEF	
1052926	1053619	DEF	
1052946	1053619	USE	
1052971	1053619	USE	
1052978	1053619	USE	
1052980	1053619	USE	
1052982	1053619	USE	
1053017	1053620	USE	
1053022	1053620	USE	
1053137	1053620	USE	
1053144	1053620	USE	
1053036	1053621	USE	
1053047	1053621	USE	
1052370	1053622	USE	
1052372	1053622	USE	
1052362	1053623	DEF	
1052363	1053623	DEF	
1052426	1053623	DEF	
1052427	1053623	DEF	
1052462	1053623	DEF	
1052463	1053623	DEF	
1053052	1053624	DEF	
1053053	1053624	DEF	
1052995	1053625	USE	
1053004	1053625	USE	
1052706	1053626	USE	
1052711	1053626	USE	
1052718	1053626	USE	
1052725	1053626	USE	
1052742	1053626	USE	
1052749	1053626	USE	
1052768	1053626	USE	
1052775	1053626	USE	
1052929	1053627	USE	
1052980	1053627	DEF	
1052981	1053627	DEF	
1052320	1053628	DEF	
1052321	1053628	DEF	
1052324	1053628	DEF	
1052418	1053628	USE	
1052489	1053628	DEF	
1052490	1053628	DEF	
1052498	1053628	USE	
1052505	1053628	USE	
1052506	1053628	USE	
1052509	1053628	DEF	
1052510	1053628	DEF	
1052107	1053629	DEF	
1052108	1053629	DEF	
1052132	1053629	USE	
1052133	1053629	USE	
1052128	1053629	DEF	
1052129	1053629	DEF	
1052136	1053629	DEF	
1052136	1053629	USE	
1052141	1053629	USE	
1052144	1053629	USE	
1052149	1053629	USE	
1052155	1053629	DEF	
1052156	1053629	DEF	
1052155	1053629	USE	
1052156	1053629	USE	
1052164	1053629	USE	
1052170	1053629	USE	
1053324	1053629	USE	
1053330	1053629	USE	
1053326	1053629	USE	
1053320	1053629	DEF	
1053321	1053629	DEF	
1053334	1053629	USE	
1053334	1053629	DEF	
1053339	1053629	USE	
1053342	1053629	USE	
1053347	1053629	USE	
1053353	1053629	USE	
1053354	1053629	USE	
1053353	1053629	DEF	
1053354	1053629	DEF	
1053383	1053629	USE	
1053389	1053629	USE	
1053385	1053629	USE	
1053379	1053629	DEF	
1053380	1053629	DEF	
1053393	1053629	USE	
1053393	1053629	DEF	
1053398	1053629	USE	
1053406	1053629	USE	
1053401	1053629	USE	
1053412	1053629	USE	
1053413	1053629	USE	
1053412	1053629	DEF	
1053413	1053629	DEF	
1053416	1053629	USE	
1053423	1053629	USE	
1053427	1053629	USE	
1053430	1053629	USE	
1053434	1053629	USE	
1053435	1053629	USE	
1053036	1053630	USE	
1053037	1053630	USE	
1052706	1053631	USE	
1052711	1053631	USE	
1052718	1053631	USE	
1052725	1053631	USE	
1052742	1053631	USE	
1052749	1053631	USE	
1052768	1053631	USE	
1052775	1053631	USE	
1053036	1053632	USE	
1053047	1053632	USE	
1053524	1053633	DEF	
1053235	1053633	USE	
1053489	1053634	USE	
1053496	1053634	USE	
1052356	1053635	USE	
1052357	1053635	USE	
1052845	1053636	DEF	
1052846	1053636	DEF	
1052876	1053636	USE	
1052881	1053636	USE	
1052986	1053636	USE	
1052991	1053636	USE	
1053008	1053636	USE	
1053015	1053636	USE	
1053110	1053636	USE	
1053117	1053636	USE	
1052211	1053637	DEF	
1052215	1053637	DEF	
1052212	1053637	DEF	
1052362	1053638	DEF	
1052363	1053638	DEF	
1052370	1053638	DEF	
1052371	1053638	DEF	
1052426	1053638	DEF	
1052427	1053638	DEF	
1052462	1053638	DEF	
1052463	1053638	DEF	
1052370	1053639	DEF	
1052371	1053639	DEF	
1052706	1053640	DEF	
1052707	1053640	DEF	
1052718	1053640	DEF	
1052719	1053640	DEF	
1052742	1053640	DEF	
1052743	1053640	DEF	
1052768	1053640	DEF	
1052769	1053640	DEF	
1052791	1053640	DEF	
1052792	1053640	DEF	
1052799	1053640	DEF	
1052800	1053640	DEF	
1052809	1053640	DEF	
1052810	1053640	DEF	
1052603	1053641	DEF	
1052604	1053641	DEF	
1052625	1053641	DEF	
1052626	1053641	DEF	
1052637	1053641	USE	
1052643	1053641	USE	
1052644	1053641	USE	
1052652	1053641	USE	
1052653	1053641	USE	
1052785	1053641	USE	
1052599	1053642	DEF	
1052600	1053642	DEF	
1052643	1053642	DEF	
1052644	1053642	DEF	
1052652	1053642	DEF	
1052653	1053642	DEF	
1052662	1053642	USE	
1052669	1053642	USE	
1052677	1053642	USE	
1052679	1053642	USE	
1052692	1053642	USE	
1052677	1053643	DEF	
1052678	1053643	DEF	
1052833	1053644	DEF	
1052834	1053644	DEF	
1052865	1053644	USE	
1052870	1053644	USE	
1052915	1053644	USE	
1052920	1053644	USE	
1052925	1053644	USE	
1052926	1053644	USE	
1052946	1053644	USE	
1052957	1053644	USE	
1052986	1053644	USE	
1052993	1053644	USE	
1052187	1053645	USE	
1052188	1053645	USE	
1053470	1053645	USE	
1053471	1053645	USE	
1052517	1053646	USE	
1052524	1053646	USE	
1052530	1053646	USE	
1052535	1053646	USE	
1052611	1053647	DEF	
1052615	1053647	DEF	
1052684	1053647	DEF	
1052689	1053647	DEF	
1052698	1053647	USE	
1052699	1053647	USE	
1052698	1053647	DEF	
1052699	1053647	DEF	
1052706	1053647	USE	
1052714	1053647	USE	
1052718	1053647	USE	
1052730	1053647	USE	
1052736	1053647	USE	
1052742	1053647	USE	
1052754	1053647	USE	
1052762	1053647	USE	
1052768	1053647	USE	
1052778	1053647	USE	
1052259	1053648	DEF	
1052260	1053648	DEF	
1052281	1053648	DEF	
1052282	1053648	DEF	
1052281	1053648	USE	
1052282	1053648	USE	
1052313	1053649	DEF	
1052317	1053649	DEF	
1052340	1053649	DEF	
1052341	1053649	DEF	
1052344	1053649	DEF	
1052345	1053649	DEF	
1052344	1053649	USE	
1052345	1053649	USE	
1052346	1053649	USE	
1052350	1053649	DEF	
1052351	1053649	DEF	
1052350	1053649	USE	
1052351	1053649	USE	
1052352	1053649	USE	
1052356	1053649	DEF	
1052357	1053649	DEF	
1052356	1053649	USE	
1052358	1053649	USE	
1052357	1053649	USE	
1052362	1053649	USE	
1052364	1053649	USE	
1052365	1053649	USE	
1052370	1053649	USE	
1052372	1053649	USE	
1052373	1053649	USE	
1052426	1053649	USE	
1052428	1053649	USE	
1052429	1053649	USE	
1052462	1053649	USE	
1052464	1053649	USE	
1052465	1053649	USE	
1052995	1053650	USE	
1052996	1053650	USE	
1053533	1053651	DEF	
1052187	1053651	USE	
1052188	1053651	USE	
1052199	1053651	USE	
1053268	1053651	USE	
1053467	1053651	USE	
1053498	1053651	USE	
1053505	1053651	USE	
1052574	1052588	REACHES	_ebba18af2454b48faf7ecf639c7e0fd8
1053199	1053225	REACHES	_3b02ec83bfbac996e575225a0086b4a3
1053199	1053205	REACHES	_3b02ec83bfbac996e575225a0086b4a3
1053199	1053216	REACHES	_3b02ec83bfbac996e575225a0086b4a3
1053416	1053440	REACHES	_3b02ec83bfbac996e575225a0086b4a3
1053199	1053296	REACHES	_3b02ec83bfbac996e575225a0086b4a3
1053296	1053368	REACHES	_3b02ec83bfbac996e575225a0086b4a3
1053368	1053368	REACHES	_3b02ec83bfbac996e575225a0086b4a3
1053470	1053474	REACHES	_3b02ec83bfbac996e575225a0086b4a3
1053199	1053238	REACHES	_3b02ec83bfbac996e575225a0086b4a3
1053440	1053470	REACHES	_3b02ec83bfbac996e575225a0086b4a3
1053485	1053498	REACHES	_3b02ec83bfbac996e575225a0086b4a3
1053440	1053448	REACHES	_3b02ec83bfbac996e575225a0086b4a3
1053368	1053416	REACHES	_3b02ec83bfbac996e575225a0086b4a3
1053368	1053440	REACHES	_3b02ec83bfbac996e575225a0086b4a3
1053440	1053457	REACHES	_3b02ec83bfbac996e575225a0086b4a3
1053416	1053416	REACHES	_3b02ec83bfbac996e575225a0086b4a3
1053199	1053249	REACHES	_3b02ec83bfbac996e575225a0086b4a3
1053296	1053440	REACHES	_3b02ec83bfbac996e575225a0086b4a3
1053199	1053258	REACHES	_3b02ec83bfbac996e575225a0086b4a3
1053199	1053271	REACHES	_3b02ec83bfbac996e575225a0086b4a3
1053485	1053489	REACHES	_3b02ec83bfbac996e575225a0086b4a3
1053416	1053368	REACHES	_3b02ec83bfbac996e575225a0086b4a3
1053470	1053485	REACHES	_3b02ec83bfbac996e575225a0086b4a3
1052845	1052887	REACHES	_d56cc74a8cd3cc9eb613b00aac5904ec
1052845	1052960	REACHES	_d56cc74a8cd3cc9eb613b00aac5904ec
1052845	1052971	REACHES	_d56cc74a8cd3cc9eb613b00aac5904ec
1052845	1053083	REACHES	_d56cc74a8cd3cc9eb613b00aac5904ec
1052684	1052718	REACHES	_62068b03b00524361383e26611794a32
1052698	1052692	REACHES	_62068b03b00524361383e26611794a32
1052684	1052692	REACHES	_62068b03b00524361383e26611794a32
1052684	1052791	REACHES	_62068b03b00524361383e26611794a32
1052684	1052698	REACHES	_62068b03b00524361383e26611794a32
1052684	1052809	REACHES	_62068b03b00524361383e26611794a32
1052698	1052768	REACHES	_62068b03b00524361383e26611794a32
1052698	1052698	REACHES	_62068b03b00524361383e26611794a32
1052684	1052706	REACHES	_62068b03b00524361383e26611794a32
1052684	1052768	REACHES	_62068b03b00524361383e26611794a32
1052698	1052706	REACHES	_62068b03b00524361383e26611794a32
1052698	1052742	REACHES	_62068b03b00524361383e26611794a32
1052698	1052791	REACHES	_62068b03b00524361383e26611794a32
1052698	1052809	REACHES	_62068b03b00524361383e26611794a32
1052698	1052718	REACHES	_62068b03b00524361383e26611794a32
1052698	1052799	REACHES	_62068b03b00524361383e26611794a32
1052684	1052799	REACHES	_62068b03b00524361383e26611794a32
1052684	1052742	REACHES	_62068b03b00524361383e26611794a32
1053521	1053216	REACHES	_72a8d9ac189527b590ff1a3075fa2212
1053008	1053036	REACHES	_a3be8aff2d67dd4f932cd131a82a9022
1052569	1052588	REACHES	_985257655752a80616e68b817451ffd9
1052569	1052625	REACHES	_985257655752a80616e68b817451ffd9
1052569	1052706	REACHES	_985257655752a80616e68b817451ffd9
1052569	1052718	REACHES	_985257655752a80616e68b817451ffd9
1052569	1052742	REACHES	_985257655752a80616e68b817451ffd9
1052569	1052768	REACHES	_985257655752a80616e68b817451ffd9
1052662	1052706	REACHES	_e9b6b90b1c419df7c16f0ad5921d66e0
1052662	1052677	REACHES	_e9b6b90b1c419df7c16f0ad5921d66e0
1052662	1052718	REACHES	_e9b6b90b1c419df7c16f0ad5921d66e0
1052662	1052742	REACHES	_e9b6b90b1c419df7c16f0ad5921d66e0
1052662	1052768	REACHES	_e9b6b90b1c419df7c16f0ad5921d66e0
1052662	1052791	REACHES	_e9b6b90b1c419df7c16f0ad5921d66e0
1052662	1052799	REACHES	_e9b6b90b1c419df7c16f0ad5921d66e0
1052662	1052809	REACHES	_e9b6b90b1c419df7c16f0ad5921d66e0
1052662	1052906	REACHES	_e9b6b90b1c419df7c16f0ad5921d66e0
1052898	1052906	REACHES	_d7b0618b3c878127b87452a7e06d15bb
1052898	1052915	REACHES	_d7b0618b3c878127b87452a7e06d15bb
1052111	1053537	REACHES	* _e01439e30489164ca5abe59279f2f099
1052187	1053537	REACHES	* _e01439e30489164ca5abe59279f2f099
1052187	1052289	REACHES	* _e01439e30489164ca5abe59279f2f099
1052822	1053030	REACHES	_bcf0b97a5776ebaada451f301cb17e3b
1053030	1053036	REACHES	_bcf0b97a5776ebaada451f301cb17e3b
1053036	1053052	REACHES	_bcf0b97a5776ebaada451f301cb17e3b
1052995	1053137	REACHES	_db91cc6e3db0258018faaa758da1b5cf
1052995	1053156	REACHES	_db91cc6e3db0258018faaa758da1b5cf
1052995	1053174	REACHES	_db91cc6e3db0258018faaa758da1b5cf
1053530	1052111	REACHES	_e01439e30489164ca5abe59279f2f099
1053530	1052187	REACHES	_e01439e30489164ca5abe59279f2f099
1053530	1052289	REACHES	_e01439e30489164ca5abe59279f2f099
1053512	1053281	REACHES	_03beeb785255d5edfc541716fb9ef908
1053512	1052128	REACHES	_03beeb785255d5edfc541716fb9ef908
1053512	1052164	REACHES	_03beeb785255d5edfc541716fb9ef908
1053512	1053292	REACHES	_03beeb785255d5edfc541716fb9ef908
1053434	1053320	REACHES	_03beeb785255d5edfc541716fb9ef908
1053512	1053301	REACHES	_03beeb785255d5edfc541716fb9ef908
1053292	1053301	REACHES	_03beeb785255d5edfc541716fb9ef908
1053434	1053301	REACHES	_03beeb785255d5edfc541716fb9ef908
1053434	1053379	REACHES	_03beeb785255d5edfc541716fb9ef908
1053512	1053307	REACHES	_03beeb785255d5edfc541716fb9ef908
1053292	1053307	REACHES	_03beeb785255d5edfc541716fb9ef908
1053434	1053307	REACHES	_03beeb785255d5edfc541716fb9ef908
1053292	1053320	REACHES	_03beeb785255d5edfc541716fb9ef908
1053292	1053379	REACHES	_03beeb785255d5edfc541716fb9ef908
1053512	1053320	REACHES	_03beeb785255d5edfc541716fb9ef908
1053512	1053379	REACHES	_03beeb785255d5edfc541716fb9ef908
1052409	1052489	REACHES	_c7e9cf76b51bc4773287d4e9e62c9b03
1052313	1052340	REACHES	_68ce75d35b179e3da644b95b215f4876
1052204	1052245	REACHES	_773ca0154508d33413937e0c00d3f987
1052344	1052350	REACHES	_0ce89aaf1f1888f25aa7a6a277393afb . c_lflag
1052350	1052356	REACHES	_0ce89aaf1f1888f25aa7a6a277393afb . c_lflag
1052218	1052245	REACHES	_85c617d839e55b93eba7f24b7ac7b50f
1052218	1052267	REACHES	_85c617d839e55b93eba7f24b7ac7b50f
1052925	1052929	REACHES	_58befad4c27e42ac407b0382241c0dfd
1052925	1052946	REACHES	_58befad4c27e42ac407b0382241c0dfd
1052925	1052971	REACHES	_58befad4c27e42ac407b0382241c0dfd
1052925	1052980	REACHES	_58befad4c27e42ac407b0382241c0dfd
1052489	1052498	REACHES	_246c68576fa0f61fe0d74b1a0b4ca1d6
1052489	1052418	REACHES	_246c68576fa0f61fe0d74b1a0b4ca1d6
1052320	1052418	REACHES	_246c68576fa0f61fe0d74b1a0b4ca1d6
1052509	1052418	REACHES	_246c68576fa0f61fe0d74b1a0b4ca1d6
1052320	1052498	REACHES	_246c68576fa0f61fe0d74b1a0b4ca1d6
1052509	1052498	REACHES	_246c68576fa0f61fe0d74b1a0b4ca1d6
1052489	1052505	REACHES	_246c68576fa0f61fe0d74b1a0b4ca1d6
1052320	1052505	REACHES	_246c68576fa0f61fe0d74b1a0b4ca1d6
1052509	1052505	REACHES	_246c68576fa0f61fe0d74b1a0b4ca1d6
1052845	1052876	REACHES	_cbcaf8e5ffabe7ccc7b5f6ea598940e1
1052845	1052986	REACHES	_cbcaf8e5ffabe7ccc7b5f6ea598940e1
1052845	1053008	REACHES	_cbcaf8e5ffabe7ccc7b5f6ea598940e1
1052845	1053110	REACHES	_cbcaf8e5ffabe7ccc7b5f6ea598940e1
1052643	1052662	REACHES	_4bc58f9a1c7cd49e32e691db18c4472e
1052652	1052662	REACHES	_4bc58f9a1c7cd49e32e691db18c4472e
1052643	1052677	REACHES	_4bc58f9a1c7cd49e32e691db18c4472e
1052652	1052677	REACHES	_4bc58f9a1c7cd49e32e691db18c4472e
1052643	1052692	REACHES	_4bc58f9a1c7cd49e32e691db18c4472e
1052652	1052692	REACHES	_4bc58f9a1c7cd49e32e691db18c4472e
1052340	1052344	REACHES	_0ce89aaf1f1888f25aa7a6a277393afb
1052344	1052350	REACHES	_0ce89aaf1f1888f25aa7a6a277393afb
1052350	1052356	REACHES	_0ce89aaf1f1888f25aa7a6a277393afb
1052356	1052362	REACHES	_0ce89aaf1f1888f25aa7a6a277393afb
1052356	1052370	REACHES	_0ce89aaf1f1888f25aa7a6a277393afb
1052356	1052426	REACHES	_0ce89aaf1f1888f25aa7a6a277393afb
1052356	1052462	REACHES	_0ce89aaf1f1888f25aa7a6a277393afb
1052854	1053074	REACHES	_44197ae65585a1cf4eb09b96401145da
1052854	1053063	REACHES	_44197ae65585a1cf4eb09b96401145da
1052854	1053083	REACHES	_44197ae65585a1cf4eb09b96401145da
1052854	1053092	REACHES	_44197ae65585a1cf4eb09b96401145da
1052854	1053101	REACHES	_44197ae65585a1cf4eb09b96401145da
1052854	1053110	REACHES	_44197ae65585a1cf4eb09b96401145da
1052854	1053119	REACHES	_44197ae65585a1cf4eb09b96401145da
1052854	1053128	REACHES	_44197ae65585a1cf4eb09b96401145da
1052854	1053156	REACHES	_44197ae65585a1cf4eb09b96401145da
1053518	1053448	REACHES	_94cdf6c1b014fe06f7ca85952a8c823c
1052236	1052259	REACHES	_1155d79c193cc7d377886024058160e9
1052236	1052281	REACHES	_1155d79c193cc7d377886024058160e9
1053527	1052117	REACHES	_ac7d23a896a8f4fcf5e4ee07a779a65b
1053527	1052289	REACHES	_ac7d23a896a8f4fcf5e4ee07a779a65b
1053527	1053191	REACHES	_ac7d23a896a8f4fcf5e4ee07a779a65b
1053527	1053199	REACHES	_ac7d23a896a8f4fcf5e4ee07a779a65b
1052117	1053537	REACHES	* _ac7d23a896a8f4fcf5e4ee07a779a65b
1052289	1053537	REACHES	* _ac7d23a896a8f4fcf5e4ee07a779a65b
1052289	1053191	REACHES	* _ac7d23a896a8f4fcf5e4ee07a779a65b
1052289	1053199	REACHES	* _ac7d23a896a8f4fcf5e4ee07a779a65b
1052618	1052706	REACHES	_2b9eb3bfd9949447335239d296034a4d
1052618	1052718	REACHES	_2b9eb3bfd9949447335239d296034a4d
1052618	1052742	REACHES	_2b9eb3bfd9949447335239d296034a4d
1052618	1052768	REACHES	_2b9eb3bfd9949447335239d296034a4d
1053515	1053457	REACHES	_b4f4d901b56c673c9e1ff35e6fc9444a
1052245	1052267	REACHES	* _85c617d839e55b93eba7f24b7ac7b50f
1052391	1052530	REACHES	_d49826cc31b0e72c4fe267e1c9de1746
1052391	1052562	REACHES	_d49826cc31b0e72c4fe267e1c9de1746
1052176	1052181	REACHES	_e1c23a87e6978204073e25eb9dff0546
1052123	1052159	REACHES	_e1c23a87e6978204073e25eb9dff0546
1052159	1052159	REACHES	_e1c23a87e6978204073e25eb9dff0546
1052159	1052176	REACHES	_e1c23a87e6978204073e25eb9dff0546
1053315	1053362	REACHES	_e1c23a87e6978204073e25eb9dff0546
1053357	1053368	REACHES	_e1c23a87e6978204073e25eb9dff0546
1052123	1052176	REACHES	_e1c23a87e6978204073e25eb9dff0546
1052159	1052181	REACHES	_e1c23a87e6978204073e25eb9dff0546
1053315	1053368	REACHES	_e1c23a87e6978204073e25eb9dff0546
1052123	1052187	REACHES	_e1c23a87e6978204073e25eb9dff0546
1052123	1052181	REACHES	_e1c23a87e6978204073e25eb9dff0546
1052176	1052187	REACHES	_e1c23a87e6978204073e25eb9dff0546
1053357	1053357	REACHES	_e1c23a87e6978204073e25eb9dff0546
1052159	1052187	REACHES	_e1c23a87e6978204073e25eb9dff0546
1053315	1053357	REACHES	_e1c23a87e6978204073e25eb9dff0546
1053357	1053362	REACHES	_e1c23a87e6978204073e25eb9dff0546
1052447	1052484	REACHES	_54616f9a1ee1e8b6438ec088d1e7a560
1052128	1052136	REACHES	_88a48a1bfe3518fbee5e821923d2355e
1052128	1052141	REACHES	_88a48a1bfe3518fbee5e821923d2355e
1052136	1052132	REACHES	_88a48a1bfe3518fbee5e821923d2355e
1053393	1053427	REACHES	_88a48a1bfe3518fbee5e821923d2355e
1053320	1053353	REACHES	_88a48a1bfe3518fbee5e821923d2355e
1052128	1052132	REACHES	_88a48a1bfe3518fbee5e821923d2355e
1052136	1052136	REACHES	_88a48a1bfe3518fbee5e821923d2355e
1053334	1053334	REACHES	_88a48a1bfe3518fbee5e821923d2355e
1052155	1052136	REACHES	_88a48a1bfe3518fbee5e821923d2355e
1053412	1053416	REACHES	_88a48a1bfe3518fbee5e821923d2355e
1053379	1053398	REACHES	_88a48a1bfe3518fbee5e821923d2355e
1053379	1053412	REACHES	_88a48a1bfe3518fbee5e821923d2355e
1053320	1053339	REACHES	_88a48a1bfe3518fbee5e821923d2355e
1053412	1053393	REACHES	_88a48a1bfe3518fbee5e821923d2355e
1052136	1052141	REACHES	_88a48a1bfe3518fbee5e821923d2355e
1053379	1053434	REACHES	_88a48a1bfe3518fbee5e821923d2355e
1053379	1053383	REACHES	_88a48a1bfe3518fbee5e821923d2355e
1053393	1053412	REACHES	_88a48a1bfe3518fbee5e821923d2355e
1053379	1053427	REACHES	_88a48a1bfe3518fbee5e821923d2355e
1052136	1052155	REACHES	_88a48a1bfe3518fbee5e821923d2355e
1053393	1053383	REACHES	_88a48a1bfe3518fbee5e821923d2355e
1053320	1053334	REACHES	_88a48a1bfe3518fbee5e821923d2355e
1053334	1053339	REACHES	_88a48a1bfe3518fbee5e821923d2355e
1053379	1053393	REACHES	_88a48a1bfe3518fbee5e821923d2355e
1053393	1053434	REACHES	_88a48a1bfe3518fbee5e821923d2355e
1053334	1053353	REACHES	_88a48a1bfe3518fbee5e821923d2355e
1053393	1053398	REACHES	_88a48a1bfe3518fbee5e821923d2355e
1052128	1052164	REACHES	_88a48a1bfe3518fbee5e821923d2355e
1052128	1052155	REACHES	_88a48a1bfe3518fbee5e821923d2355e
1053379	1053416	REACHES	_88a48a1bfe3518fbee5e821923d2355e
1053353	1053334	REACHES	_88a48a1bfe3518fbee5e821923d2355e
1053393	1053393	REACHES	_88a48a1bfe3518fbee5e821923d2355e
1053334	1053324	REACHES	_88a48a1bfe3518fbee5e821923d2355e
1052136	1052164	REACHES	_88a48a1bfe3518fbee5e821923d2355e
1053393	1053416	REACHES	_88a48a1bfe3518fbee5e821923d2355e
1053320	1053324	REACHES	_88a48a1bfe3518fbee5e821923d2355e
1053524	1053235	REACHES	_7c9460c5713a90d147c48b76bbfd50e6
1052625	1052637	REACHES	_87953345dd0089fad533085dca4ebe64
1052625	1052643	REACHES	_87953345dd0089fad533085dca4ebe64
1052625	1052652	REACHES	_87953345dd0089fad533085dca4ebe64
1052625	1052785	REACHES	_87953345dd0089fad533085dca4ebe64
1052833	1052865	REACHES	_97ec24bcba20ab8061eccd0987fea512
1052833	1052915	REACHES	_97ec24bcba20ab8061eccd0987fea512
1052833	1052925	REACHES	_97ec24bcba20ab8061eccd0987fea512
1052833	1052946	REACHES	_97ec24bcba20ab8061eccd0987fea512
1052833	1052986	REACHES	_97ec24bcba20ab8061eccd0987fea512
1052684	1052706	REACHES	_466f3271c28fcf0a91d67edd46274a88
1052684	1052698	REACHES	_466f3271c28fcf0a91d67edd46274a88
1052698	1052698	REACHES	_466f3271c28fcf0a91d67edd46274a88
1052698	1052706	REACHES	_466f3271c28fcf0a91d67edd46274a88
1052684	1052718	REACHES	_466f3271c28fcf0a91d67edd46274a88
1052698	1052718	REACHES	_466f3271c28fcf0a91d67edd46274a88
1052684	1052742	REACHES	_466f3271c28fcf0a91d67edd46274a88
1052698	1052742	REACHES	_466f3271c28fcf0a91d67edd46274a88
1052684	1052768	REACHES	_466f3271c28fcf0a91d67edd46274a88
1052698	1052768	REACHES	_466f3271c28fcf0a91d67edd46274a88
1052259	1052281	REACHES	* _1155d79c193cc7d377886024058160e9
1053533	1052187	REACHES	_cc0b10914262c6bd0379e1c8f99f57c7
1053533	1053268	REACHES	_cc0b10914262c6bd0379e1c8f99f57c7
1053533	1053467	REACHES	_cc0b10914262c6bd0379e1c8f99f57c7
1053533	1053498	REACHES	_cc0b10914262c6bd0379e1c8f99f57c7
1053536	1053512	CONTROLS	
1053536	1053515	CONTROLS	
1053536	1053518	CONTROLS	
1053536	1053521	CONTROLS	
1053536	1053524	CONTROLS	
1053536	1053527	CONTROLS	
1053536	1053530	CONTROLS	
1053536	1053533	CONTROLS	
1053536	1052099	CONTROLS	
1053536	1052103	CONTROLS	
1053536	1052107	CONTROLS	
1053536	1052111	CONTROLS	
1053536	1052117	CONTROLS	
1053536	1052123	CONTROLS	
1053536	1052128	CONTROLS	
1053536	1052132	CONTROLS	
1053536	1052164	CONTROLS	
1053536	1052181	CONTROLS	
1052132	1052141	CONTROLS	
1052132	1052159	CONTROLS	
1052132	1052136	CONTROLS	
1052141	1052155	CONTROLS	
1052164	1052176	CONTROLS	
1052181	1052185	CONTROLS	
1052181	1052187	CONTROLS	
1052181	1052204	CONTROLS	
1052181	1052211	CONTROLS	
1052181	1052218	CONTROLS	
1052181	1052227	CONTROLS	
1052181	1052236	CONTROLS	
1052181	1052245	CONTROLS	
1052181	1052259	CONTROLS	
1052181	1052267	CONTROLS	
1052181	1052281	CONTROLS	
1052181	1052289	CONTROLS	
1052181	1052302	CONTROLS	
1052181	1052303	CONTROLS	
1052181	1052304	CONTROLS	
1052181	1052305	CONTROLS	
1052181	1052306	CONTROLS	
1052181	1052307	CONTROLS	
1052181	1052308	CONTROLS	
1052181	1052309	CONTROLS	
1052181	1052310	CONTROLS	
1052181	1052311	CONTROLS	
1052181	1052312	CONTROLS	
1052181	1052313	CONTROLS	
1052181	1052320	CONTROLS	
1052181	1052329	CONTROLS	
1052181	1052340	CONTROLS	
1052181	1052344	CONTROLS	
1052181	1052350	CONTROLS	
1052181	1052356	CONTROLS	
1052181	1052362	CONTROLS	
1052181	1052370	CONTROLS	
1052181	1052378	CONTROLS	
1052181	1052391	CONTROLS	
1052181	1052406	CONTROLS	
1052181	1053181	CONTROLS	
1052181	1053183	CONTROLS	
1052181	1053184	CONTROLS	
1052181	1053185	CONTROLS	
1052181	1053186	CONTROLS	
1052181	1053187	CONTROLS	
1052181	1053188	CONTROLS	
1052181	1053189	CONTROLS	
1052181	1053191	CONTROLS	
1052406	1052409	CONTROLS	
1052406	1052413	CONTROLS	
1052406	1052418	CONTROLS	
1052406	1052549	CONTROLS	
1052406	1052562	CONTROLS	
1052406	1052569	CONTROLS	
1052406	1052574	CONTROLS	
1052406	1052588	CONTROLS	
1052406	1052599	CONTROLS	
1052406	1052603	CONTROLS	
1052406	1052607	CONTROLS	
1052406	1052611	CONTROLS	
1052406	1052618	CONTROLS	
1052406	1052625	CONTROLS	
1052406	1052637	CONTROLS	
1052406	1052662	CONTROLS	
1052406	1052677	CONTROLS	
1052406	1052684	CONTROLS	
1052406	1052692	CONTROLS	
1052406	1052785	CONTROLS	
1052406	1052818	CONTROLS	
1052406	1052822	CONTROLS	
1052406	1052826	CONTROLS	
1052406	1052833	CONTROLS	
1052406	1052838	CONTROLS	
1052406	1052845	CONTROLS	
1052406	1052854	CONTROLS	
1052406	1052859	CONTROLS	
1052406	1052860	CONTROLS	
1052406	1052865	CONTROLS	
1052406	1052876	CONTROLS	
1052406	1052887	CONTROLS	
1052406	1052898	CONTROLS	
1052406	1052906	CONTROLS	
1052406	1052915	CONTROLS	
1052406	1052925	CONTROLS	
1052406	1052929	CONTROLS	
1052406	1052946	CONTROLS	
1052406	1052980	CONTROLS	
1052406	1052986	CONTROLS	
1052406	1052995	CONTROLS	
1052406	1053008	CONTROLS	
1052406	1053017	CONTROLS	
1052406	1053030	CONTROLS	
1052406	1053036	CONTROLS	
1052406	1053052	CONTROLS	
1052406	1053063	CONTROLS	
1052406	1053074	CONTROLS	
1052406	1053083	CONTROLS	
1052406	1053092	CONTROLS	
1052406	1053101	CONTROLS	
1052406	1053110	CONTROLS	
1052406	1053119	CONTROLS	
1052406	1053128	CONTROLS	
1052406	1053137	CONTROLS	
1052406	1053156	CONTROLS	
1052406	1053174	CONTROLS	
1052418	1052424	CONTROLS	
1052418	1052426	CONTROLS	
1052418	1052434	CONTROLS	
1052418	1052447	CONTROLS	
1052418	1052462	CONTROLS	
1052418	1052470	CONTROLS	
1052418	1052484	CONTROLS	
1052418	1052493	CONTROLS	
1052418	1052498	CONTROLS	
1052418	1052530	CONTROLS	
1052418	1052406	CONTROLS	
1052484	1052489	CONTROLS	
1052498	1052505	CONTROLS	
1052498	1052509	CONTROLS	
1052498	1052517	CONTROLS	
1052637	1052643	CONTROLS	
1052637	1052652	CONTROLS	
1052692	1052706	CONTROLS	
1052692	1052718	CONTROLS	
1052692	1052742	CONTROLS	
1052692	1052768	CONTROLS	
1052692	1052698	CONTROLS	
1052785	1052790	CONTROLS	
1052785	1052791	CONTROLS	
1052785	1052799	CONTROLS	
1052785	1052807	CONTROLS	
1052785	1052808	CONTROLS	
1052785	1052809	CONTROLS	
1052785	1052817	CONTROLS	
1052929	1052944	CONTROLS	
1052929	1052941	CONTROLS	
1052946	1052960	CONTROLS	
1052946	1052971	CONTROLS	
1053191	1053197	CONTROLS	
1053191	1053199	CONTROLS	
1053191	1053205	CONTROLS	
1053191	1053216	CONTROLS	
1053191	1053225	CONTROLS	
1053191	1053235	CONTROLS	
1053191	1053258	CONTROLS	
1053191	1053268	CONTROLS	
1053191	1053281	CONTROLS	
1053191	1053296	CONTROLS	
1053191	1053301	CONTROLS	
1053235	1053238	CONTROLS	
1053235	1053249	CONTROLS	
1053268	1053271	CONTROLS	
1053281	1053292	CONTROLS	
1053301	1053307	CONTROLS	
1053301	1053440	CONTROLS	
1053301	1053448	CONTROLS	
1053301	1053457	CONTROLS	
1053301	1053467	CONTROLS	
1053301	1053507	CONTROLS	
1053307	1053313	CONTROLS	
1053307	1053315	CONTROLS	
1053307	1053320	CONTROLS	
1053307	1053324	CONTROLS	
1053307	1053362	CONTROLS	
1053324	1053339	CONTROLS	
1053324	1053357	CONTROLS	
1053324	1053334	CONTROLS	
1053339	1053353	CONTROLS	
1053362	1053366	CONTROLS	
1053362	1053368	CONTROLS	
1053362	1053379	CONTROLS	
1053362	1053383	CONTROLS	
1053362	1053427	CONTROLS	
1053383	1053398	CONTROLS	
1053383	1053416	CONTROLS	
1053383	1053393	CONTROLS	
1053398	1053412	CONTROLS	
1053427	1053433	CONTROLS	
1053427	1053440	CONTROLS	
1053427	1053448	CONTROLS	
1053427	1053457	CONTROLS	
1053427	1053467	CONTROLS	
1053427	1053507	CONTROLS	
1053427	1053434	CONTROLS	
1053427	1053301	CONTROLS	
1053467	1053470	CONTROLS	
1053467	1053474	CONTROLS	
1053467	1053485	CONTROLS	
1053467	1053489	CONTROLS	
1053467	1053498	CONTROLS	
1052822	1052826	DOM	
1052607	1052611	DOM	
1052785	1052790	DOM	
1053186	1053187	DOM	
1053191	1053197	DOM	
1053427	1053433	DOM	
1052637	1052643	DOM	
1052569	1052574	DOM	
1053092	1053101	DOM	
1052304	1052305	DOM	
1052944	1052941	DOM	
1052187	1052204	DOM	
1053301	1053307	DOM	
1053063	1053074	DOM	
1052227	1052236	DOM	
1052859	1052860	DOM	
1053137	1053156	DOM	
1053281	1053296	DOM	
1053296	1053301	DOM	
1053101	1053110	DOM	
1052818	1052822	DOM	
1052860	1052865	DOM	
1053205	1053216	DOM	
1053383	1053398	DOM	
1052447	1052462	DOM	
1052462	1052470	DOM	
1052925	1052929	DOM	
1052181	1052187	DOM	
1053320	1053324	DOM	
1052574	1052588	DOM	
1052308	1052309	DOM	
1052103	1052107	DOM	
1052159	1052136	DOM	
1053187	1053188	DOM	
1053470	1053474	DOM	
1052128	1052132	DOM	
1052426	1052434	DOM	
1052706	1052718	DOM	
1053268	1053271	DOM	
1052838	1052845	DOM	
1052329	1052340	DOM	
1053362	1053368	DOM	
1053183	1053184	DOM	
1053536	1053512	DOM	
1052808	1052809	DOM	
1052799	1052807	DOM	
1052164	1052181	DOM	
1052344	1052350	DOM	
1052267	1052281	DOM	
1052946	1052971	DOM	
1052684	1052692	DOM	
1052768	1052698	DOM	
1052790	1052791	DOM	
1052995	1053008	DOM	
1053258	1053268	DOM	
1053440	1053448	DOM	
1053467	1053507	DOM	
1052692	1052706	DOM	
1053383	1053427	DOM	
1053307	1053315	DOM	
1053030	1053036	DOM	
1052618	1052625	DOM	
1053533	1052099	DOM	
1052123	1052128	DOM	
1052289	1052302	DOM	
1052470	1052484	DOM	
1052302	1052303	DOM	
1052493	1052498	DOM	
1053110	1053119	DOM	
1052259	1052267	DOM	
1052305	1052306	DOM	
1052603	1052607	DOM	
1052906	1052915	DOM	
1053128	1053137	DOM	
1052370	1052378	DOM	
1053368	1053379	DOM	
1053315	1053320	DOM	
1052306	1052307	DOM	
1052132	1052164	DOM	
1052785	1052808	DOM	
1053457	1053467	DOM	
1053189	1053191	DOM	
1053518	1053521	DOM	
1052236	1052245	DOM	
1052406	1052549	DOM	
1052164	1052176	DOM	
1052637	1052652	DOM	
1053467	1053470	DOM	
1052929	1052946	DOM	
1052498	1052530	DOM	
1052303	1052304	DOM	
1052111	1052117	DOM	
1052692	1052785	DOM	
1053485	1053489	DOM	
1052625	1052637	DOM	
1053225	1053235	DOM	
1052677	1052684	DOM	
1052898	1052906	DOM	
1053357	1053334	DOM	
1053156	1053174	DOM	
1053324	1053339	DOM	
1053188	1053189	DOM	
1052362	1052370	DOM	
1052505	1052509	DOM	
1052418	1052426	DOM	
1053362	1053366	DOM	
1053521	1053524	DOM	
1053301	1053440	DOM	
1052809	1052817	DOM	
1052915	1052925	DOM	
1052309	1052310	DOM	
1052876	1052887	DOM	
1052498	1052505	DOM	
1053185	1053186	DOM	
1052484	1052493	DOM	
1052350	1052356	DOM	
1052310	1052311	DOM	
1053017	1053030	DOM	
1053324	1053362	DOM	
1053427	1053434	DOM	
1052611	1052618	DOM	
1053008	1053017	DOM	
1052117	1052123	DOM	
1052498	1052517	DOM	
1052484	1052489	DOM	
1053474	1053485	DOM	
1053515	1053518	DOM	
1053052	1053063	DOM	
1053036	1053052	DOM	
1053530	1053533	DOM	
1052356	1052362	DOM	
1052946	1052980	DOM	
1052311	1052312	DOM	
1053235	1053249	DOM	
1052588	1052599	DOM	
1053083	1053092	DOM	
1052107	1052111	DOM	
1052406	1053181	DOM	
1052549	1052562	DOM	
1053536	1053536	DOM	
1052413	1052418	DOM	
1052378	1052391	DOM	
1053524	1053527	DOM	
1052637	1052662	DOM	
1052826	1052833	DOM	
1052434	1052447	DOM	
1052181	1053537	DOM	
1052865	1052876	DOM	
1053119	1053128	DOM	
1052409	1052413	DOM	
1053448	1053457	DOM	
1052718	1052742	DOM	
1052791	1052799	DOM	
1052245	1052259	DOM	
1052662	1052677	DOM	
1053184	1053185	DOM	
1052833	1052838	DOM	
1052181	1052185	DOM	
1053281	1053292	DOM	
1052562	1052569	DOM	
1052742	1052768	DOM	
1052141	1052155	DOM	
1053339	1053357	DOM	
1052218	1052227	DOM	
1053199	1053205	DOM	
1053268	1053281	DOM	
1052406	1052409	DOM	
1052599	1052603	DOM	
1053527	1053530	DOM	
1053235	1053258	DOM	
1052132	1052141	DOM	
1052785	1052818	DOM	
1052887	1052898	DOM	
1052141	1052159	DOM	
1053398	1053416	DOM	
1053235	1053238	DOM	
1053398	1053412	DOM	
1052946	1052960	DOM	
1053379	1053383	DOM	
1052313	1052320	DOM	
1052845	1052854	DOM	
1053489	1053498	DOM	
1052980	1052986	DOM	
1053216	1053225	DOM	
1053416	1053393	DOM	
1053191	1053199	DOM	
1052320	1052329	DOM	
1052854	1052859	DOM	
1053339	1053353	DOM	
1052986	1052995	DOM	
1052211	1052218	DOM	
1052340	1052344	DOM	
1053307	1053313	DOM	
1052204	1052211	DOM	
1052307	1052308	DOM	
1053181	1053183	DOM	
1053074	1053083	DOM	
1052929	1052944	DOM	
1053512	1053515	DOM	
1052391	1052406	DOM	
1052099	1052103	DOM	
1052312	1052313	DOM	
1052418	1052424	DOM	
1052281	1052289	DOM	
1052833	1052826	POST_DOM	
1052618	1052611	POST_DOM	
1052791	1052790	POST_DOM	
1053537	1053197	POST_DOM	
1053188	1053187	POST_DOM	
1053440	1053433	POST_DOM	
1052662	1052643	POST_DOM	
1052588	1052574	POST_DOM	
1053110	1053101	POST_DOM	
1052306	1052305	POST_DOM	
1052929	1052941	POST_DOM	
1052211	1052204	POST_DOM	
1053537	1053307	POST_DOM	
1053083	1053074	POST_DOM	
1052245	1052236	POST_DOM	
1052865	1052860	POST_DOM	
1053174	1053156	POST_DOM	
1053301	1053296	POST_DOM	
1053537	1053301	POST_DOM	
1053119	1053110	POST_DOM	
1052826	1052822	POST_DOM	
1052876	1052865	POST_DOM	
1053225	1053216	POST_DOM	
1053416	1053398	POST_DOM	
1052484	1052470	POST_DOM	
1052470	1052462	POST_DOM	
1052946	1052929	POST_DOM	
1052204	1052187	POST_DOM	
1053362	1053324	POST_DOM	
1052599	1052588	POST_DOM	
1052310	1052309	POST_DOM	
1052111	1052107	POST_DOM	
1052132	1052136	POST_DOM	
1053189	1053188	POST_DOM	
1053485	1053474	POST_DOM	
1052164	1052132	POST_DOM	
1052447	1052434	POST_DOM	
1052742	1052718	POST_DOM	
1053281	1053271	POST_DOM	
1052854	1052845	POST_DOM	
1052344	1052340	POST_DOM	
1053379	1053368	POST_DOM	
1053185	1053184	POST_DOM	
1053515	1053512	POST_DOM	
1052817	1052809	POST_DOM	
1052818	1052807	POST_DOM	
1053537	1052181	POST_DOM	
1052356	1052350	POST_DOM	
1052289	1052281	POST_DOM	
1052980	1052971	POST_DOM	
1052785	1052692	POST_DOM	
1052692	1052698	POST_DOM	
1052799	1052791	POST_DOM	
1053017	1053008	POST_DOM	
1053281	1053268	POST_DOM	
1053537	1053507	POST_DOM	
1053457	1053448	POST_DOM	
1052718	1052706	POST_DOM	
1053537	1053427	POST_DOM	
1053320	1053315	POST_DOM	
1053052	1053036	POST_DOM	
1052637	1052625	POST_DOM	
1052103	1052099	POST_DOM	
1052132	1052128	POST_DOM	
1052303	1052302	POST_DOM	
1052493	1052484	POST_DOM	
1052304	1052303	POST_DOM	
1052530	1052498	POST_DOM	
1053128	1053119	POST_DOM	
1052281	1052267	POST_DOM	
1052307	1052306	POST_DOM	
1052611	1052607	POST_DOM	
1052925	1052915	POST_DOM	
1053156	1053137	POST_DOM	
1052391	1052378	POST_DOM	
1053383	1053379	POST_DOM	
1053324	1053320	POST_DOM	
1052308	1052307	POST_DOM	
1052181	1052164	POST_DOM	
1052809	1052808	POST_DOM	
1053507	1053467	POST_DOM	
1053537	1053191	POST_DOM	
1053524	1053521	POST_DOM	
1052259	1052245	POST_DOM	
1052562	1052549	POST_DOM	
1052181	1052176	POST_DOM	
1052662	1052652	POST_DOM	
1053474	1053470	POST_DOM	
1052980	1052946	POST_DOM	
1052406	1052530	POST_DOM	
1052305	1052304	POST_DOM	
1052123	1052117	POST_DOM	
1052818	1052785	POST_DOM	
1053498	1053489	POST_DOM	
1052662	1052637	POST_DOM	
1052915	1052906	POST_DOM	
1052692	1052684	POST_DOM	
1053258	1053235	POST_DOM	
1053324	1053334	POST_DOM	
1053181	1053174	POST_DOM	
1053357	1053339	POST_DOM	
1053191	1053189	POST_DOM	
1052378	1052370	POST_DOM	
1052530	1052509	POST_DOM	
1052434	1052426	POST_DOM	
1053537	1053366	POST_DOM	
1053527	1053524	POST_DOM	
1052818	1052817	POST_DOM	
1053448	1053440	POST_DOM	
1052929	1052925	POST_DOM	
1052311	1052310	POST_DOM	
1052898	1052887	POST_DOM	
1052509	1052505	POST_DOM	
1053187	1053186	POST_DOM	
1052498	1052493	POST_DOM	
1052362	1052356	POST_DOM	
1052312	1052311	POST_DOM	
1053036	1053030	POST_DOM	
1053537	1053362	POST_DOM	
1053030	1053017	POST_DOM	
1052625	1052618	POST_DOM	
1053301	1053434	POST_DOM	
1052128	1052123	POST_DOM	
1052530	1052517	POST_DOM	
1052493	1052489	POST_DOM	
1053489	1053485	POST_DOM	
1053521	1053518	POST_DOM	
1053074	1053063	POST_DOM	
1053063	1053052	POST_DOM	
1052099	1053533	POST_DOM	
1052370	1052362	POST_DOM	
1052986	1052980	POST_DOM	
1052313	1052312	POST_DOM	
1053101	1053092	POST_DOM	
1052603	1052599	POST_DOM	
1053258	1053249	POST_DOM	
1052117	1052111	POST_DOM	
1053183	1053181	POST_DOM	
1052569	1052562	POST_DOM	
1053512	1053536	POST_DOM	
1053181	1052418	POST_DOM	
1052406	1052391	POST_DOM	
1053530	1053527	POST_DOM	
1052838	1052833	POST_DOM	
1052677	1052662	POST_DOM	
1052462	1052447	POST_DOM	
1053537	1053537	POST_DOM	
1052887	1052876	POST_DOM	
1053137	1053128	POST_DOM	
1052418	1052413	POST_DOM	
1052768	1052742	POST_DOM	
1053467	1053457	POST_DOM	
1052807	1052799	POST_DOM	
1052267	1052259	POST_DOM	
1052684	1052677	POST_DOM	
1053186	1053185	POST_DOM	
1052845	1052838	POST_DOM	
1053537	1052185	POST_DOM	
1052574	1052569	POST_DOM	
1052698	1052768	POST_DOM	
1053296	1053292	POST_DOM	
1052159	1052155	POST_DOM	
1053334	1053357	POST_DOM	
1052236	1052227	POST_DOM	
1053216	1053205	POST_DOM	
1053296	1053281	POST_DOM	
1052413	1052409	POST_DOM	
1052607	1052603	POST_DOM	
1053533	1053530	POST_DOM	
1053268	1053258	POST_DOM	
1052159	1052141	POST_DOM	
1052822	1052818	POST_DOM	
1052906	1052898	POST_DOM	
1052136	1052159	POST_DOM	
1053393	1053416	POST_DOM	
1053258	1053238	POST_DOM	
1053416	1053412	POST_DOM	
1052980	1052960	POST_DOM	
1053427	1053383	POST_DOM	
1052329	1052320	POST_DOM	
1052859	1052854	POST_DOM	
1052995	1052986	POST_DOM	
1053507	1053498	POST_DOM	
1053235	1053225	POST_DOM	
1053383	1053393	POST_DOM	
1053205	1053199	POST_DOM	
1052340	1052329	POST_DOM	
1052860	1052859	POST_DOM	
1053357	1053353	POST_DOM	
1053008	1052995	POST_DOM	
1052227	1052218	POST_DOM	
1052350	1052344	POST_DOM	
1053537	1053313	POST_DOM	
1052309	1052308	POST_DOM	
1052218	1052211	POST_DOM	
1053184	1053183	POST_DOM	
1053092	1053083	POST_DOM	
1052941	1052944	POST_DOM	
1053518	1053515	POST_DOM	
1053181	1052406	POST_DOM	
1052107	1052103	POST_DOM	
1052320	1052313	POST_DOM	
1053181	1052424	POST_DOM	
1052302	1052289	POST_DOM	
1052096	1052097	IS_FUNCTION_OF_AST	
1052096	1053536	IS_FUNCTION_OF_CFG	
1052095	1052096	IS_FILE_OF	
