start	end	type	var
1576854	1576855	DECLARES	
1576856	1576857	DECLARES	
1576858	1576859	DECLARES	
1576853	1576860	IS_FILE_OF	
1576861	1576862	DECLARES	
1576860	1576861	IS_CLASS_OF	
1576863	1576864	DECLARES	
1576860	1576863	IS_CLASS_OF	
1576865	1576866	DECLARES	
1576867	1576868	DECLARES	
1576875	1576876	IS_AST_PARENT	
1576874	1576875	IS_AST_PARENT	
1576878	1576879	IS_AST_PARENT	
1576877	1576878	IS_AST_PARENT	
1576874	1576877	IS_AST_PARENT	
1576873	1576874	IS_AST_PARENT	
1576872	1576873	IS_AST_PARENT	
1576882	1576883	IS_AST_PARENT	
1576882	1576884	IS_AST_PARENT	
1576881	1576882	IS_AST_PARENT	
1576880	1576881	IS_AST_PARENT	
1576887	1576888	IS_AST_PARENT	
1576886	1576887	IS_AST_PARENT	
1576890	1576891	IS_AST_PARENT	
1576889	1576890	IS_AST_PARENT	
1576893	1576894	IS_AST_PARENT	
1576893	1576895	IS_AST_PARENT	
1576892	1576893	IS_AST_PARENT	
1576889	1576892	IS_AST_PARENT	
1576886	1576889	IS_AST_PARENT	
1576885	1576886	IS_AST_PARENT	
1576880	1576885	IS_AST_PARENT	
1576898	1576899	IS_AST_PARENT	
1576898	1576900	IS_AST_PARENT	
1576901	1576902	IS_AST_PARENT	
1576901	1576903	IS_AST_PARENT	
1576898	1576901	IS_AST_PARENT	
1576897	1576898	IS_AST_PARENT	
1576896	1576897	IS_AST_PARENT	
1576905	1576906	IS_AST_PARENT	
1576905	1576907	IS_AST_PARENT	
1576908	1576909	IS_AST_PARENT	
1576910	1576911	IS_AST_PARENT	
1576910	1576912	IS_AST_PARENT	
1576908	1576910	IS_AST_PARENT	
1576905	1576908	IS_AST_PARENT	
1576904	1576905	IS_AST_PARENT	
1576896	1576904	IS_AST_PARENT	
1576914	1576915	IS_AST_PARENT	
1576916	1576917	IS_AST_PARENT	
1576916	1576918	IS_AST_PARENT	
1576914	1576916	IS_AST_PARENT	
1576913	1576914	IS_AST_PARENT	
1576896	1576913	IS_AST_PARENT	
1576880	1576896	IS_AST_PARENT	
1576921	1576922	IS_AST_PARENT	
1576921	1576923	IS_AST_PARENT	
1576920	1576921	IS_AST_PARENT	
1576920	1576924	IS_AST_PARENT	
1576919	1576920	IS_AST_PARENT	
1576880	1576919	IS_AST_PARENT	
1576927	1576928	IS_AST_PARENT	
1576926	1576927	IS_AST_PARENT	
1576930	1576931	IS_AST_PARENT	
1576929	1576930	IS_AST_PARENT	
1576932	1576933	IS_AST_PARENT	
1576929	1576932	IS_AST_PARENT	
1576935	1576936	IS_AST_PARENT	
1576935	1576937	IS_AST_PARENT	
1576934	1576935	IS_AST_PARENT	
1576929	1576934	IS_AST_PARENT	
1576926	1576929	IS_AST_PARENT	
1576925	1576926	IS_AST_PARENT	
1576880	1576925	IS_AST_PARENT	
1576872	1576880	IS_AST_PARENT	
1576871	1576872	IS_AST_PARENT	
1576870	1576871	IS_AST_PARENT	
1576870	1576938	IS_AST_PARENT	
1576870	1576939	IS_AST_PARENT	
1576941	1576942	IS_AST_PARENT	
1576941	1576943	IS_AST_PARENT	
1576940	1576941	IS_AST_PARENT	
1576870	1576940	IS_AST_PARENT	
1576944	1576941	FLOWS_TO	
1576941	1576873	FLOWS_TO	
1576873	1576881	FLOWS_TO	
1576873	1576945	FLOWS_TO	
1576881	1576885	FLOWS_TO	
1576885	1576897	FLOWS_TO	
1576897	1576904	FLOWS_TO	
1576904	1576913	FLOWS_TO	
1576913	1576919	FLOWS_TO	
1576919	1576925	FLOWS_TO	
1576925	1576945	FLOWS_TO	
1576925	1576946	USE	
1576932	1576946	USE	
1576941	1576947	DEF	
1576873	1576947	USE	
1576878	1576947	USE	
1576885	1576947	USE	
1576890	1576947	USE	
1576925	1576947	USE	
1576930	1576947	USE	
1576885	1576948	USE	
1576892	1576948	USE	
1576925	1576948	USE	
1576934	1576948	USE	
1576904	1576949	USE	
1576908	1576949	USE	
1576881	1576950	DEF	
1576882	1576950	DEF	
1576919	1576950	USE	
1576921	1576950	USE	
1576919	1576950	DEF	
1576920	1576950	DEF	
1576920	1576950	USE	
1576897	1576951	DEF	
1576898	1576951	DEF	
1576901	1576951	DEF	
1576904	1576952	DEF	
1576908	1576952	DEF	
1576905	1576952	DEF	
1576913	1576952	DEF	
1576914	1576952	DEF	
1576919	1576953	USE	
1576920	1576953	USE	
1576873	1576954	USE	
1576919	1576955	USE	
1576920	1576955	USE	
1576919	1576955	DEF	
1576920	1576955	DEF	
1576941	1576873	REACHES	_f0d76cb837b7fac86cc7568653865a07
1576941	1576885	REACHES	_f0d76cb837b7fac86cc7568653865a07
1576941	1576925	REACHES	_f0d76cb837b7fac86cc7568653865a07
1576881	1576919	REACHES	_599095ca7a06f38a993e080a2b8db146
1576944	1576941	CONTROLS	
1576944	1576873	CONTROLS	
1576873	1576881	CONTROLS	
1576873	1576885	CONTROLS	
1576873	1576897	CONTROLS	
1576873	1576904	CONTROLS	
1576873	1576913	CONTROLS	
1576873	1576919	CONTROLS	
1576873	1576925	CONTROLS	
1576944	1576941	DOM	
1576873	1576881	DOM	
1576885	1576897	DOM	
1576897	1576904	DOM	
1576941	1576873	DOM	
1576904	1576913	DOM	
1576944	1576944	DOM	
1576873	1576945	DOM	
1576913	1576919	DOM	
1576881	1576885	DOM	
1576919	1576925	DOM	
1576873	1576941	POST_DOM	
1576885	1576881	POST_DOM	
1576913	1576904	POST_DOM	
1576904	1576897	POST_DOM	
1576945	1576873	POST_DOM	
1576919	1576913	POST_DOM	
1576945	1576945	POST_DOM	
1576941	1576944	POST_DOM	
1576925	1576919	POST_DOM	
1576897	1576885	POST_DOM	
1576945	1576925	POST_DOM	
1576869	1576870	IS_FUNCTION_OF_AST	
1576869	1576944	IS_FUNCTION_OF_CFG	
1576853	1576869	IS_FILE_OF	
1576956	1576957	DECLARES	
1576964	1576965	IS_AST_PARENT	
1576963	1576964	IS_AST_PARENT	
1576967	1576968	IS_AST_PARENT	
1576966	1576967	IS_AST_PARENT	
1576963	1576966	IS_AST_PARENT	
1576962	1576963	IS_AST_PARENT	
1576961	1576962	IS_AST_PARENT	
1576971	1576972	IS_AST_PARENT	
1576971	1576973	IS_AST_PARENT	
1576970	1576971	IS_AST_PARENT	
1576969	1576970	IS_AST_PARENT	
1576976	1576977	IS_AST_PARENT	
1576975	1576976	IS_AST_PARENT	
1576979	1576980	IS_AST_PARENT	
1576978	1576979	IS_AST_PARENT	
1576982	1576983	IS_AST_PARENT	
1576982	1576984	IS_AST_PARENT	
1576981	1576982	IS_AST_PARENT	
1576978	1576981	IS_AST_PARENT	
1576975	1576978	IS_AST_PARENT	
1576974	1576975	IS_AST_PARENT	
1576969	1576974	IS_AST_PARENT	
1576987	1576988	IS_AST_PARENT	
1576987	1576989	IS_AST_PARENT	
1576986	1576987	IS_AST_PARENT	
1576986	1576990	IS_AST_PARENT	
1576985	1576986	IS_AST_PARENT	
1576969	1576985	IS_AST_PARENT	
1576993	1576994	IS_AST_PARENT	
1576992	1576993	IS_AST_PARENT	
1576996	1576997	IS_AST_PARENT	
1576995	1576996	IS_AST_PARENT	
1576998	1576999	IS_AST_PARENT	
1576995	1576998	IS_AST_PARENT	
1577001	1577002	IS_AST_PARENT	
1577001	1577003	IS_AST_PARENT	
1577000	1577001	IS_AST_PARENT	
1576995	1577000	IS_AST_PARENT	
1576992	1576995	IS_AST_PARENT	
1576991	1576992	IS_AST_PARENT	
1576969	1576991	IS_AST_PARENT	
1576961	1576969	IS_AST_PARENT	
1576960	1576961	IS_AST_PARENT	
1576959	1576960	IS_AST_PARENT	
1576959	1577004	IS_AST_PARENT	
1576959	1577005	IS_AST_PARENT	
1577007	1577008	IS_AST_PARENT	
1577007	1577009	IS_AST_PARENT	
1577006	1577007	IS_AST_PARENT	
1576959	1577006	IS_AST_PARENT	
1577010	1577007	FLOWS_TO	
1577007	1576962	FLOWS_TO	
1576962	1576970	FLOWS_TO	
1576962	1577011	FLOWS_TO	
1576970	1576974	FLOWS_TO	
1576974	1576985	FLOWS_TO	
1576985	1576991	FLOWS_TO	
1576991	1577011	FLOWS_TO	
1576985	1577012	USE	
1576986	1577012	USE	
1576991	1577013	USE	
1576998	1577013	USE	
1577007	1577014	DEF	
1576962	1577014	USE	
1576967	1577014	USE	
1576974	1577014	USE	
1576979	1577014	USE	
1576991	1577014	USE	
1576996	1577014	USE	
1576974	1577015	USE	
1576981	1577015	USE	
1576991	1577015	USE	
1577000	1577015	USE	
1576970	1577016	DEF	
1576971	1577016	DEF	
1576985	1577016	USE	
1576987	1577016	USE	
1576985	1577016	DEF	
1576986	1577016	DEF	
1576986	1577016	USE	
1576962	1577017	USE	
1576985	1577018	DEF	
1576986	1577018	DEF	
1576985	1577018	USE	
1576986	1577018	USE	
1577007	1576962	REACHES	_f0d76cb837b7fac86cc7568653865a07
1577007	1576974	REACHES	_f0d76cb837b7fac86cc7568653865a07
1577007	1576991	REACHES	_f0d76cb837b7fac86cc7568653865a07
1576970	1576985	REACHES	_599095ca7a06f38a993e080a2b8db146
1577010	1577007	CONTROLS	
1577010	1576962	CONTROLS	
1576962	1576970	CONTROLS	
1576962	1576974	CONTROLS	
1576962	1576985	CONTROLS	
1576962	1576991	CONTROLS	
1576970	1576974	DOM	
1577010	1577007	DOM	
1577007	1576962	DOM	
1576985	1576991	DOM	
1576962	1576970	DOM	
1576974	1576985	DOM	
1577010	1577010	DOM	
1576962	1577011	DOM	
1576985	1576974	POST_DOM	
1577011	1576962	POST_DOM	
1576962	1577007	POST_DOM	
1577011	1576991	POST_DOM	
1576991	1576985	POST_DOM	
1576974	1576970	POST_DOM	
1577011	1577011	POST_DOM	
1577007	1577010	POST_DOM	
1576958	1576959	IS_FUNCTION_OF_AST	
1576958	1577010	IS_FUNCTION_OF_CFG	
1576853	1576958	IS_FILE_OF	
1577023	1577024	IS_AST_PARENT	
1577023	1577025	IS_AST_PARENT	
1577026	1577027	IS_AST_PARENT	
1577026	1577028	IS_AST_PARENT	
1577023	1577026	IS_AST_PARENT	
1577022	1577023	IS_AST_PARENT	
1577021	1577022	IS_AST_PARENT	
1577030	1577031	IS_AST_PARENT	
1577030	1577032	IS_AST_PARENT	
1577033	1577034	IS_AST_PARENT	
1577033	1577035	IS_AST_PARENT	
1577030	1577033	IS_AST_PARENT	
1577029	1577030	IS_AST_PARENT	
1577021	1577029	IS_AST_PARENT	
1577039	1577040	IS_AST_PARENT	
1577041	1577042	IS_AST_PARENT	
1577044	1577045	IS_AST_PARENT	
1577043	1577044	IS_AST_PARENT	
1577048	1577049	IS_AST_PARENT	
1577048	1577050	IS_AST_PARENT	
1577047	1577048	IS_AST_PARENT	
1577046	1577047	IS_AST_PARENT	
1577043	1577046	IS_AST_PARENT	
1577041	1577043	IS_AST_PARENT	
1577039	1577041	IS_AST_PARENT	
1577038	1577039	IS_AST_PARENT	
1577037	1577038	IS_AST_PARENT	
1577053	1577054	IS_AST_PARENT	
1577053	1577055	IS_AST_PARENT	
1577052	1577053	IS_AST_PARENT	
1577051	1577052	IS_AST_PARENT	
1577058	1577059	IS_AST_PARENT	
1577058	1577060	IS_AST_PARENT	
1577057	1577058	IS_AST_PARENT	
1577056	1577057	IS_AST_PARENT	
1577056	1577061	IS_AST_PARENT	
1577051	1577056	IS_AST_PARENT	
1577037	1577051	IS_AST_PARENT	
1577065	1577066	IS_AST_PARENT	
1577065	1577067	IS_AST_PARENT	
1577064	1577065	IS_AST_PARENT	
1577064	1577068	IS_AST_PARENT	
1577063	1577064	IS_AST_PARENT	
1577069	1577070	IS_AST_PARENT	
1577069	1577071	IS_AST_PARENT	
1577063	1577069	IS_AST_PARENT	
1577062	1577063	IS_AST_PARENT	
1577037	1577062	IS_AST_PARENT	
1577074	1577075	IS_AST_PARENT	
1577074	1577076	IS_AST_PARENT	
1577073	1577074	IS_AST_PARENT	
1577073	1577077	IS_AST_PARENT	
1577072	1577073	IS_AST_PARENT	
1577037	1577072	IS_AST_PARENT	
1577036	1577037	IS_AST_PARENT	
1577078	1577079	IS_AST_PARENT	
1577036	1577078	IS_AST_PARENT	
1577021	1577036	IS_AST_PARENT	
1577081	1577082	IS_AST_PARENT	
1577080	1577081	IS_AST_PARENT	
1577086	1577087	IS_AST_PARENT	
1577085	1577086	IS_AST_PARENT	
1577089	1577090	IS_AST_PARENT	
1577088	1577089	IS_AST_PARENT	
1577085	1577088	IS_AST_PARENT	
1577084	1577085	IS_AST_PARENT	
1577083	1577084	IS_AST_PARENT	
1577092	1577093	IS_AST_PARENT	
1577092	1577094	IS_AST_PARENT	
1577091	1577092	IS_AST_PARENT	
1577083	1577091	IS_AST_PARENT	
1577080	1577083	IS_AST_PARENT	
1577021	1577080	IS_AST_PARENT	
1577097	1577098	IS_AST_PARENT	
1577097	1577099	IS_AST_PARENT	
1577100	1577101	IS_AST_PARENT	
1577100	1577102	IS_AST_PARENT	
1577097	1577100	IS_AST_PARENT	
1577096	1577097	IS_AST_PARENT	
1577095	1577096	IS_AST_PARENT	
1577104	1577105	IS_AST_PARENT	
1577104	1577106	IS_AST_PARENT	
1577107	1577108	IS_AST_PARENT	
1577107	1577109	IS_AST_PARENT	
1577104	1577107	IS_AST_PARENT	
1577103	1577104	IS_AST_PARENT	
1577095	1577103	IS_AST_PARENT	
1577111	1577112	IS_AST_PARENT	
1577111	1577113	IS_AST_PARENT	
1577114	1577115	IS_AST_PARENT	
1577116	1577117	IS_AST_PARENT	
1577116	1577118	IS_AST_PARENT	
1577114	1577116	IS_AST_PARENT	
1577111	1577114	IS_AST_PARENT	
1577110	1577111	IS_AST_PARENT	
1577095	1577110	IS_AST_PARENT	
1577120	1577121	IS_AST_PARENT	
1577120	1577122	IS_AST_PARENT	
1577123	1577124	IS_AST_PARENT	
1577125	1577126	IS_AST_PARENT	
1577125	1577127	IS_AST_PARENT	
1577123	1577125	IS_AST_PARENT	
1577120	1577123	IS_AST_PARENT	
1577119	1577120	IS_AST_PARENT	
1577095	1577119	IS_AST_PARENT	
1577130	1577131	IS_AST_PARENT	
1577130	1577132	IS_AST_PARENT	
1577129	1577130	IS_AST_PARENT	
1577139	1577140	IS_AST_PARENT	
1577139	1577141	IS_AST_PARENT	
1577138	1577139	IS_AST_PARENT	
1577142	1577143	IS_AST_PARENT	
1577142	1577144	IS_AST_PARENT	
1577138	1577142	IS_AST_PARENT	
1577137	1577138	IS_AST_PARENT	
1577137	1577145	IS_AST_PARENT	
1577136	1577137	IS_AST_PARENT	
1577136	1577146	IS_AST_PARENT	
1577135	1577136	IS_AST_PARENT	
1577135	1577147	IS_AST_PARENT	
1577134	1577135	IS_AST_PARENT	
1577134	1577148	IS_AST_PARENT	
1577133	1577134	IS_AST_PARENT	
1577133	1577149	IS_AST_PARENT	
1577129	1577133	IS_AST_PARENT	
1577128	1577129	IS_AST_PARENT	
1577095	1577128	IS_AST_PARENT	
1577152	1577153	IS_AST_PARENT	
1577152	1577154	IS_AST_PARENT	
1577151	1577152	IS_AST_PARENT	
1577155	1577156	IS_AST_PARENT	
1577155	1577157	IS_AST_PARENT	
1577151	1577155	IS_AST_PARENT	
1577150	1577151	IS_AST_PARENT	
1577095	1577150	IS_AST_PARENT	
1577021	1577095	IS_AST_PARENT	
1577160	1577161	IS_AST_PARENT	
1577160	1577162	IS_AST_PARENT	
1577159	1577160	IS_AST_PARENT	
1577159	1577163	IS_AST_PARENT	
1577158	1577159	IS_AST_PARENT	
1577021	1577158	IS_AST_PARENT	
1577164	1577165	IS_AST_PARENT	
1577021	1577164	IS_AST_PARENT	
1577020	1577021	IS_AST_PARENT	
1577020	1577166	IS_AST_PARENT	
1577020	1577167	IS_AST_PARENT	
1577169	1577170	IS_AST_PARENT	
1577169	1577171	IS_AST_PARENT	
1577168	1577169	IS_AST_PARENT	
1577020	1577168	IS_AST_PARENT	
1577172	1577169	FLOWS_TO	
1577169	1577022	FLOWS_TO	
1577022	1577029	FLOWS_TO	
1577029	1577038	FLOWS_TO	
1577078	1577038	FLOWS_TO	
1577078	1577081	FLOWS_TO	
1577038	1577052	FLOWS_TO	
1577052	1577057	FLOWS_TO	
1577052	1577062	FLOWS_TO	
1577057	1577061	FLOWS_TO	
1577061	1577081	FLOWS_TO	
1577062	1577072	FLOWS_TO	
1577072	1577078	FLOWS_TO	
1577081	1577084	FLOWS_TO	
1577081	1577096	FLOWS_TO	
1577084	1577091	FLOWS_TO	
1577091	1577096	FLOWS_TO	
1577096	1577103	FLOWS_TO	
1577103	1577110	FLOWS_TO	
1577110	1577119	FLOWS_TO	
1577119	1577128	FLOWS_TO	
1577128	1577150	FLOWS_TO	
1577150	1577158	FLOWS_TO	
1577158	1577164	FLOWS_TO	
1577164	1577173	FLOWS_TO	
1577038	1577174	USE	
1577039	1577174	USE	
1577062	1577175	DEF	
1577063	1577175	DEF	
1577062	1577175	USE	
1577064	1577175	USE	
1577119	1577176	USE	
1577123	1577176	USE	
1577062	1577177	DEF	
1577063	1577177	DEF	
1577072	1577178	USE	
1577073	1577178	USE	
1577022	1577179	DEF	
1577023	1577179	DEF	
1577026	1577179	DEF	
1577057	1577179	DEF	
1577058	1577179	DEF	
1577081	1577179	USE	
1577164	1577179	USE	
1577096	1577180	DEF	
1577097	1577180	DEF	
1577100	1577180	DEF	
1577128	1577180	USE	
1577129	1577180	USE	
1577150	1577181	DEF	
1577151	1577181	DEF	
1577110	1577182	DEF	
1577111	1577182	DEF	
1577114	1577182	DEF	
1577128	1577182	USE	
1577130	1577182	USE	
1577029	1577183	DEF	
1577033	1577183	DEF	
1577030	1577183	DEF	
1577038	1577183	DEF	
1577039	1577183	DEF	
1577052	1577183	USE	
1577062	1577183	USE	
1577065	1577183	USE	
1577072	1577183	USE	
1577074	1577183	USE	
1577084	1577183	USE	
1577089	1577183	USE	
1577091	1577183	DEF	
1577092	1577183	DEF	
1577158	1577183	USE	
1577159	1577183	USE	
1577072	1577184	DEF	
1577073	1577184	DEF	
1577158	1577185	DEF	
1577159	1577185	DEF	
1577062	1577186	USE	
1577063	1577186	USE	
1577169	1577187	DEF	
1577158	1577187	USE	
1577160	1577187	USE	
1577062	1577188	DEF	
1577063	1577188	DEF	
1577062	1577188	USE	
1577064	1577188	USE	
1577072	1577188	DEF	
1577073	1577188	DEF	
1577103	1577189	DEF	
1577107	1577189	DEF	
1577104	1577189	DEF	
1577119	1577190	DEF	
1577123	1577190	DEF	
1577120	1577190	DEF	
1577150	1577190	USE	
1577152	1577190	USE	
1577110	1577191	USE	
1577114	1577191	USE	
1577150	1577191	USE	
1577151	1577191	USE	
1577128	1577192	DEF	
1577129	1577192	DEF	
1577062	1577062	REACHES	_e9bcadecec815b7044149f69252a2692 -> _7547e5db7306da95e5fb9ca761b12917
1577057	1577081	REACHES	_0cf6598b8d08dad5e95281602804cb0d
1577022	1577081	REACHES	_0cf6598b8d08dad5e95281602804cb0d
1577096	1577128	REACHES	_aa2d16be0db53be887bc823b723159da
1577057	1577164	REACHES	_0cf6598b8d08dad5e95281602804cb0d
1577022	1577164	REACHES	_0cf6598b8d08dad5e95281602804cb0d
1577110	1577128	REACHES	_a05342277735ec6a0e8a4e3276a3a5ea
1577158	1577173	REACHES	* _9125aaa3fcc17062abac398b6e48a433
1577038	1577052	REACHES	_e9bcadecec815b7044149f69252a2692
1577038	1577062	REACHES	_e9bcadecec815b7044149f69252a2692
1577038	1577072	REACHES	_e9bcadecec815b7044149f69252a2692
1577038	1577084	REACHES	_e9bcadecec815b7044149f69252a2692
1577038	1577158	REACHES	_e9bcadecec815b7044149f69252a2692
1577091	1577158	REACHES	_e9bcadecec815b7044149f69252a2692
1577072	1577062	REACHES	* _e9bcadecec815b7044149f69252a2692
1577169	1577158	REACHES	_9125aaa3fcc17062abac398b6e48a433
1577119	1577150	REACHES	_e7ce0c1590639c73c7e55ec51cfadf2a
1577172	1577169	CONTROLS	
1577172	1577022	CONTROLS	
1577172	1577029	CONTROLS	
1577172	1577038	CONTROLS	
1577172	1577052	CONTROLS	
1577172	1577081	CONTROLS	
1577172	1577096	CONTROLS	
1577172	1577103	CONTROLS	
1577172	1577110	CONTROLS	
1577172	1577119	CONTROLS	
1577172	1577128	CONTROLS	
1577172	1577150	CONTROLS	
1577172	1577158	CONTROLS	
1577172	1577164	CONTROLS	
1577078	1577038	CONTROLS	
1577078	1577052	CONTROLS	
1577052	1577057	CONTROLS	
1577052	1577061	CONTROLS	
1577052	1577062	CONTROLS	
1577052	1577072	CONTROLS	
1577052	1577078	CONTROLS	
1577081	1577084	CONTROLS	
1577081	1577091	CONTROLS	
1577057	1577061	DOM	
1577029	1577038	DOM	
1577172	1577172	DOM	
1577150	1577158	DOM	
1577072	1577078	DOM	
1577096	1577103	DOM	
1577103	1577110	DOM	
1577081	1577084	DOM	
1577084	1577091	DOM	
1577052	1577081	DOM	
1577110	1577119	DOM	
1577062	1577072	DOM	
1577022	1577029	DOM	
1577158	1577164	DOM	
1577052	1577062	DOM	
1577081	1577096	DOM	
1577119	1577128	DOM	
1577038	1577052	DOM	
1577128	1577150	DOM	
1577052	1577057	DOM	
1577164	1577173	DOM	
1577169	1577022	DOM	
1577172	1577169	DOM	
1577081	1577061	POST_DOM	
1577052	1577038	POST_DOM	
1577164	1577158	POST_DOM	
1577081	1577078	POST_DOM	
1577169	1577172	POST_DOM	
1577110	1577103	POST_DOM	
1577119	1577110	POST_DOM	
1577091	1577084	POST_DOM	
1577096	1577091	POST_DOM	
1577096	1577081	POST_DOM	
1577128	1577119	POST_DOM	
1577078	1577072	POST_DOM	
1577173	1577164	POST_DOM	
1577072	1577062	POST_DOM	
1577038	1577029	POST_DOM	
1577150	1577128	POST_DOM	
1577103	1577096	POST_DOM	
1577158	1577150	POST_DOM	
1577081	1577052	POST_DOM	
1577061	1577057	POST_DOM	
1577173	1577173	POST_DOM	
1577029	1577022	POST_DOM	
1577022	1577169	POST_DOM	
1577019	1577020	IS_FUNCTION_OF_AST	
1577019	1577172	IS_FUNCTION_OF_CFG	
1576853	1577019	IS_FILE_OF	
1577193	1577194	DECLARES	
1577195	1577196	DECLARES	
1577197	1577198	DECLARES	
1577203	1577204	IS_AST_PARENT	
1577202	1577203	IS_AST_PARENT	
1577207	1577208	IS_AST_PARENT	
1577206	1577207	IS_AST_PARENT	
1577210	1577211	IS_AST_PARENT	
1577209	1577210	IS_AST_PARENT	
1577206	1577209	IS_AST_PARENT	
1577205	1577206	IS_AST_PARENT	
1577202	1577205	IS_AST_PARENT	
1577201	1577202	IS_AST_PARENT	
1577200	1577201	IS_AST_PARENT	
1577200	1577212	IS_AST_PARENT	
1577200	1577213	IS_AST_PARENT	
1577215	1577216	IS_AST_PARENT	
1577215	1577217	IS_AST_PARENT	
1577214	1577215	IS_AST_PARENT	
1577200	1577214	IS_AST_PARENT	
1577218	1577215	FLOWS_TO	
1577215	1577203	FLOWS_TO	
1577203	1577205	FLOWS_TO	
1577203	1577219	FLOWS_TO	
1577205	1577219	FLOWS_TO	
1577215	1577220	DEF	
1577203	1577220	USE	
1577205	1577220	USE	
1577210	1577220	USE	
1577215	1577203	REACHES	_e9bcadecec815b7044149f69252a2692
1577215	1577205	REACHES	_e9bcadecec815b7044149f69252a2692
1577218	1577215	CONTROLS	
1577218	1577203	CONTROLS	
1577203	1577205	CONTROLS	
1577218	1577215	DOM	
1577215	1577203	DOM	
1577218	1577218	DOM	
1577203	1577219	DOM	
1577203	1577205	DOM	
1577203	1577215	POST_DOM	
1577219	1577203	POST_DOM	
1577215	1577218	POST_DOM	
1577219	1577219	POST_DOM	
1577219	1577205	POST_DOM	
1577199	1577200	IS_FUNCTION_OF_AST	
1577199	1577218	IS_FUNCTION_OF_CFG	
1576853	1577199	IS_FILE_OF	
1577226	1577227	IS_AST_PARENT	
1577225	1577226	IS_AST_PARENT	
1577230	1577231	IS_AST_PARENT	
1577230	1577232	IS_AST_PARENT	
1577229	1577230	IS_AST_PARENT	
1577228	1577229	IS_AST_PARENT	
1577225	1577228	IS_AST_PARENT	
1577224	1577225	IS_AST_PARENT	
1577223	1577224	IS_AST_PARENT	
1577222	1577223	IS_AST_PARENT	
1577222	1577233	IS_AST_PARENT	
1577222	1577234	IS_AST_PARENT	
1577236	1577237	IS_AST_PARENT	
1577236	1577238	IS_AST_PARENT	
1577235	1577236	IS_AST_PARENT	
1577222	1577235	IS_AST_PARENT	
1577239	1577236	FLOWS_TO	
1577236	1577224	FLOWS_TO	
1577224	1577240	FLOWS_TO	
1577236	1577241	DEF	
1577224	1577241	USE	
1577229	1577241	USE	
1577236	1577224	REACHES	_e9bcadecec815b7044149f69252a2692
1577239	1577236	CONTROLS	
1577239	1577224	CONTROLS	
1577236	1577224	DOM	
1577224	1577240	DOM	
1577239	1577236	DOM	
1577239	1577239	DOM	
1577240	1577224	POST_DOM	
1577240	1577240	POST_DOM	
1577224	1577236	POST_DOM	
1577236	1577239	POST_DOM	
1577221	1577222	IS_FUNCTION_OF_AST	
1577221	1577239	IS_FUNCTION_OF_CFG	
1576853	1577221	IS_FILE_OF	
1577247	1577248	IS_AST_PARENT	
1577247	1577249	IS_AST_PARENT	
1577246	1577247	IS_AST_PARENT	
1577246	1577250	IS_AST_PARENT	
1577245	1577246	IS_AST_PARENT	
1577244	1577245	IS_AST_PARENT	
1577243	1577244	IS_AST_PARENT	
1577243	1577251	IS_AST_PARENT	
1577243	1577252	IS_AST_PARENT	
1577254	1577255	IS_AST_PARENT	
1577254	1577256	IS_AST_PARENT	
1577253	1577254	IS_AST_PARENT	
1577257	1577258	IS_AST_PARENT	
1577257	1577259	IS_AST_PARENT	
1577253	1577257	IS_AST_PARENT	
1577243	1577253	IS_AST_PARENT	
1577260	1577254	FLOWS_TO	
1577254	1577257	FLOWS_TO	
1577257	1577245	FLOWS_TO	
1577245	1577261	FLOWS_TO	
1577254	1577262	DEF	
1577245	1577262	USE	
1577247	1577262	USE	
1577245	1577263	DEF	
1577246	1577263	DEF	
1577257	1577264	DEF	
1577245	1577264	USE	
1577246	1577264	USE	
1577245	1577265	DEF	
1577246	1577265	DEF	
1577254	1577245	REACHES	_e9bcadecec815b7044149f69252a2692
1577245	1577261	REACHES	* _e9bcadecec815b7044149f69252a2692
1577257	1577245	REACHES	_83ae7f58a22b84244fbb0024e553aaee
1577260	1577254	CONTROLS	
1577260	1577257	CONTROLS	
1577260	1577245	CONTROLS	
1577245	1577261	DOM	
1577260	1577260	DOM	
1577260	1577254	DOM	
1577254	1577257	DOM	
1577257	1577245	DOM	
1577261	1577261	POST_DOM	
1577254	1577260	POST_DOM	
1577257	1577254	POST_DOM	
1577245	1577257	POST_DOM	
1577261	1577245	POST_DOM	
1577242	1577243	IS_FUNCTION_OF_AST	
1577242	1577260	IS_FUNCTION_OF_CFG	
1576853	1577242	IS_FILE_OF	
1577270	1577271	IS_AST_PARENT	
1577270	1577272	IS_AST_PARENT	
1577273	1577274	IS_AST_PARENT	
1577273	1577275	IS_AST_PARENT	
1577270	1577273	IS_AST_PARENT	
1577269	1577270	IS_AST_PARENT	
1577268	1577269	IS_AST_PARENT	
1577277	1577278	IS_AST_PARENT	
1577277	1577279	IS_AST_PARENT	
1577280	1577281	IS_AST_PARENT	
1577282	1577283	IS_AST_PARENT	
1577282	1577284	IS_AST_PARENT	
1577280	1577282	IS_AST_PARENT	
1577277	1577280	IS_AST_PARENT	
1577276	1577277	IS_AST_PARENT	
1577268	1577276	IS_AST_PARENT	
1577286	1577287	IS_AST_PARENT	
1577286	1577288	IS_AST_PARENT	
1577289	1577290	IS_AST_PARENT	
1577291	1577292	IS_AST_PARENT	
1577291	1577293	IS_AST_PARENT	
1577289	1577291	IS_AST_PARENT	
1577286	1577289	IS_AST_PARENT	
1577285	1577286	IS_AST_PARENT	
1577268	1577285	IS_AST_PARENT	
1577295	1577296	IS_AST_PARENT	
1577295	1577297	IS_AST_PARENT	
1577298	1577299	IS_AST_PARENT	
1577300	1577301	IS_AST_PARENT	
1577300	1577302	IS_AST_PARENT	
1577298	1577300	IS_AST_PARENT	
1577295	1577298	IS_AST_PARENT	
1577294	1577295	IS_AST_PARENT	
1577268	1577294	IS_AST_PARENT	
1577304	1577305	IS_AST_PARENT	
1577304	1577306	IS_AST_PARENT	
1577307	1577308	IS_AST_PARENT	
1577309	1577310	IS_AST_PARENT	
1577309	1577311	IS_AST_PARENT	
1577307	1577309	IS_AST_PARENT	
1577304	1577307	IS_AST_PARENT	
1577303	1577304	IS_AST_PARENT	
1577268	1577303	IS_AST_PARENT	
1577314	1577315	IS_AST_PARENT	
1577314	1577316	IS_AST_PARENT	
1577313	1577314	IS_AST_PARENT	
1577313	1577317	IS_AST_PARENT	
1577312	1577313	IS_AST_PARENT	
1577268	1577312	IS_AST_PARENT	
1577320	1577321	IS_AST_PARENT	
1577320	1577322	IS_AST_PARENT	
1577319	1577320	IS_AST_PARENT	
1577318	1577319	IS_AST_PARENT	
1577324	1577325	IS_AST_PARENT	
1577324	1577326	IS_AST_PARENT	
1577323	1577324	IS_AST_PARENT	
1577318	1577323	IS_AST_PARENT	
1577327	1577328	IS_AST_PARENT	
1577327	1577329	IS_AST_PARENT	
1577318	1577327	IS_AST_PARENT	
1577331	1577332	IS_AST_PARENT	
1577330	1577331	IS_AST_PARENT	
1577318	1577330	IS_AST_PARENT	
1577268	1577318	IS_AST_PARENT	
1577335	1577336	IS_AST_PARENT	
1577335	1577337	IS_AST_PARENT	
1577334	1577335	IS_AST_PARENT	
1577338	1577339	IS_AST_PARENT	
1577338	1577340	IS_AST_PARENT	
1577334	1577338	IS_AST_PARENT	
1577333	1577334	IS_AST_PARENT	
1577268	1577333	IS_AST_PARENT	
1577343	1577344	IS_AST_PARENT	
1577343	1577345	IS_AST_PARENT	
1577342	1577343	IS_AST_PARENT	
1577346	1577347	IS_AST_PARENT	
1577346	1577348	IS_AST_PARENT	
1577342	1577346	IS_AST_PARENT	
1577341	1577342	IS_AST_PARENT	
1577268	1577341	IS_AST_PARENT	
1577349	1577350	IS_AST_PARENT	
1577268	1577349	IS_AST_PARENT	
1577267	1577268	IS_AST_PARENT	
1577267	1577351	IS_AST_PARENT	
1577267	1577352	IS_AST_PARENT	
1577354	1577355	IS_AST_PARENT	
1577354	1577356	IS_AST_PARENT	
1577353	1577354	IS_AST_PARENT	
1577357	1577358	IS_AST_PARENT	
1577357	1577359	IS_AST_PARENT	
1577353	1577357	IS_AST_PARENT	
1577267	1577353	IS_AST_PARENT	
1577360	1577354	FLOWS_TO	
1577354	1577357	FLOWS_TO	
1577357	1577269	FLOWS_TO	
1577269	1577276	FLOWS_TO	
1577276	1577285	FLOWS_TO	
1577285	1577294	FLOWS_TO	
1577294	1577303	FLOWS_TO	
1577303	1577312	FLOWS_TO	
1577312	1577319	FLOWS_TO	
1577323	1577331	FLOWS_TO	
1577323	1577333	FLOWS_TO	
1577319	1577323	FLOWS_TO	
1577327	1577323	FLOWS_TO	
1577331	1577361	FLOWS_TO	
1577333	1577341	FLOWS_TO	
1577341	1577349	FLOWS_TO	
1577349	1577361	FLOWS_TO	
1577303	1577362	USE	
1577307	1577362	USE	
1577276	1577363	USE	
1577280	1577363	USE	
1577294	1577363	USE	
1577298	1577363	USE	
1577357	1577364	DEF	
1577285	1577365	DEF	
1577289	1577365	DEF	
1577286	1577365	DEF	
1577294	1577366	DEF	
1577298	1577366	DEF	
1577295	1577366	DEF	
1577303	1577367	DEF	
1577307	1577367	DEF	
1577304	1577367	DEF	
1577312	1577367	USE	
1577314	1577367	USE	
1577333	1577367	USE	
1577335	1577367	USE	
1577338	1577367	USE	
1577341	1577367	USE	
1577343	1577367	USE	
1577346	1577367	USE	
1577276	1577368	DEF	
1577280	1577368	DEF	
1577277	1577368	DEF	
1577312	1577368	USE	
1577313	1577368	USE	
1577312	1577369	DEF	
1577313	1577369	DEF	
1577333	1577369	DEF	
1577334	1577369	DEF	
1577333	1577369	USE	
1577334	1577369	USE	
1577341	1577369	DEF	
1577342	1577369	DEF	
1577341	1577369	USE	
1577342	1577369	USE	
1577354	1577370	DEF	
1577331	1577370	USE	
1577349	1577370	USE	
1577269	1577371	DEF	
1577270	1577371	DEF	
1577273	1577371	DEF	
1577323	1577371	USE	
1577319	1577371	DEF	
1577320	1577371	DEF	
1577327	1577371	USE	
1577327	1577371	DEF	
1577303	1577312	REACHES	_e7ce0c1590639c73c7e55ec51cfadf2a
1577303	1577333	REACHES	_e7ce0c1590639c73c7e55ec51cfadf2a
1577303	1577341	REACHES	_e7ce0c1590639c73c7e55ec51cfadf2a
1577276	1577312	REACHES	_aa2d16be0db53be887bc823b723159da
1577312	1577333	REACHES	* _e7ce0c1590639c73c7e55ec51cfadf2a
1577333	1577341	REACHES	* _e7ce0c1590639c73c7e55ec51cfadf2a
1577354	1577331	REACHES	_98d7d5dd38e6e023d2861d6faae09b57
1577354	1577349	REACHES	_98d7d5dd38e6e023d2861d6faae09b57
1577327	1577323	REACHES	_a05342277735ec6a0e8a4e3276a3a5ea
1577319	1577323	REACHES	_a05342277735ec6a0e8a4e3276a3a5ea
1577360	1577354	CONTROLS	
1577360	1577357	CONTROLS	
1577360	1577269	CONTROLS	
1577360	1577276	CONTROLS	
1577360	1577285	CONTROLS	
1577360	1577294	CONTROLS	
1577360	1577303	CONTROLS	
1577360	1577312	CONTROLS	
1577360	1577319	CONTROLS	
1577360	1577323	CONTROLS	
1577323	1577331	CONTROLS	
1577323	1577333	CONTROLS	
1577323	1577341	CONTROLS	
1577323	1577349	CONTROLS	
1577269	1577276	DOM	
1577360	1577354	DOM	
1577319	1577323	DOM	
1577323	1577361	DOM	
1577323	1577333	DOM	
1577341	1577349	DOM	
1577360	1577360	DOM	
1577303	1577312	DOM	
1577276	1577285	DOM	
1577357	1577269	DOM	
1577312	1577319	DOM	
1577333	1577341	DOM	
1577285	1577294	DOM	
1577354	1577357	DOM	
1577323	1577331	DOM	
1577294	1577303	DOM	
1577285	1577276	POST_DOM	
1577361	1577323	POST_DOM	
1577357	1577354	POST_DOM	
1577361	1577361	POST_DOM	
1577341	1577333	POST_DOM	
1577361	1577349	POST_DOM	
1577354	1577360	POST_DOM	
1577319	1577312	POST_DOM	
1577294	1577285	POST_DOM	
1577276	1577269	POST_DOM	
1577323	1577319	POST_DOM	
1577349	1577341	POST_DOM	
1577303	1577294	POST_DOM	
1577361	1577331	POST_DOM	
1577269	1577357	POST_DOM	
1577312	1577303	POST_DOM	
1577323	1577327	POST_DOM	
1577266	1577267	IS_FUNCTION_OF_AST	
1577266	1577360	IS_FUNCTION_OF_CFG	
1576853	1577266	IS_FILE_OF	
1577376	1577377	IS_AST_PARENT	
1577376	1577378	IS_AST_PARENT	
1577379	1577380	IS_AST_PARENT	
1577381	1577382	IS_AST_PARENT	
1577381	1577383	IS_AST_PARENT	
1577379	1577381	IS_AST_PARENT	
1577376	1577379	IS_AST_PARENT	
1577375	1577376	IS_AST_PARENT	
1577374	1577375	IS_AST_PARENT	
1577385	1577386	IS_AST_PARENT	
1577385	1577387	IS_AST_PARENT	
1577385	1577388	IS_AST_PARENT	
1577384	1577385	IS_AST_PARENT	
1577374	1577384	IS_AST_PARENT	
1577390	1577391	IS_AST_PARENT	
1577390	1577392	IS_AST_PARENT	
1577389	1577390	IS_AST_PARENT	
1577374	1577389	IS_AST_PARENT	
1577395	1577396	IS_AST_PARENT	
1577397	1577398	IS_AST_PARENT	
1577397	1577399	IS_AST_PARENT	
1577395	1577397	IS_AST_PARENT	
1577394	1577395	IS_AST_PARENT	
1577393	1577394	IS_AST_PARENT	
1577400	1577401	IS_AST_PARENT	
1577393	1577400	IS_AST_PARENT	
1577374	1577393	IS_AST_PARENT	
1577403	1577404	IS_AST_PARENT	
1577402	1577403	IS_AST_PARENT	
1577408	1577409	IS_AST_PARENT	
1577407	1577408	IS_AST_PARENT	
1577413	1577414	IS_AST_PARENT	
1577412	1577413	IS_AST_PARENT	
1577412	1577415	IS_AST_PARENT	
1577411	1577412	IS_AST_PARENT	
1577410	1577411	IS_AST_PARENT	
1577416	1577417	IS_AST_PARENT	
1577410	1577416	IS_AST_PARENT	
1577418	1577419	IS_AST_PARENT	
1577410	1577418	IS_AST_PARENT	
1577421	1577422	IS_AST_PARENT	
1577421	1577423	IS_AST_PARENT	
1577420	1577421	IS_AST_PARENT	
1577410	1577420	IS_AST_PARENT	
1577407	1577410	IS_AST_PARENT	
1577406	1577407	IS_AST_PARENT	
1577405	1577406	IS_AST_PARENT	
1577402	1577405	IS_AST_PARENT	
1577374	1577402	IS_AST_PARENT	
1577426	1577427	IS_AST_PARENT	
1577425	1577426	IS_AST_PARENT	
1577429	1577430	IS_AST_PARENT	
1577428	1577429	IS_AST_PARENT	
1577425	1577428	IS_AST_PARENT	
1577424	1577425	IS_AST_PARENT	
1577374	1577424	IS_AST_PARENT	
1577373	1577374	IS_AST_PARENT	
1577373	1577431	IS_AST_PARENT	
1577373	1577432	IS_AST_PARENT	
1577434	1577435	IS_AST_PARENT	
1577434	1577436	IS_AST_PARENT	
1577433	1577434	IS_AST_PARENT	
1577437	1577438	IS_AST_PARENT	
1577437	1577439	IS_AST_PARENT	
1577433	1577437	IS_AST_PARENT	
1577440	1577441	IS_AST_PARENT	
1577440	1577442	IS_AST_PARENT	
1577433	1577440	IS_AST_PARENT	
1577373	1577433	IS_AST_PARENT	
1577443	1577434	FLOWS_TO	
1577434	1577437	FLOWS_TO	
1577437	1577440	FLOWS_TO	
1577440	1577375	FLOWS_TO	
1577375	1577384	FLOWS_TO	
1577384	1577389	FLOWS_TO	
1577389	1577394	FLOWS_TO	
1577394	1577400	FLOWS_TO	
1577394	1577403	FLOWS_TO	
1577400	1577444	FLOWS_TO	
1577403	1577406	FLOWS_TO	
1577403	1577424	FLOWS_TO	
1577406	1577424	FLOWS_TO	
1577424	1577444	FLOWS_TO	
1577406	1577445	USE	
1577416	1577445	USE	
1577394	1577446	USE	
1577437	1577447	DEF	
1577424	1577447	USE	
1577429	1577447	USE	
1577440	1577448	DEF	
1577403	1577448	USE	
1577375	1577449	DEF	
1577379	1577449	DEF	
1577376	1577449	DEF	
1577394	1577449	USE	
1577397	1577449	USE	
1577406	1577450	USE	
1577411	1577450	USE	
1577434	1577451	DEF	
1577375	1577451	USE	
1577379	1577451	USE	
1577394	1577452	USE	
1577389	1577453	DEF	
1577390	1577453	DEF	
1577424	1577454	USE	
1577384	1577455	DEF	
1577385	1577455	DEF	
1577406	1577456	USE	
1577420	1577456	USE	
1577406	1577457	USE	
1577420	1577457	USE	
1577375	1577394	REACHES	_c6305708d23a03f09eead5f9bd1f654a
1577434	1577375	REACHES	_e9bcadecec815b7044149f69252a2692
1577437	1577424	REACHES	_c22a20e139a23245d4ba790949f662e9
1577440	1577403	REACHES	_c5d81061d8e88f3f79d3e9a32bcc727b
1577443	1577434	CONTROLS	
1577443	1577437	CONTROLS	
1577443	1577440	CONTROLS	
1577443	1577375	CONTROLS	
1577443	1577384	CONTROLS	
1577443	1577389	CONTROLS	
1577443	1577394	CONTROLS	
1577394	1577400	CONTROLS	
1577394	1577403	CONTROLS	
1577394	1577424	CONTROLS	
1577403	1577406	CONTROLS	
1577437	1577440	DOM	
1577394	1577400	DOM	
1577403	1577424	DOM	
1577389	1577394	DOM	
1577434	1577437	DOM	
1577403	1577406	DOM	
1577384	1577389	DOM	
1577375	1577384	DOM	
1577394	1577403	DOM	
1577440	1577375	DOM	
1577394	1577444	DOM	
1577443	1577443	DOM	
1577443	1577434	DOM	
1577444	1577400	POST_DOM	
1577375	1577440	POST_DOM	
1577444	1577424	POST_DOM	
1577444	1577394	POST_DOM	
1577440	1577437	POST_DOM	
1577424	1577406	POST_DOM	
1577394	1577389	POST_DOM	
1577389	1577384	POST_DOM	
1577424	1577403	POST_DOM	
1577384	1577375	POST_DOM	
1577444	1577444	POST_DOM	
1577434	1577443	POST_DOM	
1577437	1577434	POST_DOM	
1577372	1577373	IS_FUNCTION_OF_AST	
1577372	1577443	IS_FUNCTION_OF_CFG	
1576853	1577372	IS_FILE_OF	
1577458	1577459	DECLARES	
