command	key	type	code	location	functionId	childNum	isCFGNode	operator	baseType	completeType	identifier
ANR	1576853	File	/home/lnk/project/python/cxxdetect/joern_slicer/data_src/c3-8789845f90ce4a10de495ea34896a990-D2A43C1AC6FD78A57CABA20ADF160CBF/p_028/src/user.c								
ANR	1576854	DeclStmt									
ANR	1576855	Decl							const char	const char [ ]	retryWarning
ANR	1576856	DeclStmt									
ANR	1576857	Decl							const char	const char [ ]	prompt
ANR	1576858	DeclStmt									
ANR	1576859	Decl							const char	const char [ ]	nt_retryWarning
ANR	1576860	ClassDef	_ec3045bba931606167ca2ea950309435	24:0:433:595							
ANR	1576861	DeclStmt									
ANR	1576862	Decl							_fcae8c03bfb8b2b245e94cf251e75375	_fcae8c03bfb8b2b245e94cf251e75375	_7547e5db7306da95e5fb9ca761b12917
ANR	1576863	DeclStmt									
ANR	1576864	Decl							PRBool	PRBool	_ca3e3a57586725b0d91c3fcc9f6f34c1
ANR	1576865	DeclStmt									
ANR	1576866	Decl							const struct _a8a12a1287d80e280809a517a00fa48a	const struct _a8a12a1287d80e280809a517a00fa48a	vtable
ANR	1576867	DeclStmt									
ANR	1576868	Decl							extern char	extern char * ( const char * _c22a20e139a23245d4ba790949f662e9 )	NT_PromptForPin
ANR	1576869	Function	_7b9efcf68082d22ffdc614f6f355cae8	38:0:801:1483							
ANR	1576870	FunctionDef	_7b9efcf68082d22ffdc614f6f355cae8 (int _f0d76cb837b7fac86cc7568653865a07)		1576869	0					
ANR	1576871	CompoundStatement		39:0:886:1483	1576869	0					
ANR	1576872	IfStatement	if ( isatty ( _f0d76cb837b7fac86cc7568653865a07 ) )		1576869	0					
ANR	1576873	Condition	isatty ( _f0d76cb837b7fac86cc7568653865a07 )	40:8:896:936	1576869	0	True				
ANR	1576874	CallExpression	isatty ( _f0d76cb837b7fac86cc7568653865a07 )		1576869	0					
ANR	1576875	Callee	isatty		1576869	0					
ANR	1576876	Identifier	isatty		1576869	0					
ANR	1576877	ArgumentList	_f0d76cb837b7fac86cc7568653865a07		1576869	1					
ANR	1576878	Argument	_f0d76cb837b7fac86cc7568653865a07		1576869	0					
ANR	1576879	Identifier	_f0d76cb837b7fac86cc7568653865a07		1576869	0					
ANR	1576880	CompoundStatement		4:8:66:114	1576869	1					
ANR	1576881	IdentifierDeclStatement	struct termios _599095ca7a06f38a993e080a2b8db146 ;	42:8:953:1001	1576869	0	True				
ANR	1576882	IdentifierDecl	_599095ca7a06f38a993e080a2b8db146		1576869	0					
ANR	1576883	IdentifierDeclType	struct termios		1576869	0					
ANR	1576884	Identifier	_599095ca7a06f38a993e080a2b8db146		1576869	1					
ANR	1576885	ExpressionStatement	"tcgetattr ( _f0d76cb837b7fac86cc7568653865a07 , & _599095ca7a06f38a993e080a2b8db146 )"	43:8:1011:1091	1576869	1	True				
ANR	1576886	CallExpression	"tcgetattr ( _f0d76cb837b7fac86cc7568653865a07 , & _599095ca7a06f38a993e080a2b8db146 )"		1576869	0					
ANR	1576887	Callee	tcgetattr		1576869	0					
ANR	1576888	Identifier	tcgetattr		1576869	0					
ANR	1576889	ArgumentList	_f0d76cb837b7fac86cc7568653865a07		1576869	1					
ANR	1576890	Argument	_f0d76cb837b7fac86cc7568653865a07		1576869	0					
ANR	1576891	Identifier	_f0d76cb837b7fac86cc7568653865a07		1576869	0					
ANR	1576892	Argument	& _599095ca7a06f38a993e080a2b8db146		1576869	1					
ANR	1576893	UnaryOperationExpression	& _599095ca7a06f38a993e080a2b8db146		1576869	0					
ANR	1576894	UnaryOperator	&		1576869	0					
ANR	1576895	Identifier	_599095ca7a06f38a993e080a2b8db146		1576869	1					
ANR	1576896	CompoundStatement		8:12:284:359	1576869	2					
ANR	1576897	IdentifierDeclStatement	int _52d904ab29d937ec64dbc51eb73e13d7 = 1L ;	45:12:1115:1157	1576869	0	True				
ANR	1576898	IdentifierDecl	_52d904ab29d937ec64dbc51eb73e13d7 = 1L		1576869	0					
ANR	1576899	IdentifierDeclType	int		1576869	0					
ANR	1576900	Identifier	_52d904ab29d937ec64dbc51eb73e13d7		1576869	1					
ANR	1576901	AssignmentExpression	_52d904ab29d937ec64dbc51eb73e13d7 = 1L		1576869	2		=			
ANR	1576902	Identifier	_52d904ab29d937ec64dbc51eb73e13d7		1576869	0					
ANR	1576903	PrimaryExpression	1L		1576869	1					
ANR	1576904	IdentifierDeclStatement	int * _02d3b7f9d30c2a108592a530b76111e0 = & _52d904ab29d937ec64dbc51eb73e13d7 ;	46:12:1171:1246	1576869	1	True				
ANR	1576905	IdentifierDecl	* _02d3b7f9d30c2a108592a530b76111e0 = & _52d904ab29d937ec64dbc51eb73e13d7		1576869	0					
ANR	1576906	IdentifierDeclType	int *		1576869	0					
ANR	1576907	Identifier	_02d3b7f9d30c2a108592a530b76111e0		1576869	1					
ANR	1576908	AssignmentExpression	* _02d3b7f9d30c2a108592a530b76111e0 = & _52d904ab29d937ec64dbc51eb73e13d7		1576869	2		=			
ANR	1576909	Identifier	_02d3b7f9d30c2a108592a530b76111e0		1576869	0					
ANR	1576910	UnaryOperationExpression	& _52d904ab29d937ec64dbc51eb73e13d7		1576869	1					
ANR	1576911	UnaryOperator	&		1576869	0					
ANR	1576912	Identifier	_52d904ab29d937ec64dbc51eb73e13d7		1576869	1					
ANR	1576913	ExpressionStatement	_02d3b7f9d30c2a108592a530b76111e0 = ( void * ) 0	47:12:1260:1304	1576869	2	True				
ANR	1576914	AssignmentExpression	_02d3b7f9d30c2a108592a530b76111e0 = ( void * ) 0		1576869	0		=			
ANR	1576915	Identifier	_02d3b7f9d30c2a108592a530b76111e0		1576869	0					
ANR	1576916	CastExpression	( void * ) 0		1576869	1					
ANR	1576917	CastTarget	void *		1576869	0					
ANR	1576918	PrimaryExpression	0		1576869	1					
ANR	1576919	ExpressionStatement	_599095ca7a06f38a993e080a2b8db146 . c_lflag &= ~ECHO	49:8:1324:1374	1576869	3	True				
ANR	1576920	AssignmentExpression	_599095ca7a06f38a993e080a2b8db146 . c_lflag &= ~ECHO		1576869	0		&=			
ANR	1576921	MemberAccess	_599095ca7a06f38a993e080a2b8db146 . c_lflag		1576869	0					
ANR	1576922	Identifier	_599095ca7a06f38a993e080a2b8db146		1576869	0					
ANR	1576923	Identifier	c_lflag		1576869	1					
ANR	1576924	Identifier	~ECHO		1576869	1					
ANR	1576925	ExpressionStatement	"tcsetattr ( _f0d76cb837b7fac86cc7568653865a07 , TCSAFLUSH , & _599095ca7a06f38a993e080a2b8db146 )"	50:8:1384:1475	1576869	4	True				
ANR	1576926	CallExpression	"tcsetattr ( _f0d76cb837b7fac86cc7568653865a07 , TCSAFLUSH , & _599095ca7a06f38a993e080a2b8db146 )"		1576869	0					
ANR	1576927	Callee	tcsetattr		1576869	0					
ANR	1576928	Identifier	tcsetattr		1576869	0					
ANR	1576929	ArgumentList	_f0d76cb837b7fac86cc7568653865a07		1576869	1					
ANR	1576930	Argument	_f0d76cb837b7fac86cc7568653865a07		1576869	0					
ANR	1576931	Identifier	_f0d76cb837b7fac86cc7568653865a07		1576869	0					
ANR	1576932	Argument	TCSAFLUSH		1576869	1					
ANR	1576933	Identifier	TCSAFLUSH		1576869	0					
ANR	1576934	Argument	& _599095ca7a06f38a993e080a2b8db146		1576869	2					
ANR	1576935	UnaryOperationExpression	& _599095ca7a06f38a993e080a2b8db146		1576869	0					
ANR	1576936	UnaryOperator	&		1576869	0					
ANR	1576937	Identifier	_599095ca7a06f38a993e080a2b8db146		1576869	1					
ANR	1576938	ReturnType	static void		1576869	1					
ANR	1576939	Identifier	_7b9efcf68082d22ffdc614f6f355cae8		1576869	2					
ANR	1576940	ParameterList	int _f0d76cb837b7fac86cc7568653865a07		1576869	3					
ANR	1576941	Parameter	int _f0d76cb837b7fac86cc7568653865a07	38:46:847:883	1576869	0	True				
ANR	1576942	ParameterType	int		1576869	0					
ANR	1576943	Identifier	_f0d76cb837b7fac86cc7568653865a07		1576869	1					
ANR	1576944	CFGEntryNode	ENTRY		1576869		True				
ANR	1576945	CFGExitNode	EXIT		1576869		True				
ANR	1576946	Symbol	TCSAFLUSH		1576869						
ANR	1576947	Symbol	_f0d76cb837b7fac86cc7568653865a07		1576869						
ANR	1576948	Symbol	& _599095ca7a06f38a993e080a2b8db146		1576869						
ANR	1576949	Symbol	& _52d904ab29d937ec64dbc51eb73e13d7		1576869						
ANR	1576950	Symbol	_599095ca7a06f38a993e080a2b8db146		1576869						
ANR	1576951	Symbol	_52d904ab29d937ec64dbc51eb73e13d7		1576869						
ANR	1576952	Symbol	_02d3b7f9d30c2a108592a530b76111e0		1576869						
ANR	1576953	Symbol	~ECHO		1576869						
ANR	1576954	Symbol	isatty		1576869						
ANR	1576955	Symbol	_599095ca7a06f38a993e080a2b8db146 . c_lflag		1576869						
ANR	1576956	DeclStmt									
ANR	1576957	Decl							void	void ( int )	_918a6a63464c88b83f369300e8d9eb61
ANR	1576958	Function	_918a6a63464c88b83f369300e8d9eb61	57:0:1577:2035							
ANR	1576959	FunctionDef	_918a6a63464c88b83f369300e8d9eb61 (int _f0d76cb837b7fac86cc7568653865a07)		1576958	0					
ANR	1576960	CompoundStatement		58:0:1662:2035	1576958	0					
ANR	1576961	IfStatement	if ( isatty ( _f0d76cb837b7fac86cc7568653865a07 ) )		1576958	0					
ANR	1576962	Condition	isatty ( _f0d76cb837b7fac86cc7568653865a07 )	59:8:1672:1712	1576958	0	True				
ANR	1576963	CallExpression	isatty ( _f0d76cb837b7fac86cc7568653865a07 )		1576958	0					
ANR	1576964	Callee	isatty		1576958	0					
ANR	1576965	Identifier	isatty		1576958	0					
ANR	1576966	ArgumentList	_f0d76cb837b7fac86cc7568653865a07		1576958	1					
ANR	1576967	Argument	_f0d76cb837b7fac86cc7568653865a07		1576958	0					
ANR	1576968	Identifier	_f0d76cb837b7fac86cc7568653865a07		1576958	0					
ANR	1576969	CompoundStatement		4:8:66:114	1576958	1					
ANR	1576970	IdentifierDeclStatement	struct termios _599095ca7a06f38a993e080a2b8db146 ;	61:8:1729:1777	1576958	0	True				
ANR	1576971	IdentifierDecl	_599095ca7a06f38a993e080a2b8db146		1576958	0					
ANR	1576972	IdentifierDeclType	struct termios		1576958	0					
ANR	1576973	Identifier	_599095ca7a06f38a993e080a2b8db146		1576958	1					
ANR	1576974	ExpressionStatement	"tcgetattr ( _f0d76cb837b7fac86cc7568653865a07 , & _599095ca7a06f38a993e080a2b8db146 )"	62:8:1787:1867	1576958	1	True				
ANR	1576975	CallExpression	"tcgetattr ( _f0d76cb837b7fac86cc7568653865a07 , & _599095ca7a06f38a993e080a2b8db146 )"		1576958	0					
ANR	1576976	Callee	tcgetattr		1576958	0					
ANR	1576977	Identifier	tcgetattr		1576958	0					
ANR	1576978	ArgumentList	_f0d76cb837b7fac86cc7568653865a07		1576958	1					
ANR	1576979	Argument	_f0d76cb837b7fac86cc7568653865a07		1576958	0					
ANR	1576980	Identifier	_f0d76cb837b7fac86cc7568653865a07		1576958	0					
ANR	1576981	Argument	& _599095ca7a06f38a993e080a2b8db146		1576958	1					
ANR	1576982	UnaryOperationExpression	& _599095ca7a06f38a993e080a2b8db146		1576958	0					
ANR	1576983	UnaryOperator	&		1576958	0					
ANR	1576984	Identifier	_599095ca7a06f38a993e080a2b8db146		1576958	1					
ANR	1576985	ExpressionStatement	_599095ca7a06f38a993e080a2b8db146 . c_lflag |= ECHO	63:8:1877:1926	1576958	2	True				
ANR	1576986	AssignmentExpression	_599095ca7a06f38a993e080a2b8db146 . c_lflag |= ECHO		1576958	0		|=			
ANR	1576987	MemberAccess	_599095ca7a06f38a993e080a2b8db146 . c_lflag		1576958	0					
ANR	1576988	Identifier	_599095ca7a06f38a993e080a2b8db146		1576958	0					
ANR	1576989	Identifier	c_lflag		1576958	1					
ANR	1576990	Identifier	ECHO		1576958	1					
ANR	1576991	ExpressionStatement	"tcsetattr ( _f0d76cb837b7fac86cc7568653865a07 , TCSAFLUSH , & _599095ca7a06f38a993e080a2b8db146 )"	64:8:1936:2027	1576958	3	True				
ANR	1576992	CallExpression	"tcsetattr ( _f0d76cb837b7fac86cc7568653865a07 , TCSAFLUSH , & _599095ca7a06f38a993e080a2b8db146 )"		1576958	0					
ANR	1576993	Callee	tcsetattr		1576958	0					
ANR	1576994	Identifier	tcsetattr		1576958	0					
ANR	1576995	ArgumentList	_f0d76cb837b7fac86cc7568653865a07		1576958	1					
ANR	1576996	Argument	_f0d76cb837b7fac86cc7568653865a07		1576958	0					
ANR	1576997	Identifier	_f0d76cb837b7fac86cc7568653865a07		1576958	0					
ANR	1576998	Argument	TCSAFLUSH		1576958	1					
ANR	1576999	Identifier	TCSAFLUSH		1576958	0					
ANR	1577000	Argument	& _599095ca7a06f38a993e080a2b8db146		1576958	2					
ANR	1577001	UnaryOperationExpression	& _599095ca7a06f38a993e080a2b8db146		1576958	0					
ANR	1577002	UnaryOperator	&		1576958	0					
ANR	1577003	Identifier	_599095ca7a06f38a993e080a2b8db146		1576958	1					
ANR	1577004	ReturnType	static void		1576958	1					
ANR	1577005	Identifier	_918a6a63464c88b83f369300e8d9eb61		1576958	2					
ANR	1577006	ParameterList	int _f0d76cb837b7fac86cc7568653865a07		1576958	3					
ANR	1577007	Parameter	int _f0d76cb837b7fac86cc7568653865a07	57:46:1623:1659	1576958	0	True				
ANR	1577008	ParameterType	int		1576958	0					
ANR	1577009	Identifier	_f0d76cb837b7fac86cc7568653865a07		1576958	1					
ANR	1577010	CFGEntryNode	ENTRY		1576958		True				
ANR	1577011	CFGExitNode	EXIT		1576958		True				
ANR	1577012	Symbol	ECHO		1576958						
ANR	1577013	Symbol	TCSAFLUSH		1576958						
ANR	1577014	Symbol	_f0d76cb837b7fac86cc7568653865a07		1576958						
ANR	1577015	Symbol	& _599095ca7a06f38a993e080a2b8db146		1576958						
ANR	1577016	Symbol	_599095ca7a06f38a993e080a2b8db146		1576958						
ANR	1577017	Symbol	isatty		1576958						
ANR	1577018	Symbol	_599095ca7a06f38a993e080a2b8db146 . c_lflag		1576958						
ANR	1577019	Function	_08c33ce2f05c8f3df0f392e89c586060	70:0:2046:3791							
ANR	1577020	FunctionDef	_08c33ce2f05c8f3df0f392e89c586060 (_ec3045bba931606167ca2ea950309435 * * _9125aaa3fcc17062abac398b6e48a433)		1577019	0					
ANR	1577021	CompoundStatement		71:0:2164:3791	1577019	0					
ANR	1577022	IdentifierDeclStatement	SVRCOREError _0cf6598b8d08dad5e95281602804cb0d = 0 ;	72:4:2170:2220	1577019	0	True				
ANR	1577023	IdentifierDecl	_0cf6598b8d08dad5e95281602804cb0d = 0		1577019	0					
ANR	1577024	IdentifierDeclType	SVRCOREError		1577019	0					
ANR	1577025	Identifier	_0cf6598b8d08dad5e95281602804cb0d		1577019	1					
ANR	1577026	AssignmentExpression	_0cf6598b8d08dad5e95281602804cb0d = 0		1577019	2		=			
ANR	1577027	Identifier	_0cf6598b8d08dad5e95281602804cb0d		1577019	0					
ANR	1577028	PrimaryExpression	0		1577019	1					
ANR	1577029	IdentifierDeclStatement	_ec3045bba931606167ca2ea950309435 * _e9bcadecec815b7044149f69252a2692 = 0 ;	73:4:2226:2298	1577019	1	True				
ANR	1577030	IdentifierDecl	* _e9bcadecec815b7044149f69252a2692 = 0		1577019	0					
ANR	1577031	IdentifierDeclType	_ec3045bba931606167ca2ea950309435 *		1577019	0					
ANR	1577032	Identifier	_e9bcadecec815b7044149f69252a2692		1577019	1					
ANR	1577033	AssignmentExpression	* _e9bcadecec815b7044149f69252a2692 = 0		1577019	2		=			
ANR	1577034	Identifier	_e9bcadecec815b7044149f69252a2692		1577019	0					
ANR	1577035	PrimaryExpression	0		1577019	1					
ANR	1577036	DoStatement	do		1577019	2					
ANR	1577037	CompoundStatement		5:4:146:146	1577019	0					
ANR	1577038	ExpressionStatement	_e9bcadecec815b7044149f69252a2692 = ( _ec3045bba931606167ca2ea950309435 * ) malloc ( sizeof ( _ec3045bba931606167ca2ea950309435 ) )	76:8:2321:2443	1577019	0	True				
ANR	1577039	AssignmentExpression	_e9bcadecec815b7044149f69252a2692 = ( _ec3045bba931606167ca2ea950309435 * ) malloc ( sizeof ( _ec3045bba931606167ca2ea950309435 ) )		1577019	0		=			
ANR	1577040	Identifier	_e9bcadecec815b7044149f69252a2692		1577019	0					
ANR	1577041	CastExpression	( _ec3045bba931606167ca2ea950309435 * ) malloc ( sizeof ( _ec3045bba931606167ca2ea950309435 ) )		1577019	1					
ANR	1577042	CastTarget	_ec3045bba931606167ca2ea950309435 *		1577019	0					
ANR	1577043	CallExpression	malloc ( sizeof ( _ec3045bba931606167ca2ea950309435 ) )		1577019	1					
ANR	1577044	Callee	malloc		1577019	0					
ANR	1577045	Identifier	malloc		1577019	0					
ANR	1577046	ArgumentList	sizeof ( _ec3045bba931606167ca2ea950309435 )		1577019	1					
ANR	1577047	Argument	sizeof ( _ec3045bba931606167ca2ea950309435 )		1577019	0					
ANR	1577048	SizeofExpression	sizeof ( _ec3045bba931606167ca2ea950309435 )		1577019	0					
ANR	1577049	Sizeof	sizeof		1577019	0					
ANR	1577050	SizeofOperand	_ec3045bba931606167ca2ea950309435		1577019	1					
ANR	1577051	IfStatement	if ( ! _e9bcadecec815b7044149f69252a2692 )		1577019	1					
ANR	1577052	Condition	! _e9bcadecec815b7044149f69252a2692	77:12:2457:2490	1577019	0	True				
ANR	1577053	UnaryOperationExpression	! _e9bcadecec815b7044149f69252a2692		1577019	0					
ANR	1577054	UnaryOperator	!		1577019	0					
ANR	1577055	Identifier	_e9bcadecec815b7044149f69252a2692		1577019	1					
ANR	1577056	CompoundStatement		8:8:336:336	1577019	1					
ANR	1577057	ExpressionStatement	_0cf6598b8d08dad5e95281602804cb0d = 1	79:12:2515:2552	1577019	0	True				
ANR	1577058	AssignmentExpression	_0cf6598b8d08dad5e95281602804cb0d = 1		1577019	0		=			
ANR	1577059	Identifier	_0cf6598b8d08dad5e95281602804cb0d		1577019	0					
ANR	1577060	PrimaryExpression	1		1577019	1					
ANR	1577061	BreakStatement	break ;	80:12:2566:2571	1577019	1	True				
ANR	1577062	ExpressionStatement	_e9bcadecec815b7044149f69252a2692 -> _7547e5db7306da95e5fb9ca761b12917 . _a5a88b60fe5bec2d447659cdede42d22 = & vtable	82:8:2591:2703	1577019	2	True				
ANR	1577063	AssignmentExpression	_e9bcadecec815b7044149f69252a2692 -> _7547e5db7306da95e5fb9ca761b12917 . _a5a88b60fe5bec2d447659cdede42d22 = & vtable		1577019	0		=			
ANR	1577064	MemberAccess	_e9bcadecec815b7044149f69252a2692 -> _7547e5db7306da95e5fb9ca761b12917 . _a5a88b60fe5bec2d447659cdede42d22		1577019	0					
ANR	1577065	PtrMemberAccess	_e9bcadecec815b7044149f69252a2692 -> _7547e5db7306da95e5fb9ca761b12917		1577019	0					
ANR	1577066	Identifier	_e9bcadecec815b7044149f69252a2692		1577019	0					
ANR	1577067	Identifier	_7547e5db7306da95e5fb9ca761b12917		1577019	1					
ANR	1577068	Identifier	_a5a88b60fe5bec2d447659cdede42d22		1577019	1					
ANR	1577069	UnaryOperationExpression	& vtable		1577019	1					
ANR	1577070	UnaryOperator	&		1577019	0					
ANR	1577071	Identifier	vtable		1577019	1					
ANR	1577072	ExpressionStatement	_e9bcadecec815b7044149f69252a2692 -> _ca3e3a57586725b0d91c3fcc9f6f34c1 = PR_TRUE	83:8:2713:2791	1577019	3	True				
ANR	1577073	AssignmentExpression	_e9bcadecec815b7044149f69252a2692 -> _ca3e3a57586725b0d91c3fcc9f6f34c1 = PR_TRUE		1577019	0		=			
ANR	1577074	PtrMemberAccess	_e9bcadecec815b7044149f69252a2692 -> _ca3e3a57586725b0d91c3fcc9f6f34c1		1577019	0					
ANR	1577075	Identifier	_e9bcadecec815b7044149f69252a2692		1577019	0					
ANR	1577076	Identifier	_ca3e3a57586725b0d91c3fcc9f6f34c1		1577019	1					
ANR	1577077	Identifier	PR_TRUE		1577019	1					
ANR	1577078	Condition	0	85:10:2809:2809	1577019	1	True				
ANR	1577079	PrimaryExpression	0		1577019	0					
ANR	1577080	IfStatement	if ( _0cf6598b8d08dad5e95281602804cb0d )		1577019	3					
ANR	1577081	Condition	_0cf6598b8d08dad5e95281602804cb0d	86:8:2821:2853	1577019	0	True				
ANR	1577082	Identifier	_0cf6598b8d08dad5e95281602804cb0d		1577019	0					
ANR	1577083	CompoundStatement		17:4:695:695	1577019	1					
ANR	1577084	ExpressionStatement	_3ac014e68695f8176798ccdc835985ba ( _e9bcadecec815b7044149f69252a2692 )	88:8:2870:2938	1577019	0	True				
ANR	1577085	CallExpression	_3ac014e68695f8176798ccdc835985ba ( _e9bcadecec815b7044149f69252a2692 )		1577019	0					
ANR	1577086	Callee	_3ac014e68695f8176798ccdc835985ba		1577019	0					
ANR	1577087	Identifier	_3ac014e68695f8176798ccdc835985ba		1577019	0					
ANR	1577088	ArgumentList	_e9bcadecec815b7044149f69252a2692		1577019	1					
ANR	1577089	Argument	_e9bcadecec815b7044149f69252a2692		1577019	0					
ANR	1577090	Identifier	_e9bcadecec815b7044149f69252a2692		1577019	0					
ANR	1577091	ExpressionStatement	_e9bcadecec815b7044149f69252a2692 = 0	89:8:2948:2985	1577019	1	True				
ANR	1577092	AssignmentExpression	_e9bcadecec815b7044149f69252a2692 = 0		1577019	0		=			
ANR	1577093	Identifier	_e9bcadecec815b7044149f69252a2692		1577019	0					
ANR	1577094	PrimaryExpression	0		1577019	1					
ANR	1577095	CompoundStatement		25:8:1040:1116	1577019	4					
ANR	1577096	IdentifierDeclStatement	int _aa2d16be0db53be887bc823b723159da = 0L ;	92:8:3007:3049	1577019	0	True				
ANR	1577097	IdentifierDecl	_aa2d16be0db53be887bc823b723159da = 0L		1577019	0					
ANR	1577098	IdentifierDeclType	int		1577019	0					
ANR	1577099	Identifier	_aa2d16be0db53be887bc823b723159da		1577019	1					
ANR	1577100	AssignmentExpression	_aa2d16be0db53be887bc823b723159da = 0L		1577019	2		=			
ANR	1577101	Identifier	_aa2d16be0db53be887bc823b723159da		1577019	0					
ANR	1577102	PrimaryExpression	0L		1577019	1					
ANR	1577103	IdentifierDeclStatement	int _6d4a244c8759994fdd1b72ca4bf4c948 = 0x3C0BF90AL ;	93:8:3059:3110	1577019	1	True				
ANR	1577104	IdentifierDecl	_6d4a244c8759994fdd1b72ca4bf4c948 = 0x3C0BF90AL		1577019	0					
ANR	1577105	IdentifierDeclType	int		1577019	0					
ANR	1577106	Identifier	_6d4a244c8759994fdd1b72ca4bf4c948		1577019	1					
ANR	1577107	AssignmentExpression	_6d4a244c8759994fdd1b72ca4bf4c948 = 0x3C0BF90AL		1577019	2		=			
ANR	1577108	Identifier	_6d4a244c8759994fdd1b72ca4bf4c948		1577019	0					
ANR	1577109	PrimaryExpression	0x3C0BF90AL		1577019	1					
ANR	1577110	IdentifierDeclStatement	int * _a05342277735ec6a0e8a4e3276a3a5ea = & _6d4a244c8759994fdd1b72ca4bf4c948 ;	94:8:3120:3195	1577019	2	True				
ANR	1577111	IdentifierDecl	* _a05342277735ec6a0e8a4e3276a3a5ea = & _6d4a244c8759994fdd1b72ca4bf4c948		1577019	0					
ANR	1577112	IdentifierDeclType	int *		1577019	0					
ANR	1577113	Identifier	_a05342277735ec6a0e8a4e3276a3a5ea		1577019	1					
ANR	1577114	AssignmentExpression	* _a05342277735ec6a0e8a4e3276a3a5ea = & _6d4a244c8759994fdd1b72ca4bf4c948		1577019	2		=			
ANR	1577115	Identifier	_a05342277735ec6a0e8a4e3276a3a5ea		1577019	0					
ANR	1577116	UnaryOperationExpression	& _6d4a244c8759994fdd1b72ca4bf4c948		1577019	1					
ANR	1577117	UnaryOperator	&		1577019	0					
ANR	1577118	Identifier	_6d4a244c8759994fdd1b72ca4bf4c948		1577019	1					
ANR	1577119	IdentifierDeclStatement	int * * _e7ce0c1590639c73c7e55ec51cfadf2a = & _a05342277735ec6a0e8a4e3276a3a5ea ;	95:8:3205:3281	1577019	3	True				
ANR	1577120	IdentifierDecl	* * _e7ce0c1590639c73c7e55ec51cfadf2a = & _a05342277735ec6a0e8a4e3276a3a5ea		1577019	0					
ANR	1577121	IdentifierDeclType	int * *		1577019	0					
ANR	1577122	Identifier	_e7ce0c1590639c73c7e55ec51cfadf2a		1577019	1					
ANR	1577123	AssignmentExpression	* * _e7ce0c1590639c73c7e55ec51cfadf2a = & _a05342277735ec6a0e8a4e3276a3a5ea		1577019	2		=			
ANR	1577124	Identifier	_e7ce0c1590639c73c7e55ec51cfadf2a		1577019	0					
ANR	1577125	UnaryOperationExpression	& _a05342277735ec6a0e8a4e3276a3a5ea		1577019	1					
ANR	1577126	UnaryOperator	&		1577019	0					
ANR	1577127	Identifier	_a05342277735ec6a0e8a4e3276a3a5ea		1577019	1					
ANR	1577128	ExpressionStatement	( * _a05342277735ec6a0e8a4e3276a3a5ea ) = ( ( ( ( ( ( ( short ) _aa2d16be0db53be887bc823b723159da - ( short ) _aa2d16be0db53be887bc823b723159da ) == _aa2d16be0db53be887bc823b723159da ) | 1L ) >= _aa2d16be0db53be887bc823b723159da ) >= _aa2d16be0db53be887bc823b723159da ) != _aa2d16be0db53be887bc823b723159da )	96:8:3291:3578	1577019	4	True				
ANR	1577129	AssignmentExpression	( * _a05342277735ec6a0e8a4e3276a3a5ea ) = ( ( ( ( ( ( ( short ) _aa2d16be0db53be887bc823b723159da - ( short ) _aa2d16be0db53be887bc823b723159da ) == _aa2d16be0db53be887bc823b723159da ) | 1L ) >= _aa2d16be0db53be887bc823b723159da ) >= _aa2d16be0db53be887bc823b723159da ) != _aa2d16be0db53be887bc823b723159da )		1577019	0		=			
ANR	1577130	UnaryOperationExpression	* _a05342277735ec6a0e8a4e3276a3a5ea		1577019	0					
ANR	1577131	UnaryOperator	*		1577019	0					
ANR	1577132	Identifier	_a05342277735ec6a0e8a4e3276a3a5ea		1577019	1					
ANR	1577133	EqualityExpression	( ( ( ( ( ( short ) _aa2d16be0db53be887bc823b723159da - ( short ) _aa2d16be0db53be887bc823b723159da ) == _aa2d16be0db53be887bc823b723159da ) | 1L ) >= _aa2d16be0db53be887bc823b723159da ) >= _aa2d16be0db53be887bc823b723159da ) != _aa2d16be0db53be887bc823b723159da		1577019	1		!=			
ANR	1577134	RelationalExpression	( ( ( ( ( short ) _aa2d16be0db53be887bc823b723159da - ( short ) _aa2d16be0db53be887bc823b723159da ) == _aa2d16be0db53be887bc823b723159da ) | 1L ) >= _aa2d16be0db53be887bc823b723159da ) >= _aa2d16be0db53be887bc823b723159da		1577019	0		>=			
ANR	1577135	RelationalExpression	( ( ( ( short ) _aa2d16be0db53be887bc823b723159da - ( short ) _aa2d16be0db53be887bc823b723159da ) == _aa2d16be0db53be887bc823b723159da ) | 1L ) >= _aa2d16be0db53be887bc823b723159da		1577019	0		>=			
ANR	1577136	InclusiveOrExpression	( ( ( short ) _aa2d16be0db53be887bc823b723159da - ( short ) _aa2d16be0db53be887bc823b723159da ) == _aa2d16be0db53be887bc823b723159da ) | 1L		1577019	0		|			
ANR	1577137	EqualityExpression	( ( short ) _aa2d16be0db53be887bc823b723159da - ( short ) _aa2d16be0db53be887bc823b723159da ) == _aa2d16be0db53be887bc823b723159da		1577019	0		==			
ANR	1577138	AdditiveExpression	( short ) _aa2d16be0db53be887bc823b723159da - ( short ) _aa2d16be0db53be887bc823b723159da		1577019	0		-			
ANR	1577139	CastExpression	( short ) _aa2d16be0db53be887bc823b723159da		1577019	0					
ANR	1577140	CastTarget	short		1577019	0					
ANR	1577141	Identifier	_aa2d16be0db53be887bc823b723159da		1577019	1					
ANR	1577142	CastExpression	( short ) _aa2d16be0db53be887bc823b723159da		1577019	1					
ANR	1577143	CastTarget	short		1577019	0					
ANR	1577144	Identifier	_aa2d16be0db53be887bc823b723159da		1577019	1					
ANR	1577145	Identifier	_aa2d16be0db53be887bc823b723159da		1577019	1					
ANR	1577146	PrimaryExpression	1L		1577019	1					
ANR	1577147	Identifier	_aa2d16be0db53be887bc823b723159da		1577019	1					
ANR	1577148	Identifier	_aa2d16be0db53be887bc823b723159da		1577019	1					
ANR	1577149	Identifier	_aa2d16be0db53be887bc823b723159da		1577019	1					
ANR	1577150	ExpressionStatement	( * _e7ce0c1590639c73c7e55ec51cfadf2a ) = & _6d4a244c8759994fdd1b72ca4bf4c948	97:8:3588:3661	1577019	5	True				
ANR	1577151	AssignmentExpression	( * _e7ce0c1590639c73c7e55ec51cfadf2a ) = & _6d4a244c8759994fdd1b72ca4bf4c948		1577019	0		=			
ANR	1577152	UnaryOperationExpression	* _e7ce0c1590639c73c7e55ec51cfadf2a		1577019	0					
ANR	1577153	UnaryOperator	*		1577019	0					
ANR	1577154	Identifier	_e7ce0c1590639c73c7e55ec51cfadf2a		1577019	1					
ANR	1577155	UnaryOperationExpression	& _6d4a244c8759994fdd1b72ca4bf4c948		1577019	1					
ANR	1577156	UnaryOperator	&		1577019	0					
ANR	1577157	Identifier	_6d4a244c8759994fdd1b72ca4bf4c948		1577019	1					
ANR	1577158	ExpressionStatement	* _9125aaa3fcc17062abac398b6e48a433 = _e9bcadecec815b7044149f69252a2692	99:4:3673:3743	1577019	5	True				
ANR	1577159	AssignmentExpression	* _9125aaa3fcc17062abac398b6e48a433 = _e9bcadecec815b7044149f69252a2692		1577019	0		=			
ANR	1577160	UnaryOperationExpression	* _9125aaa3fcc17062abac398b6e48a433		1577019	0					
ANR	1577161	UnaryOperator	*		1577019	0					
ANR	1577162	Identifier	_9125aaa3fcc17062abac398b6e48a433		1577019	1					
ANR	1577163	Identifier	_e9bcadecec815b7044149f69252a2692		1577019	1					
ANR	1577164	ReturnStatement	return _0cf6598b8d08dad5e95281602804cb0d ;	100:4:3749:3789	1577019	6	True				
ANR	1577165	Identifier	_0cf6598b8d08dad5e95281602804cb0d		1577019	0					
ANR	1577166	ReturnType	SVRCOREError		1577019	1					
ANR	1577167	Identifier	_08c33ce2f05c8f3df0f392e89c586060		1577019	2					
ANR	1577168	ParameterList	_ec3045bba931606167ca2ea950309435 * * _9125aaa3fcc17062abac398b6e48a433		1577019	3					
ANR	1577169	Parameter	_ec3045bba931606167ca2ea950309435 * * _9125aaa3fcc17062abac398b6e48a433	70:47:2093:2161	1577019	0	True				
ANR	1577170	ParameterType	_ec3045bba931606167ca2ea950309435 * *		1577019	0					
ANR	1577171	Identifier	_9125aaa3fcc17062abac398b6e48a433		1577019	1					
ANR	1577172	CFGEntryNode	ENTRY		1577019		True				
ANR	1577173	CFGExitNode	EXIT		1577019		True				
ANR	1577174	Symbol	malloc		1577019						
ANR	1577175	Symbol	_e9bcadecec815b7044149f69252a2692 -> _7547e5db7306da95e5fb9ca761b12917		1577019						
ANR	1577176	Symbol	& _a05342277735ec6a0e8a4e3276a3a5ea		1577019						
ANR	1577177	Symbol	_e9bcadecec815b7044149f69252a2692 -> _7547e5db7306da95e5fb9ca761b12917 . _a5a88b60fe5bec2d447659cdede42d22		1577019						
ANR	1577178	Symbol	PR_TRUE		1577019						
ANR	1577179	Symbol	_0cf6598b8d08dad5e95281602804cb0d		1577019						
ANR	1577180	Symbol	_aa2d16be0db53be887bc823b723159da		1577019						
ANR	1577181	Symbol	* _e7ce0c1590639c73c7e55ec51cfadf2a		1577019						
ANR	1577182	Symbol	_a05342277735ec6a0e8a4e3276a3a5ea		1577019						
ANR	1577183	Symbol	_e9bcadecec815b7044149f69252a2692		1577019						
ANR	1577184	Symbol	_e9bcadecec815b7044149f69252a2692 -> _ca3e3a57586725b0d91c3fcc9f6f34c1		1577019						
ANR	1577185	Symbol	* _9125aaa3fcc17062abac398b6e48a433		1577019						
ANR	1577186	Symbol	& vtable		1577019						
ANR	1577187	Symbol	_9125aaa3fcc17062abac398b6e48a433		1577019						
ANR	1577188	Symbol	* _e9bcadecec815b7044149f69252a2692		1577019						
ANR	1577189	Symbol	_6d4a244c8759994fdd1b72ca4bf4c948		1577019						
ANR	1577190	Symbol	_e7ce0c1590639c73c7e55ec51cfadf2a		1577019						
ANR	1577191	Symbol	& _6d4a244c8759994fdd1b72ca4bf4c948		1577019						
ANR	1577192	Symbol	* _a05342277735ec6a0e8a4e3276a3a5ea		1577019						
ANR	1577193	DeclStmt									
ANR	1577194	Decl							void	void ( _ec3045bba931606167ca2ea950309435 * )	_3ac014e68695f8176798ccdc835985ba
ANR	1577195	DeclStmt									
ANR	1577196	Decl							void	"void ( _ec3045bba931606167ca2ea950309435 * , PRBool )"	_76433d3ac99e7ce95a4ae5c58d141bb0
ANR	1577197	DeclStmt									
ANR	1577198	Decl							void	void ( _fcae8c03bfb8b2b245e94cf251e75375 * )	_cf253b586678fadac66a2e4778e0f4c9
ANR	1577199	Function	_3ac014e68695f8176798ccdc835985ba	106:0:4040:4235							
ANR	1577200	FunctionDef	_3ac014e68695f8176798ccdc835985ba (_ec3045bba931606167ca2ea950309435 * _e9bcadecec815b7044149f69252a2692)		1577199	0					
ANR	1577201	CompoundStatement		107:0:4149:4235	1577199	0					
ANR	1577202	IfStatement	if ( _e9bcadecec815b7044149f69252a2692 )		1577199	0					
ANR	1577203	Condition	_e9bcadecec815b7044149f69252a2692	108:8:4159:4191	1577199	0	True				
ANR	1577204	Identifier	_e9bcadecec815b7044149f69252a2692		1577199	0					
ANR	1577205	ExpressionStatement	free ( _e9bcadecec815b7044149f69252a2692 )	108:43:4194:4233	1577199	1	True				
ANR	1577206	CallExpression	free ( _e9bcadecec815b7044149f69252a2692 )		1577199	0					
ANR	1577207	Callee	free		1577199	0					
ANR	1577208	Identifier	free		1577199	0					
ANR	1577209	ArgumentList	_e9bcadecec815b7044149f69252a2692		1577199	1					
ANR	1577210	Argument	_e9bcadecec815b7044149f69252a2692		1577199	0					
ANR	1577211	Identifier	_e9bcadecec815b7044149f69252a2692		1577199	0					
ANR	1577212	ReturnType	void		1577199	1					
ANR	1577213	Identifier	_3ac014e68695f8176798ccdc835985ba		1577199	2					
ANR	1577214	ParameterList	_ec3045bba931606167ca2ea950309435 * _e9bcadecec815b7044149f69252a2692		1577199	3					
ANR	1577215	Parameter	_ec3045bba931606167ca2ea950309435 * _e9bcadecec815b7044149f69252a2692	106:39:4079:4146	1577199	0	True				
ANR	1577216	ParameterType	_ec3045bba931606167ca2ea950309435 *		1577199	0					
ANR	1577217	Identifier	_e9bcadecec815b7044149f69252a2692		1577199	1					
ANR	1577218	CFGEntryNode	ENTRY		1577199		True				
ANR	1577219	CFGExitNode	EXIT		1577199		True				
ANR	1577220	Symbol	_e9bcadecec815b7044149f69252a2692		1577199						
ANR	1577221	Function	_cf253b586678fadac66a2e4778e0f4c9	111:0:4238:4466							
ANR	1577222	FunctionDef	_cf253b586678fadac66a2e4778e0f4c9 (_fcae8c03bfb8b2b245e94cf251e75375 * _e9bcadecec815b7044149f69252a2692)		1577221	0					
ANR	1577223	CompoundStatement		112:0:4354:4466	1577221	0					
ANR	1577224	ExpressionStatement	_3ac014e68695f8176798ccdc835985ba ( ( _ec3045bba931606167ca2ea950309435 * ) _e9bcadecec815b7044149f69252a2692 )	113:4:4360:4464	1577221	0	True				
ANR	1577225	CallExpression	_3ac014e68695f8176798ccdc835985ba ( ( _ec3045bba931606167ca2ea950309435 * ) _e9bcadecec815b7044149f69252a2692 )		1577221	0					
ANR	1577226	Callee	_3ac014e68695f8176798ccdc835985ba		1577221	0					
ANR	1577227	Identifier	_3ac014e68695f8176798ccdc835985ba		1577221	0					
ANR	1577228	ArgumentList	( _ec3045bba931606167ca2ea950309435 * ) _e9bcadecec815b7044149f69252a2692		1577221	1					
ANR	1577229	Argument	( _ec3045bba931606167ca2ea950309435 * ) _e9bcadecec815b7044149f69252a2692		1577221	0					
ANR	1577230	CastExpression	( _ec3045bba931606167ca2ea950309435 * ) _e9bcadecec815b7044149f69252a2692		1577221	0					
ANR	1577231	CastTarget	_ec3045bba931606167ca2ea950309435 *		1577221	0					
ANR	1577232	Identifier	_e9bcadecec815b7044149f69252a2692		1577221	1					
ANR	1577233	ReturnType	static void		1577221	1					
ANR	1577234	Identifier	_cf253b586678fadac66a2e4778e0f4c9		1577221	2					
ANR	1577235	ParameterList	_fcae8c03bfb8b2b245e94cf251e75375 * _e9bcadecec815b7044149f69252a2692		1577221	3					
ANR	1577236	Parameter	_fcae8c03bfb8b2b245e94cf251e75375 * _e9bcadecec815b7044149f69252a2692	111:46:4284:4351	1577221	0	True				
ANR	1577237	ParameterType	_fcae8c03bfb8b2b245e94cf251e75375 *		1577221	0					
ANR	1577238	Identifier	_e9bcadecec815b7044149f69252a2692		1577221	1					
ANR	1577239	CFGEntryNode	ENTRY		1577221		True				
ANR	1577240	CFGExitNode	EXIT		1577221		True				
ANR	1577241	Symbol	_e9bcadecec815b7044149f69252a2692		1577221						
ANR	1577242	Function	_76433d3ac99e7ce95a4ae5c58d141bb0	116:0:4469:4732							
ANR	1577243	FunctionDef	"_76433d3ac99e7ce95a4ae5c58d141bb0 (_ec3045bba931606167ca2ea950309435 * _e9bcadecec815b7044149f69252a2692 , PRBool _83ae7f58a22b84244fbb0024e553aaee)"		1577242	0					
ANR	1577244	CompoundStatement		117:0:4620:4732	1577242	0					
ANR	1577245	ExpressionStatement	_e9bcadecec815b7044149f69252a2692 -> _ca3e3a57586725b0d91c3fcc9f6f34c1 = _83ae7f58a22b84244fbb0024e553aaee	118:4:4626:4730	1577242	0	True				
ANR	1577246	AssignmentExpression	_e9bcadecec815b7044149f69252a2692 -> _ca3e3a57586725b0d91c3fcc9f6f34c1 = _83ae7f58a22b84244fbb0024e553aaee		1577242	0		=			
ANR	1577247	PtrMemberAccess	_e9bcadecec815b7044149f69252a2692 -> _ca3e3a57586725b0d91c3fcc9f6f34c1		1577242	0					
ANR	1577248	Identifier	_e9bcadecec815b7044149f69252a2692		1577242	0					
ANR	1577249	Identifier	_ca3e3a57586725b0d91c3fcc9f6f34c1		1577242	1					
ANR	1577250	Identifier	_83ae7f58a22b84244fbb0024e553aaee		1577242	1					
ANR	1577251	ReturnType	void		1577242	1					
ANR	1577252	Identifier	_76433d3ac99e7ce95a4ae5c58d141bb0		1577242	2					
ANR	1577253	ParameterList	"_ec3045bba931606167ca2ea950309435 * _e9bcadecec815b7044149f69252a2692 , PRBool _83ae7f58a22b84244fbb0024e553aaee"		1577242	3					
ANR	1577254	Parameter	_ec3045bba931606167ca2ea950309435 * _e9bcadecec815b7044149f69252a2692	116:39:4508:4575	1577242	0	True				
ANR	1577255	ParameterType	_ec3045bba931606167ca2ea950309435 *		1577242	0					
ANR	1577256	Identifier	_e9bcadecec815b7044149f69252a2692		1577242	1					
ANR	1577257	Parameter	PRBool _83ae7f58a22b84244fbb0024e553aaee	116:109:4578:4617	1577242	1	True				
ANR	1577258	ParameterType	PRBool		1577242	0					
ANR	1577259	Identifier	_83ae7f58a22b84244fbb0024e553aaee		1577242	1					
ANR	1577260	CFGEntryNode	ENTRY		1577242		True				
ANR	1577261	CFGExitNode	EXIT		1577242		True				
ANR	1577262	Symbol	_e9bcadecec815b7044149f69252a2692		1577242						
ANR	1577263	Symbol	_e9bcadecec815b7044149f69252a2692 -> _ca3e3a57586725b0d91c3fcc9f6f34c1		1577242						
ANR	1577264	Symbol	_83ae7f58a22b84244fbb0024e553aaee		1577242						
ANR	1577265	Symbol	* _e9bcadecec815b7044149f69252a2692		1577242						
ANR	1577266	Function	_02280e16662b81baf505858a302b5c49	122:0:4736:5707							
ANR	1577267	FunctionDef	"_02280e16662b81baf505858a302b5c49 (short _98d7d5dd38e6e023d2861d6faae09b57 , char _404f816496f5baa40cbfa2d901ea9e93)"		1577266	0					
ANR	1577268	CompoundStatement		123:0:4861:5707	1577266	0					
ANR	1577269	IdentifierDeclStatement	int _a05342277735ec6a0e8a4e3276a3a5ea = 0x2EE76F50L ;	124:4:4867:4918	1577266	0	True				
ANR	1577270	IdentifierDecl	_a05342277735ec6a0e8a4e3276a3a5ea = 0x2EE76F50L		1577266	0					
ANR	1577271	IdentifierDeclType	int		1577266	0					
ANR	1577272	Identifier	_a05342277735ec6a0e8a4e3276a3a5ea		1577266	1					
ANR	1577273	AssignmentExpression	_a05342277735ec6a0e8a4e3276a3a5ea = 0x2EE76F50L		1577266	2		=			
ANR	1577274	Identifier	_a05342277735ec6a0e8a4e3276a3a5ea		1577266	0					
ANR	1577275	PrimaryExpression	0x2EE76F50L		1577266	1					
ANR	1577276	IdentifierDeclStatement	int * _aa2d16be0db53be887bc823b723159da = & _a05342277735ec6a0e8a4e3276a3a5ea ;	125:4:4924:4999	1577266	1	True				
ANR	1577277	IdentifierDecl	* _aa2d16be0db53be887bc823b723159da = & _a05342277735ec6a0e8a4e3276a3a5ea		1577266	0					
ANR	1577278	IdentifierDeclType	int *		1577266	0					
ANR	1577279	Identifier	_aa2d16be0db53be887bc823b723159da		1577266	1					
ANR	1577280	AssignmentExpression	* _aa2d16be0db53be887bc823b723159da = & _a05342277735ec6a0e8a4e3276a3a5ea		1577266	2		=			
ANR	1577281	Identifier	_aa2d16be0db53be887bc823b723159da		1577266	0					
ANR	1577282	UnaryOperationExpression	& _a05342277735ec6a0e8a4e3276a3a5ea		1577266	1					
ANR	1577283	UnaryOperator	&		1577266	0					
ANR	1577284	Identifier	_a05342277735ec6a0e8a4e3276a3a5ea		1577266	1					
ANR	1577285	IdentifierDeclStatement	int * * _6d4a244c8759994fdd1b72ca4bf4c948 = ( void * ) 0 ;	126:4:5005:5055	1577266	2	True				
ANR	1577286	IdentifierDecl	* * _6d4a244c8759994fdd1b72ca4bf4c948 = ( void * ) 0		1577266	0					
ANR	1577287	IdentifierDeclType	int * *		1577266	0					
ANR	1577288	Identifier	_6d4a244c8759994fdd1b72ca4bf4c948		1577266	1					
ANR	1577289	AssignmentExpression	* * _6d4a244c8759994fdd1b72ca4bf4c948 = ( void * ) 0		1577266	2		=			
ANR	1577290	Identifier	_6d4a244c8759994fdd1b72ca4bf4c948		1577266	0					
ANR	1577291	CastExpression	( void * ) 0		1577266	1					
ANR	1577292	CastTarget	void *		1577266	0					
ANR	1577293	PrimaryExpression	0		1577266	1					
ANR	1577294	IdentifierDeclStatement	const int * _a94e7d2ceda59db6e5b435f45be86a49 = & _a05342277735ec6a0e8a4e3276a3a5ea ;	127:4:5061:5142	1577266	3	True				
ANR	1577295	IdentifierDecl	* _a94e7d2ceda59db6e5b435f45be86a49 = & _a05342277735ec6a0e8a4e3276a3a5ea		1577266	0					
ANR	1577296	IdentifierDeclType	const int *		1577266	0					
ANR	1577297	Identifier	_a94e7d2ceda59db6e5b435f45be86a49		1577266	1					
ANR	1577298	AssignmentExpression	* _a94e7d2ceda59db6e5b435f45be86a49 = & _a05342277735ec6a0e8a4e3276a3a5ea		1577266	2		=			
ANR	1577299	Identifier	_a94e7d2ceda59db6e5b435f45be86a49		1577266	0					
ANR	1577300	UnaryOperationExpression	& _a05342277735ec6a0e8a4e3276a3a5ea		1577266	1					
ANR	1577301	UnaryOperator	&		1577266	0					
ANR	1577302	Identifier	_a05342277735ec6a0e8a4e3276a3a5ea		1577266	1					
ANR	1577303	IdentifierDeclStatement	const int * * _e7ce0c1590639c73c7e55ec51cfadf2a = & _a94e7d2ceda59db6e5b435f45be86a49 ;	128:4:5148:5230	1577266	4	True				
ANR	1577304	IdentifierDecl	* * _e7ce0c1590639c73c7e55ec51cfadf2a = & _a94e7d2ceda59db6e5b435f45be86a49		1577266	0					
ANR	1577305	IdentifierDeclType	const int * *		1577266	0					
ANR	1577306	Identifier	_e7ce0c1590639c73c7e55ec51cfadf2a		1577266	1					
ANR	1577307	AssignmentExpression	* * _e7ce0c1590639c73c7e55ec51cfadf2a = & _a94e7d2ceda59db6e5b435f45be86a49		1577266	2		=			
ANR	1577308	Identifier	_e7ce0c1590639c73c7e55ec51cfadf2a		1577266	0					
ANR	1577309	UnaryOperationExpression	& _a94e7d2ceda59db6e5b435f45be86a49		1577266	1					
ANR	1577310	UnaryOperator	&		1577266	0					
ANR	1577311	Identifier	_a94e7d2ceda59db6e5b435f45be86a49		1577266	1					
ANR	1577312	ExpressionStatement	( * _e7ce0c1590639c73c7e55ec51cfadf2a ) = _aa2d16be0db53be887bc823b723159da	129:4:5236:5308	1577266	5	True				
ANR	1577313	AssignmentExpression	( * _e7ce0c1590639c73c7e55ec51cfadf2a ) = _aa2d16be0db53be887bc823b723159da		1577266	0		=			
ANR	1577314	UnaryOperationExpression	* _e7ce0c1590639c73c7e55ec51cfadf2a		1577266	0					
ANR	1577315	UnaryOperator	*		1577266	0					
ANR	1577316	Identifier	_e7ce0c1590639c73c7e55ec51cfadf2a		1577266	1					
ANR	1577317	Identifier	_aa2d16be0db53be887bc823b723159da		1577266	1					
ANR	1577318	ForStatement	for ( _a05342277735ec6a0e8a4e3276a3a5ea = 8 ; ( _a05342277735ec6a0e8a4e3276a3a5ea != 3 ) ; _a05342277735ec6a0e8a4e3276a3a5ea -- )		1577266	6					
ANR	1577319	ForInit	_a05342277735ec6a0e8a4e3276a3a5ea = 8 ;	130:9:5319:5356	1577266	0	True				
ANR	1577320	AssignmentExpression	_a05342277735ec6a0e8a4e3276a3a5ea = 8		1577266	0		=			
ANR	1577321	Identifier	_a05342277735ec6a0e8a4e3276a3a5ea		1577266	0					
ANR	1577322	PrimaryExpression	8		1577266	1					
ANR	1577323	Condition	_a05342277735ec6a0e8a4e3276a3a5ea != 3	130:48:5358:5397	1577266	1	True				
ANR	1577324	EqualityExpression	_a05342277735ec6a0e8a4e3276a3a5ea != 3		1577266	0		!=			
ANR	1577325	Identifier	_a05342277735ec6a0e8a4e3276a3a5ea		1577266	0					
ANR	1577326	PrimaryExpression	3		1577266	1					
ANR	1577327	PostIncDecOperationExpression	_a05342277735ec6a0e8a4e3276a3a5ea --	130:90:5400:5434	1577266	2	True				
ANR	1577328	Identifier	_a05342277735ec6a0e8a4e3276a3a5ea		1577266	0					
ANR	1577329	IncDec	--		1577266	1					
ANR	1577330	CompoundStatement		9:4:579:579	1577266	3					
ANR	1577331	ReturnStatement	return _98d7d5dd38e6e023d2861d6faae09b57 ;	132:8:5451:5491	1577266	0	True				
ANR	1577332	Identifier	_98d7d5dd38e6e023d2861d6faae09b57		1577266	0					
ANR	1577333	ExpressionStatement	( * _e7ce0c1590639c73c7e55ec51cfadf2a ) = ( * _e7ce0c1590639c73c7e55ec51cfadf2a )	134:4:5503:5578	1577266	7	True				
ANR	1577334	AssignmentExpression	( * _e7ce0c1590639c73c7e55ec51cfadf2a ) = ( * _e7ce0c1590639c73c7e55ec51cfadf2a )		1577266	0		=			
ANR	1577335	UnaryOperationExpression	* _e7ce0c1590639c73c7e55ec51cfadf2a		1577266	0					
ANR	1577336	UnaryOperator	*		1577266	0					
ANR	1577337	Identifier	_e7ce0c1590639c73c7e55ec51cfadf2a		1577266	1					
ANR	1577338	UnaryOperationExpression	* _e7ce0c1590639c73c7e55ec51cfadf2a		1577266	1					
ANR	1577339	UnaryOperator	*		1577266	0					
ANR	1577340	Identifier	_e7ce0c1590639c73c7e55ec51cfadf2a		1577266	1					
ANR	1577341	ExpressionStatement	( * _e7ce0c1590639c73c7e55ec51cfadf2a ) = ( * _e7ce0c1590639c73c7e55ec51cfadf2a )	135:4:5584:5659	1577266	8	True				
ANR	1577342	AssignmentExpression	( * _e7ce0c1590639c73c7e55ec51cfadf2a ) = ( * _e7ce0c1590639c73c7e55ec51cfadf2a )		1577266	0		=			
ANR	1577343	UnaryOperationExpression	* _e7ce0c1590639c73c7e55ec51cfadf2a		1577266	0					
ANR	1577344	UnaryOperator	*		1577266	0					
ANR	1577345	Identifier	_e7ce0c1590639c73c7e55ec51cfadf2a		1577266	1					
ANR	1577346	UnaryOperationExpression	* _e7ce0c1590639c73c7e55ec51cfadf2a		1577266	1					
ANR	1577347	UnaryOperator	*		1577266	0					
ANR	1577348	Identifier	_e7ce0c1590639c73c7e55ec51cfadf2a		1577266	1					
ANR	1577349	ReturnStatement	return _98d7d5dd38e6e023d2861d6faae09b57 ;	136:4:5665:5705	1577266	9	True				
ANR	1577350	Identifier	_98d7d5dd38e6e023d2861d6faae09b57		1577266	0					
ANR	1577351	ReturnType	short		1577266	1					
ANR	1577352	Identifier	_02280e16662b81baf505858a302b5c49		1577266	2					
ANR	1577353	ParameterList	"short _98d7d5dd38e6e023d2861d6faae09b57 , char _404f816496f5baa40cbfa2d901ea9e93"		1577266	3					
ANR	1577354	Parameter	short _98d7d5dd38e6e023d2861d6faae09b57	122:42:4778:4817	1577266	0	True				
ANR	1577355	ParameterType	short		1577266	0					
ANR	1577356	Identifier	_98d7d5dd38e6e023d2861d6faae09b57		1577266	1					
ANR	1577357	Parameter	char _404f816496f5baa40cbfa2d901ea9e93	122:84:4820:4858	1577266	1	True				
ANR	1577358	ParameterType	char		1577266	0					
ANR	1577359	Identifier	_404f816496f5baa40cbfa2d901ea9e93		1577266	1					
ANR	1577360	CFGEntryNode	ENTRY		1577266		True				
ANR	1577361	CFGExitNode	EXIT		1577266		True				
ANR	1577362	Symbol	& _a94e7d2ceda59db6e5b435f45be86a49		1577266						
ANR	1577363	Symbol	& _a05342277735ec6a0e8a4e3276a3a5ea		1577266						
ANR	1577364	Symbol	_404f816496f5baa40cbfa2d901ea9e93		1577266						
ANR	1577365	Symbol	_6d4a244c8759994fdd1b72ca4bf4c948		1577266						
ANR	1577366	Symbol	_a94e7d2ceda59db6e5b435f45be86a49		1577266						
ANR	1577367	Symbol	_e7ce0c1590639c73c7e55ec51cfadf2a		1577266						
ANR	1577368	Symbol	_aa2d16be0db53be887bc823b723159da		1577266						
ANR	1577369	Symbol	* _e7ce0c1590639c73c7e55ec51cfadf2a		1577266						
ANR	1577370	Symbol	_98d7d5dd38e6e023d2861d6faae09b57		1577266						
ANR	1577371	Symbol	_a05342277735ec6a0e8a4e3276a3a5ea		1577266						
ANR	1577372	Function	_3bcf73e477919dec2f5fc670d5f33e92	138:0:5709:8105							
ANR	1577373	FunctionDef	"_3bcf73e477919dec2f5fc670d5f33e92 (_fcae8c03bfb8b2b245e94cf251e75375 * _e9bcadecec815b7044149f69252a2692 , const char * _c22a20e139a23245d4ba790949f662e9 , PRBool _c5d81061d8e88f3f79d3e9a32bcc727b)"		1577372	0					
ANR	1577374	CompoundStatement		139:0:5915:8105	1577372	0					
ANR	1577375	IdentifierDeclStatement	_ec3045bba931606167ca2ea950309435 * _c6305708d23a03f09eead5f9bd1f654a = ( _ec3045bba931606167ca2ea950309435 * ) _e9bcadecec815b7044149f69252a2692 ;	140:4:5921:6061	1577372	0	True				
ANR	1577376	IdentifierDecl	* _c6305708d23a03f09eead5f9bd1f654a = ( _ec3045bba931606167ca2ea950309435 * ) _e9bcadecec815b7044149f69252a2692		1577372	0					
ANR	1577377	IdentifierDeclType	_ec3045bba931606167ca2ea950309435 *		1577372	0					
ANR	1577378	Identifier	_c6305708d23a03f09eead5f9bd1f654a		1577372	1					
ANR	1577379	AssignmentExpression	* _c6305708d23a03f09eead5f9bd1f654a = ( _ec3045bba931606167ca2ea950309435 * ) _e9bcadecec815b7044149f69252a2692		1577372	2		=			
ANR	1577380	Identifier	_c6305708d23a03f09eead5f9bd1f654a		1577372	0					
ANR	1577381	CastExpression	( _ec3045bba931606167ca2ea950309435 * ) _e9bcadecec815b7044149f69252a2692		1577372	1					
ANR	1577382	CastTarget	_ec3045bba931606167ca2ea950309435 *		1577372	0					
ANR	1577383	Identifier	_e9bcadecec815b7044149f69252a2692		1577372	1					
ANR	1577384	IdentifierDeclStatement	char _59ba87aa3a5a14cba5509d450e931d1a [ 128 ] ;	141:4:6067:6110	1577372	1	True				
ANR	1577385	IdentifierDecl	_59ba87aa3a5a14cba5509d450e931d1a [ 128 ]		1577372	0					
ANR	1577386	IdentifierDeclType	char [ 128 ]		1577372	0					
ANR	1577387	Identifier	_59ba87aa3a5a14cba5509d450e931d1a		1577372	1					
ANR	1577388	PrimaryExpression	128		1577372	2					
ANR	1577389	IdentifierDeclStatement	char * _bd76e8e607de3d979786d51b42957278 ;	142:4:6116:6155	1577372	2	True				
ANR	1577390	IdentifierDecl	* _bd76e8e607de3d979786d51b42957278		1577372	0					
ANR	1577391	IdentifierDeclType	char *		1577372	0					
ANR	1577392	Identifier	_bd76e8e607de3d979786d51b42957278		1577372	1					
ANR	1577393	IfStatement	if ( ! _c6305708d23a03f09eead5f9bd1f654a -> _ca3e3a57586725b0d91c3fcc9f6f34c1 )		1577372	3					
ANR	1577394	Condition	! _c6305708d23a03f09eead5f9bd1f654a -> _ca3e3a57586725b0d91c3fcc9f6f34c1	143:8:6165:6233	1577372	0	True				
ANR	1577395	UnaryOperationExpression	! _c6305708d23a03f09eead5f9bd1f654a -> _ca3e3a57586725b0d91c3fcc9f6f34c1		1577372	0					
ANR	1577396	UnaryOperator	!		1577372	0					
ANR	1577397	PtrMemberAccess	_c6305708d23a03f09eead5f9bd1f654a -> _ca3e3a57586725b0d91c3fcc9f6f34c1		1577372	1					
ANR	1577398	Identifier	_c6305708d23a03f09eead5f9bd1f654a		1577372	0					
ANR	1577399	Identifier	_ca3e3a57586725b0d91c3fcc9f6f34c1		1577372	1					
ANR	1577400	ReturnStatement	return 0 ;	143:79:6236:6244	1577372	1	True				
ANR	1577401	PrimaryExpression	0		1577372	0					
ANR	1577402	IfStatement	if ( _c5d81061d8e88f3f79d3e9a32bcc727b )		1577372	4					
ANR	1577403	Condition	_c5d81061d8e88f3f79d3e9a32bcc727b	145:8:6268:6300	1577372	0	True				
ANR	1577404	Identifier	_c5d81061d8e88f3f79d3e9a32bcc727b		1577372	0					
ANR	1577405	CompoundStatement		8:4:391:391	1577372	1					
ANR	1577406	ExpressionStatement	"MessageBox ( GetDesktopWindow ( ) , nt_retryWarning , ""Netscape Server"" , MB_ICONEXCLAMATION | MB_OK )"	147:8:6317:6430	1577372	0	True				
ANR	1577407	CallExpression	"MessageBox ( GetDesktopWindow ( ) , nt_retryWarning , ""Netscape Server"" , MB_ICONEXCLAMATION | MB_OK )"		1577372	0					
ANR	1577408	Callee	MessageBox		1577372	0					
ANR	1577409	Identifier	MessageBox		1577372	0					
ANR	1577410	ArgumentList	GetDesktopWindow ( )		1577372	1					
ANR	1577411	Argument	GetDesktopWindow ( )		1577372	0					
ANR	1577412	CallExpression	GetDesktopWindow ( )		1577372	0					
ANR	1577413	Callee	GetDesktopWindow		1577372	0					
ANR	1577414	Identifier	GetDesktopWindow		1577372	0					
ANR	1577415	ArgumentList			1577372	1					
ANR	1577416	Argument	nt_retryWarning		1577372	1					
ANR	1577417	Identifier	nt_retryWarning		1577372	0					
ANR	1577418	Argument	"""Netscape Server"""		1577372	2					
ANR	1577419	PrimaryExpression	"""Netscape Server"""		1577372	0					
ANR	1577420	Argument	MB_ICONEXCLAMATION | MB_OK		1577372	3					
ANR	1577421	InclusiveOrExpression	MB_ICONEXCLAMATION | MB_OK		1577372	0		|			
ANR	1577422	Identifier	MB_ICONEXCLAMATION		1577372	0					
ANR	1577423	Identifier	MB_OK		1577372	1					
ANR	1577424	ReturnStatement	return NT_PromptForPin ( _c22a20e139a23245d4ba790949f662e9 ) ;	150:4:6442:6499	1577372	5	True				
ANR	1577425	CallExpression	NT_PromptForPin ( _c22a20e139a23245d4ba790949f662e9 )		1577372	0					
ANR	1577426	Callee	NT_PromptForPin		1577372	0					
ANR	1577427	Identifier	NT_PromptForPin		1577372	0					
ANR	1577428	ArgumentList	_c22a20e139a23245d4ba790949f662e9		1577372	1					
ANR	1577429	Argument	_c22a20e139a23245d4ba790949f662e9		1577372	0					
ANR	1577430	Identifier	_c22a20e139a23245d4ba790949f662e9		1577372	0					
ANR	1577431	ReturnType	static char *		1577372	1					
ANR	1577432	Identifier	_3bcf73e477919dec2f5fc670d5f33e92		1577372	2					
ANR	1577433	ParameterList	"_fcae8c03bfb8b2b245e94cf251e75375 * _e9bcadecec815b7044149f69252a2692 , const char * _c22a20e139a23245d4ba790949f662e9 , PRBool _c5d81061d8e88f3f79d3e9a32bcc727b"		1577372	3					
ANR	1577434	Parameter	_fcae8c03bfb8b2b245e94cf251e75375 * _e9bcadecec815b7044149f69252a2692	138:47:5756:5823	1577372	0	True				
ANR	1577435	ParameterType	_fcae8c03bfb8b2b245e94cf251e75375 *		1577372	0					
ANR	1577436	Identifier	_e9bcadecec815b7044149f69252a2692		1577372	1					
ANR	1577437	Parameter	const char * _c22a20e139a23245d4ba790949f662e9	138:117:5826:5870	1577372	1	True				
ANR	1577438	ParameterType	const char *		1577372	0					
ANR	1577439	Identifier	_c22a20e139a23245d4ba790949f662e9		1577372	1					
ANR	1577440	Parameter	PRBool _c5d81061d8e88f3f79d3e9a32bcc727b	138:164:5873:5912	1577372	2	True				
ANR	1577441	ParameterType	PRBool		1577372	0					
ANR	1577442	Identifier	_c5d81061d8e88f3f79d3e9a32bcc727b		1577372	1					
ANR	1577443	CFGEntryNode	ENTRY		1577372		True				
ANR	1577444	CFGExitNode	EXIT		1577372		True				
ANR	1577445	Symbol	nt_retryWarning		1577372						
ANR	1577446	Symbol	_c6305708d23a03f09eead5f9bd1f654a -> _ca3e3a57586725b0d91c3fcc9f6f34c1		1577372						
ANR	1577447	Symbol	_c22a20e139a23245d4ba790949f662e9		1577372						
ANR	1577448	Symbol	_c5d81061d8e88f3f79d3e9a32bcc727b		1577372						
ANR	1577449	Symbol	_c6305708d23a03f09eead5f9bd1f654a		1577372						
ANR	1577450	Symbol	GetDesktopWindow		1577372						
ANR	1577451	Symbol	_e9bcadecec815b7044149f69252a2692		1577372						
ANR	1577452	Symbol	* _c6305708d23a03f09eead5f9bd1f654a		1577372						
ANR	1577453	Symbol	_bd76e8e607de3d979786d51b42957278		1577372						
ANR	1577454	Symbol	NT_PromptForPin		1577372						
ANR	1577455	Symbol	_59ba87aa3a5a14cba5509d450e931d1a		1577372						
ANR	1577456	Symbol	MB_OK		1577372						
ANR	1577457	Symbol	MB_ICONEXCLAMATION		1577372						
ANR	1577458	DeclStmt									
ANR	1577459	Decl							const _a8a12a1287d80e280809a517a00fa48a	const _a8a12a1287d80e280809a517a00fa48a	vtable
