start	end	type	var
999650	999651	IS_AST_PARENT	
999650	999652	IS_AST_PARENT	
999649	999650	IS_AST_PARENT	
999653	999654	IS_AST_PARENT	
999653	999655	IS_AST_PARENT	
999656	999657	IS_AST_PARENT	
999656	999658	IS_AST_PARENT	
999653	999656	IS_AST_PARENT	
999649	999653	IS_AST_PARENT	
999648	999649	IS_AST_PARENT	
999661	999662	IS_AST_PARENT	
999661	999663	IS_AST_PARENT	
999660	999661	IS_AST_PARENT	
999659	999660	IS_AST_PARENT	
999667	999668	IS_AST_PARENT	
999667	999669	IS_AST_PARENT	
999666	999667	IS_AST_PARENT	
999666	999670	IS_AST_PARENT	
999665	999666	IS_AST_PARENT	
999664	999665	IS_AST_PARENT	
999671	999672	IS_AST_PARENT	
999664	999671	IS_AST_PARENT	
999659	999664	IS_AST_PARENT	
999648	999659	IS_AST_PARENT	
999674	999675	IS_AST_PARENT	
999674	999676	IS_AST_PARENT	
999673	999674	IS_AST_PARENT	
999677	999678	IS_AST_PARENT	
999677	999679	IS_AST_PARENT	
999673	999677	IS_AST_PARENT	
999648	999673	IS_AST_PARENT	
999681	999682	IS_AST_PARENT	
999681	999683	IS_AST_PARENT	
999680	999681	IS_AST_PARENT	
999684	999685	IS_AST_PARENT	
999684	999686	IS_AST_PARENT	
999680	999684	IS_AST_PARENT	
999648	999680	IS_AST_PARENT	
999688	999689	IS_AST_PARENT	
999688	999690	IS_AST_PARENT	
999691	999692	IS_AST_PARENT	
999691	999693	IS_AST_PARENT	
999688	999691	IS_AST_PARENT	
999687	999688	IS_AST_PARENT	
999648	999687	IS_AST_PARENT	
999695	999696	IS_AST_PARENT	
999695	999697	IS_AST_PARENT	
999695	999698	IS_AST_PARENT	
999699	999700	IS_AST_PARENT	
999699	999701	IS_AST_PARENT	
999695	999699	IS_AST_PARENT	
999694	999695	IS_AST_PARENT	
999648	999694	IS_AST_PARENT	
999703	999704	IS_AST_PARENT	
999703	999705	IS_AST_PARENT	
999703	999706	IS_AST_PARENT	
999702	999703	IS_AST_PARENT	
999648	999702	IS_AST_PARENT	
999708	999709	IS_AST_PARENT	
999708	999710	IS_AST_PARENT	
999711	999712	IS_AST_PARENT	
999711	999713	IS_AST_PARENT	
999708	999711	IS_AST_PARENT	
999707	999708	IS_AST_PARENT	
999648	999707	IS_AST_PARENT	
999715	999716	IS_AST_PARENT	
999715	999717	IS_AST_PARENT	
999715	999718	IS_AST_PARENT	
999714	999715	IS_AST_PARENT	
999719	999720	IS_AST_PARENT	
999719	999721	IS_AST_PARENT	
999719	999722	IS_AST_PARENT	
999714	999719	IS_AST_PARENT	
999648	999714	IS_AST_PARENT	
999724	999725	IS_AST_PARENT	
999724	999726	IS_AST_PARENT	
999724	999727	IS_AST_PARENT	
999723	999724	IS_AST_PARENT	
999648	999723	IS_AST_PARENT	
999648	999728	IS_AST_PARENT	
999730	999731	IS_AST_PARENT	
999730	999732	IS_AST_PARENT	
999730	999733	IS_AST_PARENT	
999729	999730	IS_AST_PARENT	
999648	999729	IS_AST_PARENT	
999736	999737	IS_AST_PARENT	
999735	999736	IS_AST_PARENT	
999739	999740	IS_AST_PARENT	
999738	999739	IS_AST_PARENT	
999741	999742	IS_AST_PARENT	
999738	999741	IS_AST_PARENT	
999743	999744	IS_AST_PARENT	
999738	999743	IS_AST_PARENT	
999735	999738	IS_AST_PARENT	
999734	999735	IS_AST_PARENT	
999648	999734	IS_AST_PARENT	
999747	999748	IS_AST_PARENT	
999746	999747	IS_AST_PARENT	
999750	999751	IS_AST_PARENT	
999749	999750	IS_AST_PARENT	
999752	999753	IS_AST_PARENT	
999749	999752	IS_AST_PARENT	
999754	999755	IS_AST_PARENT	
999749	999754	IS_AST_PARENT	
999746	999749	IS_AST_PARENT	
999745	999746	IS_AST_PARENT	
999648	999745	IS_AST_PARENT	
999758	999759	IS_AST_PARENT	
999757	999758	IS_AST_PARENT	
999761	999762	IS_AST_PARENT	
999760	999761	IS_AST_PARENT	
999763	999764	IS_AST_PARENT	
999760	999763	IS_AST_PARENT	
999765	999766	IS_AST_PARENT	
999760	999765	IS_AST_PARENT	
999757	999760	IS_AST_PARENT	
999756	999757	IS_AST_PARENT	
999648	999756	IS_AST_PARENT	
999769	999770	IS_AST_PARENT	
999768	999769	IS_AST_PARENT	
999772	999773	IS_AST_PARENT	
999771	999772	IS_AST_PARENT	
999774	999775	IS_AST_PARENT	
999771	999774	IS_AST_PARENT	
999768	999771	IS_AST_PARENT	
999767	999768	IS_AST_PARENT	
999648	999767	IS_AST_PARENT	
999778	999779	IS_AST_PARENT	
999778	999780	IS_AST_PARENT	
999777	999778	IS_AST_PARENT	
999776	999777	IS_AST_PARENT	
999784	999785	IS_AST_PARENT	
999784	999786	IS_AST_PARENT	
999783	999784	IS_AST_PARENT	
999783	999787	IS_AST_PARENT	
999782	999783	IS_AST_PARENT	
999789	999790	IS_AST_PARENT	
999789	999791	IS_AST_PARENT	
999788	999789	IS_AST_PARENT	
999788	999792	IS_AST_PARENT	
999782	999788	IS_AST_PARENT	
999781	999782	IS_AST_PARENT	
999776	999781	IS_AST_PARENT	
999793	999794	IS_AST_PARENT	
999793	999795	IS_AST_PARENT	
999776	999793	IS_AST_PARENT	
999776	999796	IS_AST_PARENT	
999648	999776	IS_AST_PARENT	
999800	999801	IS_AST_PARENT	
999802	999803	IS_AST_PARENT	
999802	999804	IS_AST_PARENT	
999800	999802	IS_AST_PARENT	
999799	999800	IS_AST_PARENT	
999806	999807	IS_AST_PARENT	
999805	999806	IS_AST_PARENT	
999809	999810	IS_AST_PARENT	
999808	999809	IS_AST_PARENT	
999805	999808	IS_AST_PARENT	
999799	999805	IS_AST_PARENT	
999798	999799	IS_AST_PARENT	
999797	999798	IS_AST_PARENT	
999814	999815	IS_AST_PARENT	
999813	999814	IS_AST_PARENT	
999817	999818	IS_AST_PARENT	
999816	999817	IS_AST_PARENT	
999819	999820	IS_AST_PARENT	
999816	999819	IS_AST_PARENT	
999813	999816	IS_AST_PARENT	
999812	999813	IS_AST_PARENT	
999811	999812	IS_AST_PARENT	
999797	999811	IS_AST_PARENT	
999825	999826	IS_AST_PARENT	
999824	999825	IS_AST_PARENT	
999828	999829	IS_AST_PARENT	
999827	999828	IS_AST_PARENT	
999830	999831	IS_AST_PARENT	
999827	999830	IS_AST_PARENT	
999824	999827	IS_AST_PARENT	
999823	999824	IS_AST_PARENT	
999822	999823	IS_AST_PARENT	
999821	999822	IS_AST_PARENT	
999797	999821	IS_AST_PARENT	
999648	999797	IS_AST_PARENT	
999834	999835	IS_AST_PARENT	
999834	999836	IS_AST_PARENT	
999833	999834	IS_AST_PARENT	
999833	999837	IS_AST_PARENT	
999832	999833	IS_AST_PARENT	
999648	999832	IS_AST_PARENT	
999840	999841	IS_AST_PARENT	
999839	999840	IS_AST_PARENT	
999843	999844	IS_AST_PARENT	
999842	999843	IS_AST_PARENT	
999845	999846	IS_AST_PARENT	
999842	999845	IS_AST_PARENT	
999839	999842	IS_AST_PARENT	
999838	999839	IS_AST_PARENT	
999648	999838	IS_AST_PARENT	
999850	999851	IS_AST_PARENT	
999850	999852	IS_AST_PARENT	
999849	999850	IS_AST_PARENT	
999853	999854	IS_AST_PARENT	
999856	999857	IS_AST_PARENT	
999855	999856	IS_AST_PARENT	
999859	999860	IS_AST_PARENT	
999858	999859	IS_AST_PARENT	
999861	999862	IS_AST_PARENT	
999858	999861	IS_AST_PARENT	
999863	999864	IS_AST_PARENT	
999858	999863	IS_AST_PARENT	
999855	999858	IS_AST_PARENT	
999853	999855	IS_AST_PARENT	
999849	999853	IS_AST_PARENT	
999848	999849	IS_AST_PARENT	
999847	999848	IS_AST_PARENT	
999866	999867	IS_AST_PARENT	
999865	999866	IS_AST_PARENT	
999847	999865	IS_AST_PARENT	
999648	999847	IS_AST_PARENT	
999871	999872	IS_AST_PARENT	
999871	999873	IS_AST_PARENT	
999870	999871	IS_AST_PARENT	
999874	999875	IS_AST_PARENT	
999877	999878	IS_AST_PARENT	
999876	999877	IS_AST_PARENT	
999880	999881	IS_AST_PARENT	
999879	999880	IS_AST_PARENT	
999882	999883	IS_AST_PARENT	
999879	999882	IS_AST_PARENT	
999884	999885	IS_AST_PARENT	
999879	999884	IS_AST_PARENT	
999876	999879	IS_AST_PARENT	
999874	999876	IS_AST_PARENT	
999870	999874	IS_AST_PARENT	
999869	999870	IS_AST_PARENT	
999868	999869	IS_AST_PARENT	
999887	999888	IS_AST_PARENT	
999886	999887	IS_AST_PARENT	
999868	999886	IS_AST_PARENT	
999648	999868	IS_AST_PARENT	
999890	999891	IS_AST_PARENT	
999893	999894	IS_AST_PARENT	
999892	999893	IS_AST_PARENT	
999896	999897	IS_AST_PARENT	
999895	999896	IS_AST_PARENT	
999892	999895	IS_AST_PARENT	
999890	999892	IS_AST_PARENT	
999889	999890	IS_AST_PARENT	
999648	999889	IS_AST_PARENT	
999900	999901	IS_AST_PARENT	
999899	999900	IS_AST_PARENT	
999904	999905	IS_AST_PARENT	
999904	999906	IS_AST_PARENT	
999903	999904	IS_AST_PARENT	
999902	999903	IS_AST_PARENT	
999908	999909	IS_AST_PARENT	
999908	999910	IS_AST_PARENT	
999907	999908	IS_AST_PARENT	
999902	999907	IS_AST_PARENT	
999899	999902	IS_AST_PARENT	
999898	999899	IS_AST_PARENT	
999648	999898	IS_AST_PARENT	
999913	999914	IS_AST_PARENT	
999912	999913	IS_AST_PARENT	
999917	999918	IS_AST_PARENT	
999917	999919	IS_AST_PARENT	
999916	999917	IS_AST_PARENT	
999915	999916	IS_AST_PARENT	
999921	999922	IS_AST_PARENT	
999921	999923	IS_AST_PARENT	
999920	999921	IS_AST_PARENT	
999915	999920	IS_AST_PARENT	
999912	999915	IS_AST_PARENT	
999911	999912	IS_AST_PARENT	
999648	999911	IS_AST_PARENT	
999926	999927	IS_AST_PARENT	
999926	999928	IS_AST_PARENT	
999925	999926	IS_AST_PARENT	
999925	999929	IS_AST_PARENT	
999924	999925	IS_AST_PARENT	
999648	999924	IS_AST_PARENT	
999933	999934	IS_AST_PARENT	
999933	999935	IS_AST_PARENT	
999932	999933	IS_AST_PARENT	
999932	999936	IS_AST_PARENT	
999931	999932	IS_AST_PARENT	
999937	999938	IS_AST_PARENT	
999939	999940	IS_AST_PARENT	
999942	999943	IS_AST_PARENT	
999942	999944	IS_AST_PARENT	
999941	999942	IS_AST_PARENT	
999941	999945	IS_AST_PARENT	
999939	999941	IS_AST_PARENT	
999937	999939	IS_AST_PARENT	
999931	999937	IS_AST_PARENT	
999930	999931	IS_AST_PARENT	
999648	999930	IS_AST_PARENT	
999948	999949	IS_AST_PARENT	
999948	999950	IS_AST_PARENT	
999947	999948	IS_AST_PARENT	
999952	999953	IS_AST_PARENT	
999951	999952	IS_AST_PARENT	
999955	999956	IS_AST_PARENT	
999954	999955	IS_AST_PARENT	
999951	999954	IS_AST_PARENT	
999947	999951	IS_AST_PARENT	
999946	999947	IS_AST_PARENT	
999648	999946	IS_AST_PARENT	
999959	999960	IS_AST_PARENT	
999959	999961	IS_AST_PARENT	
999958	999959	IS_AST_PARENT	
999958	999962	IS_AST_PARENT	
999957	999958	IS_AST_PARENT	
999648	999957	IS_AST_PARENT	
999966	999967	IS_AST_PARENT	
999966	999968	IS_AST_PARENT	
999965	999966	IS_AST_PARENT	
999965	999969	IS_AST_PARENT	
999964	999965	IS_AST_PARENT	
999971	999972	IS_AST_PARENT	
999970	999971	IS_AST_PARENT	
999974	999975	IS_AST_PARENT	
999973	999974	IS_AST_PARENT	
999970	999973	IS_AST_PARENT	
999964	999970	IS_AST_PARENT	
999963	999964	IS_AST_PARENT	
999648	999963	IS_AST_PARENT	
999978	999979	IS_AST_PARENT	
999978	999980	IS_AST_PARENT	
999977	999978	IS_AST_PARENT	
999982	999983	IS_AST_PARENT	
999981	999982	IS_AST_PARENT	
999985	999986	IS_AST_PARENT	
999984	999985	IS_AST_PARENT	
999981	999984	IS_AST_PARENT	
999977	999981	IS_AST_PARENT	
999976	999977	IS_AST_PARENT	
999648	999976	IS_AST_PARENT	
999989	999990	IS_AST_PARENT	
999988	999989	IS_AST_PARENT	
999992	999993	IS_AST_PARENT	
999991	999992	IS_AST_PARENT	
999994	999995	IS_AST_PARENT	
999991	999994	IS_AST_PARENT	
999996	999997	IS_AST_PARENT	
999991	999996	IS_AST_PARENT	
999988	999991	IS_AST_PARENT	
999987	999988	IS_AST_PARENT	
999648	999987	IS_AST_PARENT	
1000000	1000001	IS_AST_PARENT	
999999	1000000	IS_AST_PARENT	
1000003	1000004	IS_AST_PARENT	
1000002	1000003	IS_AST_PARENT	
1000005	1000006	IS_AST_PARENT	
1000002	1000005	IS_AST_PARENT	
999999	1000002	IS_AST_PARENT	
999998	999999	IS_AST_PARENT	
999648	999998	IS_AST_PARENT	
1000009	1000010	IS_AST_PARENT	
1000008	1000009	IS_AST_PARENT	
1000012	1000013	IS_AST_PARENT	
1000011	1000012	IS_AST_PARENT	
1000014	1000015	IS_AST_PARENT	
1000011	1000014	IS_AST_PARENT	
1000008	1000011	IS_AST_PARENT	
1000007	1000008	IS_AST_PARENT	
999648	1000007	IS_AST_PARENT	
1000018	1000019	IS_AST_PARENT	
1000017	1000018	IS_AST_PARENT	
1000021	1000022	IS_AST_PARENT	
1000020	1000021	IS_AST_PARENT	
1000023	1000024	IS_AST_PARENT	
1000020	1000023	IS_AST_PARENT	
1000017	1000020	IS_AST_PARENT	
1000016	1000017	IS_AST_PARENT	
999648	1000016	IS_AST_PARENT	
1000027	1000028	IS_AST_PARENT	
1000026	1000027	IS_AST_PARENT	
1000030	1000031	IS_AST_PARENT	
1000029	1000030	IS_AST_PARENT	
1000032	1000033	IS_AST_PARENT	
1000029	1000032	IS_AST_PARENT	
1000026	1000029	IS_AST_PARENT	
1000025	1000026	IS_AST_PARENT	
999648	1000025	IS_AST_PARENT	
1000036	1000037	IS_AST_PARENT	
1000035	1000036	IS_AST_PARENT	
1000039	1000040	IS_AST_PARENT	
1000038	1000039	IS_AST_PARENT	
1000041	1000042	IS_AST_PARENT	
1000038	1000041	IS_AST_PARENT	
1000035	1000038	IS_AST_PARENT	
1000034	1000035	IS_AST_PARENT	
999648	1000034	IS_AST_PARENT	
1000045	1000046	IS_AST_PARENT	
1000044	1000045	IS_AST_PARENT	
1000048	1000049	IS_AST_PARENT	
1000047	1000048	IS_AST_PARENT	
1000050	1000051	IS_AST_PARENT	
1000047	1000050	IS_AST_PARENT	
1000044	1000047	IS_AST_PARENT	
1000043	1000044	IS_AST_PARENT	
999648	1000043	IS_AST_PARENT	
1000054	1000055	IS_AST_PARENT	
1000053	1000054	IS_AST_PARENT	
1000057	1000058	IS_AST_PARENT	
1000056	1000057	IS_AST_PARENT	
1000059	1000060	IS_AST_PARENT	
1000056	1000059	IS_AST_PARENT	
1000053	1000056	IS_AST_PARENT	
1000052	1000053	IS_AST_PARENT	
999648	1000052	IS_AST_PARENT	
1000063	1000064	IS_AST_PARENT	
1000062	1000063	IS_AST_PARENT	
1000066	1000067	IS_AST_PARENT	
1000065	1000066	IS_AST_PARENT	
1000068	1000069	IS_AST_PARENT	
1000065	1000068	IS_AST_PARENT	
1000062	1000065	IS_AST_PARENT	
1000061	1000062	IS_AST_PARENT	
999648	1000061	IS_AST_PARENT	
1000071	1000072	IS_AST_PARENT	
1000071	1000073	IS_AST_PARENT	
1000070	1000071	IS_AST_PARENT	
1000074	1000075	IS_AST_PARENT	
1000074	1000076	IS_AST_PARENT	
1000070	1000074	IS_AST_PARENT	
999648	1000070	IS_AST_PARENT	
1000080	1000081	IS_AST_PARENT	
1000080	1000082	IS_AST_PARENT	
1000079	1000080	IS_AST_PARENT	
1000083	1000084	IS_AST_PARENT	
1000086	1000087	IS_AST_PARENT	
1000085	1000086	IS_AST_PARENT	
1000089	1000090	IS_AST_PARENT	
1000088	1000089	IS_AST_PARENT	
1000092	1000093	IS_AST_PARENT	
1000094	1000095	IS_AST_PARENT	
1000094	1000096	IS_AST_PARENT	
1000092	1000094	IS_AST_PARENT	
1000091	1000092	IS_AST_PARENT	
1000088	1000091	IS_AST_PARENT	
1000098	1000099	IS_AST_PARENT	
1000100	1000101	IS_AST_PARENT	
1000100	1000102	IS_AST_PARENT	
1000098	1000100	IS_AST_PARENT	
1000097	1000098	IS_AST_PARENT	
1000088	1000097	IS_AST_PARENT	
1000085	1000088	IS_AST_PARENT	
1000083	1000085	IS_AST_PARENT	
1000079	1000083	IS_AST_PARENT	
1000078	1000079	IS_AST_PARENT	
1000077	1000078	IS_AST_PARENT	
1000104	1000105	IS_AST_PARENT	
1000103	1000104	IS_AST_PARENT	
1000077	1000103	IS_AST_PARENT	
999648	1000077	IS_AST_PARENT	
1000107	1000108	IS_AST_PARENT	
1000107	1000109	IS_AST_PARENT	
1000106	1000107	IS_AST_PARENT	
1000110	1000111	IS_AST_PARENT	
1000110	1000112	IS_AST_PARENT	
1000106	1000110	IS_AST_PARENT	
999648	1000106	IS_AST_PARENT	
1000116	1000117	IS_AST_PARENT	
1000116	1000118	IS_AST_PARENT	
1000115	1000116	IS_AST_PARENT	
1000119	1000120	IS_AST_PARENT	
1000122	1000123	IS_AST_PARENT	
1000121	1000122	IS_AST_PARENT	
1000125	1000126	IS_AST_PARENT	
1000124	1000125	IS_AST_PARENT	
1000128	1000129	IS_AST_PARENT	
1000130	1000131	IS_AST_PARENT	
1000130	1000132	IS_AST_PARENT	
1000128	1000130	IS_AST_PARENT	
1000127	1000128	IS_AST_PARENT	
1000124	1000127	IS_AST_PARENT	
1000134	1000135	IS_AST_PARENT	
1000136	1000137	IS_AST_PARENT	
1000136	1000138	IS_AST_PARENT	
1000134	1000136	IS_AST_PARENT	
1000133	1000134	IS_AST_PARENT	
1000124	1000133	IS_AST_PARENT	
1000121	1000124	IS_AST_PARENT	
1000119	1000121	IS_AST_PARENT	
1000115	1000119	IS_AST_PARENT	
1000114	1000115	IS_AST_PARENT	
1000113	1000114	IS_AST_PARENT	
1000140	1000141	IS_AST_PARENT	
1000139	1000140	IS_AST_PARENT	
1000113	1000139	IS_AST_PARENT	
999648	1000113	IS_AST_PARENT	
1000145	1000146	IS_AST_PARENT	
1000145	1000147	IS_AST_PARENT	
1000144	1000145	IS_AST_PARENT	
1000148	1000149	IS_AST_PARENT	
1000151	1000152	IS_AST_PARENT	
1000150	1000151	IS_AST_PARENT	
1000154	1000155	IS_AST_PARENT	
1000153	1000154	IS_AST_PARENT	
1000156	1000157	IS_AST_PARENT	
1000153	1000156	IS_AST_PARENT	
1000160	1000161	IS_AST_PARENT	
1000159	1000160	IS_AST_PARENT	
1000163	1000164	IS_AST_PARENT	
1000162	1000163	IS_AST_PARENT	
1000159	1000162	IS_AST_PARENT	
1000158	1000159	IS_AST_PARENT	
1000153	1000158	IS_AST_PARENT	
1000165	1000166	IS_AST_PARENT	
1000153	1000165	IS_AST_PARENT	
1000150	1000153	IS_AST_PARENT	
1000148	1000150	IS_AST_PARENT	
1000144	1000148	IS_AST_PARENT	
1000143	1000144	IS_AST_PARENT	
1000142	1000143	IS_AST_PARENT	
1000168	1000169	IS_AST_PARENT	
1000167	1000168	IS_AST_PARENT	
1000142	1000167	IS_AST_PARENT	
999648	1000142	IS_AST_PARENT	
1000171	1000172	IS_AST_PARENT	
1000171	1000173	IS_AST_PARENT	
1000174	1000175	IS_AST_PARENT	
1000177	1000178	IS_AST_PARENT	
1000176	1000177	IS_AST_PARENT	
1000180	1000181	IS_AST_PARENT	
1000179	1000180	IS_AST_PARENT	
1000182	1000183	IS_AST_PARENT	
1000179	1000182	IS_AST_PARENT	
1000176	1000179	IS_AST_PARENT	
1000174	1000176	IS_AST_PARENT	
1000171	1000174	IS_AST_PARENT	
1000170	1000171	IS_AST_PARENT	
999648	1000170	IS_AST_PARENT	
1000186	1000187	IS_AST_PARENT	
1000186	1000188	IS_AST_PARENT	
1000185	1000186	IS_AST_PARENT	
1000184	1000185	IS_AST_PARENT	
1000190	1000191	IS_AST_PARENT	
1000189	1000190	IS_AST_PARENT	
1000184	1000189	IS_AST_PARENT	
999648	1000184	IS_AST_PARENT	
1000193	1000194	IS_AST_PARENT	
1000192	1000193	IS_AST_PARENT	
1000197	1000198	IS_AST_PARENT	
1000197	1000199	IS_AST_PARENT	
1000196	1000197	IS_AST_PARENT	
1000195	1000196	IS_AST_PARENT	
1000202	1000203	IS_AST_PARENT	
1000201	1000202	IS_AST_PARENT	
1000205	1000206	IS_AST_PARENT	
1000204	1000205	IS_AST_PARENT	
1000207	1000208	IS_AST_PARENT	
1000204	1000207	IS_AST_PARENT	
1000209	1000210	IS_AST_PARENT	
1000204	1000209	IS_AST_PARENT	
1000201	1000204	IS_AST_PARENT	
1000200	1000201	IS_AST_PARENT	
1000195	1000200	IS_AST_PARENT	
1000212	1000213	IS_AST_PARENT	
1000215	1000216	IS_AST_PARENT	
1000214	1000215	IS_AST_PARENT	
1000218	1000219	IS_AST_PARENT	
1000217	1000218	IS_AST_PARENT	
1000220	1000221	IS_AST_PARENT	
1000217	1000220	IS_AST_PARENT	
1000222	1000223	IS_AST_PARENT	
1000217	1000222	IS_AST_PARENT	
1000224	1000225	IS_AST_PARENT	
1000217	1000224	IS_AST_PARENT	
1000214	1000217	IS_AST_PARENT	
1000212	1000214	IS_AST_PARENT	
1000211	1000212	IS_AST_PARENT	
1000195	1000211	IS_AST_PARENT	
1000228	1000229	IS_AST_PARENT	
1000227	1000228	IS_AST_PARENT	
1000231	1000232	IS_AST_PARENT	
1000230	1000231	IS_AST_PARENT	
1000233	1000234	IS_AST_PARENT	
1000230	1000233	IS_AST_PARENT	
1000227	1000230	IS_AST_PARENT	
1000226	1000227	IS_AST_PARENT	
1000195	1000226	IS_AST_PARENT	
1000237	1000238	IS_AST_PARENT	
1000237	1000239	IS_AST_PARENT	
1000236	1000237	IS_AST_PARENT	
1000235	1000236	IS_AST_PARENT	
1000235	1000240	IS_AST_PARENT	
1000195	1000235	IS_AST_PARENT	
1000192	1000195	IS_AST_PARENT	
999648	1000192	IS_AST_PARENT	
1000243	1000244	IS_AST_PARENT	
1000242	1000243	IS_AST_PARENT	
1000246	1000247	IS_AST_PARENT	
1000245	1000246	IS_AST_PARENT	
1000242	1000245	IS_AST_PARENT	
1000241	1000242	IS_AST_PARENT	
999648	1000241	IS_AST_PARENT	
1000249	1000250	IS_AST_PARENT	
1000249	1000251	IS_AST_PARENT	
1000252	1000253	IS_AST_PARENT	
1000255	1000256	IS_AST_PARENT	
1000254	1000255	IS_AST_PARENT	
1000258	1000259	IS_AST_PARENT	
1000257	1000258	IS_AST_PARENT	
1000260	1000261	IS_AST_PARENT	
1000257	1000260	IS_AST_PARENT	
1000254	1000257	IS_AST_PARENT	
1000252	1000254	IS_AST_PARENT	
1000249	1000252	IS_AST_PARENT	
1000248	1000249	IS_AST_PARENT	
999648	1000248	IS_AST_PARENT	
1000264	1000265	IS_AST_PARENT	
1000263	1000264	IS_AST_PARENT	
1000267	1000268	IS_AST_PARENT	
1000266	1000267	IS_AST_PARENT	
1000269	1000270	IS_AST_PARENT	
1000266	1000269	IS_AST_PARENT	
1000271	1000272	IS_AST_PARENT	
1000266	1000271	IS_AST_PARENT	
1000263	1000266	IS_AST_PARENT	
1000262	1000263	IS_AST_PARENT	
999648	1000262	IS_AST_PARENT	
1000274	1000275	IS_AST_PARENT	
1000274	1000276	IS_AST_PARENT	
1000277	1000278	IS_AST_PARENT	
1000280	1000281	IS_AST_PARENT	
1000279	1000280	IS_AST_PARENT	
1000283	1000284	IS_AST_PARENT	
1000282	1000283	IS_AST_PARENT	
1000279	1000282	IS_AST_PARENT	
1000277	1000279	IS_AST_PARENT	
1000274	1000277	IS_AST_PARENT	
1000273	1000274	IS_AST_PARENT	
999648	1000273	IS_AST_PARENT	
1000287	1000288	IS_AST_PARENT	
1000287	1000289	IS_AST_PARENT	
1000286	1000287	IS_AST_PARENT	
1000285	1000286	IS_AST_PARENT	
1000292	1000293	IS_AST_PARENT	
1000292	1000294	IS_AST_PARENT	
1000295	1000296	IS_AST_PARENT	
1000298	1000299	IS_AST_PARENT	
1000297	1000298	IS_AST_PARENT	
1000303	1000304	IS_AST_PARENT	
1000303	1000305	IS_AST_PARENT	
1000302	1000303	IS_AST_PARENT	
1000306	1000307	IS_AST_PARENT	
1000306	1000308	IS_AST_PARENT	
1000302	1000306	IS_AST_PARENT	
1000301	1000302	IS_AST_PARENT	
1000300	1000301	IS_AST_PARENT	
1000297	1000300	IS_AST_PARENT	
1000295	1000297	IS_AST_PARENT	
1000292	1000295	IS_AST_PARENT	
1000291	1000292	IS_AST_PARENT	
1000290	1000291	IS_AST_PARENT	
1000310	1000311	IS_AST_PARENT	
1000310	1000312	IS_AST_PARENT	
1000313	1000314	IS_AST_PARENT	
1000316	1000317	IS_AST_PARENT	
1000315	1000316	IS_AST_PARENT	
1000319	1000320	IS_AST_PARENT	
1000318	1000319	IS_AST_PARENT	
1000321	1000322	IS_AST_PARENT	
1000318	1000321	IS_AST_PARENT	
1000315	1000318	IS_AST_PARENT	
1000313	1000315	IS_AST_PARENT	
1000310	1000313	IS_AST_PARENT	
1000309	1000310	IS_AST_PARENT	
1000290	1000309	IS_AST_PARENT	
1000324	1000325	IS_AST_PARENT	
1000324	1000326	IS_AST_PARENT	
1000327	1000328	IS_AST_PARENT	
1000327	1000329	IS_AST_PARENT	
1000324	1000327	IS_AST_PARENT	
1000323	1000324	IS_AST_PARENT	
1000290	1000323	IS_AST_PARENT	
1000334	1000335	IS_AST_PARENT	
1000333	1000334	IS_AST_PARENT	
1000337	1000338	IS_AST_PARENT	
1000336	1000337	IS_AST_PARENT	
1000340	1000341	IS_AST_PARENT	
1000340	1000342	IS_AST_PARENT	
1000339	1000340	IS_AST_PARENT	
1000336	1000339	IS_AST_PARENT	
1000343	1000344	IS_AST_PARENT	
1000336	1000343	IS_AST_PARENT	
1000333	1000336	IS_AST_PARENT	
1000332	1000333	IS_AST_PARENT	
1000332	1000345	IS_AST_PARENT	
1000331	1000332	IS_AST_PARENT	
1000330	1000331	IS_AST_PARENT	
1000350	1000351	IS_AST_PARENT	
1000350	1000352	IS_AST_PARENT	
1000349	1000350	IS_AST_PARENT	
1000353	1000354	IS_AST_PARENT	
1000356	1000357	IS_AST_PARENT	
1000355	1000356	IS_AST_PARENT	
1000359	1000360	IS_AST_PARENT	
1000358	1000359	IS_AST_PARENT	
1000361	1000362	IS_AST_PARENT	
1000358	1000361	IS_AST_PARENT	
1000365	1000366	IS_AST_PARENT	
1000364	1000365	IS_AST_PARENT	
1000368	1000369	IS_AST_PARENT	
1000367	1000368	IS_AST_PARENT	
1000364	1000367	IS_AST_PARENT	
1000363	1000364	IS_AST_PARENT	
1000358	1000363	IS_AST_PARENT	
1000370	1000371	IS_AST_PARENT	
1000358	1000370	IS_AST_PARENT	
1000355	1000358	IS_AST_PARENT	
1000353	1000355	IS_AST_PARENT	
1000349	1000353	IS_AST_PARENT	
1000348	1000349	IS_AST_PARENT	
1000347	1000348	IS_AST_PARENT	
1000373	1000374	IS_AST_PARENT	
1000372	1000373	IS_AST_PARENT	
1000347	1000372	IS_AST_PARENT	
1000346	1000347	IS_AST_PARENT	
1000330	1000346	IS_AST_PARENT	
1000290	1000330	IS_AST_PARENT	
1000285	1000290	IS_AST_PARENT	
999648	1000285	IS_AST_PARENT	
1000377	1000378	IS_AST_PARENT	
1000376	1000377	IS_AST_PARENT	
1000380	1000381	IS_AST_PARENT	
1000379	1000380	IS_AST_PARENT	
1000376	1000379	IS_AST_PARENT	
1000375	1000376	IS_AST_PARENT	
999648	1000375	IS_AST_PARENT	
1000384	1000385	IS_AST_PARENT	
1000383	1000384	IS_AST_PARENT	
1000387	1000388	IS_AST_PARENT	
1000386	1000387	IS_AST_PARENT	
1000383	1000386	IS_AST_PARENT	
1000382	1000383	IS_AST_PARENT	
999648	1000382	IS_AST_PARENT	
1000389	1000390	IS_AST_PARENT	
999648	1000389	IS_AST_PARENT	
999648	1000391	IS_AST_PARENT	
1000393	1000394	IS_AST_PARENT	
1000393	1000395	IS_AST_PARENT	
1000392	1000393	IS_AST_PARENT	
999648	1000392	IS_AST_PARENT	
1000398	1000399	IS_AST_PARENT	
1000400	1000401	IS_AST_PARENT	
1000400	1000402	IS_AST_PARENT	
1000398	1000400	IS_AST_PARENT	
1000397	1000398	IS_AST_PARENT	
1000397	1000403	IS_AST_PARENT	
1000396	1000397	IS_AST_PARENT	
999648	1000396	IS_AST_PARENT	
1000406	1000407	IS_AST_PARENT	
1000406	1000408	IS_AST_PARENT	
1000405	1000406	IS_AST_PARENT	
1000404	1000405	IS_AST_PARENT	
1000411	1000412	IS_AST_PARENT	
1000411	1000413	IS_AST_PARENT	
1000410	1000411	IS_AST_PARENT	
1000414	1000415	IS_AST_PARENT	
1000414	1000416	IS_AST_PARENT	
1000410	1000414	IS_AST_PARENT	
1000409	1000410	IS_AST_PARENT	
1000404	1000409	IS_AST_PARENT	
1000417	1000418	IS_AST_PARENT	
1000417	1000419	IS_AST_PARENT	
1000404	1000417	IS_AST_PARENT	
1000425	1000426	IS_AST_PARENT	
1000425	1000427	IS_AST_PARENT	
1000424	1000425	IS_AST_PARENT	
1000424	1000428	IS_AST_PARENT	
1000423	1000424	IS_AST_PARENT	
1000430	1000431	IS_AST_PARENT	
1000430	1000432	IS_AST_PARENT	
1000429	1000430	IS_AST_PARENT	
1000429	1000433	IS_AST_PARENT	
1000423	1000429	IS_AST_PARENT	
1000422	1000423	IS_AST_PARENT	
1000421	1000422	IS_AST_PARENT	
1000437	1000438	IS_AST_PARENT	
1000439	1000440	IS_AST_PARENT	
1000439	1000441	IS_AST_PARENT	
1000437	1000439	IS_AST_PARENT	
1000436	1000437	IS_AST_PARENT	
1000436	1000442	IS_AST_PARENT	
1000435	1000436	IS_AST_PARENT	
1000434	1000435	IS_AST_PARENT	
1000445	1000446	IS_AST_PARENT	
1000445	1000447	IS_AST_PARENT	
1000448	1000449	IS_AST_PARENT	
1000448	1000450	IS_AST_PARENT	
1000445	1000448	IS_AST_PARENT	
1000444	1000445	IS_AST_PARENT	
1000443	1000444	IS_AST_PARENT	
1000452	1000453	IS_AST_PARENT	
1000452	1000454	IS_AST_PARENT	
1000455	1000456	IS_AST_PARENT	
1000457	1000458	IS_AST_PARENT	
1000457	1000459	IS_AST_PARENT	
1000455	1000457	IS_AST_PARENT	
1000452	1000455	IS_AST_PARENT	
1000451	1000452	IS_AST_PARENT	
1000443	1000451	IS_AST_PARENT	
1000463	1000464	IS_AST_PARENT	
1000465	1000466	IS_AST_PARENT	
1000465	1000467	IS_AST_PARENT	
1000463	1000465	IS_AST_PARENT	
1000462	1000463	IS_AST_PARENT	
1000468	1000469	IS_AST_PARENT	
1000468	1000470	IS_AST_PARENT	
1000462	1000468	IS_AST_PARENT	
1000461	1000462	IS_AST_PARENT	
1000460	1000461	IS_AST_PARENT	
1000473	1000474	IS_AST_PARENT	
1000473	1000475	IS_AST_PARENT	
1000473	1000476	IS_AST_PARENT	
1000472	1000473	IS_AST_PARENT	
1000471	1000472	IS_AST_PARENT	
1000478	1000479	IS_AST_PARENT	
1000478	1000480	IS_AST_PARENT	
1000481	1000482	IS_AST_PARENT	
1000483	1000484	IS_AST_PARENT	
1000483	1000485	IS_AST_PARENT	
1000481	1000483	IS_AST_PARENT	
1000478	1000481	IS_AST_PARENT	
1000477	1000478	IS_AST_PARENT	
1000471	1000477	IS_AST_PARENT	
1000487	1000488	IS_AST_PARENT	
1000487	1000489	IS_AST_PARENT	
1000486	1000487	IS_AST_PARENT	
1000471	1000486	IS_AST_PARENT	
1000492	1000493	IS_AST_PARENT	
1000492	1000494	IS_AST_PARENT	
1000491	1000492	IS_AST_PARENT	
1000490	1000491	IS_AST_PARENT	
1000496	1000497	IS_AST_PARENT	
1000496	1000498	IS_AST_PARENT	
1000495	1000496	IS_AST_PARENT	
1000490	1000495	IS_AST_PARENT	
1000499	1000500	IS_AST_PARENT	
1000499	1000501	IS_AST_PARENT	
1000490	1000499	IS_AST_PARENT	
1000504	1000505	IS_AST_PARENT	
1000504	1000506	IS_AST_PARENT	
1000503	1000504	IS_AST_PARENT	
1000503	1000507	IS_AST_PARENT	
1000502	1000503	IS_AST_PARENT	
1000490	1000502	IS_AST_PARENT	
1000471	1000490	IS_AST_PARENT	
1000509	1000510	IS_AST_PARENT	
1000511	1000512	IS_AST_PARENT	
1000511	1000513	IS_AST_PARENT	
1000509	1000511	IS_AST_PARENT	
1000508	1000509	IS_AST_PARENT	
1000471	1000508	IS_AST_PARENT	
1000516	1000517	IS_AST_PARENT	
1000516	1000518	IS_AST_PARENT	
1000515	1000516	IS_AST_PARENT	
1000521	1000522	IS_AST_PARENT	
1000524	1000525	IS_AST_PARENT	
1000526	1000527	IS_AST_PARENT	
1000526	1000528	IS_AST_PARENT	
1000524	1000526	IS_AST_PARENT	
1000523	1000524	IS_AST_PARENT	
1000529	1000530	IS_AST_PARENT	
1000531	1000532	IS_AST_PARENT	
1000531	1000533	IS_AST_PARENT	
1000529	1000531	IS_AST_PARENT	
1000523	1000529	IS_AST_PARENT	
1000521	1000523	IS_AST_PARENT	
1000520	1000521	IS_AST_PARENT	
1000534	1000535	IS_AST_PARENT	
1000534	1000536	IS_AST_PARENT	
1000520	1000534	IS_AST_PARENT	
1000519	1000520	IS_AST_PARENT	
1000519	1000537	IS_AST_PARENT	
1000515	1000519	IS_AST_PARENT	
1000514	1000515	IS_AST_PARENT	
1000471	1000514	IS_AST_PARENT	
1000460	1000471	IS_AST_PARENT	
1000539	1000540	IS_AST_PARENT	
1000539	1000541	IS_AST_PARENT	
1000539	1000542	IS_AST_PARENT	
1000544	1000545	IS_AST_PARENT	
1000546	1000547	IS_AST_PARENT	
1000546	1000548	IS_AST_PARENT	
1000544	1000546	IS_AST_PARENT	
1000543	1000544	IS_AST_PARENT	
1000539	1000543	IS_AST_PARENT	
1000550	1000551	IS_AST_PARENT	
1000550	1000552	IS_AST_PARENT	
1000553	1000554	IS_AST_PARENT	
1000555	1000556	IS_AST_PARENT	
1000555	1000557	IS_AST_PARENT	
1000553	1000555	IS_AST_PARENT	
1000550	1000553	IS_AST_PARENT	
1000549	1000550	IS_AST_PARENT	
1000539	1000549	IS_AST_PARENT	
1000559	1000560	IS_AST_PARENT	
1000559	1000561	IS_AST_PARENT	
1000562	1000563	IS_AST_PARENT	
1000564	1000565	IS_AST_PARENT	
1000564	1000566	IS_AST_PARENT	
1000562	1000564	IS_AST_PARENT	
1000559	1000562	IS_AST_PARENT	
1000558	1000559	IS_AST_PARENT	
1000539	1000558	IS_AST_PARENT	
1000569	1000570	IS_AST_PARENT	
1000569	1000571	IS_AST_PARENT	
1000568	1000569	IS_AST_PARENT	
1000568	1000572	IS_AST_PARENT	
1000567	1000568	IS_AST_PARENT	
1000539	1000567	IS_AST_PARENT	
1000575	1000576	IS_AST_PARENT	
1000577	1000578	IS_AST_PARENT	
1000577	1000579	IS_AST_PARENT	
1000575	1000577	IS_AST_PARENT	
1000574	1000575	IS_AST_PARENT	
1000582	1000583	IS_AST_PARENT	
1000584	1000585	IS_AST_PARENT	
1000584	1000586	IS_AST_PARENT	
1000582	1000584	IS_AST_PARENT	
1000581	1000582	IS_AST_PARENT	
1000587	1000588	IS_AST_PARENT	
1000589	1000590	IS_AST_PARENT	
1000591	1000592	IS_AST_PARENT	
1000591	1000593	IS_AST_PARENT	
1000589	1000591	IS_AST_PARENT	
1000587	1000589	IS_AST_PARENT	
1000581	1000587	IS_AST_PARENT	
1000580	1000581	IS_AST_PARENT	
1000580	1000594	IS_AST_PARENT	
1000574	1000580	IS_AST_PARENT	
1000573	1000574	IS_AST_PARENT	
1000539	1000573	IS_AST_PARENT	
1000538	1000539	IS_AST_PARENT	
1000460	1000538	IS_AST_PARENT	
1000443	1000460	IS_AST_PARENT	
1000599	1000600	IS_AST_PARENT	
1000603	1000604	IS_AST_PARENT	
1000603	1000605	IS_AST_PARENT	
1000602	1000603	IS_AST_PARENT	
1000606	1000607	IS_AST_PARENT	
1000606	1000608	IS_AST_PARENT	
1000602	1000606	IS_AST_PARENT	
1000601	1000602	IS_AST_PARENT	
1000609	1000610	IS_AST_PARENT	
1000609	1000611	IS_AST_PARENT	
1000601	1000609	IS_AST_PARENT	
1000599	1000601	IS_AST_PARENT	
1000598	1000599	IS_AST_PARENT	
1000612	1000613	IS_AST_PARENT	
1000612	1000614	IS_AST_PARENT	
1000598	1000612	IS_AST_PARENT	
1000597	1000598	IS_AST_PARENT	
1000597	1000615	IS_AST_PARENT	
1000596	1000597	IS_AST_PARENT	
1000595	1000596	IS_AST_PARENT	
1000618	1000619	IS_AST_PARENT	
1000618	1000620	IS_AST_PARENT	
1000621	1000622	IS_AST_PARENT	
1000621	1000623	IS_AST_PARENT	
1000618	1000621	IS_AST_PARENT	
1000617	1000618	IS_AST_PARENT	
1000616	1000617	IS_AST_PARENT	
1000616	1000624	IS_AST_PARENT	
1000595	1000616	IS_AST_PARENT	
1000626	1000627	IS_AST_PARENT	
1000626	1000628	IS_AST_PARENT	
1000626	1000629	IS_AST_PARENT	
1000626	1000630	IS_AST_PARENT	
1000632	1000633	IS_AST_PARENT	
1000634	1000635	IS_AST_PARENT	
1000634	1000636	IS_AST_PARENT	
1000632	1000634	IS_AST_PARENT	
1000631	1000632	IS_AST_PARENT	
1000626	1000631	IS_AST_PARENT	
1000638	1000639	IS_AST_PARENT	
1000638	1000640	IS_AST_PARENT	
1000641	1000642	IS_AST_PARENT	
1000643	1000644	IS_AST_PARENT	
1000643	1000645	IS_AST_PARENT	
1000641	1000643	IS_AST_PARENT	
1000638	1000641	IS_AST_PARENT	
1000637	1000638	IS_AST_PARENT	
1000626	1000637	IS_AST_PARENT	
1000647	1000648	IS_AST_PARENT	
1000647	1000649	IS_AST_PARENT	
1000650	1000651	IS_AST_PARENT	
1000652	1000653	IS_AST_PARENT	
1000652	1000654	IS_AST_PARENT	
1000650	1000652	IS_AST_PARENT	
1000647	1000650	IS_AST_PARENT	
1000646	1000647	IS_AST_PARENT	
1000626	1000646	IS_AST_PARENT	
1000657	1000658	IS_AST_PARENT	
1000657	1000659	IS_AST_PARENT	
1000656	1000657	IS_AST_PARENT	
1000656	1000660	IS_AST_PARENT	
1000655	1000656	IS_AST_PARENT	
1000626	1000655	IS_AST_PARENT	
1000625	1000626	IS_AST_PARENT	
1000595	1000625	IS_AST_PARENT	
1000443	1000595	IS_AST_PARENT	
1000664	1000665	IS_AST_PARENT	
1000667	1000668	IS_AST_PARENT	
1000671	1000672	IS_AST_PARENT	
1000671	1000673	IS_AST_PARENT	
1000670	1000671	IS_AST_PARENT	
1000670	1000674	IS_AST_PARENT	
1000669	1000670	IS_AST_PARENT	
1000669	1000675	IS_AST_PARENT	
1000667	1000669	IS_AST_PARENT	
1000666	1000667	IS_AST_PARENT	
1000676	1000677	IS_AST_PARENT	
1000676	1000678	IS_AST_PARENT	
1000666	1000676	IS_AST_PARENT	
1000664	1000666	IS_AST_PARENT	
1000663	1000664	IS_AST_PARENT	
1000679	1000680	IS_AST_PARENT	
1000679	1000681	IS_AST_PARENT	
1000663	1000679	IS_AST_PARENT	
1000662	1000663	IS_AST_PARENT	
1000661	1000662	IS_AST_PARENT	
1000684	1000685	IS_AST_PARENT	
1000684	1000686	IS_AST_PARENT	
1000687	1000688	IS_AST_PARENT	
1000687	1000689	IS_AST_PARENT	
1000684	1000687	IS_AST_PARENT	
1000683	1000684	IS_AST_PARENT	
1000682	1000683	IS_AST_PARENT	
1000691	1000692	IS_AST_PARENT	
1000691	1000693	IS_AST_PARENT	
1000694	1000695	IS_AST_PARENT	
1000696	1000697	IS_AST_PARENT	
1000696	1000698	IS_AST_PARENT	
1000694	1000696	IS_AST_PARENT	
1000691	1000694	IS_AST_PARENT	
1000690	1000691	IS_AST_PARENT	
1000682	1000690	IS_AST_PARENT	
1000701	1000702	IS_AST_PARENT	
1000701	1000703	IS_AST_PARENT	
1000700	1000701	IS_AST_PARENT	
1000700	1000704	IS_AST_PARENT	
1000699	1000700	IS_AST_PARENT	
1000682	1000699	IS_AST_PARENT	
1000661	1000682	IS_AST_PARENT	
1000708	1000709	IS_AST_PARENT	
1000708	1000710	IS_AST_PARENT	
1000711	1000712	IS_AST_PARENT	
1000711	1000713	IS_AST_PARENT	
1000708	1000711	IS_AST_PARENT	
1000707	1000708	IS_AST_PARENT	
1000706	1000707	IS_AST_PARENT	
1000715	1000716	IS_AST_PARENT	
1000717	1000718	IS_AST_PARENT	
1000717	1000719	IS_AST_PARENT	
1000715	1000717	IS_AST_PARENT	
1000714	1000715	IS_AST_PARENT	
1000706	1000714	IS_AST_PARENT	
1000722	1000723	IS_AST_PARENT	
1000722	1000724	IS_AST_PARENT	
1000721	1000722	IS_AST_PARENT	
1000726	1000727	IS_AST_PARENT	
1000726	1000728	IS_AST_PARENT	
1000725	1000726	IS_AST_PARENT	
1000729	1000730	IS_AST_PARENT	
1000731	1000732	IS_AST_PARENT	
1000731	1000733	IS_AST_PARENT	
1000729	1000731	IS_AST_PARENT	
1000725	1000729	IS_AST_PARENT	
1000721	1000725	IS_AST_PARENT	
1000720	1000721	IS_AST_PARENT	
1000706	1000720	IS_AST_PARENT	
1000706	1000734	IS_AST_PARENT	
1000705	1000706	IS_AST_PARENT	
1000661	1000705	IS_AST_PARENT	
1000443	1000661	IS_AST_PARENT	
1000434	1000443	IS_AST_PARENT	
1000737	1000738	IS_AST_PARENT	
1000739	1000740	IS_AST_PARENT	
1000739	1000741	IS_AST_PARENT	
1000737	1000739	IS_AST_PARENT	
1000736	1000737	IS_AST_PARENT	
1000736	1000742	IS_AST_PARENT	
1000735	1000736	IS_AST_PARENT	
1000434	1000735	IS_AST_PARENT	
1000745	1000746	IS_AST_PARENT	
1000747	1000748	IS_AST_PARENT	
1000747	1000749	IS_AST_PARENT	
1000745	1000747	IS_AST_PARENT	
1000744	1000745	IS_AST_PARENT	
1000750	1000751	IS_AST_PARENT	
1000750	1000752	IS_AST_PARENT	
1000744	1000750	IS_AST_PARENT	
1000743	1000744	IS_AST_PARENT	
1000434	1000743	IS_AST_PARENT	
1000755	1000756	IS_AST_PARENT	
1000757	1000758	IS_AST_PARENT	
1000757	1000759	IS_AST_PARENT	
1000755	1000757	IS_AST_PARENT	
1000754	1000755	IS_AST_PARENT	
1000754	1000760	IS_AST_PARENT	
1000753	1000754	IS_AST_PARENT	
1000434	1000753	IS_AST_PARENT	
1000421	1000434	IS_AST_PARENT	
1000764	1000765	IS_AST_PARENT	
1000766	1000767	IS_AST_PARENT	
1000766	1000768	IS_AST_PARENT	
1000764	1000766	IS_AST_PARENT	
1000763	1000764	IS_AST_PARENT	
1000769	1000770	IS_AST_PARENT	
1000769	1000771	IS_AST_PARENT	
1000763	1000769	IS_AST_PARENT	
1000762	1000763	IS_AST_PARENT	
1000761	1000762	IS_AST_PARENT	
1000421	1000761	IS_AST_PARENT	
1000420	1000421	IS_AST_PARENT	
1000404	1000420	IS_AST_PARENT	
999648	1000404	IS_AST_PARENT	
1000774	1000775	IS_AST_PARENT	
1000776	1000777	IS_AST_PARENT	
1000776	1000778	IS_AST_PARENT	
1000774	1000776	IS_AST_PARENT	
1000773	1000774	IS_AST_PARENT	
1000773	1000779	IS_AST_PARENT	
1000772	1000773	IS_AST_PARENT	
999648	1000772	IS_AST_PARENT	
1000782	1000783	IS_AST_PARENT	
1000782	1000784	IS_AST_PARENT	
1000781	1000782	IS_AST_PARENT	
1000781	1000785	IS_AST_PARENT	
1000780	1000781	IS_AST_PARENT	
999648	1000780	IS_AST_PARENT	
1000786	1000787	IS_AST_PARENT	
999648	1000786	IS_AST_PARENT	
999647	999648	IS_AST_PARENT	
999647	1000788	IS_AST_PARENT	
999647	1000789	IS_AST_PARENT	
1000791	1000792	IS_AST_PARENT	
1000791	1000793	IS_AST_PARENT	
1000790	1000791	IS_AST_PARENT	
1000794	1000795	IS_AST_PARENT	
1000794	1000796	IS_AST_PARENT	
1000790	1000794	IS_AST_PARENT	
1000797	1000798	IS_AST_PARENT	
1000797	1000799	IS_AST_PARENT	
1000790	1000797	IS_AST_PARENT	
999647	1000790	IS_AST_PARENT	
1000800	1000791	FLOWS_TO	
1000791	1000794	FLOWS_TO	
1000794	1000797	FLOWS_TO	
1000797	999649	FLOWS_TO	
999649	999660	FLOWS_TO	
999660	999665	FLOWS_TO	
999660	999673	FLOWS_TO	
999665	999671	FLOWS_TO	
999671	1000801	FLOWS_TO	
999673	999680	FLOWS_TO	
999680	999687	FLOWS_TO	
999687	999694	FLOWS_TO	
999694	999702	FLOWS_TO	
999702	999707	FLOWS_TO	
999707	999714	FLOWS_TO	
999714	999723	FLOWS_TO	
999723	999728	FLOWS_TO	
999728	999729	FLOWS_TO	
999729	999734	FLOWS_TO	
999734	999745	FLOWS_TO	
999745	999756	FLOWS_TO	
999756	999767	FLOWS_TO	
999767	999777	FLOWS_TO	
999781	999796	FLOWS_TO	
999781	999798	FLOWS_TO	
999777	999781	FLOWS_TO	
999793	999781	FLOWS_TO	
999796	999793	FLOWS_TO	
999798	999812	FLOWS_TO	
999798	999823	FLOWS_TO	
999812	999832	FLOWS_TO	
999823	999832	FLOWS_TO	
999832	999838	FLOWS_TO	
999838	999848	FLOWS_TO	
999848	999866	FLOWS_TO	
999848	999869	FLOWS_TO	
999866	1000389	FLOWS_TO	
999869	999887	FLOWS_TO	
999869	999889	FLOWS_TO	
999887	1000389	FLOWS_TO	
999889	999898	FLOWS_TO	
999898	999911	FLOWS_TO	
999911	999924	FLOWS_TO	
999924	999930	FLOWS_TO	
999930	999946	FLOWS_TO	
999946	999957	FLOWS_TO	
999957	999963	FLOWS_TO	
999963	999976	FLOWS_TO	
999976	999987	FLOWS_TO	
999987	999998	FLOWS_TO	
999998	1000007	FLOWS_TO	
1000007	1000016	FLOWS_TO	
1000016	1000025	FLOWS_TO	
1000025	1000034	FLOWS_TO	
1000034	1000043	FLOWS_TO	
1000043	1000052	FLOWS_TO	
1000052	1000061	FLOWS_TO	
1000061	1000070	FLOWS_TO	
1000070	1000078	FLOWS_TO	
1000078	1000104	FLOWS_TO	
1000078	1000106	FLOWS_TO	
1000104	1000389	FLOWS_TO	
1000106	1000114	FLOWS_TO	
1000114	1000140	FLOWS_TO	
1000114	1000143	FLOWS_TO	
1000140	1000389	FLOWS_TO	
1000143	1000168	FLOWS_TO	
1000143	1000170	FLOWS_TO	
1000168	1000389	FLOWS_TO	
1000170	1000185	FLOWS_TO	
1000185	1000190	FLOWS_TO	
1000185	1000193	FLOWS_TO	
1000190	1000389	FLOWS_TO	
1000193	1000196	FLOWS_TO	
1000193	1000241	FLOWS_TO	
1000196	1000200	FLOWS_TO	
1000200	1000211	FLOWS_TO	
1000211	1000226	FLOWS_TO	
1000226	1000236	FLOWS_TO	
1000236	1000240	FLOWS_TO	
1000236	1000193	FLOWS_TO	
1000240	1000241	FLOWS_TO	
1000241	1000248	FLOWS_TO	
1000248	1000262	FLOWS_TO	
1000262	1000273	FLOWS_TO	
1000273	1000286	FLOWS_TO	
1000286	1000291	FLOWS_TO	
1000286	1000375	FLOWS_TO	
1000291	1000309	FLOWS_TO	
1000309	1000323	FLOWS_TO	
1000323	1000331	FLOWS_TO	
1000331	1000348	FLOWS_TO	
1000331	1000375	FLOWS_TO	
1000348	1000373	FLOWS_TO	
1000348	1000331	FLOWS_TO	
1000373	1000389	FLOWS_TO	
1000375	1000382	FLOWS_TO	
1000382	1000389	FLOWS_TO	
1000389	1000391	FLOWS_TO	
1000391	1000392	FLOWS_TO	
1000392	1000396	FLOWS_TO	
1000396	1000405	FLOWS_TO	
1000409	1000422	FLOWS_TO	
1000409	1000772	FLOWS_TO	
1000405	1000409	FLOWS_TO	
1000417	1000409	FLOWS_TO	
1000422	1000435	FLOWS_TO	
1000422	1000762	FLOWS_TO	
1000435	1000444	FLOWS_TO	
1000444	1000451	FLOWS_TO	
1000451	1000461	FLOWS_TO	
1000461	1000472	FLOWS_TO	
1000461	1000540	FLOWS_TO	
1000472	1000477	FLOWS_TO	
1000477	1000486	FLOWS_TO	
1000486	1000491	FLOWS_TO	
1000495	1000502	FLOWS_TO	
1000495	1000508	FLOWS_TO	
1000491	1000495	FLOWS_TO	
1000499	1000495	FLOWS_TO	
1000502	1000499	FLOWS_TO	
1000508	1000514	FLOWS_TO	
1000514	1000596	FLOWS_TO	
1000540	1000541	FLOWS_TO	
1000541	1000542	FLOWS_TO	
1000542	1000543	FLOWS_TO	
1000543	1000549	FLOWS_TO	
1000549	1000558	FLOWS_TO	
1000558	1000567	FLOWS_TO	
1000567	1000573	FLOWS_TO	
1000573	1000596	FLOWS_TO	
1000596	1000617	FLOWS_TO	
1000596	1000627	FLOWS_TO	
1000617	1000624	FLOWS_TO	
1000624	1000662	FLOWS_TO	
1000627	1000628	FLOWS_TO	
1000628	1000629	FLOWS_TO	
1000629	1000630	FLOWS_TO	
1000630	1000631	FLOWS_TO	
1000631	1000637	FLOWS_TO	
1000637	1000646	FLOWS_TO	
1000646	1000655	FLOWS_TO	
1000655	1000662	FLOWS_TO	
1000662	1000683	FLOWS_TO	
1000662	1000707	FLOWS_TO	
1000683	1000690	FLOWS_TO	
1000690	1000699	FLOWS_TO	
1000699	1000735	FLOWS_TO	
1000707	1000714	FLOWS_TO	
1000714	1000720	FLOWS_TO	
1000720	1000734	FLOWS_TO	
1000734	1000735	FLOWS_TO	
1000735	1000743	FLOWS_TO	
1000743	1000753	FLOWS_TO	
1000753	1000417	FLOWS_TO	
1000762	1000417	FLOWS_TO	
1000772	1000780	FLOWS_TO	
1000780	1000786	FLOWS_TO	
1000786	1000801	FLOWS_TO	
1000567	1000802	DEF	
1000568	1000802	DEF	
1000573	1000802	USE	
1000575	1000802	USE	
1000589	1000802	USE	
1000617	1000803	DEF	
1000621	1000803	DEF	
1000618	1000803	DEF	
1000451	1000804	USE	
1000455	1000804	USE	
1000477	1000804	USE	
1000481	1000804	USE	
1000543	1000804	USE	
1000544	1000804	USE	
1000549	1000804	USE	
1000553	1000804	USE	
1000631	1000804	USE	
1000632	1000804	USE	
1000637	1000804	USE	
1000641	1000804	USE	
1000690	1000804	USE	
1000694	1000804	USE	
1000714	1000804	USE	
1000715	1000804	USE	
999723	1000805	DEF	
999724	1000805	DEF	
999987	1000805	USE	
999992	1000805	USE	
999998	1000805	USE	
1000003	1000805	USE	
1000007	1000805	USE	
1000012	1000805	USE	
1000016	1000805	USE	
1000021	1000805	USE	
1000025	1000805	USE	
1000030	1000805	USE	
1000034	1000805	USE	
1000039	1000805	USE	
1000043	1000805	USE	
1000048	1000805	USE	
1000052	1000805	USE	
1000057	1000805	USE	
1000061	1000805	USE	
1000066	1000805	USE	
1000143	1000805	USE	
1000163	1000805	USE	
1000156	1000805	USE	
999946	1000806	USE	
999947	1000806	USE	
999976	1000806	USE	
999977	1000806	USE	
1000558	1000807	DEF	
1000559	1000807	DEF	
1000562	1000807	DEF	
1000567	1000807	USE	
1000569	1000807	USE	
1000573	1000807	USE	
1000591	1000807	USE	
1000577	1000807	USE	
1000309	1000808	DEF	
1000310	1000808	DEF	
1000313	1000808	DEF	
1000331	1000808	USE	
1000343	1000808	USE	
1000558	1000809	USE	
1000562	1000809	USE	
1000331	1000810	USE	
1000409	1000811	USE	
1000422	1000811	USE	
1000743	1000811	USE	
1000744	1000811	USE	
1000762	1000811	USE	
1000763	1000811	USE	
1000655	1000812	DEF	
1000656	1000812	DEF	
999798	1000813	USE	
1000143	1000813	USE	
1000158	1000813	USE	
1000348	1000813	USE	
1000363	1000813	USE	
1000248	1000814	DEF	
1000252	1000814	DEF	
1000249	1000814	DEF	
1000262	1000814	USE	
1000267	1000814	USE	
1000273	1000814	USE	
1000283	1000814	USE	
1000794	1000815	DEF	
1000392	1000815	DEF	
1000393	1000815	DEF	
1000392	1000815	USE	
1000393	1000815	USE	
1000409	1000815	USE	
999930	1000816	USE	
999937	1000816	USE	
1000273	1000817	DEF	
1000274	1000817	DEF	
1000277	1000817	DEF	
1000286	1000817	USE	
1000291	1000817	USE	
1000301	1000817	USE	
999714	1000818	DEF	
999719	1000818	DEF	
999756	1000818	USE	
999761	1000818	USE	
999812	1000818	USE	
999817	1000818	USE	
999823	1000818	USE	
999828	1000818	USE	
1000007	1000818	USE	
1000014	1000818	USE	
1000707	1000819	DEF	
1000711	1000819	DEF	
1000708	1000819	DEF	
1000699	1000820	DEF	
1000700	1000820	DEF	
999930	1000821	DEF	
999931	1000821	DEF	
999930	1000822	USE	
999931	1000822	USE	
999930	1000823	USE	
999931	1000823	USE	
1000472	1000824	DEF	
1000473	1000824	DEF	
1000502	1000824	USE	
1000504	1000824	USE	
1000514	1000824	USE	
1000531	1000824	USE	
1000526	1000824	USE	
1000631	1000825	DEF	
1000632	1000825	DEF	
1000655	1000825	USE	
1000656	1000825	USE	
1000444	1000826	DEF	
1000445	1000826	DEF	
1000448	1000826	DEF	
1000461	1000826	USE	
1000508	1000826	DEF	
1000509	1000826	DEF	
1000514	1000826	USE	
1000515	1000826	USE	
1000573	1000826	USE	
1000574	1000826	USE	
1000596	1000826	USE	
1000662	1000826	USE	
1000106	1000827	DEF	
1000107	1000827	DEF	
1000143	1000827	DEF	
1000148	1000827	DEF	
1000502	1000828	DEF	
1000503	1000828	DEF	
1000514	1000828	USE	
1000515	1000828	USE	
999687	1000829	USE	
999691	1000829	USE	
999687	1000829	DEF	
999691	1000829	DEF	
1000331	1000829	USE	
999924	1000830	DEF	
999925	1000830	DEF	
1000720	1000831	USE	
1000721	1000831	USE	
1000720	1000831	DEF	
1000721	1000831	DEF	
999729	1000832	DEF	
999730	1000832	DEF	
1000200	1000832	USE	
1000205	1000832	USE	
1000211	1000832	USE	
1000220	1000832	USE	
1000226	1000832	USE	
1000231	1000832	USE	
999963	1000833	USE	
999965	1000833	USE	
999963	1000833	DEF	
999964	1000833	DEF	
999848	1000834	USE	
999859	1000834	USE	
999869	1000834	USE	
999880	1000834	USE	
999924	1000834	USE	
999925	1000834	USE	
999957	1000834	USE	
999958	1000834	USE	
999687	1000835	DEF	
999688	1000835	DEF	
999889	1000835	DEF	
999890	1000835	DEF	
999930	1000835	USE	
999942	1000835	USE	
1000291	1000836	DEF	
1000292	1000836	DEF	
1000295	1000836	DEF	
1000331	1000836	USE	
1000337	1000836	USE	
1000348	1000836	USE	
1000368	1000836	USE	
1000361	1000836	USE	
999930	1000837	DEF	
999931	1000837	DEF	
999930	1000837	USE	
999932	1000837	USE	
999911	1000838	USE	
999916	1000838	USE	
1000114	1000838	USE	
1000127	1000838	USE	
1000690	1000839	DEF	
1000694	1000839	DEF	
1000691	1000839	DEF	
1000699	1000839	USE	
1000701	1000839	USE	
999976	1000840	DEF	
999977	1000840	DEF	
1000323	1000841	DEF	
1000324	1000841	DEF	
1000327	1000841	DEF	
1000070	1000842	DEF	
1000071	1000842	DEF	
1000078	1000842	DEF	
1000083	1000842	DEF	
1000637	1000843	DEF	
1000641	1000843	DEF	
1000638	1000843	DEF	
999673	1000844	DEF	
999677	1000844	DEF	
999869	1000844	DEF	
999874	1000844	DEF	
1000114	1000844	USE	
1000125	1000844	USE	
1000348	1000844	USE	
1000359	1000844	USE	
1000382	1000844	USE	
1000387	1000844	USE	
999707	1000845	DEF	
999711	1000845	DEF	
999708	1000845	DEF	
999781	1000845	USE	
999789	1000845	USE	
999784	1000845	USE	
999777	1000845	DEF	
999778	1000845	DEF	
999798	1000845	USE	
999823	1000845	USE	
999830	1000845	USE	
999832	1000845	USE	
999834	1000845	USE	
999898	1000846	USE	
999903	1000846	USE	
1000078	1000846	USE	
1000091	1000846	USE	
1000573	1000847	USE	
1000574	1000847	USE	
1000573	1000847	DEF	
1000574	1000847	DEF	
1000106	1000848	DEF	
1000110	1000848	DEF	
1000348	1000848	DEF	
1000353	1000848	DEF	
1000797	1000849	DEF	
999660	1000849	USE	
1000409	1000849	USE	
1000414	1000849	USE	
1000422	1000849	USE	
1000430	1000849	USE	
1000425	1000849	USE	
1000743	1000849	USE	
1000750	1000849	USE	
1000762	1000849	USE	
1000769	1000849	USE	
1000143	1000850	USE	
1000148	1000850	USE	
1000348	1000850	USE	
1000353	1000850	USE	
999963	1000851	USE	
999964	1000851	USE	
1000477	1000852	DEF	
1000478	1000852	DEF	
1000481	1000852	DEF	
1000514	1000852	USE	
1000516	1000852	USE	
999930	1000853	USE	
999941	1000853	USE	
1000791	1000854	DEF	
999665	1000854	USE	
999667	1000854	USE	
1000396	1000854	USE	
1000398	1000854	USE	
1000435	1000854	USE	
1000437	1000854	USE	
1000735	1000854	USE	
1000737	1000854	USE	
1000743	1000854	USE	
1000745	1000854	USE	
1000753	1000854	USE	
1000755	1000854	USE	
1000762	1000854	USE	
1000764	1000854	USE	
1000772	1000854	USE	
1000774	1000854	USE	
1000780	1000854	USE	
1000782	1000854	USE	
1000786	1000854	USE	
1000273	1000855	USE	
1000277	1000855	USE	
999946	1000856	DEF	
999947	1000856	DEF	
1000683	1000857	DEF	
1000687	1000857	DEF	
1000684	1000857	DEF	
1000699	1000857	USE	
1000700	1000857	USE	
999649	1000858	DEF	
999653	1000858	DEF	
999656	1000858	DEF	
1000396	1000858	DEF	
1000400	1000858	DEF	
1000396	1000858	USE	
1000400	1000858	USE	
1000409	1000858	USE	
1000435	1000858	USE	
1000439	1000858	USE	
1000435	1000858	DEF	
1000439	1000858	DEF	
1000735	1000858	DEF	
1000739	1000858	DEF	
1000735	1000858	USE	
1000739	1000858	USE	
1000743	1000858	DEF	
1000747	1000858	DEF	
1000743	1000858	USE	
1000747	1000858	USE	
1000753	1000858	USE	
1000757	1000858	USE	
1000753	1000858	DEF	
1000757	1000858	DEF	
1000762	1000858	USE	
1000766	1000858	USE	
1000762	1000858	DEF	
1000766	1000858	DEF	
1000772	1000858	USE	
1000776	1000858	USE	
1000772	1000858	DEF	
1000776	1000858	DEF	
1000780	1000858	USE	
1000782	1000858	USE	
999665	1000859	DEF	
999666	1000859	DEF	
1000396	1000859	DEF	
1000397	1000859	DEF	
1000435	1000859	DEF	
1000436	1000859	DEF	
1000735	1000859	DEF	
1000736	1000859	DEF	
1000743	1000859	DEF	
1000744	1000859	DEF	
1000753	1000859	DEF	
1000754	1000859	DEF	
1000762	1000859	DEF	
1000763	1000859	DEF	
1000772	1000859	DEF	
1000773	1000859	DEF	
1000780	1000859	DEF	
1000781	1000859	DEF	
999680	1000860	DEF	
999684	1000860	DEF	
999957	1000860	USE	
999959	1000860	USE	
999957	1000860	DEF	
999958	1000860	DEF	
999963	1000860	USE	
999965	1000860	USE	
999963	1000860	DEF	
999964	1000860	DEF	
999966	1000860	USE	
999976	1000860	USE	
999978	1000860	USE	
999976	1000860	DEF	
999977	1000860	DEF	
1000514	1000861	DEF	
1000515	1000861	DEF	
999848	1000862	USE	
999861	1000862	USE	
999869	1000862	USE	
999882	1000862	USE	
1000211	1000863	USE	
1000212	1000863	USE	
999781	1000864	USE	
999832	1000864	DEF	
999833	1000864	DEF	
1000646	1000865	USE	
1000650	1000865	USE	
999930	1000866	USE	
999931	1000866	USE	
1000078	1000867	USE	
1000083	1000867	USE	
1000114	1000867	USE	
1000119	1000867	USE	
999930	1000868	USE	
999941	1000868	USE	
999963	1000869	DEF	
999964	1000869	DEF	
1000170	1000870	USE	
1000174	1000870	USE	
1000248	1000870	USE	
1000252	1000870	USE	
1000309	1000870	USE	
1000313	1000870	USE	
1000291	1000871	USE	
1000295	1000871	USE	
999889	1000872	USE	
999890	1000872	USE	
999694	1000873	DEF	
999695	1000873	DEF	
999699	1000873	DEF	
999767	1000873	USE	
999774	1000873	USE	
1000549	1000874	DEF	
1000553	1000874	DEF	
1000550	1000874	DEF	
999649	1000875	DEF	
999650	1000875	DEF	
1000409	1000875	USE	
1000414	1000875	USE	
1000405	1000875	DEF	
1000406	1000875	DEF	
1000417	1000875	USE	
1000417	1000875	DEF	
1000422	1000875	USE	
1000430	1000875	USE	
1000425	1000875	USE	
1000743	1000875	USE	
1000750	1000875	USE	
1000762	1000875	USE	
1000769	1000875	USE	
999680	1000876	DEF	
999681	1000876	DEF	
999924	1000876	DEF	
999925	1000876	DEF	
999924	1000876	USE	
999926	1000876	USE	
999930	1000876	USE	
999933	1000876	USE	
999932	1000876	USE	
999930	1000876	DEF	
999931	1000876	DEF	
999946	1000876	USE	
999948	1000876	USE	
999946	1000876	DEF	
999947	1000876	DEF	
1000573	1000877	USE	
1000574	1000877	USE	
999673	1000878	DEF	
999674	1000878	DEF	
999848	1000878	DEF	
999853	1000878	DEF	
1000078	1000878	USE	
1000089	1000878	USE	
1000143	1000878	USE	
1000154	1000878	USE	
1000211	1000878	USE	
1000218	1000878	USE	
1000375	1000878	USE	
1000380	1000878	USE	
1000486	1000879	DEF	
1000487	1000879	DEF	
1000495	1000879	USE	
1000491	1000879	DEF	
1000492	1000879	DEF	
1000499	1000879	DEF	
1000499	1000879	USE	
1000502	1000879	USE	
1000504	1000879	USE	
999714	1000880	DEF	
999715	1000880	DEF	
999745	1000880	USE	
999750	1000880	USE	
999838	1000880	USE	
999843	1000880	USE	
999889	1000880	USE	
999896	1000880	USE	
1000034	1000880	USE	
1000041	1000880	USE	
1000070	1000881	DEF	
1000074	1000881	DEF	
1000114	1000881	DEF	
1000119	1000881	DEF	
999957	1000882	DEF	
999958	1000882	DEF	
1000451	1000883	DEF	
1000452	1000883	DEF	
1000455	1000883	DEF	
1000714	1000883	DEF	
1000715	1000883	DEF	
1000720	1000883	USE	
1000731	1000883	USE	
1000722	1000883	USE	
1000196	1000884	DEF	
1000197	1000884	DEF	
1000211	1000884	DEF	
1000212	1000884	DEF	
1000236	1000884	USE	
1000262	1000885	USE	
1000271	1000885	USE	
999930	1000886	USE	
999937	1000886	USE	
1000502	1000887	DEF	
1000503	1000887	DEF	
1000170	1000888	DEF	
1000171	1000888	DEF	
1000174	1000888	DEF	
1000185	1000888	USE	
1000226	1000888	USE	
1000233	1000888	USE	
1000241	1000888	USE	
1000246	1000888	USE	
999702	1000889	DEF	
999703	1000889	DEF	
999734	1000889	USE	
999739	1000889	USE	
999767	1000889	USE	
999772	1000889	USE	
999777	1000889	USE	
999778	1000889	USE	
999798	1000889	USE	
999809	1000889	USE	
999838	1000889	USE	
999845	1000889	USE	
1000409	1000890	USE	
1000422	1000890	USE	
1000743	1000890	USE	
1000744	1000890	USE	
1000762	1000890	USE	
1000763	1000890	USE	
1000780	1000891	DEF	
1000781	1000891	DEF	
999848	1000892	USE	
999853	1000892	USE	
999869	1000892	USE	
999874	1000892	USE	
1000646	1000893	DEF	
1000650	1000893	DEF	
1000647	1000893	DEF	
1000655	1000893	USE	
1000657	1000893	USE	
1000543	1000894	DEF	
1000544	1000894	DEF	
1000567	1000894	USE	
1000568	1000894	USE	
1000573	1000894	USE	
1000584	1000894	USE	
999723	1000034	REACHES	_44197ae65585a1cf4eb09b96401145da
999723	999987	REACHES	_44197ae65585a1cf4eb09b96401145da
999723	1000143	REACHES	_44197ae65585a1cf4eb09b96401145da
999723	999998	REACHES	_44197ae65585a1cf4eb09b96401145da
999723	1000007	REACHES	_44197ae65585a1cf4eb09b96401145da
999723	1000016	REACHES	_44197ae65585a1cf4eb09b96401145da
999723	1000025	REACHES	_44197ae65585a1cf4eb09b96401145da
999723	1000043	REACHES	_44197ae65585a1cf4eb09b96401145da
999723	1000052	REACHES	_44197ae65585a1cf4eb09b96401145da
999723	1000061	REACHES	_44197ae65585a1cf4eb09b96401145da
1000309	1000331	REACHES	_208167ea77cb78a9c1f9e8ebe0248138
999714	999756	REACHES	_d56cc74a8cd3cc9eb613b00aac5904ec
999714	999812	REACHES	_d56cc74a8cd3cc9eb613b00aac5904ec
999714	999823	REACHES	_d56cc74a8cd3cc9eb613b00aac5904ec
999714	1000007	REACHES	_d56cc74a8cd3cc9eb613b00aac5904ec
1000631	1000655	REACHES	_7d44282aa5dc8465ca4bfebe5144b4b7
1000720	1000720	REACHES	* _75d69c7d0c2b03d005118d11036bba22
999729	1000200	REACHES	_6e2c39e7e621554cc1c2318f567312d4
999729	1000211	REACHES	_6e2c39e7e621554cc1c2318f567312d4
999729	1000226	REACHES	_6e2c39e7e621554cc1c2318f567312d4
999889	999930	REACHES	_a3be8aff2d67dd4f932cd131a82a9022
1000690	1000699	REACHES	_b3397b782214c9545c36c808bb1454a5
999869	1000114	REACHES	_024df69f4049c52e319e2454ac5fba16
999869	1000348	REACHES	_024df69f4049c52e319e2454ac5fba16
999869	1000382	REACHES	_024df69f4049c52e319e2454ac5fba16
1000573	1000573	REACHES	* * _667bfced3edc86b803827b0cb8740266
1000797	999660	REACHES	_0f431fb9d57cb43330508fa93678c6de
1000797	1000409	REACHES	_0f431fb9d57cb43330508fa93678c6de
1000797	1000422	REACHES	_0f431fb9d57cb43330508fa93678c6de
1000797	1000743	REACHES	_0f431fb9d57cb43330508fa93678c6de
1000797	1000762	REACHES	_0f431fb9d57cb43330508fa93678c6de
1000791	999665	REACHES	_143cd07af88333337e00d5476a6bc960
1000791	1000396	REACHES	_143cd07af88333337e00d5476a6bc960
1000791	1000435	REACHES	_143cd07af88333337e00d5476a6bc960
1000791	1000735	REACHES	_143cd07af88333337e00d5476a6bc960
1000791	1000743	REACHES	_143cd07af88333337e00d5476a6bc960
1000791	1000753	REACHES	_143cd07af88333337e00d5476a6bc960
1000791	1000762	REACHES	_143cd07af88333337e00d5476a6bc960
1000791	1000772	REACHES	_143cd07af88333337e00d5476a6bc960
1000791	1000786	REACHES	_143cd07af88333337e00d5476a6bc960
1000791	1000780	REACHES	_143cd07af88333337e00d5476a6bc960
1000683	1000699	REACHES	_2a723012444159b277373d4eae40e6de
999649	1000396	REACHES	_1f9559d57dda0d3a4871c62300b44dc9
999665	1000801	REACHES	* _143cd07af88333337e00d5476a6bc960
1000780	1000801	REACHES	* _143cd07af88333337e00d5476a6bc960
1000762	1000409	REACHES	_1f9559d57dda0d3a4871c62300b44dc9
1000743	1000753	REACHES	_1f9559d57dda0d3a4871c62300b44dc9
1000396	1000409	REACHES	_1f9559d57dda0d3a4871c62300b44dc9
1000753	1000409	REACHES	_1f9559d57dda0d3a4871c62300b44dc9
1000753	1000762	REACHES	_1f9559d57dda0d3a4871c62300b44dc9
1000396	1000772	REACHES	_1f9559d57dda0d3a4871c62300b44dc9
1000435	1000735	REACHES	_1f9559d57dda0d3a4871c62300b44dc9
1000762	1000762	REACHES	_1f9559d57dda0d3a4871c62300b44dc9
1000762	1000435	REACHES	_1f9559d57dda0d3a4871c62300b44dc9
1000396	1000762	REACHES	_1f9559d57dda0d3a4871c62300b44dc9
1000762	1000772	REACHES	_1f9559d57dda0d3a4871c62300b44dc9
1000396	1000435	REACHES	_1f9559d57dda0d3a4871c62300b44dc9
1000772	1000780	REACHES	_1f9559d57dda0d3a4871c62300b44dc9
1000735	1000743	REACHES	_1f9559d57dda0d3a4871c62300b44dc9
1000753	1000435	REACHES	_1f9559d57dda0d3a4871c62300b44dc9
1000753	1000772	REACHES	_1f9559d57dda0d3a4871c62300b44dc9
999694	999767	REACHES	_d7b0618b3c878127b87452a7e06d15bb
1000405	1000409	REACHES	_21ee2e177289e2eb56eb52756e31d110
999680	999924	REACHES	_bcf0b97a5776ebaada451f301cb17e3b
999924	999930	REACHES	_bcf0b97a5776ebaada451f301cb17e3b
999930	999946	REACHES	_bcf0b97a5776ebaada451f301cb17e3b
1000417	1000409	REACHES	_21ee2e177289e2eb56eb52756e31d110
1000417	1000417	REACHES	_21ee2e177289e2eb56eb52756e31d110
1000405	1000417	REACHES	_21ee2e177289e2eb56eb52756e31d110
1000417	1000422	REACHES	_21ee2e177289e2eb56eb52756e31d110
1000405	1000743	REACHES	_21ee2e177289e2eb56eb52756e31d110
1000417	1000762	REACHES	_21ee2e177289e2eb56eb52756e31d110
1000417	1000743	REACHES	_21ee2e177289e2eb56eb52756e31d110
1000405	1000762	REACHES	_21ee2e177289e2eb56eb52756e31d110
1000405	1000422	REACHES	_21ee2e177289e2eb56eb52756e31d110
1000499	1000495	REACHES	i
999848	1000143	REACHES	_db91cc6e3db0258018faaa758da1b5cf
999848	1000078	REACHES	_db91cc6e3db0258018faaa758da1b5cf
999848	1000211	REACHES	_db91cc6e3db0258018faaa758da1b5cf
999848	1000375	REACHES	_db91cc6e3db0258018faaa758da1b5cf
1000491	1000495	REACHES	i
1000499	1000499	REACHES	i
1000491	1000499	REACHES	i
1000499	1000502	REACHES	i
1000491	1000502	REACHES	i
1000211	1000236	REACHES	_52b0059511a15b2aaec5735faf1b82ae
1000170	1000185	REACHES	_985b97af3ea723bc05266119e1a33ab2
1000170	1000226	REACHES	_985b97af3ea723bc05266119e1a33ab2
1000170	1000241	REACHES	_985b97af3ea723bc05266119e1a33ab2
1000646	1000655	REACHES	_37897aa9b3e0681c3011b207fe932a9d
1000543	1000567	REACHES	_78fb1ab7a5f785ff732ee4595c9d84b3
1000543	1000573	REACHES	_78fb1ab7a5f785ff732ee4595c9d84b3
1000567	1000573	REACHES	* _667bfced3edc86b803827b0cb8740266
1000558	1000567	REACHES	_667bfced3edc86b803827b0cb8740266
1000558	1000573	REACHES	_667bfced3edc86b803827b0cb8740266
1000248	1000262	REACHES	_78fd35d6190ba0b1902543fa8f1ebc05
1000248	1000273	REACHES	_78fd35d6190ba0b1902543fa8f1ebc05
1000273	1000286	REACHES	_6700d1d96536b7193a70def101695011
1000273	1000291	REACHES	_6700d1d96536b7193a70def101695011
1000794	1000392	REACHES	_83d9cc727aa22c91c128dd953a7c242b
1000392	1000409	REACHES	_83d9cc727aa22c91c128dd953a7c242b
1000472	1000502	REACHES	_ade4453faf91a77ac61a8f733c878340
1000472	1000514	REACHES	_ade4453faf91a77ac61a8f733c878340
1000444	1000461	REACHES	_773ca0154508d33413937e0c00d3f987
1000508	1000514	REACHES	_773ca0154508d33413937e0c00d3f987
1000444	1000573	REACHES	_773ca0154508d33413937e0c00d3f987
1000444	1000596	REACHES	_773ca0154508d33413937e0c00d3f987
1000508	1000596	REACHES	_773ca0154508d33413937e0c00d3f987
1000444	1000662	REACHES	_773ca0154508d33413937e0c00d3f987
1000508	1000662	REACHES	_773ca0154508d33413937e0c00d3f987
1000502	1000514	REACHES	* _ade4453faf91a77ac61a8f733c878340
999687	1000331	REACHES	NULL
1000291	1000331	REACHES	_f7899880eaf2f3223fdd8910645367f1
1000291	1000348	REACHES	_f7899880eaf2f3223fdd8910645367f1
999777	999781	REACHES	_58befad4c27e42ac407b0382241c0dfd
999777	999798	REACHES	_58befad4c27e42ac407b0382241c0dfd
999777	999823	REACHES	_58befad4c27e42ac407b0382241c0dfd
999777	999832	REACHES	_58befad4c27e42ac407b0382241c0dfd
1000477	1000514	REACHES	_3cdc3f3dcb69a73474a208016319eed3
999680	999957	REACHES	_2091d98c96d1bbc98fa31a37cca61bb4
999957	999963	REACHES	_2091d98c96d1bbc98fa31a37cca61bb4
999963	999976	REACHES	_2091d98c96d1bbc98fa31a37cca61bb4
999714	999745	REACHES	_cbcaf8e5ffabe7ccc7b5f6ea598940e1
999714	999838	REACHES	_cbcaf8e5ffabe7ccc7b5f6ea598940e1
999714	999889	REACHES	_cbcaf8e5ffabe7ccc7b5f6ea598940e1
999714	1000034	REACHES	_cbcaf8e5ffabe7ccc7b5f6ea598940e1
1000714	1000720	REACHES	_75d69c7d0c2b03d005118d11036bba22
999702	999734	REACHES	_97ec24bcba20ab8061eccd0987fea512
999702	999767	REACHES	_97ec24bcba20ab8061eccd0987fea512
999702	999777	REACHES	_97ec24bcba20ab8061eccd0987fea512
999702	999798	REACHES	_97ec24bcba20ab8061eccd0987fea512
999702	999838	REACHES	_97ec24bcba20ab8061eccd0987fea512
1000800	1000791	CONTROLS	
1000800	1000794	CONTROLS	
1000800	1000797	CONTROLS	
1000800	999649	CONTROLS	
1000800	999660	CONTROLS	
999660	999665	CONTROLS	
999660	999671	CONTROLS	
999660	999673	CONTROLS	
999660	999680	CONTROLS	
999660	999687	CONTROLS	
999660	999694	CONTROLS	
999660	999702	CONTROLS	
999660	999707	CONTROLS	
999660	999714	CONTROLS	
999660	999723	CONTROLS	
999660	999728	CONTROLS	
999660	999729	CONTROLS	
999660	999734	CONTROLS	
999660	999745	CONTROLS	
999660	999756	CONTROLS	
999660	999767	CONTROLS	
999660	999777	CONTROLS	
999660	999781	CONTROLS	
999660	999798	CONTROLS	
999660	999832	CONTROLS	
999660	999838	CONTROLS	
999660	999848	CONTROLS	
999660	1000389	CONTROLS	
999660	1000391	CONTROLS	
999660	1000392	CONTROLS	
999660	1000396	CONTROLS	
999660	1000405	CONTROLS	
999660	1000409	CONTROLS	
999660	1000772	CONTROLS	
999660	1000780	CONTROLS	
999660	1000786	CONTROLS	
999781	999796	CONTROLS	
999781	999793	CONTROLS	
999798	999812	CONTROLS	
999798	999823	CONTROLS	
999848	999866	CONTROLS	
999848	999869	CONTROLS	
999869	999887	CONTROLS	
999869	999889	CONTROLS	
999869	999898	CONTROLS	
999869	999911	CONTROLS	
999869	999924	CONTROLS	
999869	999930	CONTROLS	
999869	999946	CONTROLS	
999869	999957	CONTROLS	
999869	999963	CONTROLS	
999869	999976	CONTROLS	
999869	999987	CONTROLS	
999869	999998	CONTROLS	
999869	1000007	CONTROLS	
999869	1000016	CONTROLS	
999869	1000025	CONTROLS	
999869	1000034	CONTROLS	
999869	1000043	CONTROLS	
999869	1000052	CONTROLS	
999869	1000061	CONTROLS	
999869	1000070	CONTROLS	
999869	1000078	CONTROLS	
1000078	1000104	CONTROLS	
1000078	1000106	CONTROLS	
1000078	1000114	CONTROLS	
1000114	1000140	CONTROLS	
1000114	1000143	CONTROLS	
1000143	1000168	CONTROLS	
1000143	1000170	CONTROLS	
1000143	1000185	CONTROLS	
1000185	1000190	CONTROLS	
1000185	1000193	CONTROLS	
1000185	1000241	CONTROLS	
1000185	1000248	CONTROLS	
1000185	1000262	CONTROLS	
1000185	1000273	CONTROLS	
1000185	1000286	CONTROLS	
1000193	1000196	CONTROLS	
1000193	1000200	CONTROLS	
1000193	1000211	CONTROLS	
1000193	1000226	CONTROLS	
1000193	1000236	CONTROLS	
1000236	1000240	CONTROLS	
1000236	1000193	CONTROLS	
1000286	1000291	CONTROLS	
1000286	1000309	CONTROLS	
1000286	1000323	CONTROLS	
1000286	1000331	CONTROLS	
1000286	1000375	CONTROLS	
1000286	1000382	CONTROLS	
1000331	1000348	CONTROLS	
1000331	1000375	CONTROLS	
1000331	1000382	CONTROLS	
1000348	1000373	CONTROLS	
1000348	1000331	CONTROLS	
1000409	1000422	CONTROLS	
1000409	1000417	CONTROLS	
1000422	1000435	CONTROLS	
1000422	1000444	CONTROLS	
1000422	1000451	CONTROLS	
1000422	1000461	CONTROLS	
1000422	1000596	CONTROLS	
1000422	1000662	CONTROLS	
1000422	1000735	CONTROLS	
1000422	1000743	CONTROLS	
1000422	1000753	CONTROLS	
1000422	1000762	CONTROLS	
1000461	1000472	CONTROLS	
1000461	1000477	CONTROLS	
1000461	1000486	CONTROLS	
1000461	1000491	CONTROLS	
1000461	1000495	CONTROLS	
1000461	1000508	CONTROLS	
1000461	1000514	CONTROLS	
1000461	1000540	CONTROLS	
1000461	1000541	CONTROLS	
1000461	1000542	CONTROLS	
1000461	1000543	CONTROLS	
1000461	1000549	CONTROLS	
1000461	1000558	CONTROLS	
1000461	1000567	CONTROLS	
1000461	1000573	CONTROLS	
1000495	1000502	CONTROLS	
1000495	1000499	CONTROLS	
1000596	1000617	CONTROLS	
1000596	1000624	CONTROLS	
1000596	1000627	CONTROLS	
1000596	1000628	CONTROLS	
1000596	1000629	CONTROLS	
1000596	1000630	CONTROLS	
1000596	1000631	CONTROLS	
1000596	1000637	CONTROLS	
1000596	1000646	CONTROLS	
1000596	1000655	CONTROLS	
1000662	1000683	CONTROLS	
1000662	1000690	CONTROLS	
1000662	1000699	CONTROLS	
1000662	1000707	CONTROLS	
1000662	1000714	CONTROLS	
1000662	1000720	CONTROLS	
1000662	1000734	CONTROLS	
1000477	1000486	DOM	
1000170	1000185	DOM	
1000743	1000753	DOM	
1000444	1000451	DOM	
1000541	1000542	DOM	
1000007	1000016	DOM	
1000690	1000699	DOM	
1000461	1000596	DOM	
999707	999714	DOM	
1000422	1000435	DOM	
1000185	1000193	DOM	
1000707	1000714	DOM	
1000631	1000637	DOM	
1000052	1000061	DOM	
1000627	1000628	DOM	
999976	999987	DOM	
1000567	1000573	DOM	
1000375	1000382	DOM	
1000331	1000348	DOM	
999963	999976	DOM	
1000646	1000655	DOM	
999946	999957	DOM	
1000034	1000043	DOM	
1000714	1000720	DOM	
999728	999729	DOM	
1000309	1000323	DOM	
1000273	1000286	DOM	
1000070	1000078	DOM	
1000540	1000541	DOM	
999869	999887	DOM	
999729	999734	DOM	
999756	999767	DOM	
999832	999838	DOM	
1000495	1000502	DOM	
1000435	1000444	DOM	
1000628	1000629	DOM	
1000391	1000392	DOM	
1000396	1000405	DOM	
1000196	1000200	DOM	
999889	999898	DOM	
999767	999777	DOM	
1000262	1000273	DOM	
1000226	1000236	DOM	
1000491	1000495	DOM	
1000800	1000791	DOM	
1000241	1000248	DOM	
1000185	1000190	DOM	
999796	999793	DOM	
1000389	1000391	DOM	
1000780	1000786	DOM	
999987	999998	DOM	
999680	999687	DOM	
1000662	1000735	DOM	
999777	999781	DOM	
999673	999680	DOM	
1000558	1000567	DOM	
1000772	1000780	DOM	
1000630	1000631	DOM	
999734	999745	DOM	
1000637	1000646	DOM	
999660	1000801	DOM	
1000502	1000499	DOM	
999957	999963	DOM	
1000495	1000508	DOM	
1000248	1000262	DOM	
999998	1000007	DOM	
1000016	1000025	DOM	
999660	999673	DOM	
999665	999671	DOM	
1000542	1000543	DOM	
999930	999946	DOM	
1000596	1000627	DOM	
999687	999694	DOM	
1000078	1000104	DOM	
1000794	1000797	DOM	
1000508	1000514	DOM	
1000061	1000070	DOM	
1000797	999649	DOM	
999848	1000389	DOM	
1000143	1000170	DOM	
1000078	1000106	DOM	
1000114	1000143	DOM	
1000549	1000558	DOM	
1000791	1000794	DOM	
999898	999911	DOM	
999660	999665	DOM	
1000291	1000309	DOM	
1000617	1000624	DOM	
999694	999702	DOM	
999781	999798	DOM	
1000422	1000762	DOM	
1000236	1000240	DOM	
1000211	1000226	DOM	
999745	999756	DOM	
1000392	1000396	DOM	
1000200	1000211	DOM	
999702	999707	DOM	
1000596	1000662	DOM	
1000486	1000491	DOM	
1000286	1000291	DOM	
1000348	1000373	DOM	
999781	999796	DOM	
999723	999728	DOM	
1000451	1000461	DOM	
1000286	1000375	DOM	
1000720	1000734	DOM	
1000629	1000630	DOM	
999649	999660	DOM	
1000543	1000549	DOM	
1000143	1000168	DOM	
1000114	1000140	DOM	
1000323	1000331	DOM	
999838	999848	DOM	
999911	999924	DOM	
999798	999823	DOM	
1000405	1000409	DOM	
999848	999869	DOM	
1000472	1000477	DOM	
999798	999812	DOM	
999798	999832	DOM	
1000461	1000472	DOM	
1000662	1000683	DOM	
999924	999930	DOM	
1000422	1000417	DOM	
1000596	1000617	DOM	
1000461	1000540	DOM	
999714	999723	DOM	
1000409	1000772	DOM	
1000043	1000052	DOM	
1000800	1000800	DOM	
999869	999889	DOM	
1000193	1000196	DOM	
1000735	1000743	DOM	
1000025	1000034	DOM	
1000409	1000422	DOM	
999848	999866	DOM	
1000683	1000690	DOM	
1000106	1000114	DOM	
1000662	1000707	DOM	
1000193	1000241	DOM	
1000491	1000486	POST_DOM	
1000389	1000185	POST_DOM	
1000417	1000753	POST_DOM	
1000025	1000016	POST_DOM	
1000461	1000451	POST_DOM	
1000543	1000542	POST_DOM	
1000735	1000699	POST_DOM	
1000662	1000596	POST_DOM	
999723	999714	POST_DOM	
1000444	1000435	POST_DOM	
1000241	1000193	POST_DOM	
1000070	1000061	POST_DOM	
1000646	1000637	POST_DOM	
1000720	1000714	POST_DOM	
1000629	1000628	POST_DOM	
999998	999987	POST_DOM	
1000596	1000573	POST_DOM	
1000389	1000382	POST_DOM	
1000389	1000348	POST_DOM	
999987	999976	POST_DOM	
999963	999957	POST_DOM	
1000662	1000655	POST_DOM	
1000052	1000043	POST_DOM	
1000734	1000720	POST_DOM	
999734	999729	POST_DOM	
1000331	1000323	POST_DOM	
1000389	1000286	POST_DOM	
1000389	1000078	POST_DOM	
1000542	1000541	POST_DOM	
1000389	999887	POST_DOM	
999745	999734	POST_DOM	
999848	999838	POST_DOM	
999777	999767	POST_DOM	
1000499	1000502	POST_DOM	
1000451	1000444	POST_DOM	
1000630	1000629	POST_DOM	
1000409	1000405	POST_DOM	
1000396	1000392	POST_DOM	
1000211	1000200	POST_DOM	
999911	999898	POST_DOM	
999781	999777	POST_DOM	
1000286	1000273	POST_DOM	
1000241	1000236	POST_DOM	
1000508	1000495	POST_DOM	
1000794	1000791	POST_DOM	
1000262	1000248	POST_DOM	
1000389	1000190	POST_DOM	
999781	999793	POST_DOM	
1000801	1000786	POST_DOM	
1000392	1000391	POST_DOM	
1000007	999998	POST_DOM	
999694	999687	POST_DOM	
1000743	1000735	POST_DOM	
999798	999781	POST_DOM	
999687	999680	POST_DOM	
1000573	1000567	POST_DOM	
1000786	1000780	POST_DOM	
1000637	1000631	POST_DOM	
999756	999745	POST_DOM	
1000655	1000646	POST_DOM	
1000801	1000801	POST_DOM	
999976	999963	POST_DOM	
1000495	1000499	POST_DOM	
1000514	1000508	POST_DOM	
1000273	1000262	POST_DOM	
1000016	1000007	POST_DOM	
1000034	1000025	POST_DOM	
999680	999673	POST_DOM	
1000801	999671	POST_DOM	
1000549	1000543	POST_DOM	
999957	999946	POST_DOM	
1000628	1000627	POST_DOM	
999702	999694	POST_DOM	
1000389	1000104	POST_DOM	
999649	1000797	POST_DOM	
1000596	1000514	POST_DOM	
1000078	1000070	POST_DOM	
999660	999649	POST_DOM	
1000391	1000389	POST_DOM	
1000185	1000170	POST_DOM	
1000114	1000106	POST_DOM	
1000389	1000143	POST_DOM	
1000567	1000558	POST_DOM	
1000797	1000794	POST_DOM	
999924	999911	POST_DOM	
999671	999665	POST_DOM	
1000323	1000309	POST_DOM	
1000662	1000624	POST_DOM	
999832	999798	POST_DOM	
999707	999702	POST_DOM	
1000241	1000240	POST_DOM	
1000417	1000762	POST_DOM	
1000236	1000226	POST_DOM	
999767	999756	POST_DOM	
1000405	1000396	POST_DOM	
1000226	1000211	POST_DOM	
999714	999707	POST_DOM	
1000735	1000662	POST_DOM	
1000495	1000491	POST_DOM	
1000389	1000373	POST_DOM	
1000309	1000291	POST_DOM	
999793	999796	POST_DOM	
999729	999728	POST_DOM	
1000596	1000461	POST_DOM	
1000382	1000375	POST_DOM	
1000735	1000734	POST_DOM	
1000631	1000630	POST_DOM	
1000801	999660	POST_DOM	
1000389	1000168	POST_DOM	
1000558	1000549	POST_DOM	
1000389	1000140	POST_DOM	
1000389	1000331	POST_DOM	
1000389	999848	POST_DOM	
999930	999924	POST_DOM	
999832	999823	POST_DOM	
1000772	1000409	POST_DOM	
1000389	999869	POST_DOM	
1000486	1000477	POST_DOM	
999838	999832	POST_DOM	
999832	999812	POST_DOM	
1000477	1000472	POST_DOM	
999946	999930	POST_DOM	
1000690	1000683	POST_DOM	
1000409	1000417	POST_DOM	
1000624	1000617	POST_DOM	
1000541	1000540	POST_DOM	
999728	999723	POST_DOM	
1000780	1000772	POST_DOM	
1000061	1000052	POST_DOM	
1000791	1000800	POST_DOM	
999898	999889	POST_DOM	
1000200	1000196	POST_DOM	
1000043	1000034	POST_DOM	
1000753	1000743	POST_DOM	
1000417	1000422	POST_DOM	
1000389	999866	POST_DOM	
1000699	1000690	POST_DOM	
1000389	1000114	POST_DOM	
1000714	1000707	POST_DOM	
1000248	1000241	POST_DOM	
999646	999647	IS_FUNCTION_OF_AST	
999646	1000800	IS_FUNCTION_OF_CFG	
999645	999646	IS_FILE_OF	
